AAACAAGCAACAAGTTAACGGGAA.1|P4_AAH	P4_AAH
AAACCAATCAGTTTACAACGGGAA.1|P4_AAH	P4_AAH
AAACCAATCTTAATGCAACGGGAA.1|P4_AAH	P4_AAH
AAACCGGTCATCGATTAACGGGAA.1|P4_AAH	P4_AAH
AAAGGCTTCGAACCGAAACGGGAA.1|P4_AAH	P4_AAH
AAAGGTGAGCGAATCGAACGGGAA.1|P4_AAH	P4_AAH
AAAGTCATCATTTGCGAACGGGAA.1|P4_AAH	P4_AAH
AAAGTCATCGCCTGCAAACGGGAA.1|P4_AAH	P4_AAH
AAATCACCATGCCTCAAACGGGAA.1|P4_AAH	P4_AAH
AAATGAGCAGGCTGTGAACGGGAA.1|P4_AAH	P4_AAH
AACCAACAGCCAAACGAACGGGAA.1|P4_AAH	P4_AAH
AACCATAAGGTTGCTCAACGGGAA.1|P4_AAH	P4_AAH
AACCATTTCTTAAGGAAACGGGAA.1|P4_AAH	P4_AAH
AACCTAAAGGATGGTTAACGGGAA.1|P4_AAH	P4_AAH
AACCTATTCAAAGGCTAACGGGAA.1|P4_AAH	P4_AAH
AACCTTTAGGAACCATAACGGGAA.1|P4_AAH	P4_AAH
AACCTTTAGTGGACCAAACGGGAA.1|P4_AAH	P4_AAH
AACGGCTCAGAATGAAAACGGGAA.1|P4_AAH	P4_AAH
AACGTTCGTATTACCAAACGGGAA.1|P4_AAH	P4_AAH
AACTGAATCAAACCGGAACGGGAA.1|P4_AAH	P4_AAH
AACTTCGTCAGCATGGAACGGGAA.1|P4_AAH	P4_AAH
AAGACTCAGAGGAAATAACGGGAA.1|P4_AAH	P4_AAH
AAGACTCAGGCGAGAGAACGGGAA.1|P4_AAH	P4_AAH
AAGCAACTCGTCCATAAACGGGAA.1|P4_AAH	P4_AAH
AAGCGGCTCTGTGCACAACGGGAA.1|P4_AAH	P4_AAH
AAGCTAATCGAGGCACAACGGGAA.1|P4_AAH	P4_AAH
AAGCTTAAGGAACCATAACGGGAA.1|P4_AAH	P4_AAH
AAGCTTAAGTCTTGCAAACGGGAA.1|P4_AAH	P4_AAH
AAGGACAAGGATGGTTAACGGGAA.1|P4_AAH	P4_AAH
AAGGAGCAGGAAGCCCAACGGGAA.1|P4_AAH	P4_AAH
AAGGCCGGTGCTTCGAAACGGGAA.1|P4_AAH	P4_AAH
AAGGCTTAGCAAAGCTAACGGGAA.1|P4_AAH	P4_AAH
AAGGCTTAGCCTAAGGAACGGGAA.1|P4_AAH	P4_AAH
AAGGTATGTACCTTAAAACGGGAA.1|P4_AAH	P4_AAH
AAGGTATGTATGGTAGAACGGGAA.1|P4_AAH	P4_AAH
AAGGTTGGTTAGTGAGAACGGGAA.1|P4_AAH	P4_AAH
AAGGTTGGTTTAACCAAACGGGAA.1|P4_AAH	P4_AAH
AAGTCATCACGGTACGAACGGGAA.1|P4_AAH	P4_AAH
AAGTGAGAGGCGCAACAACGGGAA.1|P4_AAH	P4_AAH
AAGTGAGAGGGTTACGAACGGGAA.1|P4_AAH	P4_AAH
AAGTGAGAGGTAACTAAACGGGAA.1|P4_AAH	P4_AAH
AAGTGAGAGGTTAGTAAACGGGAA.1|P4_AAH	P4_AAH
AAGTTCGCATCAATCCAACGGGAA.1|P4_AAH	P4_AAH
AATACTGAGTTGCAAAAACGGGAA.1|P4_AAH	P4_AAH
AATCCGGAGTCGCATCAACGGGAA.1|P4_AAH	P4_AAH
AATCGCCTCCTTTGAGAACGGGAA.1|P4_AAH	P4_AAH
AATCGCGAGGGCAGTCAACGGGAA.1|P4_AAH	P4_AAH
AATGACCAGTTACATCAACGGGAA.1|P4_AAH	P4_AAH
AATGGATGTAGCGCGAAACGGGAA.1|P4_AAH	P4_AAH
AATGTGATCGCATTTGAACGGGAA.1|P4_AAH	P4_AAH
AATTGACCACATTGAGAACGGGAA.1|P4_AAH	P4_AAH
AATTTGGAGCGCAAGCAACGGGAA.1|P4_AAH	P4_AAH
ACAAACCAGTCACCTAAACGGGAA.1|P4_AAH	P4_AAH
ACAACCTGTATTTGTGAACGGGAA.1|P4_AAH	P4_AAH
ACAACGGTCAGGTTGGAACGGGAA.1|P4_AAH	P4_AAH
ACAACGGTCGATTATCAACGGGAA.1|P4_AAH	P4_AAH
ACAAGGCGTAAATAGCAACGGGAA.1|P4_AAH	P4_AAH
ACAAGGCGTACAAACGAACGGGAA.1|P4_AAH	P4_AAH
ACAAGTATCAGGTAACAACGGGAA.1|P4_AAH	P4_AAH
ACAAGTATCATCCAGCAACGGGAA.1|P4_AAH	P4_AAH
ACAATCAAGCATTTCGAACGGGAA.1|P4_AAH	P4_AAH
ACAATCAAGGTTAGGTAACGGGAA.1|P4_AAH	P4_AAH
ACAATTGAGACCAGGCAACGGGAA.1|P4_AAH	P4_AAH
ACACCGGCAGGTGACTAACGGGAA.1|P4_AAH	P4_AAH
ACACCTTCACCTACTGAACGGGAA.1|P4_AAH	P4_AAH
ACACTTGTCAAGGTACAACGGGAA.1|P4_AAH	P4_AAH
ACACTTGTCTCTATGGAACGGGAA.1|P4_AAH	P4_AAH
ACAGCACCACAACAATAACGGGAA.1|P4_AAH	P4_AAH
ACATACTTCGCCTCGAAACGGGAA.1|P4_AAH	P4_AAH
ACATAGTCAACAGATTAACGGGAA.1|P4_AAH	P4_AAH
ACATAGTCAGCAATTGAACGGGAA.1|P4_AAH	P4_AAH
ACATTGTTCCAATTACAACGGGAA.1|P4_AAH	P4_AAH
ACCAACTGTTTACGACAACGGGAA.1|P4_AAH	P4_AAH
ACCAATCGTTGTTTGAAACGGGAA.1|P4_AAH	P4_AAH
ACCACAACAAGTTGGCAACGGGAA.1|P4_AAH	P4_AAH
ACCACGTTCCGGCTCAAACGGGAA.1|P4_AAH	P4_AAH
ACCCAACTCCTAAAGAAACGGGAA.1|P4_AAH	P4_AAH
ACCCGCTCACTATGGAAACGGGAA.1|P4_AAH	P4_AAH
ACCCTAATCACAAATGAACGGGAA.1|P4_AAH	P4_AAH
ACCCTGGTCGCCTATAAACGGGAA.1|P4_AAH	P4_AAH
ACCCTGGTCGGTAATAAACGGGAA.1|P4_AAH	P4_AAH
ACCGAAGTCATTATGCAACGGGAA.1|P4_AAH	P4_AAH
ACCGAAGTCCCTGGATAACGGGAA.1|P4_AAH	P4_AAH
ACCGGTAAGTCACCTAAACGGGAA.1|P4_AAH	P4_AAH
ACCGTTATCCTCACGGAACGGGAA.1|P4_AAH	P4_AAH
ACCTAAGCAATCAAACAACGGGAA.1|P4_AAH	P4_AAH
ACCTAGTGTGGCCCATAACGGGAA.1|P4_AAH	P4_AAH
ACCTAGTGTTAGCATCAACGGGAA.1|P4_AAH	P4_AAH
ACCTATCCACTAGTCTAACGGGAA.1|P4_AAH	P4_AAH
ACCTCCCTCCAGGAATAACGGGAA.1|P4_AAH	P4_AAH
ACCTCCCTCGCCACATAACGGGAA.1|P4_AAH	P4_AAH
ACCTCTAAGCGAAGAAAACGGGAA.1|P4_AAH	P4_AAH
ACCTGGAAGCTATTACAACGGGAA.1|P4_AAH	P4_AAH
ACCTGGAAGGTAGACTAACGGGAA.1|P4_AAH	P4_AAH
ACCTGGAAGTCAAACAAACGGGAA.1|P4_AAH	P4_AAH
ACCTTTACAAGCGATCAACGGGAA.1|P4_AAH	P4_AAH
ACGCATGAGGAACCGCAACGGGAA.1|P4_AAH	P4_AAH
ACGCATGAGGCGAGAGAACGGGAA.1|P4_AAH	P4_AAH
ACGCATTGTAGCTTGTAACGGGAA.1|P4_AAH	P4_AAH
ACGCATTGTTTCCTCAAACGGGAA.1|P4_AAH	P4_AAH
ACGTAATCAAAGGGATAACGGGAA.1|P4_AAH	P4_AAH
ACGTAATCATTGCGCCAACGGGAA.1|P4_AAH	P4_AAH
ACGTAGCCAGAAAGGTAACGGGAA.1|P4_AAH	P4_AAH
ACGTCAACACATAGTGAACGGGAA.1|P4_AAH	P4_AAH
ACGTTCGGTGCGGCAAAACGGGAA.1|P4_AAH	P4_AAH
ACTAAACCACACTAAGAACGGGAA.1|P4_AAH	P4_AAH
ACTAATGAGCTTACATAACGGGAA.1|P4_AAH	P4_AAH
ACTAATGAGGACTTGGAACGGGAA.1|P4_AAH	P4_AAH
ACTACAAAGGCCTTCGAACGGGAA.1|P4_AAH	P4_AAH
ACTACTAGTTTGGGCCAACGGGAA.1|P4_AAH	P4_AAH
ACTCACTCAGGGCTATAACGGGAA.1|P4_AAH	P4_AAH
ACTCCCACAACGTTAGAACGGGAA.1|P4_AAH	P4_AAH
ACTGGCTTCATAACCTAACGGGAA.1|P4_AAH	P4_AAH
ACTGGGTCAACCTGTTAACGGGAA.1|P4_AAH	P4_AAH
ACTGGGTCAGCAAGCTAACGGGAA.1|P4_AAH	P4_AAH
ACTTAGAAGGCGCAGTAACGGGAA.1|P4_AAH	P4_AAH
ACTTATGGTAAGAATCAACGGGAA.1|P4_AAH	P4_AAH
ACTTGAAAGATAACCAAACGGGAA.1|P4_AAH	P4_AAH
ACTTGCATCAATACAGAACGGGAA.1|P4_AAH	P4_AAH
ACTTGCGGTCCAATACAACGGGAA.1|P4_AAH	P4_AAH
AGAAAGGTCGTAGTTTAACGGGAA.1|P4_AAH	P4_AAH
AGAAATGCACCATCATAACGGGAA.1|P4_AAH	P4_AAH
AGAAGCAAGCCACTCGAACGGGAA.1|P4_AAH	P4_AAH
AGACAAACACATACCTAACGGGAA.1|P4_AAH	P4_AAH
AGACACTAGCGAAGAAAACGGGAA.1|P4_AAH	P4_AAH
AGACCCGCACGATTAGAACGGGAA.1|P4_AAH	P4_AAH
AGACTCCTCGTAAAGCAACGGGAA.1|P4_AAH	P4_AAH
AGAGAGCAGTCACTATAACGGGAA.1|P4_AAH	P4_AAH
AGCAGCCAGGTTCCGTAACGGGAA.1|P4_AAH	P4_AAH
AGCAGGCTCAACTTGTAACGGGAA.1|P4_AAH	P4_AAH
AGCATTAAGAAGGTCTAACGGGAA.1|P4_AAH	P4_AAH
AGCCTCTAGCCATAAAAACGGGAA.1|P4_AAH	P4_AAH
AGCCTCTAGGTCAATAAACGGGAA.1|P4_AAH	P4_AAH
AGCGAACGTACACCCAAACGGGAA.1|P4_AAH	P4_AAH
AGCGAAGCAAGGCCATAACGGGAA.1|P4_AAH	P4_AAH
AGCGACTCATCAAGCAAACGGGAA.1|P4_AAH	P4_AAH
AGCTACCTCTCACCGGAACGGGAA.1|P4_AAH	P4_AAH
AGCTCAACATCAGGACAACGGGAA.1|P4_AAH	P4_AAH
AGCTCAACATTACTTGAACGGGAA.1|P4_AAH	P4_AAH
AGGAACCGTAATGGATAACGGGAA.1|P4_AAH	P4_AAH
AGGAACCGTTCACTCCAACGGGAA.1|P4_AAH	P4_AAH
AGGACAAAGAACCTCCAACGGGAA.1|P4_AAH	P4_AAH
AGGAGGTAGTACCCACAACGGGAA.1|P4_AAH	P4_AAH
AGGCGCTAGGAGCCGTAACGGGAA.1|P4_AAH	P4_AAH
AGGGAGTAGTGATCAAAACGGGAA.1|P4_AAH	P4_AAH
AGGGAGTAGTTGCGCTAACGGGAA.1|P4_AAH	P4_AAH
AGGGTTAGTACCGTTGAACGGGAA.1|P4_AAH	P4_AAH
AGGGTTAGTTTGCATAAACGGGAA.1|P4_AAH	P4_AAH
AGGTGAGCAGGATTATAACGGGAA.1|P4_AAH	P4_AAH
AGGTGATTCAACCTCAAACGGGAA.1|P4_AAH	P4_AAH
AGGTGGGAGGAGGCCTAACGGGAA.1|P4_AAH	P4_AAH
AGGTTCTGTAACCTTAAACGGGAA.1|P4_AAH	P4_AAH
AGTAAGCTCCATAGGGAACGGGAA.1|P4_AAH	P4_AAH
AGTAAGCTCCTTGTTCAACGGGAA.1|P4_AAH	P4_AAH
AGTAAGTGTGCAGCTCAACGGGAA.1|P4_AAH	P4_AAH
AGTATCCGTACGAATGAACGGGAA.1|P4_AAH	P4_AAH
AGTCATAAGGCACTAGAACGGGAA.1|P4_AAH	P4_AAH
AGTCGCGCATTGCATCAACGGGAA.1|P4_AAH	P4_AAH
AGTCGTTGTACCTCAGAACGGGAA.1|P4_AAH	P4_AAH
AGTGATTCACCTTCTCAACGGGAA.1|P4_AAH	P4_AAH
AGTGCTGAGGTCAAACAACGGGAA.1|P4_AAH	P4_AAH
AGTGGATTCTTGAAGAAACGGGAA.1|P4_AAH	P4_AAH
AGTGGCGGTGTAATGGAACGGGAA.1|P4_AAH	P4_AAH
AGTGGCGGTGTGAGTAAACGGGAA.1|P4_AAH	P4_AAH
AGTGGGTGTTTAACCAAACGGGAA.1|P4_AAH	P4_AAH
AGTTACGCATTCCTGGAACGGGAA.1|P4_AAH	P4_AAH
AGTTACTTCGTGATGGAACGGGAA.1|P4_AAH	P4_AAH
AGTTAGGGTCCAGCACAACGGGAA.1|P4_AAH	P4_AAH
AGTTATCTCATGGAACAACGGGAA.1|P4_AAH	P4_AAH
AGTTGGCCACAAATACAACGGGAA.1|P4_AAH	P4_AAH
AGTTGGCCAGCGATCGAACGGGAA.1|P4_AAH	P4_AAH
AGTTGGCCATCCAAGAAACGGGAA.1|P4_AAH	P4_AAH
ATAAACCCACAATGGCAACGGGAA.1|P4_AAH	P4_AAH
ATAAACCCACGTGCTCAACGGGAA.1|P4_AAH	P4_AAH
ATAAAGGCATAGGGTCAACGGGAA.1|P4_AAH	P4_AAH
ATAACCAAGTAATTGGAACGGGAA.1|P4_AAH	P4_AAH
ATAACCCGTAGTCATCAACGGGAA.1|P4_AAH	P4_AAH
ATAAGCCAGCAAATCAAACGGGAA.1|P4_AAH	P4_AAH
ATAAGCCAGGTCGAGCAACGGGAA.1|P4_AAH	P4_AAH
ATACCCGGTTTCGCCTAACGGGAA.1|P4_AAH	P4_AAH
ATACCTGTCAGGTCGAAACGGGAA.1|P4_AAH	P4_AAH
ATACCTGTCATTATGCAACGGGAA.1|P4_AAH	P4_AAH
ATACCTTAGCAAAGCTAACGGGAA.1|P4_AAH	P4_AAH
ATACCTTAGTAAGTGCAACGGGAA.1|P4_AAH	P4_AAH
ATAGACTCAGAGAGCAAACGGGAA.1|P4_AAH	P4_AAH
ATAGACTCATACCTTAAACGGGAA.1|P4_AAH	P4_AAH
ATAGCGAGTAACTTGCAACGGGAA.1|P4_AAH	P4_AAH
ATAGCGAGTTCACTCCAACGGGAA.1|P4_AAH	P4_AAH
ATAGGATGTGCGTACCAACGGGAA.1|P4_AAH	P4_AAH
ATAGGATGTGTGAGGTAACGGGAA.1|P4_AAH	P4_AAH
ATAGGCGTCTTAAGCTAACGGGAA.1|P4_AAH	P4_AAH
ATAGGCTAGCCATCACAACGGGAA.1|P4_AAH	P4_AAH
ATATCGAAGATAGCCGAACGGGAA.1|P4_AAH	P4_AAH
ATATTCGGTTGTTTAGAACGGGAA.1|P4_AAH	P4_AAH
ATCCATCCATGCTCCAAACGGGAA.1|P4_AAH	P4_AAH
ATCGATGCAATAGAGAAACGGGAA.1|P4_AAH	P4_AAH
ATCGCGCGTACAAACGAACGGGAA.1|P4_AAH	P4_AAH
ATCGGGCAGCCCTGATAACGGGAA.1|P4_AAH	P4_AAH
ATCGGGCAGTCTATGTAACGGGAA.1|P4_AAH	P4_AAH
ATCGTGACAAGCTCAAAACGGGAA.1|P4_AAH	P4_AAH
ATCGTTAGTGATCCTGAACGGGAA.1|P4_AAH	P4_AAH
ATCTTAGGTTGTGAGAAACGGGAA.1|P4_AAH	P4_AAH
ATGAAAGCAATGTGGCAACGGGAA.1|P4_AAH	P4_AAH
ATGCAACAGAACCTCCAACGGGAA.1|P4_AAH	P4_AAH
ATGCGCAAGCTGATGGAACGGGAA.1|P4_AAH	P4_AAH
ATGGATCAGATAGCTAAACGGGAA.1|P4_AAH	P4_AAH
ATGGATCAGGTGCACAAACGGGAA.1|P4_AAH	P4_AAH
ATGGATGGTAGGAGGAAACGGGAA.1|P4_AAH	P4_AAH
ATGGATGGTAGGTGACAACGGGAA.1|P4_AAH	P4_AAH
ATGGATGGTGCATCGCAACGGGAA.1|P4_AAH	P4_AAH
ATGGCAGTCGCTTGACAACGGGAA.1|P4_AAH	P4_AAH
ATGGCTTGTTTGTGACAACGGGAA.1|P4_AAH	P4_AAH
ATGGGACGTGGCTTTGAACGGGAA.1|P4_AAH	P4_AAH
ATGGGCGGTGGAAGCTAACGGGAA.1|P4_AAH	P4_AAH
ATGGTAATCTTGAGGGAACGGGAA.1|P4_AAH	P4_AAH
ATGTAAGTCCACAACCAACGGGAA.1|P4_AAH	P4_AAH
ATGTAAGTCTAGCGGAAACGGGAA.1|P4_AAH	P4_AAH
ATGTGAGGTTTGTAGCAACGGGAA.1|P4_AAH	P4_AAH
ATTATGGAGGTATAGCAACGGGAA.1|P4_AAH	P4_AAH
ATTCGTCCAGTTAAACAACGGGAA.1|P4_AAH	P4_AAH
ATTCGTTAGATGAAGGAACGGGAA.1|P4_AAH	P4_AAH
ATTGAGCAGCGCTACTAACGGGAA.1|P4_AAH	P4_AAH
ATTGAGCAGGTGGATTAACGGGAA.1|P4_AAH	P4_AAH
ATTGAGGGTAATTGCCAACGGGAA.1|P4_AAH	P4_AAH
ATTGAGGGTCGGTTTGAACGGGAA.1|P4_AAH	P4_AAH
ATTGAGGGTTTGTCCCAACGGGAA.1|P4_AAH	P4_AAH
ATTGAGTCATTGCCCAAACGGGAA.1|P4_AAH	P4_AAH
ATTGCATTCTGGCCCAAACGGGAA.1|P4_AAH	P4_AAH
ATTGCGACACATAGATAACGGGAA.1|P4_AAH	P4_AAH
ATTGGCGAGCTCAACCAACGGGAA.1|P4_AAH	P4_AAH
ATTGGCGAGGCCATTCAACGGGAA.1|P4_AAH	P4_AAH
ATTGGCGAGTTATTGCAACGGGAA.1|P4_AAH	P4_AAH
ATTGGGAGTTCGGTATAACGGGAA.1|P4_AAH	P4_AAH
ATTTAGCTCCAATACTAACGGGAA.1|P4_AAH	P4_AAH
ATTTAGCTCTGGAAACAACGGGAA.1|P4_AAH	P4_AAH
ATTTAGGAGACCATTTAACGGGAA.1|P4_AAH	P4_AAH
CAAACAATCTATCGGCAACGGGAA.1|P4_AAH	P4_AAH
CAAAGCTAGTCATAAGAACGGGAA.1|P4_AAH	P4_AAH
CAAAGGGCAAATCACGAACGGGAA.1|P4_AAH	P4_AAH
CAAATCCGTAACGGGTAACGGGAA.1|P4_AAH	P4_AAH
CAACCGGCAGGGCTATAACGGGAA.1|P4_AAH	P4_AAH
CAACCTATCATGCGTCAACGGGAA.1|P4_AAH	P4_AAH
CAACCTGGTGCGATAAAACGGGAA.1|P4_AAH	P4_AAH
CAACCTTCAATCATCCAACGGGAA.1|P4_AAH	P4_AAH
CAACTAAAGCCAGAGCAACGGGAA.1|P4_AAH	P4_AAH
CAACTTAGTTCCAGCAAACGGGAA.1|P4_AAH	P4_AAH
CAACTTGTCGAAATGCAACGGGAA.1|P4_AAH	P4_AAH
CAATAAGTCACCCTCCAACGGGAA.1|P4_AAH	P4_AAH
CAATAGCAGCTAGATAAACGGGAA.1|P4_AAH	P4_AAH
CAATGTTTCAAAGGGAAACGGGAA.1|P4_AAH	P4_AAH
CACAAGCCAGCCATTTAACGGGAA.1|P4_AAH	P4_AAH
CACAAGGTCACCCTCCAACGGGAA.1|P4_AAH	P4_AAH
CACAAGGTCATTTGCGAACGGGAA.1|P4_AAH	P4_AAH
CACAGCAAGCATCTATAACGGGAA.1|P4_AAH	P4_AAH
CACAGCAAGGTATAGCAACGGGAA.1|P4_AAH	P4_AAH
CACATAAAGGGTGGGAAACGGGAA.1|P4_AAH	P4_AAH
CACCCATAGGCGAGAGAACGGGAA.1|P4_AAH	P4_AAH
CACGAACCAAAGAACAAACGGGAA.1|P4_AAH	P4_AAH
CACGAACCAGTGAGGAAACGGGAA.1|P4_AAH	P4_AAH
CACGTTATCCTGTTCTAACGGGAA.1|P4_AAH	P4_AAH
CACTAACGTTTAACCAAACGGGAA.1|P4_AAH	P4_AAH
CACTAGCTCCAATGAAAACGGGAA.1|P4_AAH	P4_AAH
CACTGTCAGTGAGTTAAACGGGAA.1|P4_AAH	P4_AAH
CAGATTCGTTCATTGAAACGGGAA.1|P4_AAH	P4_AAH
CAGCAATAGCACTAGGAACGGGAA.1|P4_AAH	P4_AAH
CAGCAATAGTCTGTGCAACGGGAA.1|P4_AAH	P4_AAH
CAGCTGGCAGCTCGAGAACGGGAA.1|P4_AAH	P4_AAH
CAGCTGGCATAGCCTTAACGGGAA.1|P4_AAH	P4_AAH
CAGGAAGCAAACTTCCAACGGGAA.1|P4_AAH	P4_AAH
CAGGCGAGTCCTTCGTAACGGGAA.1|P4_AAH	P4_AAH
CAGGCGAGTTAGTGCTAACGGGAA.1|P4_AAH	P4_AAH
CAGGTAAGTAACCGCCAACGGGAA.1|P4_AAH	P4_AAH
CAGGTAAGTACTAACCAACGGGAA.1|P4_AAH	P4_AAH
CAGGTAAGTTTGCATAAACGGGAA.1|P4_AAH	P4_AAH
CAGGTCAAGTAAACCAAACGGGAA.1|P4_AAH	P4_AAH
CAGGTTACAACCTGTTAACGGGAA.1|P4_AAH	P4_AAH
CAGGTTGAGGAGGCCTAACGGGAA.1|P4_AAH	P4_AAH
CAGGTTGAGGCAAGCCAACGGGAA.1|P4_AAH	P4_AAH
CAGGTTGAGGTTCGAGAACGGGAA.1|P4_AAH	P4_AAH
CAGGTTTGTATTCGTAAACGGGAA.1|P4_AAH	P4_AAH
CAGGTTTGTTGCGGCTAACGGGAA.1|P4_AAH	P4_AAH
CAGTGAAGTTTATCGAAACGGGAA.1|P4_AAH	P4_AAH
CAGTTAAAGAAGTACCAACGGGAA.1|P4_AAH	P4_AAH
CATACCGGTCAGGAACAACGGGAA.1|P4_AAH	P4_AAH
CATAGCGAGAAGCAAGAACGGGAA.1|P4_AAH	P4_AAH
CATAGCGAGCGCTTACAACGGGAA.1|P4_AAH	P4_AAH
CATAGGCCACATAGATAACGGGAA.1|P4_AAH	P4_AAH
CATAGGTAGCTTAGTTAACGGGAA.1|P4_AAH	P4_AAH
CATCGGTTCAGGAGCCAACGGGAA.1|P4_AAH	P4_AAH
CATGAGGTCAGGCCAAAACGGGAA.1|P4_AAH	P4_AAH
CATGCTCAGCGATAACAACGGGAA.1|P4_AAH	P4_AAH
CATGCTGGTCACAGGGAACGGGAA.1|P4_AAH	P4_AAH
CATGCTGGTGTGAGTAAACGGGAA.1|P4_AAH	P4_AAH
CATGTTGTCGGCTAAGAACGGGAA.1|P4_AAH	P4_AAH
CATTACGTCACAGCCTAACGGGAA.1|P4_AAH	P4_AAH
CATTAGGCAGCCTTCAAACGGGAA.1|P4_AAH	P4_AAH
CATTATGGTCAGTGCCAACGGGAA.1|P4_AAH	P4_AAH
CATTCCTTCGGTAAACAACGGGAA.1|P4_AAH	P4_AAH
CATTGCGGTTGTTGGTAACGGGAA.1|P4_AAH	P4_AAH
CATTGTCCAAGGTGTCAACGGGAA.1|P4_AAH	P4_AAH
CATTGTGTCCTGGAAGAACGGGAA.1|P4_AAH	P4_AAH
CATTTCGAGGTAATTGAACGGGAA.1|P4_AAH	P4_AAH
CCAAAGCCAGCTTTCGAACGGGAA.1|P4_AAH	P4_AAH
CCAACCGTCGACCCATAACGGGAA.1|P4_AAH	P4_AAH
CCAAGACCACATTCGTAACGGGAA.1|P4_AAH	P4_AAH
CCAAGACCATTGAACGAACGGGAA.1|P4_AAH	P4_AAH
CCAAGCTTCACCTGTAAACGGGAA.1|P4_AAH	P4_AAH
CCAAGCTTCGCCTAGTAACGGGAA.1|P4_AAH	P4_AAH
CCAAGTGAGAAGGTCTAACGGGAA.1|P4_AAH	P4_AAH
CCAAGTGAGATAACGCAACGGGAA.1|P4_AAH	P4_AAH
CCACTAATCAAGGTCGAACGGGAA.1|P4_AAH	P4_AAH
CCAGAACCACAGGCTGAACGGGAA.1|P4_AAH	P4_AAH
CCAGCTTAGCCATCGTAACGGGAA.1|P4_AAH	P4_AAH
CCAGCTTAGGACAACTAACGGGAA.1|P4_AAH	P4_AAH
CCAGGTTTCAAACCGGAACGGGAA.1|P4_AAH	P4_AAH
CCAGGTTTCATTGTACAACGGGAA.1|P4_AAH	P4_AAH
CCATCAGGTCTAACCGAACGGGAA.1|P4_AAH	P4_AAH
CCATCAGGTGGTTACTAACGGGAA.1|P4_AAH	P4_AAH
CCATCAGGTGTTAGAGAACGGGAA.1|P4_AAH	P4_AAH
CCATCAGGTTTGTCAAAACGGGAA.1|P4_AAH	P4_AAH
CCATCCCTCCTAAATCAACGGGAA.1|P4_AAH	P4_AAH
CCATGGTTCATGCGGAAACGGGAA.1|P4_AAH	P4_AAH
CCATGGTTCGGTAAACAACGGGAA.1|P4_AAH	P4_AAH
CCATTAGTCCTTTGTCAACGGGAA.1|P4_AAH	P4_AAH
CCCAACTAGAAGTAGGAACGGGAA.1|P4_AAH	P4_AAH
CCCATAATCCTAAGTTAACGGGAA.1|P4_AAH	P4_AAH
CCCATAGGTCCACAATAACGGGAA.1|P4_AAH	P4_AAH
CCCATAGGTTGTCATAAACGGGAA.1|P4_AAH	P4_AAH
CCCATTAAGACCATTTAACGGGAA.1|P4_AAH	P4_AAH
CCCATTAAGGGAGGATAACGGGAA.1|P4_AAH	P4_AAH
CCCATTAAGTGAATCAAACGGGAA.1|P4_AAH	P4_AAH
CCCATTCGTACCGTTGAACGGGAA.1|P4_AAH	P4_AAH
CCCGAAGCATTGCCGCAACGGGAA.1|P4_AAH	P4_AAH
CCCGTAAGTACGTAAGAACGGGAA.1|P4_AAH	P4_AAH
CCCGTAAGTTAAGGATAACGGGAA.1|P4_AAH	P4_AAH
CCCTGAGTCCTTATGGAACGGGAA.1|P4_AAH	P4_AAH
CCCTGGATCAATTTGCAACGGGAA.1|P4_AAH	P4_AAH
CCCTGTGAGGAAGGTAAACGGGAA.1|P4_AAH	P4_AAH
CCCTGTGAGTCCTCAAAACGGGAA.1|P4_AAH	P4_AAH
CCCTTGCTCCCTCTCAAACGGGAA.1|P4_AAH	P4_AAH
CCGATACTCCAGCTACAACGGGAA.1|P4_AAH	P4_AAH
CCGCCATCAACCTCGCAACGGGAA.1|P4_AAH	P4_AAH
CCGCTAAGTATTCGGTAACGGGAA.1|P4_AAH	P4_AAH
CCGCTATAGAGCAAGAAACGGGAA.1|P4_AAH	P4_AAH
CCGGCTATCTTACTCCAACGGGAA.1|P4_AAH	P4_AAH
CCGTTGTAGCTAGATAAACGGGAA.1|P4_AAH	P4_AAH
CCTAACCAGGTTTCCAAACGGGAA.1|P4_AAH	P4_AAH
CCTAACGGTAAGTCGAAACGGGAA.1|P4_AAH	P4_AAH
CCTAAGCTCACTATGTAACGGGAA.1|P4_AAH	P4_AAH
CCTAATCCAGGGCTATAACGGGAA.1|P4_AAH	P4_AAH
CCTAGAGAGGTAAGTCAACGGGAA.1|P4_AAH	P4_AAH
CCTAGGTTCAGTCTATAACGGGAA.1|P4_AAH	P4_AAH
CCTATGGGTCTCAGCAAACGGGAA.1|P4_AAH	P4_AAH
CCTATTGAGGATGTTAAACGGGAA.1|P4_AAH	P4_AAH
CCTATTGAGTCACTATAACGGGAA.1|P4_AAH	P4_AAH
CCTATTTGTGATTAGGAACGGGAA.1|P4_AAH	P4_AAH
CCTATTTGTTTGTAGCAACGGGAA.1|P4_AAH	P4_AAH
CCTCAAATCGCTTCGGAACGGGAA.1|P4_AAH	P4_AAH
CCTCAATCAACCGTGGAACGGGAA.1|P4_AAH	P4_AAH
CCTCACACAAACAATCAACGGGAA.1|P4_AAH	P4_AAH
CCTCACACAACAGGCTAACGGGAA.1|P4_AAH	P4_AAH
CCTCATCGTAATCCTAAACGGGAA.1|P4_AAH	P4_AAH
CCTCGATAGGGTTATAAACGGGAA.1|P4_AAH	P4_AAH
CCTGGTAGTACCGTTGAACGGGAA.1|P4_AAH	P4_AAH
CCTGGTAGTTTCGCCTAACGGGAA.1|P4_AAH	P4_AAH
CCTGTTGCAAGATAAGAACGGGAA.1|P4_AAH	P4_AAH
CCTTATGAGCTCAAGGAACGGGAA.1|P4_AAH	P4_AAH
CGAACTTGTGTTTGTAAACGGGAA.1|P4_AAH	P4_AAH
CGAAGAAAGCAAATTGAACGGGAA.1|P4_AAH	P4_AAH
CGAAGAAAGGAACCTGAACGGGAA.1|P4_AAH	P4_AAH
CGACTTTCACCTTTGGAACGGGAA.1|P4_AAH	P4_AAH
CGAGAGGAGCGATGGCAACGGGAA.1|P4_AAH	P4_AAH
CGAGAGGAGGCGCAGTAACGGGAA.1|P4_AAH	P4_AAH
CGAGGAGAGGTAGTTAAACGGGAA.1|P4_AAH	P4_AAH
CGAGTTACATCAGGTAAACGGGAA.1|P4_AAH	P4_AAH
CGATAAATCCTTTCTAAACGGGAA.1|P4_AAH	P4_AAH
CGATAAATCGCATTTGAACGGGAA.1|P4_AAH	P4_AAH
CGATGAAGTGATCCTGAACGGGAA.1|P4_AAH	P4_AAH
CGATGACCATCAAGTGAACGGGAA.1|P4_AAH	P4_AAH
CGATGTTGTCCTGACAAACGGGAA.1|P4_AAH	P4_AAH
CGATTCATCTTACTCCAACGGGAA.1|P4_AAH	P4_AAH
CGATTGTGTGAACGGTAACGGGAA.1|P4_AAH	P4_AAH
CGATTTAGTACAAACGAACGGGAA.1|P4_AAH	P4_AAH
CGCAAGGGTTAGGTGAAACGGGAA.1|P4_AAH	P4_AAH
CGCAATCTCACCAGCTAACGGGAA.1|P4_AAH	P4_AAH
CGCAATTGTAAACCCTAACGGGAA.1|P4_AAH	P4_AAH
CGCAATTGTACGTCCAAACGGGAA.1|P4_AAH	P4_AAH
CGCAATTGTCTATCTTAACGGGAA.1|P4_AAH	P4_AAH
CGCAATTGTCTGTCAGAACGGGAA.1|P4_AAH	P4_AAH
CGCACATTCAGCGAATAACGGGAA.1|P4_AAH	P4_AAH
CGCAGGTAGGATTATGAACGGGAA.1|P4_AAH	P4_AAH
CGCATAACACACAAATAACGGGAA.1|P4_AAH	P4_AAH
CGCATAACACATAAGTAACGGGAA.1|P4_AAH	P4_AAH
CGCATGAAGTCTTGCAAACGGGAA.1|P4_AAH	P4_AAH
CGCCATCCAACAGCTAAACGGGAA.1|P4_AAH	P4_AAH
CGCGACACAATACCCTAACGGGAA.1|P4_AAH	P4_AAH
CGCGATAAGTGTAATGAACGGGAA.1|P4_AAH	P4_AAH
CGCGTTCCAACAGGCTAACGGGAA.1|P4_AAH	P4_AAH
CGCTACGTCAGTTAGAAACGGGAA.1|P4_AAH	P4_AAH
CGCTACTAGACTTAAGAACGGGAA.1|P4_AAH	P4_AAH
CGGAACGGTTCCGGGTAACGGGAA.1|P4_AAH	P4_AAH
CGGCTAAAGCTTACCAAACGGGAA.1|P4_AAH	P4_AAH
CGGGATGGTTCGATGTAACGGGAA.1|P4_AAH	P4_AAH
CGGGCTACATAATGACAACGGGAA.1|P4_AAH	P4_AAH
CGGGTTAAGGGTTAACAACGGGAA.1|P4_AAH	P4_AAH
CGGGTTGCAGAAACTTAACGGGAA.1|P4_AAH	P4_AAH
CGGTGAGGTAGCCCGTAACGGGAA.1|P4_AAH	P4_AAH
CGGTGAGGTCAAACTCAACGGGAA.1|P4_AAH	P4_AAH
CGGTGAGGTGCGCATCAACGGGAA.1|P4_AAH	P4_AAH
CGTAAACAGGGCGGAAAACGGGAA.1|P4_AAH	P4_AAH
CGTAACGAGCATTACTAACGGGAA.1|P4_AAH	P4_AAH
CGTAATCGTCATGAAGAACGGGAA.1|P4_AAH	P4_AAH
CGTACTTCATTTCGACAACGGGAA.1|P4_AAH	P4_AAH
CGTATATTCATCCAGCAACGGGAA.1|P4_AAH	P4_AAH
CGTATATTCTGTGCACAACGGGAA.1|P4_AAH	P4_AAH
CGTCCATAGTATGGTAAACGGGAA.1|P4_AAH	P4_AAH
CGTGAGGGTATTGCGTAACGGGAA.1|P4_AAH	P4_AAH
CGTGAGGGTCCTTCGTAACGGGAA.1|P4_AAH	P4_AAH
CGTGCGTGTATTTCGAAACGGGAA.1|P4_AAH	P4_AAH
CGTTCAATCACTGTCAAACGGGAA.1|P4_AAH	P4_AAH
CGTTTGGGTAACGTGAAACGGGAA.1|P4_AAH	P4_AAH
CTAACAGCAAGTCGCGAACGGGAA.1|P4_AAH	P4_AAH
CTAACAGCAGGTGACTAACGGGAA.1|P4_AAH	P4_AAH
CTAACAGCATCCCAATAACGGGAA.1|P4_AAH	P4_AAH
CTAACCATCCAAATAGAACGGGAA.1|P4_AAH	P4_AAH
CTAACCTCACAGCCAGAACGGGAA.1|P4_AAH	P4_AAH
CTAAGATCACCATCATAACGGGAA.1|P4_AAH	P4_AAH
CTAAGATCATTGAACGAACGGGAA.1|P4_AAH	P4_AAH
CTAAGGGTCAAGATGCAACGGGAA.1|P4_AAH	P4_AAH
CTAAGTAAGATTATCCAACGGGAA.1|P4_AAH	P4_AAH
CTAAGTGCAGCCTGAGAACGGGAA.1|P4_AAH	P4_AAH
CTACCGGTCTTGAATCAACGGGAA.1|P4_AAH	P4_AAH
CTACGAACAAGTAAGAAACGGGAA.1|P4_AAH	P4_AAH
CTAGATAAGCCAAACGAACGGGAA.1|P4_AAH	P4_AAH
CTAGATGCAATTGCGAAACGGGAA.1|P4_AAH	P4_AAH
CTAGCTGGTCTAACCGAACGGGAA.1|P4_AAH	P4_AAH
CTAGGCTTCGTTAACTAACGGGAA.1|P4_AAH	P4_AAH
CTATATCAGAGGTTCGAACGGGAA.1|P4_AAH	P4_AAH
CTATATCAGCAAGACTAACGGGAA.1|P4_AAH	P4_AAH
CTATCCGCATTGACTCAACGGGAA.1|P4_AAH	P4_AAH
CTATGAGCAGCAATTGAACGGGAA.1|P4_AAH	P4_AAH
CTATGCTCATTTCGCGAACGGGAA.1|P4_AAH	P4_AAH
CTATGTCCATTTGGCTAACGGGAA.1|P4_AAH	P4_AAH
CTATTACAGGCAATCGAACGGGAA.1|P4_AAH	P4_AAH
CTCAAATTCCTGATCAAACGGGAA.1|P4_AAH	P4_AAH
CTCAAGACAGATAGCCAACGGGAA.1|P4_AAH	P4_AAH
CTCACACAGATTCCCAAACGGGAA.1|P4_AAH	P4_AAH
CTCACCCTCCTCACGGAACGGGAA.1|P4_AAH	P4_AAH
CTCATGATCGATATTCAACGGGAA.1|P4_AAH	P4_AAH
CTCATTACAAAGTGCCAACGGGAA.1|P4_AAH	P4_AAH
CTCGATCAGGATGAAGAACGGGAA.1|P4_AAH	P4_AAH
CTCGATCAGGCAATCGAACGGGAA.1|P4_AAH	P4_AAH
CTCGATTCACATGAATAACGGGAA.1|P4_AAH	P4_AAH
CTCTAACCAGAGGCTTAACGGGAA.1|P4_AAH	P4_AAH
CTCTCGACATCATAGGAACGGGAA.1|P4_AAH	P4_AAH
CTGACCAGTAATGAACAACGGGAA.1|P4_AAH	P4_AAH
CTGACCAGTACGATTCAACGGGAA.1|P4_AAH	P4_AAH
CTGAGTCTCGCGTTACAACGGGAA.1|P4_AAH	P4_AAH
CTGATCCAGGCACTAGAACGGGAA.1|P4_AAH	P4_AAH
CTGATTTAGGCCTTCGAACGGGAA.1|P4_AAH	P4_AAH
CTGATTTAGGTTAGACAACGGGAA.1|P4_AAH	P4_AAH
CTGGTCAGTTAAGGATAACGGGAA.1|P4_AAH	P4_AAH
CTGGTTATCCAATGAAAACGGGAA.1|P4_AAH	P4_AAH
CTGTGCAGTATGGTGAAACGGGAA.1|P4_AAH	P4_AAH
CTGTGCAGTCGAGGCAAACGGGAA.1|P4_AAH	P4_AAH
CTGTGCAGTGTTTCGGAACGGGAA.1|P4_AAH	P4_AAH
CTGTTGCAGAGGCGTCAACGGGAA.1|P4_AAH	P4_AAH
CTGTTTACAATAGCTGAACGGGAA.1|P4_AAH	P4_AAH
CTGTTTACAGCCATTTAACGGGAA.1|P4_AAH	P4_AAH
CTTAACGTCATAGGTAAACGGGAA.1|P4_AAH	P4_AAH
CTTAACGTCGCGTTCGAACGGGAA.1|P4_AAH	P4_AAH
CTTAGAAAGGCTAGATAACGGGAA.1|P4_AAH	P4_AAH
CTTAGCCAGAACCTCCAACGGGAA.1|P4_AAH	P4_AAH
CTTAGCCAGCCGCTATAACGGGAA.1|P4_AAH	P4_AAH
CTTAGCTCAAGTCGCGAACGGGAA.1|P4_AAH	P4_AAH
CTTAGTAGTCGTTCTCAACGGGAA.1|P4_AAH	P4_AAH
CTTAGTAGTTTGTGACAACGGGAA.1|P4_AAH	P4_AAH
CTTATGTAGGACAAGAAACGGGAA.1|P4_AAH	P4_AAH
CTTCAACCATGTTTCAAACGGGAA.1|P4_AAH	P4_AAH
CTTCCTCCATATAGGTAACGGGAA.1|P4_AAH	P4_AAH
CTTCCTCCATCGTTCGAACGGGAA.1|P4_AAH	P4_AAH
CTTCGAATCCTCTAAGAACGGGAA.1|P4_AAH	P4_AAH
CTTCGAATCGTGATTTAACGGGAA.1|P4_AAH	P4_AAH
CTTGACTCAGCCAGCAAACGGGAA.1|P4_AAH	P4_AAH
CTTGATTAGTCGCGAAAACGGGAA.1|P4_AAH	P4_AAH
CTTGCACAGTATGGGTAACGGGAA.1|P4_AAH	P4_AAH
CTTGCTGCAAGCCTAAAACGGGAA.1|P4_AAH	P4_AAH
GAACAATGTCAAAGGCAACGGGAA.1|P4_AAH	P4_AAH
GAACAATGTGGTGCAGAACGGGAA.1|P4_AAH	P4_AAH
GAACGAAAGCCTATATAACGGGAA.1|P4_AAH	P4_AAH
GAAGAATAGTCTATGTAACGGGAA.1|P4_AAH	P4_AAH
GAAGCACGTCATTATGAACGGGAA.1|P4_AAH	P4_AAH
GAATAACGTTAAGCCTAACGGGAA.1|P4_AAH	P4_AAH
GAATCACAGCTCGACTAACGGGAA.1|P4_AAH	P4_AAH
GAATCAGGTACGAACAAACGGGAA.1|P4_AAH	P4_AAH
GAATCAGGTTCCGCAAAACGGGAA.1|P4_AAH	P4_AAH
GAATGCGTCGTCAATTAACGGGAA.1|P4_AAH	P4_AAH
GAATGTCAGAGGAAATAACGGGAA.1|P4_AAH	P4_AAH
GACAATATCCCTGGTGAACGGGAA.1|P4_AAH	P4_AAH
GACAATATCGAACCGAAACGGGAA.1|P4_AAH	P4_AAH
GACATAATCGCGAGTAAACGGGAA.1|P4_AAH	P4_AAH
GACATCCTCCTTGTTCAACGGGAA.1|P4_AAH	P4_AAH
GACATCCTCGATTGAAAACGGGAA.1|P4_AAH	P4_AAH
GACCAAGTCCCTCATTAACGGGAA.1|P4_AAH	P4_AAH
GACCAATAGGCCAACAAACGGGAA.1|P4_AAH	P4_AAH
GACCAGGGTAACCGCCAACGGGAA.1|P4_AAH	P4_AAH
GACCGTGCAACCCTATAACGGGAA.1|P4_AAH	P4_AAH
GACCGTGCATTGCCGCAACGGGAA.1|P4_AAH	P4_AAH
GACGAGGAGTTTGAGAAACGGGAA.1|P4_AAH	P4_AAH
GACGCAATCGCTCAGTAACGGGAA.1|P4_AAH	P4_AAH
GACGCAATCGTTCAATAACGGGAA.1|P4_AAH	P4_AAH
GACGCAATCTGTGCACAACGGGAA.1|P4_AAH	P4_AAH
GACGTAAGTAAACTGGAACGGGAA.1|P4_AAH	P4_AAH
GACTAAATCAGCACCTAACGGGAA.1|P4_AAH	P4_AAH
GACTTAAAGTTTGCATAACGGGAA.1|P4_AAH	P4_AAH
GACTTTGTCGGTACAGAACGGGAA.1|P4_AAH	P4_AAH
GAGACCCAGTAGCCTCAACGGGAA.1|P4_AAH	P4_AAH
GAGATACTCCAGATAAAACGGGAA.1|P4_AAH	P4_AAH
GAGATACTCGACTTGCAACGGGAA.1|P4_AAH	P4_AAH
GAGATACTCTCAAGAAAACGGGAA.1|P4_AAH	P4_AAH
GAGCATGTCGCGTTCGAACGGGAA.1|P4_AAH	P4_AAH
GAGCCATCATGGCGCAAACGGGAA.1|P4_AAH	P4_AAH
GAGCCTGCATTTCTTCAACGGGAA.1|P4_AAH	P4_AAH
GAGCTGGGTTGTTTGAAACGGGAA.1|P4_AAH	P4_AAH
GAGCTTGAGCGAGCTAAACGGGAA.1|P4_AAH	P4_AAH
GAGGAGTAGGAACCATAACGGGAA.1|P4_AAH	P4_AAH
GAGGATGCATACTTGCAACGGGAA.1|P4_AAH	P4_AAH
GAGGATGCATTGCCGCAACGGGAA.1|P4_AAH	P4_AAH
GAGTATGGTTGTTGTAAACGGGAA.1|P4_AAH	P4_AAH
GAGTGACGTTTCCAAAAACGGGAA.1|P4_AAH	P4_AAH
GAGTGCGGTGATCCTGAACGGGAA.1|P4_AAH	P4_AAH
GAGTGCGGTGTTGCTGAACGGGAA.1|P4_AAH	P4_AAH
GATAGGTTCCTGAGGAAACGGGAA.1|P4_AAH	P4_AAH
GATAGGTTCTATCTGGAACGGGAA.1|P4_AAH	P4_AAH
GATGCCCGTAATTTCGAACGGGAA.1|P4_AAH	P4_AAH
GATGGACGTCCACAATAACGGGAA.1|P4_AAH	P4_AAH
GATGGAGCATTGACTCAACGGGAA.1|P4_AAH	P4_AAH
GATTACCGTCACGATTAACGGGAA.1|P4_AAH	P4_AAH
GATTATCTCAATGGGTAACGGGAA.1|P4_AAH	P4_AAH
GATTATCTCTCAGCTAAACGGGAA.1|P4_AAH	P4_AAH
GATTCCCAGGTCACAGAACGGGAA.1|P4_AAH	P4_AAH
GATTCCCAGTTGCGCTAACGGGAA.1|P4_AAH	P4_AAH
GATTGACAGTAACGGTAACGGGAA.1|P4_AAH	P4_AAH
GCAAACCCATAAGTCGAACGGGAA.1|P4_AAH	P4_AAH
GCAAACTAGCAGCCAAAACGGGAA.1|P4_AAH	P4_AAH
GCAACGGGTATTTCGAAACGGGAA.1|P4_AAH	P4_AAH
GCAAGGCTCAATTTGCAACGGGAA.1|P4_AAH	P4_AAH
GCAAGGCTCATGGAACAACGGGAA.1|P4_AAH	P4_AAH
GCAAGGCTCGAGGCGTAACGGGAA.1|P4_AAH	P4_AAH
GCAAGTTAGCGCGAACAACGGGAA.1|P4_AAH	P4_AAH
GCAAGTTAGTTTCGGCAACGGGAA.1|P4_AAH	P4_AAH
GCACAAAGTTTGCAACAACGGGAA.1|P4_AAH	P4_AAH
GCACAACCAGCACGTGAACGGGAA.1|P4_AAH	P4_AAH
GCACTAACAGCCTGAGAACGGGAA.1|P4_AAH	P4_AAH
GCACTAACAGGTCAACAACGGGAA.1|P4_AAH	P4_AAH
GCAGGCTAGTGATCAAAACGGGAA.1|P4_AAH	P4_AAH
GCAGGTTCAGCAATTGAACGGGAA.1|P4_AAH	P4_AAH
GCAGTAAGTTTCAGGTAACGGGAA.1|P4_AAH	P4_AAH
GCAGTACCACTATGGAAACGGGAA.1|P4_AAH	P4_AAH
GCAGTACCACTCAATCAACGGGAA.1|P4_AAH	P4_AAH
GCAGTTTGTTGTGAGAAACGGGAA.1|P4_AAH	P4_AAH
GCATGCAAGTGCCCTGAACGGGAA.1|P4_AAH	P4_AAH
GCATGGATCATTTAGCAACGGGAA.1|P4_AAH	P4_AAH
GCATTCATCAGGTAACAACGGGAA.1|P4_AAH	P4_AAH
GCATTGTGTTCCTTTGAACGGGAA.1|P4_AAH	P4_AAH
GCATTTGTCTAATCACAACGGGAA.1|P4_AAH	P4_AAH
GCCAACAAGATGCAACAACGGGAA.1|P4_AAH	P4_AAH
GCCACAAAGGAACCTGAACGGGAA.1|P4_AAH	P4_AAH
GCCACAAAGGTTAGCGAACGGGAA.1|P4_AAH	P4_AAH
GCCATAGAGGCCCATTAACGGGAA.1|P4_AAH	P4_AAH
GCCATAGAGTCAACAAAACGGGAA.1|P4_AAH	P4_AAH
GCCATCAGTCAACATCAACGGGAA.1|P4_AAH	P4_AAH
GCCCAATTCACCATATAACGGGAA.1|P4_AAH	P4_AAH
GCCCATAGTACGGTTTAACGGGAA.1|P4_AAH	P4_AAH
GCCCATAGTCATGCATAACGGGAA.1|P4_AAH	P4_AAH
GCCCATAGTGTCCTTCAACGGGAA.1|P4_AAH	P4_AAH
GCCGCTTCAAGCTATGAACGGGAA.1|P4_AAH	P4_AAH
GCCTAATGTACCTAGTAACGGGAA.1|P4_AAH	P4_AAH
GCCTAATGTAGTAGCAAACGGGAA.1|P4_AAH	P4_AAH
GCGAATGTCCCTGGTGAACGGGAA.1|P4_AAH	P4_AAH
GCGAGCTAGCCTCTAAAACGGGAA.1|P4_AAH	P4_AAH
GCGAGGTTCAATGTTCAACGGGAA.1|P4_AAH	P4_AAH
GCGATAAGTATGGTGAAACGGGAA.1|P4_AAH	P4_AAH
GCGCAACAGGACAAGAAACGGGAA.1|P4_AAH	P4_AAH
GCGCAAGGTACGTAAGAACGGGAA.1|P4_AAH	P4_AAH
GCGCACACAAGGCTTAAACGGGAA.1|P4_AAH	P4_AAH
GCGCACACAGGGATGAAACGGGAA.1|P4_AAH	P4_AAH
GCGCTTAGTAATCCGTAACGGGAA.1|P4_AAH	P4_AAH
GCGGATTCATCAAGTGAACGGGAA.1|P4_AAH	P4_AAH
GCGGATTCATCCGGAGAACGGGAA.1|P4_AAH	P4_AAH
GCGGTAATCTGTCAGCAACGGGAA.1|P4_AAH	P4_AAH
GCGGTTCGTTGGTTACAACGGGAA.1|P4_AAH	P4_AAH
GCTAAATCATTTCATGAACGGGAA.1|P4_AAH	P4_AAH
GCTAACTGTAATGTCCAACGGGAA.1|P4_AAH	P4_AAH
GCTAATAAGAGGAGGTAACGGGAA.1|P4_AAH	P4_AAH
GCTATGCTCAAGCTCCAACGGGAA.1|P4_AAH	P4_AAH
GCTATTAGTATAGTGGAACGGGAA.1|P4_AAH	P4_AAH
GCTATTAGTTAAGCTCAACGGGAA.1|P4_AAH	P4_AAH
GCTATTAGTTGTTTGAAACGGGAA.1|P4_AAH	P4_AAH
GCTATTGTCCCTCGCTAACGGGAA.1|P4_AAH	P4_AAH
GCTCACTAGGATGCATAACGGGAA.1|P4_AAH	P4_AAH
GCTCCTGAGTTACCTGAACGGGAA.1|P4_AAH	P4_AAH
GCTCGCTCAGCTAAGCAACGGGAA.1|P4_AAH	P4_AAH
GCTCGTTAGTAAGCACAACGGGAA.1|P4_AAH	P4_AAH
GCTGAAAGTAGGTGACAACGGGAA.1|P4_AAH	P4_AAH
GCTGACTTCGCAAATAAACGGGAA.1|P4_AAH	P4_AAH
GCTGACTTCTCTCGCCAACGGGAA.1|P4_AAH	P4_AAH
GCTGATGAGACGCATGAACGGGAA.1|P4_AAH	P4_AAH
GCTGATGAGTAGCGCAAACGGGAA.1|P4_AAH	P4_AAH
GCTGATGAGTCTACCAAACGGGAA.1|P4_AAH	P4_AAH
GCTGATGAGTCTGTGCAACGGGAA.1|P4_AAH	P4_AAH
GCTGATGAGTGGCTTCAACGGGAA.1|P4_AAH	P4_AAH
GCTGCTCCATGTTTCAAACGGGAA.1|P4_AAH	P4_AAH
GCTGGTAAGTGGCTTCAACGGGAA.1|P4_AAH	P4_AAH
GCTGTCAGTGACCTTGAACGGGAA.1|P4_AAH	P4_AAH
GCTTAGCTCATAGGTAAACGGGAA.1|P4_AAH	P4_AAH
GCTTCATCAAGGCTTAAACGGGAA.1|P4_AAH	P4_AAH
GCTTCATCACTCAAAGAACGGGAA.1|P4_AAH	P4_AAH
GCTTCGGTCGCGGAACAACGGGAA.1|P4_AAH	P4_AAH
GCTTCTAAGGATTAGCAACGGGAA.1|P4_AAH	P4_AAH
GCTTGGTTCATGCGTCAACGGGAA.1|P4_AAH	P4_AAH
GCTTTGTCACCACACCAACGGGAA.1|P4_AAH	P4_AAH
GGAAATTGTAACCTTAAACGGGAA.1|P4_AAH	P4_AAH
GGAAATTGTGCCCGATAACGGGAA.1|P4_AAH	P4_AAH
GGAACAAAGGTGAATCAACGGGAA.1|P4_AAH	P4_AAH
GGAACCGGTCAAAGATAACGGGAA.1|P4_AAH	P4_AAH
GGAACCGGTGATGCAAAACGGGAA.1|P4_AAH	P4_AAH
GGAACTAGTATTGTCAAACGGGAA.1|P4_AAH	P4_AAH
GGAACTAGTCCCTCTGAACGGGAA.1|P4_AAH	P4_AAH
GGAAGTAAGCGCTACTAACGGGAA.1|P4_AAH	P4_AAH
GGAATAACAACAAGCCAACGGGAA.1|P4_AAH	P4_AAH
GGACATAGTCCCTCATAACGGGAA.1|P4_AAH	P4_AAH
GGAGCTATCCCATAATAACGGGAA.1|P4_AAH	P4_AAH
GGATAATGTGACATTCAACGGGAA.1|P4_AAH	P4_AAH
GGATGTCCAATCGTTCAACGGGAA.1|P4_AAH	P4_AAH
GGATTATCAAAGAACAAACGGGAA.1|P4_AAH	P4_AAH
GGATTATCATCACGCCAACGGGAA.1|P4_AAH	P4_AAH
GGATTGCCACAATAGTAACGGGAA.1|P4_AAH	P4_AAH
GGCAACATCAATACAGAACGGGAA.1|P4_AAH	P4_AAH
GGCAACATCAGCGAATAACGGGAA.1|P4_AAH	P4_AAH
GGCAACATCGAACCTCAACGGGAA.1|P4_AAH	P4_AAH
GGCACGTAGGGTTAACAACGGGAA.1|P4_AAH	P4_AAH
GGCAGGTTCAGTTAGAAACGGGAA.1|P4_AAH	P4_AAH
GGCATGATCTGTCAATAACGGGAA.1|P4_AAH	P4_AAH
GGCATTACAAACTGGCAACGGGAA.1|P4_AAH	P4_AAH
GGCCAGTAGGTCACAGAACGGGAA.1|P4_AAH	P4_AAH
GGCCATCGTAACTAGGAACGGGAA.1|P4_AAH	P4_AAH
GGCCATCGTCAATACCAACGGGAA.1|P4_AAH	P4_AAH
GGCCTAAAGTGCCCTGAACGGGAA.1|P4_AAH	P4_AAH
GGCCTATTCACAGGATAACGGGAA.1|P4_AAH	P4_AAH
GGCGAAACATAAGCTGAACGGGAA.1|P4_AAH	P4_AAH
GGCGCTTGTTAGTCTAAACGGGAA.1|P4_AAH	P4_AAH
GGCTAATAGAAGGTCTAACGGGAA.1|P4_AAH	P4_AAH
GGCTCAAAGAACCTCCAACGGGAA.1|P4_AAH	P4_AAH
GGCTCAAAGCAATCCCAACGGGAA.1|P4_AAH	P4_AAH
GGCTCAAAGGTGAGCCAACGGGAA.1|P4_AAH	P4_AAH
GGCTGATCAAGATAAGAACGGGAA.1|P4_AAH	P4_AAH
GGCTGATCACTGACTTAACGGGAA.1|P4_AAH	P4_AAH
GGCTTAACACTAGCGGAACGGGAA.1|P4_AAH	P4_AAH
GGCTTAGAGCCAGAGCAACGGGAA.1|P4_AAH	P4_AAH
GGCTTATGTCAAAGATAACGGGAA.1|P4_AAH	P4_AAH
GGCTTATGTTTCCACCAACGGGAA.1|P4_AAH	P4_AAH
GGCTTGAAGTTGCGCTAACGGGAA.1|P4_AAH	P4_AAH
GGGACAACAACCGTAAAACGGGAA.1|P4_AAH	P4_AAH
GGGATAAAGCTTAAAGAACGGGAA.1|P4_AAH	P4_AAH
GGGATGACACTATCACAACGGGAA.1|P4_AAH	P4_AAH
GGGATGGAGCGATAACAACGGGAA.1|P4_AAH	P4_AAH
GGGATTTAGCAACATAAACGGGAA.1|P4_AAH	P4_AAH
GGGTGAGAGCCCTTGGAACGGGAA.1|P4_AAH	P4_AAH
GGGTGAGAGCGGGACTAACGGGAA.1|P4_AAH	P4_AAH
GGGTTGGGTGTGACCCAACGGGAA.1|P4_AAH	P4_AAH
GGGTTTCTCACCCTGGAACGGGAA.1|P4_AAH	P4_AAH
GGTCATTGTTAGCTCGAACGGGAA.1|P4_AAH	P4_AAH
GGTGAACGTGACCTATAACGGGAA.1|P4_AAH	P4_AAH
GGTGAAGCAGGATTATAACGGGAA.1|P4_AAH	P4_AAH
GGTGCACAGGAACCTGAACGGGAA.1|P4_AAH	P4_AAH
GGTGTGCAGTTAGTTCAACGGGAA.1|P4_AAH	P4_AAH
GGTTAATCAACCCTATAACGGGAA.1|P4_AAH	P4_AAH
GGTTACCTCCATAGGGAACGGGAA.1|P4_AAH	P4_AAH
GGTTTAAAGCACGCAAAACGGGAA.1|P4_AAH	P4_AAH
GGTTTACGTACGTTACAACGGGAA.1|P4_AAH	P4_AAH
GGTTTCCAGTCATCATAACGGGAA.1|P4_AAH	P4_AAH
GGTTTCTCAAAGGGATAACGGGAA.1|P4_AAH	P4_AAH
GTAAACCAGGCCATTCAACGGGAA.1|P4_AAH	P4_AAH
GTAAAGCTCGAAACTAAACGGGAA.1|P4_AAH	P4_AAH
GTAACCACAGTTATGGAACGGGAA.1|P4_AAH	P4_AAH
GTAACCACATGGTCAAAACGGGAA.1|P4_AAH	P4_AAH
GTAACTAAGACAACTAAACGGGAA.1|P4_AAH	P4_AAH
GTAACTAAGGTCTTGCAACGGGAA.1|P4_AAH	P4_AAH
GTAACTAAGTCAACAAAACGGGAA.1|P4_AAH	P4_AAH
GTAAGAACAACTAGTGAACGGGAA.1|P4_AAH	P4_AAH
GTAAGAACAAGCTCAAAACGGGAA.1|P4_AAH	P4_AAH
GTAAGGTTCACAGGATAACGGGAA.1|P4_AAH	P4_AAH
GTAATCCGTATTTGTGAACGGGAA.1|P4_AAH	P4_AAH
GTAGCCCGTAAAGCATAACGGGAA.1|P4_AAH	P4_AAH
GTAGCCCGTCGCAATTAACGGGAA.1|P4_AAH	P4_AAH
GTAGGCGGTATAGTGGAACGGGAA.1|P4_AAH	P4_AAH
GTATGTAAGGATGAAGAACGGGAA.1|P4_AAH	P4_AAH
GTATGTAAGTCGCGAAAACGGGAA.1|P4_AAH	P4_AAH
GTATTCGTCGCTTCAAAACGGGAA.1|P4_AAH	P4_AAH
GTCAGTGAGTTGACGGAACGGGAA.1|P4_AAH	P4_AAH
GTCATTGTCATCGATTAACGGGAA.1|P4_AAH	P4_AAH
GTCATTGTCTGGCTACAACGGGAA.1|P4_AAH	P4_AAH
GTCCAAACAGCGATCGAACGGGAA.1|P4_AAH	P4_AAH
GTCCCTCTCCAGATAAAACGGGAA.1|P4_AAH	P4_AAH
GTCCCTCTCGTCCATAAACGGGAA.1|P4_AAH	P4_AAH
GTCCCTCTCTCACTAGAACGGGAA.1|P4_AAH	P4_AAH
GTCCGTAGTAGGAGGAAACGGGAA.1|P4_AAH	P4_AAH
GTCCGTAGTCGAAGCGAACGGGAA.1|P4_AAH	P4_AAH
GTCCGTAGTCGTAATCAACGGGAA.1|P4_AAH	P4_AAH
GTCCTGAGTTTATGGCAACGGGAA.1|P4_AAH	P4_AAH
GTCGTTATCAGCCTTAAACGGGAA.1|P4_AAH	P4_AAH
GTCTTGCAGTAATGGCAACGGGAA.1|P4_AAH	P4_AAH
GTGAGTTAGATTATCCAACGGGAA.1|P4_AAH	P4_AAH
GTGCAAGTCATTGCATAACGGGAA.1|P4_AAH	P4_AAH
GTGCGGTAGCTACGTCAACGGGAA.1|P4_AAH	P4_AAH
GTGCTTATCACCAGGAAACGGGAA.1|P4_AAH	P4_AAH
GTGGACATCCGTCCAGAACGGGAA.1|P4_AAH	P4_AAH
GTGGACCAGCACCTTAAACGGGAA.1|P4_AAH	P4_AAH
GTGGCGAGTGTTTCGGAACGGGAA.1|P4_AAH	P4_AAH
GTGGCGTAGAAACTCAAACGGGAA.1|P4_AAH	P4_AAH
GTGGCGTAGAAGTACCAACGGGAA.1|P4_AAH	P4_AAH
GTGGCGTAGGAGTCATAACGGGAA.1|P4_AAH	P4_AAH
GTGGCTAAGCAAATTGAACGGGAA.1|P4_AAH	P4_AAH
GTGGCTAAGGCTGTGAAACGGGAA.1|P4_AAH	P4_AAH
GTGGTTCTCTAAGTAGAACGGGAA.1|P4_AAH	P4_AAH
GTGTGAGTCATGACAAAACGGGAA.1|P4_AAH	P4_AAH
GTTAACCGTACGGGCAAACGGGAA.1|P4_AAH	P4_AAH
GTTAACTTCCCGTTGGAACGGGAA.1|P4_AAH	P4_AAH
GTTATTGGTCAACAAGAACGGGAA.1|P4_AAH	P4_AAH
GTTATTGGTGCGCAAGAACGGGAA.1|P4_AAH	P4_AAH
GTTCACCAGACAACTAAACGGGAA.1|P4_AAH	P4_AAH
GTTCACCAGGCGATATAACGGGAA.1|P4_AAH	P4_AAH
GTTCATCCAGTAATACAACGGGAA.1|P4_AAH	P4_AAH
GTTCATTAGACTTAAGAACGGGAA.1|P4_AAH	P4_AAH
GTTCATTAGGAACCATAACGGGAA.1|P4_AAH	P4_AAH
GTTCCATCAATTAGGTAACGGGAA.1|P4_AAH	P4_AAH
GTTGAGCCAATCTCTAAACGGGAA.1|P4_AAH	P4_AAH
GTTGAGCCATGCTCCAAACGGGAA.1|P4_AAH	P4_AAH
GTTGAGGTCCGTGACTAACGGGAA.1|P4_AAH	P4_AAH
GTTGTAAAGTCCTGCGAACGGGAA.1|P4_AAH	P4_AAH
GTTGTAAAGTTTGACTAACGGGAA.1|P4_AAH	P4_AAH
GTTGTGACATGTTTCAAACGGGAA.1|P4_AAH	P4_AAH
GTTGTTCCATTCCTTTAACGGGAA.1|P4_AAH	P4_AAH
GTTGTTGTCAAGGGCCAACGGGAA.1|P4_AAH	P4_AAH
GTTTAGCGTTCGGTCAAACGGGAA.1|P4_AAH	P4_AAH
GTTTAGTTCTCAGCTAAACGGGAA.1|P4_AAH	P4_AAH
GTTTCACCAACAGGGAAACGGGAA.1|P4_AAH	P4_AAH
GTTTCACCAATGTGGCAACGGGAA.1|P4_AAH	P4_AAH
GTTTGAGCAAACCTGAAACGGGAA.1|P4_AAH	P4_AAH
GTTTGAGCATTACACCAACGGGAA.1|P4_AAH	P4_AAH
GTTTGGTGTATGGTAGAACGGGAA.1|P4_AAH	P4_AAH
TAAACTGAGTCATCATAACGGGAA.1|P4_AAH	P4_AAH
TAAAGGGAGCCATTTGAACGGGAA.1|P4_AAH	P4_AAH
TAAATCGAGCAGCTAGAACGGGAA.1|P4_AAH	P4_AAH
TAAATCGAGGTCTTTGAACGGGAA.1|P4_AAH	P4_AAH
TAACCAAAGGGCCTTTAACGGGAA.1|P4_AAH	P4_AAH
TAACCACGTAACGTTCAACGGGAA.1|P4_AAH	P4_AAH
TAACCCTCATCCGGAGAACGGGAA.1|P4_AAH	P4_AAH
TAACCGCTCAATTGGAAACGGGAA.1|P4_AAH	P4_AAH
TAACCGCTCACCAGCTAACGGGAA.1|P4_AAH	P4_AAH
TAACCGCTCTTCAAGTAACGGGAA.1|P4_AAH	P4_AAH
TAACGAATCCGGACAAAACGGGAA.1|P4_AAH	P4_AAH
TAACTGTTCCTAAAGAAACGGGAA.1|P4_AAH	P4_AAH
TAAGAAGCAGGATTGCAACGGGAA.1|P4_AAH	P4_AAH
TAAGCTAAGTAACGGTAACGGGAA.1|P4_AAH	P4_AAH
TAAGCTTTCTTGAATCAACGGGAA.1|P4_AAH	P4_AAH
TAAGGCTAGAAGGTTCAACGGGAA.1|P4_AAH	P4_AAH
TAAGTACCAAATGACTAACGGGAA.1|P4_AAH	P4_AAH
TAAGTACCACTAGCGGAACGGGAA.1|P4_AAH	P4_AAH
TACAACAAGGTTCGAGAACGGGAA.1|P4_AAH	P4_AAH
TACAATGAGGACACGCAACGGGAA.1|P4_AAH	P4_AAH
TACAGGTAGATAGCCGAACGGGAA.1|P4_AAH	P4_AAH
TACATACTCGACCCATAACGGGAA.1|P4_AAH	P4_AAH
TACCATCCATTTGGGAAACGGGAA.1|P4_AAH	P4_AAH
TACCGCCCAAGGTTATAACGGGAA.1|P4_AAH	P4_AAH
TACCGCCCAGGATTATAACGGGAA.1|P4_AAH	P4_AAH
TACGGGCAGCCTGCCAAACGGGAA.1|P4_AAH	P4_AAH
TACGGGCAGGGCACTAAACGGGAA.1|P4_AAH	P4_AAH
TACGGGCAGTAACGGTAACGGGAA.1|P4_AAH	P4_AAH
TACGGGTCACTAACAGAACGGGAA.1|P4_AAH	P4_AAH
TACTAGTTCAACCGGAAACGGGAA.1|P4_AAH	P4_AAH
TAGAGGTTCTGGAACGAACGGGAA.1|P4_AAH	P4_AAH
TAGCCCGTCCTCAATGAACGGGAA.1|P4_AAH	P4_AAH
TAGCCTGGTCACGATTAACGGGAA.1|P4_AAH	P4_AAH
TAGCTACGTACTTACAAACGGGAA.1|P4_AAH	P4_AAH
TAGGAGGCACCGGTAGAACGGGAA.1|P4_AAH	P4_AAH
TAGGAGGCATCACGAAAACGGGAA.1|P4_AAH	P4_AAH
TAGGCTTGTTGTTTAGAACGGGAA.1|P4_AAH	P4_AAH
TAGTGCTGTTAGCGCCAACGGGAA.1|P4_AAH	P4_AAH
TAGTGGCCAGGCGAAAAACGGGAA.1|P4_AAH	P4_AAH
TAGTGTGCATCAAGTGAACGGGAA.1|P4_AAH	P4_AAH
TAGTTGTTCCATTAACAACGGGAA.1|P4_AAH	P4_AAH
TAGTTTCAGTGTGCAGAACGGGAA.1|P4_AAH	P4_AAH
TATATCCAGTTTGCTGAACGGGAA.1|P4_AAH	P4_AAH
TATCGAGCAACATGATAACGGGAA.1|P4_AAH	P4_AAH
TATCGATTCGCTCAACAACGGGAA.1|P4_AAH	P4_AAH
TATCGCTCAATAAGGAAACGGGAA.1|P4_AAH	P4_AAH
TATCTTGCAGCGGATTAACGGGAA.1|P4_AAH	P4_AAH
TATGGTGCACGTAGGTAACGGGAA.1|P4_AAH	P4_AAH
TATGGTGCATAGCCTTAACGGGAA.1|P4_AAH	P4_AAH
TATGTTGGTGAACCAAAACGGGAA.1|P4_AAH	P4_AAH
TATGTTGGTGCGGCAAAACGGGAA.1|P4_AAH	P4_AAH
TATTAGGAGGCACAATAACGGGAA.1|P4_AAH	P4_AAH
TATTAGGAGGCCAACAAACGGGAA.1|P4_AAH	P4_AAH
TATTGGCGTCCTCACTAACGGGAA.1|P4_AAH	P4_AAH
TATTGGCGTGGTTACTAACGGGAA.1|P4_AAH	P4_AAH
TCAACCGGTGGCCCATAACGGGAA.1|P4_AAH	P4_AAH
TCAACCTCATCACTCGAACGGGAA.1|P4_AAH	P4_AAH
TCAAGCGAGTAAACCAAACGGGAA.1|P4_AAH	P4_AAH
TCAAGGTAGGGTCTAGAACGGGAA.1|P4_AAH	P4_AAH
TCAAGTTTCACTAATCAACGGGAA.1|P4_AAH	P4_AAH
TCAATCTAGCACCTTAAACGGGAA.1|P4_AAH	P4_AAH
TCAATCTAGGCGGATCAACGGGAA.1|P4_AAH	P4_AAH
TCACAAGCAAAGCCTAAACGGGAA.1|P4_AAH	P4_AAH
TCACAAGCAACGTTAGAACGGGAA.1|P4_AAH	P4_AAH
TCACCATCAGCTAGACAACGGGAA.1|P4_AAH	P4_AAH
TCACCATCATGGCCGAAACGGGAA.1|P4_AAH	P4_AAH
TCACCCTGTGCCCGATAACGGGAA.1|P4_AAH	P4_AAH
TCACCTAAGTGATTTCAACGGGAA.1|P4_AAH	P4_AAH
TCACTGTCACATGCTTAACGGGAA.1|P4_AAH	P4_AAH
TCAGCCAGTCCGTGACAACGGGAA.1|P4_AAH	P4_AAH
TCAGGGATCACAAATGAACGGGAA.1|P4_AAH	P4_AAH
TCAGGGATCTTCAAGTAACGGGAA.1|P4_AAH	P4_AAH
TCATGAAAGCAGCCAAAACGGGAA.1|P4_AAH	P4_AAH
TCATGAGCAGCCTGAGAACGGGAA.1|P4_AAH	P4_AAH
TCATGGTGTAATGGTGAACGGGAA.1|P4_AAH	P4_AAH
TCATTACAGGCAGGCTAACGGGAA.1|P4_AAH	P4_AAH
TCATTTGCATAATGACAACGGGAA.1|P4_AAH	P4_AAH
TCATTTGCATTGCATCAACGGGAA.1|P4_AAH	P4_AAH
TCCAGCTAGATGCCTCAACGGGAA.1|P4_AAH	P4_AAH
TCCAGGAAGACTGAGTAACGGGAA.1|P4_AAH	P4_AAH
TCCATTACATTTGGAGAACGGGAA.1|P4_AAH	P4_AAH
TCCATTTGTGTTTGCGAACGGGAA.1|P4_AAH	P4_AAH
TCCCATAAGACCAGGCAACGGGAA.1|P4_AAH	P4_AAH
TCCCTCATCGAAACTAAACGGGAA.1|P4_AAH	P4_AAH
TCCCTTTAGATGAACCAACGGGAA.1|P4_AAH	P4_AAH
TCCGGAGCAACCTCGCAACGGGAA.1|P4_AAH	P4_AAH
TCCGGAGCACATAAACAACGGGAA.1|P4_AAH	P4_AAH
TCCGGAGCACTAGTCTAACGGGAA.1|P4_AAH	P4_AAH
TCCTAAGTCAATGTGAAACGGGAA.1|P4_AAH	P4_AAH
TCCTGGTAGAGGATGAAACGGGAA.1|P4_AAH	P4_AAH
TCCTGGTAGTGAATCAAACGGGAA.1|P4_AAH	P4_AAH
TCCTTCTAGGCTTTATAACGGGAA.1|P4_AAH	P4_AAH
TCCTTTCAGCAGCTAGAACGGGAA.1|P4_AAH	P4_AAH
TCGAACCTCGGTTCACAACGGGAA.1|P4_AAH	P4_AAH
TCGACTCAGCTTACTGAACGGGAA.1|P4_AAH	P4_AAH
TCGACTCAGTGATGGTAACGGGAA.1|P4_AAH	P4_AAH
TCGATAAAGTCAGGCAAACGGGAA.1|P4_AAH	P4_AAH
TCGATAAAGTTATTGCAACGGGAA.1|P4_AAH	P4_AAH
TCGATATTCAAGGGTTAACGGGAA.1|P4_AAH	P4_AAH
TCGCGCTCACCGGCAAAACGGGAA.1|P4_AAH	P4_AAH
TCGCTTGCAATTGAACAACGGGAA.1|P4_AAH	P4_AAH
TCGGCCATCGAGGTTGAACGGGAA.1|P4_AAH	P4_AAH
TCGGTTATCAAGTTAGAACGGGAA.1|P4_AAH	P4_AAH
TCGTCCCTCGCTTCGGAACGGGAA.1|P4_AAH	P4_AAH
TCGTTATAGGAGGCCTAACGGGAA.1|P4_AAH	P4_AAH
TCTAACAGTGCTGAAAAACGGGAA.1|P4_AAH	P4_AAH
TCTAACAGTTGAGGACAACGGGAA.1|P4_AAH	P4_AAH
TCTAACCCAACCTCGCAACGGGAA.1|P4_AAH	P4_AAH
TCTAAGGCAATCGTTCAACGGGAA.1|P4_AAH	P4_AAH
TCTAAGGCATCATGTCAACGGGAA.1|P4_AAH	P4_AAH
TCTAAGTTCCACTAATAACGGGAA.1|P4_AAH	P4_AAH
TCTAAGTTCTGGAAACAACGGGAA.1|P4_AAH	P4_AAH
TCTACCTTCACCAGGAAACGGGAA.1|P4_AAH	P4_AAH
TCTACCTTCCATAGAAAACGGGAA.1|P4_AAH	P4_AAH
TCTAGTTAGTTGCAGGAACGGGAA.1|P4_AAH	P4_AAH
TCTATTGCAATATGGTAACGGGAA.1|P4_AAH	P4_AAH
TCTCAATAGAAGTACCAACGGGAA.1|P4_AAH	P4_AAH
TCTCTATGTAGCGCGAAACGGGAA.1|P4_AAH	P4_AAH
TCTGGCCCAACCTCGCAACGGGAA.1|P4_AAH	P4_AAH
TCTGGCCCACAACATGAACGGGAA.1|P4_AAH	P4_AAH
TCTGTAAGTATTCGACAACGGGAA.1|P4_AAH	P4_AAH
TCTGTAAGTCCAATACAACGGGAA.1|P4_AAH	P4_AAH
TCTTAAGGTATTCGTAAACGGGAA.1|P4_AAH	P4_AAH
TCTTAGGTCAAGGGCCAACGGGAA.1|P4_AAH	P4_AAH
TCTTCATGTGCTGATTAACGGGAA.1|P4_AAH	P4_AAH
TCTTGACCAACGTTAGAACGGGAA.1|P4_AAH	P4_AAH
TCTTGCTTCTAACTACAACGGGAA.1|P4_AAH	P4_AAH
TCTTTGGAGCTAGCCTAACGGGAA.1|P4_AAH	P4_AAH
TCTTTGTGTGGACACGAACGGGAA.1|P4_AAH	P4_AAH
TGAACAGGTCATGATCAACGGGAA.1|P4_AAH	P4_AAH
TGAACCACAACCCTATAACGGGAA.1|P4_AAH	P4_AAH
TGAAGGAAGGTATGGTAACGGGAA.1|P4_AAH	P4_AAH
TGAAGGAAGGTTTCCAAACGGGAA.1|P4_AAH	P4_AAH
TGAATCGCAGCACGTGAACGGGAA.1|P4_AAH	P4_AAH
TGAATCTTCGAAGGCCAACGGGAA.1|P4_AAH	P4_AAH
TGACAACAGGTAATGCAACGGGAA.1|P4_AAH	P4_AAH
TGACAACAGTAACTTCAACGGGAA.1|P4_AAH	P4_AAH
TGACCTTCAGCTCATTAACGGGAA.1|P4_AAH	P4_AAH
TGACGGATCGTTAACTAACGGGAA.1|P4_AAH	P4_AAH
TGAGACTAGTCAATGAAACGGGAA.1|P4_AAH	P4_AAH
TGAGGTCCACGTAATGAACGGGAA.1|P4_AAH	P4_AAH
TGAGTCTGTGAACGTAAACGGGAA.1|P4_AAH	P4_AAH
TGAGTCTGTGCGCAAGAACGGGAA.1|P4_AAH	P4_AAH
TGATCTTAGTTGGCCTAACGGGAA.1|P4_AAH	P4_AAH
TGATTACTCTGTGACCAACGGGAA.1|P4_AAH	P4_AAH
TGCAAATCAATCGTGAAACGGGAA.1|P4_AAH	P4_AAH
TGCAAGCCAGGGCTATAACGGGAA.1|P4_AAH	P4_AAH
TGCAGGATCGAGGTTGAACGGGAA.1|P4_AAH	P4_AAH
TGCATCCAGCATCTATAACGGGAA.1|P4_AAH	P4_AAH
TGCATTAGTAGTAGCAAACGGGAA.1|P4_AAH	P4_AAH
TGCCCATAGATGAAGGAACGGGAA.1|P4_AAH	P4_AAH
TGCCCTGAGCTTCTAGAACGGGAA.1|P4_AAH	P4_AAH
TGCCGGTGTTAGGCTTAACGGGAA.1|P4_AAH	P4_AAH
TGCCTCCTCGGGCAACAACGGGAA.1|P4_AAH	P4_AAH
TGCCTTAAGTCCTCAAAACGGGAA.1|P4_AAH	P4_AAH
TGCCTTAAGTTGACCCAACGGGAA.1|P4_AAH	P4_AAH
TGCGATACAACTTCGTAACGGGAA.1|P4_AAH	P4_AAH
TGCGCCATCAGGCTGAAACGGGAA.1|P4_AAH	P4_AAH
TGCGGCTGTTAGTGCTAACGGGAA.1|P4_AAH	P4_AAH
TGCTAACGTAAAGCGCAACGGGAA.1|P4_AAH	P4_AAH
TGCTAACGTCTGTCAGAACGGGAA.1|P4_AAH	P4_AAH
TGCTCCACAGCCCTTAAACGGGAA.1|P4_AAH	P4_AAH
TGCTGGTTCCAATAGAAACGGGAA.1|P4_AAH	P4_AAH
TGCTTAAGTGGTTCGCAACGGGAA.1|P4_AAH	P4_AAH
TGCTTGATCAGGTCGAAACGGGAA.1|P4_AAH	P4_AAH
TGCTTGATCGAAATGCAACGGGAA.1|P4_AAH	P4_AAH
TGCTTGATCGCCTAGTAACGGGAA.1|P4_AAH	P4_AAH
TGGAAACTCGTAAAGCAACGGGAA.1|P4_AAH	P4_AAH
TGGAAACTCTTAAGGAAACGGGAA.1|P4_AAH	P4_AAH
TGGAAACTCTTTGGTGAACGGGAA.1|P4_AAH	P4_AAH
TGGACAAGTTTATGGCAACGGGAA.1|P4_AAH	P4_AAH
TGGACAAGTTTGAGCTAACGGGAA.1|P4_AAH	P4_AAH
TGGATTAAGTCACTATAACGGGAA.1|P4_AAH	P4_AAH
TGGATTCGTGAAGCACAACGGGAA.1|P4_AAH	P4_AAH
TGGCAATAGCAAGTTAAACGGGAA.1|P4_AAH	P4_AAH
TGGCGTGCATGCCTCAAACGGGAA.1|P4_AAH	P4_AAH
TGGGCCACAAATAAGGAACGGGAA.1|P4_AAH	P4_AAH
TGGGCCACACCGGTAGAACGGGAA.1|P4_AAH	P4_AAH
TGGGCGTAGCTTGATTAACGGGAA.1|P4_AAH	P4_AAH
TGGGTTTGTTAACGAGAACGGGAA.1|P4_AAH	P4_AAH
TGGGTTTGTTAGACTCAACGGGAA.1|P4_AAH	P4_AAH
TGGTAAGGTAGGTGACAACGGGAA.1|P4_AAH	P4_AAH
TGGTAATCAAACGGTCAACGGGAA.1|P4_AAH	P4_AAH
TGGTAATCAACAGCACAACGGGAA.1|P4_AAH	P4_AAH
TGGTAGTAGCTGATTTAACGGGAA.1|P4_AAH	P4_AAH
TGGTAGTAGTCTACCAAACGGGAA.1|P4_AAH	P4_AAH
TGGTAGTAGTTAGGGTAACGGGAA.1|P4_AAH	P4_AAH
TGGTGAAGTGTGTTACAACGGGAA.1|P4_AAH	P4_AAH
TGGTGAGTCAAGCGATAACGGGAA.1|P4_AAH	P4_AAH
TGGTGCGCACCATCCAAACGGGAA.1|P4_AAH	P4_AAH
TGGTGCTTCTTGAAGAAACGGGAA.1|P4_AAH	P4_AAH
TGGTGTGAGTCACTATAACGGGAA.1|P4_AAH	P4_AAH
TGGTTACGTAGCTTGTAACGGGAA.1|P4_AAH	P4_AAH
TGGTTAGCATAGCCGGAACGGGAA.1|P4_AAH	P4_AAH
TGGTTCATCCAATAGAAACGGGAA.1|P4_AAH	P4_AAH
TGGTTTGTCCAAAGGTAACGGGAA.1|P4_AAH	P4_AAH
TGGTTTGTCTTGAAAGAACGGGAA.1|P4_AAH	P4_AAH
TGTAACCGTGACATGAAACGGGAA.1|P4_AAH	P4_AAH
TGTAAGTCATTCCTGGAACGGGAA.1|P4_AAH	P4_AAH
TGTACCTCAGGAGCAAAACGGGAA.1|P4_AAH	P4_AAH
TGTATTGGTATGGTCTAACGGGAA.1|P4_AAH	P4_AAH
TGTATTGGTTGTTGGTAACGGGAA.1|P4_AAH	P4_AAH
TGTCAGGAGGTGAGAAAACGGGAA.1|P4_AAH	P4_AAH
TGTCGAGAGAGGAAATAACGGGAA.1|P4_AAH	P4_AAH
TGTTAGCGTGTGAGTAAACGGGAA.1|P4_AAH	P4_AAH
TGTTCACCAACCTCGCAACGGGAA.1|P4_AAH	P4_AAH
TGTTCCTTCCGCACCAAACGGGAA.1|P4_AAH	P4_AAH
TGTTCTTGTATTCGTAAACGGGAA.1|P4_AAH	P4_AAH
TGTTGAGCATTCAGGAAACGGGAA.1|P4_AAH	P4_AAH
TGTTTCGAGCAGGTCAAACGGGAA.1|P4_AAH	P4_AAH
TGTTTCGAGCCTGCCAAACGGGAA.1|P4_AAH	P4_AAH
TTAACGTTCAAACCGGAACGGGAA.1|P4_AAH	P4_AAH
TTACTTGCATCAATCCAACGGGAA.1|P4_AAH	P4_AAH
TTAGCCGGTGGTTCGCAACGGGAA.1|P4_AAH	P4_AAH
TTAGCCGGTTGTTGTAAACGGGAA.1|P4_AAH	P4_AAH
TTAGGTGCAAGTGGCTAACGGGAA.1|P4_AAH	P4_AAH
TTAGTCAGTTGGATAGAACGGGAA.1|P4_AAH	P4_AAH
TTATAGCTCATTAGTCAACGGGAA.1|P4_AAH	P4_AAH
TTATCCTGTCGTTGCAAACGGGAA.1|P4_AAH	P4_AAH
TTCAAGCGTTCTTGAAAACGGGAA.1|P4_AAH	P4_AAH
TTCATGCCAAGGCCTGAACGGGAA.1|P4_AAH	P4_AAH
TTCATGCCACTAACAGAACGGGAA.1|P4_AAH	P4_AAH
TTCATGCCACTCAGTTAACGGGAA.1|P4_AAH	P4_AAH
TTCCAACCATGCTCCAAACGGGAA.1|P4_AAH	P4_AAH
TTCCATTGTGGGAACTAACGGGAA.1|P4_AAH	P4_AAH
TTCCGCACAATTGCGAAACGGGAA.1|P4_AAH	P4_AAH
TTCCTCAGTACGTAAGAACGGGAA.1|P4_AAH	P4_AAH
TTCCTCAGTGTTTCGGAACGGGAA.1|P4_AAH	P4_AAH
TTCCTCGTCAGGCATGAACGGGAA.1|P4_AAH	P4_AAH
TTCCTCGTCGAGGTTGAACGGGAA.1|P4_AAH	P4_AAH
TTCCTTTCACTCAAAGAACGGGAA.1|P4_AAH	P4_AAH
TTCCTTTCATTACTCAAACGGGAA.1|P4_AAH	P4_AAH
TTCGAGGAGCAAACCGAACGGGAA.1|P4_AAH	P4_AAH
TTCGATTAGCACGTTCAACGGGAA.1|P4_AAH	P4_AAH
TTCGGTCAGGGAGGATAACGGGAA.1|P4_AAH	P4_AAH
TTCTGGCAGGCGGATCAACGGGAA.1|P4_AAH	P4_AAH
TTCTGTGAGTATCGCCAACGGGAA.1|P4_AAH	P4_AAH
TTGAAAGTCCTCACGGAACGGGAA.1|P4_AAH	P4_AAH
TTGAACAAGCAAACCGAACGGGAA.1|P4_AAH	P4_AAH
TTGAGCGAGGGTTGGCAACGGGAA.1|P4_AAH	P4_AAH
TTGAGGAGTTCCTTCAAACGGGAA.1|P4_AAH	P4_AAH
TTGAGGTAGCGAGTTGAACGGGAA.1|P4_AAH	P4_AAH
TTGAGTAAGCCATCGTAACGGGAA.1|P4_AAH	P4_AAH
TTGCGCTAGTTTACCGAACGGGAA.1|P4_AAH	P4_AAH
TTGCTCAAGTTACCTGAACGGGAA.1|P4_AAH	P4_AAH
TTGTACGTCGTAACTTAACGGGAA.1|P4_AAH	P4_AAH
TTGTGAGCATAGACCAAACGGGAA.1|P4_AAH	P4_AAH
TTTACTGCAGGAATAAAACGGGAA.1|P4_AAH	P4_AAH
TTTACTGCATGCAATGAACGGGAA.1|P4_AAH	P4_AAH
TTTAGTCAGTTATTGCAACGGGAA.1|P4_AAH	P4_AAH
TTTCAAGGTGTTAGCTAACGGGAA.1|P4_AAH	P4_AAH
TTTCAGTAGCATCTTGAACGGGAA.1|P4_AAH	P4_AAH
TTTGAGAAGTCAAACAAACGGGAA.1|P4_AAH	P4_AAH
TTTGCGGGTCCAGCACAACGGGAA.1|P4_AAH	P4_AAH
TTTGCGGGTTAGGCTTAACGGGAA.1|P4_AAH	P4_AAH
TTTGCTCTCGCCTATAAACGGGAA.1|P4_AAH	P4_AAH
TTTGCTGAGTTGGATAAACGGGAA.1|P4_AAH	P4_AAH
AAACAAGCAACGACTAAGTAGGCT.1|P4_AAH1	P4_AAH1
AAACAAGCACATTCGTATGTTGAC.1|P4_AAH1	P4_AAH1
AAACAAGCATACTTGCAGTAGGCT.1|P4_AAH1	P4_AAH1
AAACCAATCGTAAAGCATGTTGAC.1|P4_AAH1	P4_AAH1
AAACCAATCTAGCGGAAGTAGGCT.1|P4_AAH1	P4_AAH1
AAACCAATCTTACTCCAGTAGGCT.1|P4_AAH1	P4_AAH1
AAACCAGGTCTTACTTAGTAGGCT.1|P4_AAH1	P4_AAH1
AAACCGGTCAGTAAGCATGTTGAC.1|P4_AAH1	P4_AAH1
AAACCGGTCGATATGAATGTTGAC.1|P4_AAH1	P4_AAH1
AAACGGGCACAATACGAGTAGGCT.1|P4_AAH1	P4_AAH1
AAACGTTCAAACTGGCAGTAGGCT.1|P4_AAH1	P4_AAH1
AAACGTTCAAGTCGCGATGTTGAC.1|P4_AAH1	P4_AAH1
AAACTGGGTATTCGTAATGTTGAC.1|P4_AAH1	P4_AAH1
AAAGATGCACGGTCGAAGTAGGCT.1|P4_AAH1	P4_AAH1
AAAGATGCATCGGGCAAGTAGGCT.1|P4_AAH1	P4_AAH1
AAAGCATGTAAAGCGCAGTAGGCT.1|P4_AAH1	P4_AAH1
AAAGCCTAGGCTGGTAATGTTGAC.1|P4_AAH1	P4_AAH1
AAAGCGAAGCGATGGCATGTTGAC.1|P4_AAH1	P4_AAH1
AAAGCGAAGTTGACCCATGTTGAC.1|P4_AAH1	P4_AAH1
AAAGGCTTCCTCCCACATGTTGAC.1|P4_AAH1	P4_AAH1
AAAGGTACAGCGGATTAGTAGGCT.1|P4_AAH1	P4_AAH1
AAAGGTACATAACCGAATGTTGAC.1|P4_AAH1	P4_AAH1
AAAGGTACATGGTCAAATGTTGAC.1|P4_AAH1	P4_AAH1
AAAGTAGCAATATGGTAGTAGGCT.1|P4_AAH1	P4_AAH1
AAAGTAGCAATTAGCGAGTAGGCT.1|P4_AAH1	P4_AAH1
AAAGTAGCACCACAAAAGTAGGCT.1|P4_AAH1	P4_AAH1
AAAGTAGCATCCAAGAAGTAGGCT.1|P4_AAH1	P4_AAH1
AAAGTCATCCGCCATGATGTTGAC.1|P4_AAH1	P4_AAH1
AAAGTGCTCCAACTTGAGTAGGCT.1|P4_AAH1	P4_AAH1
AAAGTGCTCCTAAGTTAGTAGGCT.1|P4_AAH1	P4_AAH1
AAAGTGCTCCTAAGTTATGTTGAC.1|P4_AAH1	P4_AAH1
AAAGTGCTCGTTCAATATGTTGAC.1|P4_AAH1	P4_AAH1
AAATCCTTCAACCAAAATGTTGAC.1|P4_AAH1	P4_AAH1
AAATCCTTCGCGTTACATGTTGAC.1|P4_AAH1	P4_AAH1
AAATCGATCCATCCTTAGTAGGCT.1|P4_AAH1	P4_AAH1
AAATCGATCTGTGATTATGTTGAC.1|P4_AAH1	P4_AAH1
AACACTAAGCGAATACATGTTGAC.1|P4_AAH1	P4_AAH1
AACACTAAGGCCTTCGATGTTGAC.1|P4_AAH1	P4_AAH1
AACATAGTCTTTGGATAGTAGGCT.1|P4_AAH1	P4_AAH1
AACATTGAGCGCGAACAGTAGGCT.1|P4_AAH1	P4_AAH1
AACCAACAGACAAGCTAGTAGGCT.1|P4_AAH1	P4_AAH1
AACCAACAGTCGTTCAAGTAGGCT.1|P4_AAH1	P4_AAH1
AACCAGGTCAACATTCAGTAGGCT.1|P4_AAH1	P4_AAH1
AACCCGGCATTAGTGGAGTAGGCT.1|P4_AAH1	P4_AAH1
AACCCGGCATTAGTGGATGTTGAC.1|P4_AAH1	P4_AAH1
AACCTAAAGATGAACCATGTTGAC.1|P4_AAH1	P4_AAH1
AACCTAAAGCTTGAGGATGTTGAC.1|P4_AAH1	P4_AAH1
AACCTCATCCTAAAGAATGTTGAC.1|P4_AAH1	P4_AAH1
AACCTGCTCACAGGGCATGTTGAC.1|P4_AAH1	P4_AAH1
AACCTTTAGGGTGGGAATGTTGAC.1|P4_AAH1	P4_AAH1
AACCTTTAGTAAGTGCAGTAGGCT.1|P4_AAH1	P4_AAH1
AACGGCTCAAGCGATCATGTTGAC.1|P4_AAH1	P4_AAH1
AACGTTAAGGTAAGTCAGTAGGCT.1|P4_AAH1	P4_AAH1
AACGTTCGTACTGCCAATGTTGAC.1|P4_AAH1	P4_AAH1
AACTCGCTCACGGACAAGTAGGCT.1|P4_AAH1	P4_AAH1
AACTCGCTCCGGCTCAATGTTGAC.1|P4_AAH1	P4_AAH1
AACTCGCTCTCACCTTATGTTGAC.1|P4_AAH1	P4_AAH1
AACTCGCTCTGTGCACAGTAGGCT.1|P4_AAH1	P4_AAH1
AACTCGCTCTTCGCCCATGTTGAC.1|P4_AAH1	P4_AAH1
AACTGAATCACGTTATAGTAGGCT.1|P4_AAH1	P4_AAH1
AACTGAATCATCCCAAAGTAGGCT.1|P4_AAH1	P4_AAH1
AACTGAATCCTTTGTCAGTAGGCT.1|P4_AAH1	P4_AAH1
AACTGAATCGAGGCACAGTAGGCT.1|P4_AAH1	P4_AAH1
AACTGGCCACGGATACAGTAGGCT.1|P4_AAH1	P4_AAH1
AACTGGGTCCCAGTACATGTTGAC.1|P4_AAH1	P4_AAH1
AACTTACTCATGAGGTATGTTGAC.1|P4_AAH1	P4_AAH1
AACTTACTCTATGCATAGTAGGCT.1|P4_AAH1	P4_AAH1
AACTTCGTCACATTCGATGTTGAC.1|P4_AAH1	P4_AAH1
AAGACAACATAAGCTGATGTTGAC.1|P4_AAH1	P4_AAH1
AAGACTCAGTCACACCAGTAGGCT.1|P4_AAH1	P4_AAH1
AAGCCTGAGGTCAAACAGTAGGCT.1|P4_AAH1	P4_AAH1
AAGCCTGAGTGAGTTAATGTTGAC.1|P4_AAH1	P4_AAH1
AAGCCTTGTACGGTTTAGTAGGCT.1|P4_AAH1	P4_AAH1
AAGCCTTGTGCAGCTCAGTAGGCT.1|P4_AAH1	P4_AAH1
AAGCCTTGTTTAGTTGATGTTGAC.1|P4_AAH1	P4_AAH1
AAGCCTTGTTTGTCCCATGTTGAC.1|P4_AAH1	P4_AAH1
AAGCGATTCATAGGTAATGTTGAC.1|P4_AAH1	P4_AAH1
AAGCGCTCAGGATTGCATGTTGAC.1|P4_AAH1	P4_AAH1
AAGCGGCTCTGGAACGATGTTGAC.1|P4_AAH1	P4_AAH1
AAGCGGCTCTGTGCACAGTAGGCT.1|P4_AAH1	P4_AAH1
AAGCGGCTCTTGAGGGATGTTGAC.1|P4_AAH1	P4_AAH1
AAGCTTAAGAGGATGAAGTAGGCT.1|P4_AAH1	P4_AAH1
AAGCTTAAGTTTCAGTAGTAGGCT.1|P4_AAH1	P4_AAH1
AAGGAACCAATAAGCTAGTAGGCT.1|P4_AAH1	P4_AAH1
AAGGAACCACAATAGTAGTAGGCT.1|P4_AAH1	P4_AAH1
AAGGAACCACCTACTGATGTTGAC.1|P4_AAH1	P4_AAH1
AAGGACAAGCCAGAGCAGTAGGCT.1|P4_AAH1	P4_AAH1
AAGGACAAGTTGCGCTAGTAGGCT.1|P4_AAH1	P4_AAH1
AAGGAGCAGTCACCTAATGTTGAC.1|P4_AAH1	P4_AAH1
AAGGCCATCGAGGCGTAGTAGGCT.1|P4_AAH1	P4_AAH1
AAGGCCCAGCACCTTAAGTAGGCT.1|P4_AAH1	P4_AAH1
AAGGCCCAGCATCTATAGTAGGCT.1|P4_AAH1	P4_AAH1
AAGGCCCAGTCAACAAATGTTGAC.1|P4_AAH1	P4_AAH1
AAGGCCGGTACGGTTTATGTTGAC.1|P4_AAH1	P4_AAH1
AAGGCCGGTTTACGACAGTAGGCT.1|P4_AAH1	P4_AAH1
AAGGCCGGTTTACGACATGTTGAC.1|P4_AAH1	P4_AAH1
AAGGCTGTCAGGAGCCAGTAGGCT.1|P4_AAH1	P4_AAH1
AAGGCTTAGGATCCCTATGTTGAC.1|P4_AAH1	P4_AAH1
AAGGCTTAGGTGTCCTATGTTGAC.1|P4_AAH1	P4_AAH1
AAGGGAGGTCCATCAGATGTTGAC.1|P4_AAH1	P4_AAH1
AAGGGAGGTCGGTTATAGTAGGCT.1|P4_AAH1	P4_AAH1
AAGGTATGTTACTCCCAGTAGGCT.1|P4_AAH1	P4_AAH1
AAGGTATGTTGTGAGAAGTAGGCT.1|P4_AAH1	P4_AAH1
AAGGTTATCAAAGGGAATGTTGAC.1|P4_AAH1	P4_AAH1
AAGGTTGGTAGCCTTGATGTTGAC.1|P4_AAH1	P4_AAH1
AAGGTTGGTCGAAGCGATGTTGAC.1|P4_AAH1	P4_AAH1
AAGGTTGGTTCACCTCAGTAGGCT.1|P4_AAH1	P4_AAH1
AAGTCATCAACCTGTTAGTAGGCT.1|P4_AAH1	P4_AAH1
AAGTCATCAATATGGTAGTAGGCT.1|P4_AAH1	P4_AAH1
AAGTCATCAATCGTTCATGTTGAC.1|P4_AAH1	P4_AAH1
AAGTCATCATGCTCCAATGTTGAC.1|P4_AAH1	P4_AAH1
AAGTGAACAAACTGGCAGTAGGCT.1|P4_AAH1	P4_AAH1
AAGTGAGAGACTCAAAATGTTGAC.1|P4_AAH1	P4_AAH1
AAGTGAGAGTCAATAGATGTTGAC.1|P4_AAH1	P4_AAH1
AAGTTCGCACTCCCTTAGTAGGCT.1|P4_AAH1	P4_AAH1
AAGTTGCAGCAGGCTAAGTAGGCT.1|P4_AAH1	P4_AAH1
AAGTTGCAGCGAAGCCATGTTGAC.1|P4_AAH1	P4_AAH1
AAGTTGTCAATCTCTAATGTTGAC.1|P4_AAH1	P4_AAH1
AATACTGAGACGCATGAGTAGGCT.1|P4_AAH1	P4_AAH1
AATACTGAGGTGTCCTAGTAGGCT.1|P4_AAH1	P4_AAH1
AATAGCATCACCTAATAGTAGGCT.1|P4_AAH1	P4_AAH1
AATATGGTCGCTCAGTAGTAGGCT.1|P4_AAH1	P4_AAH1
AATCACGCAGGCTAACAGTAGGCT.1|P4_AAH1	P4_AAH1
AATCCGGAGAGGTTTAAGTAGGCT.1|P4_AAH1	P4_AAH1
AATCCGGAGCTCCCTCATGTTGAC.1|P4_AAH1	P4_AAH1
AATCCGGAGGTCTTGCATGTTGAC.1|P4_AAH1	P4_AAH1
AATCCGTGTAATTGCCAGTAGGCT.1|P4_AAH1	P4_AAH1
AATCCGTGTAGCCAAAATGTTGAC.1|P4_AAH1	P4_AAH1
AATCCGTGTTTAACCAATGTTGAC.1|P4_AAH1	P4_AAH1
AATCCGTGTTTGGGCCAGTAGGCT.1|P4_AAH1	P4_AAH1
AATCGCACAAAGAACAATGTTGAC.1|P4_AAH1	P4_AAH1
AATCGCCTCACTATACAGTAGGCT.1|P4_AAH1	P4_AAH1
AATCGCCTCGGGCAGTATGTTGAC.1|P4_AAH1	P4_AAH1
AATCGGCCATGCGGATAGTAGGCT.1|P4_AAH1	P4_AAH1
AATCGTTTCAACCGGAAGTAGGCT.1|P4_AAH1	P4_AAH1
AATCGTTTCTATTGGTAGTAGGCT.1|P4_AAH1	P4_AAH1
AATCTCTAGTGATGGTAGTAGGCT.1|P4_AAH1	P4_AAH1
AATGACCAGAATGGCTATGTTGAC.1|P4_AAH1	P4_AAH1
AATGACCAGCTTTACGAGTAGGCT.1|P4_AAH1	P4_AAH1
AATGGCAGTTGGCGAGAGTAGGCT.1|P4_AAH1	P4_AAH1
AATTACCTCGACCGTTAGTAGGCT.1|P4_AAH1	P4_AAH1
AATTACCTCTAGCGGAAGTAGGCT.1|P4_AAH1	P4_AAH1
AATTGACCAAGGAATAAGTAGGCT.1|P4_AAH1	P4_AAH1
AATTGACCACAATACGAGTAGGCT.1|P4_AAH1	P4_AAH1
AATTGACCACAATACGATGTTGAC.1|P4_AAH1	P4_AAH1
AATTTGGAGAGCCGGTATGTTGAC.1|P4_AAH1	P4_AAH1
ACAAACCAGTGAGGAAATGTTGAC.1|P4_AAH1	P4_AAH1
ACAAAGGAGACCATTTAGTAGGCT.1|P4_AAH1	P4_AAH1
ACAAAGGAGCCCGTTGAGTAGGCT.1|P4_AAH1	P4_AAH1
ACAAAGGAGCGCGAACATGTTGAC.1|P4_AAH1	P4_AAH1
ACAACATCAAAGCCTAAGTAGGCT.1|P4_AAH1	P4_AAH1
ACAACATCACAGCCAGATGTTGAC.1|P4_AAH1	P4_AAH1
ACAACATCACATACCTATGTTGAC.1|P4_AAH1	P4_AAH1
ACAACATCACTAAGGCAGTAGGCT.1|P4_AAH1	P4_AAH1
ACAACCTGTTAGGCTTATGTTGAC.1|P4_AAH1	P4_AAH1
ACAACCTGTTGTTTAGATGTTGAC.1|P4_AAH1	P4_AAH1
ACAACCTGTTTACGACATGTTGAC.1|P4_AAH1	P4_AAH1
ACAACTTTCACTTGATATGTTGAC.1|P4_AAH1	P4_AAH1
ACAAGGCGTAATGAACAGTAGGCT.1|P4_AAH1	P4_AAH1
ACAAGGCGTAGCGCGAAGTAGGCT.1|P4_AAH1	P4_AAH1
ACAAGGCGTTTACCGGATGTTGAC.1|P4_AAH1	P4_AAH1
ACAAGGCGTTTCCACCATGTTGAC.1|P4_AAH1	P4_AAH1
ACAAGTATCGGTAAACATGTTGAC.1|P4_AAH1	P4_AAH1
ACAATCAAGAGCAACTATGTTGAC.1|P4_AAH1	P4_AAH1
ACAATGTCATAGCCTTAGTAGGCT.1|P4_AAH1	P4_AAH1
ACAATTGAGCGCTTACAGTAGGCT.1|P4_AAH1	P4_AAH1
ACACAAGGTCCAGCTAAGTAGGCT.1|P4_AAH1	P4_AAH1
ACACAAGGTTGCGCTAAGTAGGCT.1|P4_AAH1	P4_AAH1
ACACAATCAATTCGGAATGTTGAC.1|P4_AAH1	P4_AAH1
ACACAATCACCACATTAGTAGGCT.1|P4_AAH1	P4_AAH1
ACACAATCACGAACGTAGTAGGCT.1|P4_AAH1	P4_AAH1
ACACAATCACGGATACAGTAGGCT.1|P4_AAH1	P4_AAH1
ACACAATCAGCTTTCGATGTTGAC.1|P4_AAH1	P4_AAH1
ACACAATCATGGCTAAATGTTGAC.1|P4_AAH1	P4_AAH1
ACACCTATCGCTTCAAAGTAGGCT.1|P4_AAH1	P4_AAH1
ACACCTTCACAATAGTAGTAGGCT.1|P4_AAH1	P4_AAH1
ACACCTTCACTTTACAATGTTGAC.1|P4_AAH1	P4_AAH1
ACAGCACCAATGGCCGAGTAGGCT.1|P4_AAH1	P4_AAH1
ACAGCACCATCACGAAATGTTGAC.1|P4_AAH1	P4_AAH1
ACAGCACCATGAGGGAATGTTGAC.1|P4_AAH1	P4_AAH1
ACAGCCGCAAGCGAAGAGTAGGCT.1|P4_AAH1	P4_AAH1
ACAGCCGCACCTTTGGAGTAGGCT.1|P4_AAH1	P4_AAH1
ACAGCCGCATCCCAATAGTAGGCT.1|P4_AAH1	P4_AAH1
ACAGCCGCATTTGGGAAGTAGGCT.1|P4_AAH1	P4_AAH1
ACAGCGGGTATAGCGAATGTTGAC.1|P4_AAH1	P4_AAH1
ACAGCGGGTTTGCTCCATGTTGAC.1|P4_AAH1	P4_AAH1
ACAGTTGCAACAGAGGAGTAGGCT.1|P4_AAH1	P4_AAH1
ACAGTTGCACCATCCAATGTTGAC.1|P4_AAH1	P4_AAH1
ACAGTTGCATTGCCCAATGTTGAC.1|P4_AAH1	P4_AAH1
ACATACTTCAGGTCGAAGTAGGCT.1|P4_AAH1	P4_AAH1
ACATACTTCCAACTTGATGTTGAC.1|P4_AAH1	P4_AAH1
ACATACTTCCTGGATCAGTAGGCT.1|P4_AAH1	P4_AAH1
ACATAGTCAATTGAGTAGTAGGCT.1|P4_AAH1	P4_AAH1
ACATAGTCACTATCACAGTAGGCT.1|P4_AAH1	P4_AAH1
ACATAGTCATCCGTCAATGTTGAC.1|P4_AAH1	P4_AAH1
ACATGTTTCCATAGAAAGTAGGCT.1|P4_AAH1	P4_AAH1
ACATGTTTCCTAATCGATGTTGAC.1|P4_AAH1	P4_AAH1
ACATGTTTCGATTATCATGTTGAC.1|P4_AAH1	P4_AAH1
ACATTACTCTATCGGCAGTAGGCT.1|P4_AAH1	P4_AAH1
ACCAACTGTCTCAGCAATGTTGAC.1|P4_AAH1	P4_AAH1
ACCAACTGTTGCTGTGAGTAGGCT.1|P4_AAH1	P4_AAH1
ACCAATAAGAACCTAAAGTAGGCT.1|P4_AAH1	P4_AAH1
ACCAATAAGACCATGGATGTTGAC.1|P4_AAH1	P4_AAH1
ACCAATAAGTTTCAGTAGTAGGCT.1|P4_AAH1	P4_AAH1
ACCAATCGTCACGATTATGTTGAC.1|P4_AAH1	P4_AAH1
ACCAATTTCAATTGGAAGTAGGCT.1|P4_AAH1	P4_AAH1
ACCACAACAGAAACTTATGTTGAC.1|P4_AAH1	P4_AAH1
ACCACGTTCCTTTGAGAGTAGGCT.1|P4_AAH1	P4_AAH1
ACCAGGTCAGCTAAGCATGTTGAC.1|P4_AAH1	P4_AAH1
ACCAGGTCATGAGTCAAGTAGGCT.1|P4_AAH1	P4_AAH1
ACCATATTCCAAATAGAGTAGGCT.1|P4_AAH1	P4_AAH1
ACCATTAGTCGTAATCAGTAGGCT.1|P4_AAH1	P4_AAH1
ACCATTAGTTGTTTAGATGTTGAC.1|P4_AAH1	P4_AAH1
ACCCAACTCGAAGGCCATGTTGAC.1|P4_AAH1	P4_AAH1
ACCCGCTCAGGTTTCTATGTTGAC.1|P4_AAH1	P4_AAH1
ACCCGCTCATCATAGGATGTTGAC.1|P4_AAH1	P4_AAH1
ACCCGTTAGGATTATGAGTAGGCT.1|P4_AAH1	P4_AAH1
ACCCTCACAACTAAACAGTAGGCT.1|P4_AAH1	P4_AAH1
ACCCTCCTCACAGCCTAGTAGGCT.1|P4_AAH1	P4_AAH1
ACCCTGGTCATGGAACATGTTGAC.1|P4_AAH1	P4_AAH1
ACCGCCATCGCGCATTATGTTGAC.1|P4_AAH1	P4_AAH1
ACCGCCTCATGTTTCAAGTAGGCT.1|P4_AAH1	P4_AAH1
ACCGGCTGTAACTACCAGTAGGCT.1|P4_AAH1	P4_AAH1
ACCGGCTGTCAACTACAGTAGGCT.1|P4_AAH1	P4_AAH1
ACCGGTAAGCCTAAGGATGTTGAC.1|P4_AAH1	P4_AAH1
ACCGGTAAGTTTCCAGAGTAGGCT.1|P4_AAH1	P4_AAH1
ACCGTTATCATAGGTAAGTAGGCT.1|P4_AAH1	P4_AAH1
ACCGTTATCGCCTGCAAGTAGGCT.1|P4_AAH1	P4_AAH1
ACCTAAGCACTCAGTTAGTAGGCT.1|P4_AAH1	P4_AAH1
ACCTAGTGTACGTTCGATGTTGAC.1|P4_AAH1	P4_AAH1
ACCTCACAGCAATTGAATGTTGAC.1|P4_AAH1	P4_AAH1
ACCTCACAGGGAGGCAATGTTGAC.1|P4_AAH1	P4_AAH1
ACCTCATCAACCGTGGAGTAGGCT.1|P4_AAH1	P4_AAH1
ACCTCATCAGGCTTAAAGTAGGCT.1|P4_AAH1	P4_AAH1
ACCTCCCTCAGCGAATAGTAGGCT.1|P4_AAH1	P4_AAH1
ACCTCCCTCCCTGGATAGTAGGCT.1|P4_AAH1	P4_AAH1
ACCTCCCTCTAATCACATGTTGAC.1|P4_AAH1	P4_AAH1
ACCTCTAAGCGAAGAAAGTAGGCT.1|P4_AAH1	P4_AAH1
ACCTCTAAGGTTGTGGATGTTGAC.1|P4_AAH1	P4_AAH1
ACCTGGAAGTCGCATCAGTAGGCT.1|P4_AAH1	P4_AAH1
ACCTTTACACCGGTAGAGTAGGCT.1|P4_AAH1	P4_AAH1
ACCTTTACATTGCATCATGTTGAC.1|P4_AAH1	P4_AAH1
ACGAATATCAACTGGGAGTAGGCT.1|P4_AAH1	P4_AAH1
ACGAATATCACAATGAAGTAGGCT.1|P4_AAH1	P4_AAH1
ACGAATATCCTAAGTTAGTAGGCT.1|P4_AAH1	P4_AAH1
ACGAATATCGCCACATATGTTGAC.1|P4_AAH1	P4_AAH1
ACGAGGGAGGAGCCGTAGTAGGCT.1|P4_AAH1	P4_AAH1
ACGAGGGAGGCTGGTAATGTTGAC.1|P4_AAH1	P4_AAH1
ACGCAAGTCAACCGGAATGTTGAC.1|P4_AAH1	P4_AAH1
ACGCAAGTCAGGCCAAATGTTGAC.1|P4_AAH1	P4_AAH1
ACGCCACGTCTTTATCATGTTGAC.1|P4_AAH1	P4_AAH1
ACGCCCATCCGCTATAAGTAGGCT.1|P4_AAH1	P4_AAH1
ACGCCCATCGCGAGTAATGTTGAC.1|P4_AAH1	P4_AAH1
ACGGAACGTCGGTTATATGTTGAC.1|P4_AAH1	P4_AAH1
ACGGAACGTTAACGGAATGTTGAC.1|P4_AAH1	P4_AAH1
ACGGAACGTTAATGCCAGTAGGCT.1|P4_AAH1	P4_AAH1
ACGGAACGTTCACCAGATGTTGAC.1|P4_AAH1	P4_AAH1
ACGGAACGTTTACTGAAGTAGGCT.1|P4_AAH1	P4_AAH1
ACGGAACGTTTCGCCTAGTAGGCT.1|P4_AAH1	P4_AAH1
ACGGACCAGAGGCGTCAGTAGGCT.1|P4_AAH1	P4_AAH1
ACGGACCAGCTAGCCTATGTTGAC.1|P4_AAH1	P4_AAH1
ACGGACCAGGGATGAAAGTAGGCT.1|P4_AAH1	P4_AAH1
ACGGATTAGACAAGCTAGTAGGCT.1|P4_AAH1	P4_AAH1
ACGGATTAGCAAACTAATGTTGAC.1|P4_AAH1	P4_AAH1
ACGGATTAGGATCCCTATGTTGAC.1|P4_AAH1	P4_AAH1
ACGTAATCAGCTTAAGAGTAGGCT.1|P4_AAH1	P4_AAH1
ACGTAGCCAGTAATACATGTTGAC.1|P4_AAH1	P4_AAH1
ACGTAGCCATACTTGCAGTAGGCT.1|P4_AAH1	P4_AAH1
ACGTATTTCAAGGTGTAGTAGGCT.1|P4_AAH1	P4_AAH1
ACGTCAACAAACCGTAATGTTGAC.1|P4_AAH1	P4_AAH1
ACGTCAACATCATAGGATGTTGAC.1|P4_AAH1	P4_AAH1
ACGTGCAAGGCGCAGTATGTTGAC.1|P4_AAH1	P4_AAH1
ACGTGCAAGGTTATCTAGTAGGCT.1|P4_AAH1	P4_AAH1
ACTAAACCAAATGACTAGTAGGCT.1|P4_AAH1	P4_AAH1
ACTAAACCAAGACATTAGTAGGCT.1|P4_AAH1	P4_AAH1
ACTAATGAGGATCCCTAGTAGGCT.1|P4_AAH1	P4_AAH1
ACTAATGAGTTTCAGTAGTAGGCT.1|P4_AAH1	P4_AAH1
ACTACAAAGCCCTGATAGTAGGCT.1|P4_AAH1	P4_AAH1
ACTACAAAGTACCCACAGTAGGCT.1|P4_AAH1	P4_AAH1
ACTACTAGTACGTAAGATGTTGAC.1|P4_AAH1	P4_AAH1
ACTAGGTAGGGATTTAAGTAGGCT.1|P4_AAH1	P4_AAH1
ACTAGTCGTGTGACCCATGTTGAC.1|P4_AAH1	P4_AAH1
ACTAGTGCAACTGTTCATGTTGAC.1|P4_AAH1	P4_AAH1
ACTAGTGCACTCAAAGAGTAGGCT.1|P4_AAH1	P4_AAH1
ACTAGTGCAGGCTTAAATGTTGAC.1|P4_AAH1	P4_AAH1
ACTAGTGCATACTGAGAGTAGGCT.1|P4_AAH1	P4_AAH1
ACTAGTGCATTGCATCATGTTGAC.1|P4_AAH1	P4_AAH1
ACTAGTTTCCTGGTTAAGTAGGCT.1|P4_AAH1	P4_AAH1
ACTCAATTCAGGCCAAATGTTGAC.1|P4_AAH1	P4_AAH1
ACTCAATTCCCATAGCAGTAGGCT.1|P4_AAH1	P4_AAH1
ACTCAATTCTATGCATATGTTGAC.1|P4_AAH1	P4_AAH1
ACTCACTCACAGCCAGATGTTGAC.1|P4_AAH1	P4_AAH1
ACTCACTCAGTGAGGAAGTAGGCT.1|P4_AAH1	P4_AAH1
ACTCACTCATCACAGAATGTTGAC.1|P4_AAH1	P4_AAH1
ACTCCCACAGGCTATAATGTTGAC.1|P4_AAH1	P4_AAH1
ACTCGAACACTTTGTAATGTTGAC.1|P4_AAH1	P4_AAH1
ACTCGCCCATCCGTCAAGTAGGCT.1|P4_AAH1	P4_AAH1
ACTCGCCCATTTCATGATGTTGAC.1|P4_AAH1	P4_AAH1
ACTGAGGTCATGCATTAGTAGGCT.1|P4_AAH1	P4_AAH1
ACTGGCTTCAACCTATATGTTGAC.1|P4_AAH1	P4_AAH1
ACTGGCTTCAACCTCAAGTAGGCT.1|P4_AAH1	P4_AAH1
ACTGGCTTCCACAATTATGTTGAC.1|P4_AAH1	P4_AAH1
ACTGGCTTCCCATAGCAGTAGGCT.1|P4_AAH1	P4_AAH1
ACTGGCTTCCCTCTCAAGTAGGCT.1|P4_AAH1	P4_AAH1
ACTGGGTCAAGGTTATATGTTGAC.1|P4_AAH1	P4_AAH1
ACTGGGTCAATACTGGATGTTGAC.1|P4_AAH1	P4_AAH1
ACTGGGTCACAATCGAATGTTGAC.1|P4_AAH1	P4_AAH1
ACTTAGAAGATTCATCAGTAGGCT.1|P4_AAH1	P4_AAH1
ACTTAGAAGGCGAGTCATGTTGAC.1|P4_AAH1	P4_AAH1
ACTTAGCGTCGTAACTAGTAGGCT.1|P4_AAH1	P4_AAH1
ACTTAGCGTTCTTGAAAGTAGGCT.1|P4_AAH1	P4_AAH1
ACTTAGGCATCACGCCATGTTGAC.1|P4_AAH1	P4_AAH1
ACTTATGGTTTGTTTCAGTAGGCT.1|P4_AAH1	P4_AAH1
ACTTCCCGTTTACCGGATGTTGAC.1|P4_AAH1	P4_AAH1
ACTTCCTTCGGTTCCGATGTTGAC.1|P4_AAH1	P4_AAH1
ACTTCCTTCTGGCCATATGTTGAC.1|P4_AAH1	P4_AAH1
ACTTCCTTCTTTGGTGAGTAGGCT.1|P4_AAH1	P4_AAH1
ACTTCGTCAATACTGGATGTTGAC.1|P4_AAH1	P4_AAH1
ACTTCGTCACAAGCGTATGTTGAC.1|P4_AAH1	P4_AAH1
ACTTGCGGTGTTTGTAAGTAGGCT.1|P4_AAH1	P4_AAH1
ACTTGCTCAATACTGGATGTTGAC.1|P4_AAH1	P4_AAH1
AGAAAGGTCACCCTGGATGTTGAC.1|P4_AAH1	P4_AAH1
AGAAAGGTCAGCTACCAGTAGGCT.1|P4_AAH1	P4_AAH1
AGAAAGGTCCATCCAAATGTTGAC.1|P4_AAH1	P4_AAH1
AGAAAGGTCTAAGTAGATGTTGAC.1|P4_AAH1	P4_AAH1
AGAAATGCAATAAGCTAGTAGGCT.1|P4_AAH1	P4_AAH1
AGAAATGCACTAAGGCAGTAGGCT.1|P4_AAH1	P4_AAH1
AGAAATGCATCCGCTAAGTAGGCT.1|P4_AAH1	P4_AAH1
AGAAATGCATTCCTGGAGTAGGCT.1|P4_AAH1	P4_AAH1
AGAACAACAACCTGTTAGTAGGCT.1|P4_AAH1	P4_AAH1
AGAAGCAAGGCTGGTAAGTAGGCT.1|P4_AAH1	P4_AAH1
AGAAGGTCACCACAAAAGTAGGCT.1|P4_AAH1	P4_AAH1
AGAAGGTCATACCTTAATGTTGAC.1|P4_AAH1	P4_AAH1
AGACACTAGGCAAGCCATGTTGAC.1|P4_AAH1	P4_AAH1
AGACACTAGGTTAGACAGTAGGCT.1|P4_AAH1	P4_AAH1
AGACCCGCAATCTCTAATGTTGAC.1|P4_AAH1	P4_AAH1
AGACTAATCGTGATGGAGTAGGCT.1|P4_AAH1	P4_AAH1
AGACTCACATTAGTGGAGTAGGCT.1|P4_AAH1	P4_AAH1
AGACTCACATTGCATCAGTAGGCT.1|P4_AAH1	P4_AAH1
AGACTCCTCCGCCATGATGTTGAC.1|P4_AAH1	P4_AAH1
AGACTGAGTCAATTCAATGTTGAC.1|P4_AAH1	P4_AAH1
AGACTGAGTTGCCTGAAGTAGGCT.1|P4_AAH1	P4_AAH1
AGAGAGCAGCACTAGGAGTAGGCT.1|P4_AAH1	P4_AAH1
AGAGGAATCCTTTCGTAGTAGGCT.1|P4_AAH1	P4_AAH1
AGAGGAGGTATGGGACAGTAGGCT.1|P4_AAH1	P4_AAH1
AGAGGTTTCAGCGGGTATGTTGAC.1|P4_AAH1	P4_AAH1
AGAGGTTTCATTGTACAGTAGGCT.1|P4_AAH1	P4_AAH1
AGAGGTTTCTTACTCCATGTTGAC.1|P4_AAH1	P4_AAH1
AGATAACGTCATGAAGATGTTGAC.1|P4_AAH1	P4_AAH1
AGATAACGTCCATTAAAGTAGGCT.1|P4_AAH1	P4_AAH1
AGATGCCCAAACCGGTAGTAGGCT.1|P4_AAH1	P4_AAH1
AGATGCCCATTGGACAATGTTGAC.1|P4_AAH1	P4_AAH1
AGATTCAAGGATGAAGAGTAGGCT.1|P4_AAH1	P4_AAH1
AGATTCAAGGCCTCTGAGTAGGCT.1|P4_AAH1	P4_AAH1
AGATTGATCATTTGCGAGTAGGCT.1|P4_AAH1	P4_AAH1
AGATTGATCGTGATGGAGTAGGCT.1|P4_AAH1	P4_AAH1
AGATTGATCTCTCGCCATGTTGAC.1|P4_AAH1	P4_AAH1
AGATTGATCTTGATCGATGTTGAC.1|P4_AAH1	P4_AAH1
AGCAGCCAGCAATCGGATGTTGAC.1|P4_AAH1	P4_AAH1
AGCAGGCTCAACCAAAAGTAGGCT.1|P4_AAH1	P4_AAH1
AGCAGGCTCCAATTACATGTTGAC.1|P4_AAH1	P4_AAH1
AGCATCCTCACTAATCAGTAGGCT.1|P4_AAH1	P4_AAH1
AGCATCCTCGAAGCATATGTTGAC.1|P4_AAH1	P4_AAH1
AGCATTAAGGTTAGCGATGTTGAC.1|P4_AAH1	P4_AAH1
AGCATTAAGTGTGAGTAGTAGGCT.1|P4_AAH1	P4_AAH1
AGCCAATAGCAGGTTGAGTAGGCT.1|P4_AAH1	P4_AAH1
AGCCATTGTAGCTTTAATGTTGAC.1|P4_AAH1	P4_AAH1
AGCCCTGTCCCGCTGAAGTAGGCT.1|P4_AAH1	P4_AAH1
AGCCCTTAGTGAATCAAGTAGGCT.1|P4_AAH1	P4_AAH1
AGCCTAGAGCCTCTAAATGTTGAC.1|P4_AAH1	P4_AAH1
AGCCTAGAGGCAGGCTATGTTGAC.1|P4_AAH1	P4_AAH1
AGCCTAGAGGTTGCAGAGTAGGCT.1|P4_AAH1	P4_AAH1
AGCCTAGAGTGTTTCGATGTTGAC.1|P4_AAH1	P4_AAH1
AGCCTGTTCCTCACGGATGTTGAC.1|P4_AAH1	P4_AAH1
AGCCTGTTCGAGCTAGATGTTGAC.1|P4_AAH1	P4_AAH1
AGCCTTCAGACAAAGGATGTTGAC.1|P4_AAH1	P4_AAH1
AGCCTTCAGTCAAACAAGTAGGCT.1|P4_AAH1	P4_AAH1
AGCGAACGTACTTCAAAGTAGGCT.1|P4_AAH1	P4_AAH1
AGCGACTCAAGGAATAATGTTGAC.1|P4_AAH1	P4_AAH1
AGCGACTCACCTAAAGAGTAGGCT.1|P4_AAH1	P4_AAH1
AGCGATCCAAATAAGGAGTAGGCT.1|P4_AAH1	P4_AAH1
AGCGATCCACAATCGAATGTTGAC.1|P4_AAH1	P4_AAH1
AGCGCTAAGGTTGGGCAGTAGGCT.1|P4_AAH1	P4_AAH1
AGCTAATCAAAGACCCATGTTGAC.1|P4_AAH1	P4_AAH1
AGCTACCTCCTGCAACATGTTGAC.1|P4_AAH1	P4_AAH1
AGCTACCTCCTGGTTAAGTAGGCT.1|P4_AAH1	P4_AAH1
AGCTCAACAACCATTCAGTAGGCT.1|P4_AAH1	P4_AAH1
AGCTGCAAGTAGCCTCAGTAGGCT.1|P4_AAH1	P4_AAH1
AGCTGCAAGTAGCCTCATGTTGAC.1|P4_AAH1	P4_AAH1
AGCTGGATCACAACAAATGTTGAC.1|P4_AAH1	P4_AAH1
AGCTGGATCCAATACTAGTAGGCT.1|P4_AAH1	P4_AAH1
AGCTGGATCCCTCGTCAGTAGGCT.1|P4_AAH1	P4_AAH1
AGCTGGATCCTTATGGAGTAGGCT.1|P4_AAH1	P4_AAH1
AGCTTCCAGAAGTACCATGTTGAC.1|P4_AAH1	P4_AAH1
AGCTTCTCAAACTTGGATGTTGAC.1|P4_AAH1	P4_AAH1
AGCTTCTCAAGATAAGAGTAGGCT.1|P4_AAH1	P4_AAH1
AGCTTCTCAATGAATCATGTTGAC.1|P4_AAH1	P4_AAH1
AGCTTGTGTCAAACTCAGTAGGCT.1|P4_AAH1	P4_AAH1
AGCTTGTGTGTTAGAGAGTAGGCT.1|P4_AAH1	P4_AAH1
AGGAACCGTAAGCTAGAGTAGGCT.1|P4_AAH1	P4_AAH1
AGGACAAAGCGCGAACAGTAGGCT.1|P4_AAH1	P4_AAH1
AGGACAAAGCGCTTACAGTAGGCT.1|P4_AAH1	P4_AAH1
AGGAGGTAGTGAGTTAAGTAGGCT.1|P4_AAH1	P4_AAH1
AGGCCAGGTGCATTACATGTTGAC.1|P4_AAH1	P4_AAH1
AGGCCATCAACAAGTTATGTTGAC.1|P4_AAH1	P4_AAH1
AGGCCATCAAGTTGGCATGTTGAC.1|P4_AAH1	P4_AAH1
AGGCCATCACGTAGGTAGTAGGCT.1|P4_AAH1	P4_AAH1
AGGCCTAAGTGAGTCGATGTTGAC.1|P4_AAH1	P4_AAH1
AGGCGAGAGCCATAAAAGTAGGCT.1|P4_AAH1	P4_AAH1
AGGCGAGAGGCCTCTGAGTAGGCT.1|P4_AAH1	P4_AAH1
AGGCGCAGTGTCCAATATGTTGAC.1|P4_AAH1	P4_AAH1
AGGCGCTAGTTACCTGATGTTGAC.1|P4_AAH1	P4_AAH1
AGGCGCTAGTTGACGGAGTAGGCT.1|P4_AAH1	P4_AAH1
AGGCTATAGCTGGGTAATGTTGAC.1|P4_AAH1	P4_AAH1
AGGCTTGAGATAACCAAGTAGGCT.1|P4_AAH1	P4_AAH1
AGGGACCTCCTCCCACAGTAGGCT.1|P4_AAH1	P4_AAH1
AGGGCTATCTATTCGGATGTTGAC.1|P4_AAH1	P4_AAH1
AGGGCTTCAAGGTGTCATGTTGAC.1|P4_AAH1	P4_AAH1
AGGGCTTCAATACTGGATGTTGAC.1|P4_AAH1	P4_AAH1
AGGGCTTCACGGATACATGTTGAC.1|P4_AAH1	P4_AAH1
AGGGCTTCAGTAAGTTAGTAGGCT.1|P4_AAH1	P4_AAH1
AGGGCTTCATTTGGAGAGTAGGCT.1|P4_AAH1	P4_AAH1
AGGGTCCAGCAAGTTAAGTAGGCT.1|P4_AAH1	P4_AAH1
AGGGTCCAGCAAGTTAATGTTGAC.1|P4_AAH1	P4_AAH1
AGGGTTAGTCTACCTCAGTAGGCT.1|P4_AAH1	P4_AAH1
AGGGTTAGTGGGAACTAGTAGGCT.1|P4_AAH1	P4_AAH1
AGGTGATTCGCATTTGATGTTGAC.1|P4_AAH1	P4_AAH1
AGGTGATTCGCCTCTCAGTAGGCT.1|P4_AAH1	P4_AAH1
AGGTGATTCTTCGCCCAGTAGGCT.1|P4_AAH1	P4_AAH1
AGGTGGGAGAAGGTCTAGTAGGCT.1|P4_AAH1	P4_AAH1
AGGTGGGAGTGAATCAAGTAGGCT.1|P4_AAH1	P4_AAH1
AGGTTCGAGCCAGAGCATGTTGAC.1|P4_AAH1	P4_AAH1
AGGTTCTGTCAATCGTAGTAGGCT.1|P4_AAH1	P4_AAH1
AGTAACCAGCAGGCTAAGTAGGCT.1|P4_AAH1	P4_AAH1
AGTAACCAGTACCAGGATGTTGAC.1|P4_AAH1	P4_AAH1
AGTAACGGTGTGACCCATGTTGAC.1|P4_AAH1	P4_AAH1
AGTAACGGTTTACGACAGTAGGCT.1|P4_AAH1	P4_AAH1
AGTAAGCTCAATACAGATGTTGAC.1|P4_AAH1	P4_AAH1
AGTAAGCTCGAAACTAATGTTGAC.1|P4_AAH1	P4_AAH1
AGTAGGTTCGCTTCAAATGTTGAC.1|P4_AAH1	P4_AAH1
AGTATCCGTACAAAGTAGTAGGCT.1|P4_AAH1	P4_AAH1
AGTATCCGTCCGGTACATGTTGAC.1|P4_AAH1	P4_AAH1
AGTCAATCAACTAAGTAGTAGGCT.1|P4_AAH1	P4_AAH1
AGTCAATCACGTAATGAGTAGGCT.1|P4_AAH1	P4_AAH1
AGTCAATCACGTAGTAAGTAGGCT.1|P4_AAH1	P4_AAH1
AGTCACACATCAGGACATGTTGAC.1|P4_AAH1	P4_AAH1
AGTCAGCCACGTAGTAAGTAGGCT.1|P4_AAH1	P4_AAH1
AGTCATAAGAAGCATCATGTTGAC.1|P4_AAH1	P4_AAH1
AGTCGCGCAACAGAGGATGTTGAC.1|P4_AAH1	P4_AAH1
AGTCGCGCACAGGCTGATGTTGAC.1|P4_AAH1	P4_AAH1
AGTCGCGCACGAACGTATGTTGAC.1|P4_AAH1	P4_AAH1
AGTCGCGCATTCCTTTAGTAGGCT.1|P4_AAH1	P4_AAH1
AGTCGTTGTTGCACGCATGTTGAC.1|P4_AAH1	P4_AAH1
AGTGAGAAGAAGCATCAGTAGGCT.1|P4_AAH1	P4_AAH1
AGTGAGAAGACTGAGTATGTTGAC.1|P4_AAH1	P4_AAH1
AGTGAGAAGCTCATTGAGTAGGCT.1|P4_AAH1	P4_AAH1
AGTGAGAAGCTTAGTTAGTAGGCT.1|P4_AAH1	P4_AAH1
AGTGAGAAGGCCTTCGATGTTGAC.1|P4_AAH1	P4_AAH1
AGTGAGAAGGTCTTTGATGTTGAC.1|P4_AAH1	P4_AAH1
AGTGATGGTCACTAGTAGTAGGCT.1|P4_AAH1	P4_AAH1
AGTGATTCAAAGCTCAATGTTGAC.1|P4_AAH1	P4_AAH1
AGTGCAAGTCATTTAGAGTAGGCT.1|P4_AAH1	P4_AAH1
AGTGCAAGTCCACAATAGTAGGCT.1|P4_AAH1	P4_AAH1
AGTGCAAGTTGGATAGATGTTGAC.1|P4_AAH1	P4_AAH1
AGTGCGGGTAGCCCGTATGTTGAC.1|P4_AAH1	P4_AAH1
AGTGCTGAGCAAATCAATGTTGAC.1|P4_AAH1	P4_AAH1
AGTGGCGGTAGCCTTGAGTAGGCT.1|P4_AAH1	P4_AAH1
AGTGGCGGTCAAAGGCATGTTGAC.1|P4_AAH1	P4_AAH1
AGTGGCGGTTAGGTGAAGTAGGCT.1|P4_AAH1	P4_AAH1
AGTTACGCAAATATGCAGTAGGCT.1|P4_AAH1	P4_AAH1
AGTTACGCAATAAGGAAGTAGGCT.1|P4_AAH1	P4_AAH1
AGTTACGCAGGTCAACAGTAGGCT.1|P4_AAH1	P4_AAH1
AGTTACGCATACTGAGATGTTGAC.1|P4_AAH1	P4_AAH1
AGTTATCTCAGTAGGTAGTAGGCT.1|P4_AAH1	P4_AAH1
AGTTCCTCACCTAACTATGTTGAC.1|P4_AAH1	P4_AAH1
AGTTCCTCAGCTCATTATGTTGAC.1|P4_AAH1	P4_AAH1
AGTTGGCCACAATGGCAGTAGGCT.1|P4_AAH1	P4_AAH1
AGTTGGCCATTGCATCATGTTGAC.1|P4_AAH1	P4_AAH1
ATAAACCCAGGGATGAATGTTGAC.1|P4_AAH1	P4_AAH1
ATAAAGGCATAACCAGATGTTGAC.1|P4_AAH1	P4_AAH1
ATAAGCATCGCAGCAAAGTAGGCT.1|P4_AAH1	P4_AAH1
ATAAGGTGTTTCCACCATGTTGAC.1|P4_AAH1	P4_AAH1
ATAATGGTCATTAGTCATGTTGAC.1|P4_AAH1	P4_AAH1
ATACCCGGTGCAATAGAGTAGGCT.1|P4_AAH1	P4_AAH1
ATACCCGGTTGACCCAATGTTGAC.1|P4_AAH1	P4_AAH1
ATACCCGGTTTCACCCAGTAGGCT.1|P4_AAH1	P4_AAH1
ATACCTGTCCCTGGTGATGTTGAC.1|P4_AAH1	P4_AAH1
ATACCTTAGTAAAGGGATGTTGAC.1|P4_AAH1	P4_AAH1
ATACGTAAGTAGCTAAAGTAGGCT.1|P4_AAH1	P4_AAH1
ATACTGGCAACCGTGGAGTAGGCT.1|P4_AAH1	P4_AAH1
ATACTGTTCACCAGCTATGTTGAC.1|P4_AAH1	P4_AAH1
ATACTGTTCATGAGGTAGTAGGCT.1|P4_AAH1	P4_AAH1
ATAGAAGCAAACACGCAGTAGGCT.1|P4_AAH1	P4_AAH1
ATAGACTCATAGACCAAGTAGGCT.1|P4_AAH1	P4_AAH1
ATAGACTCATCACGCCATGTTGAC.1|P4_AAH1	P4_AAH1
ATAGCAGGTGCGGCAAATGTTGAC.1|P4_AAH1	P4_AAH1
ATAGCGAGTGGAAGCTAGTAGGCT.1|P4_AAH1	P4_AAH1
ATAGCGAGTTCCTTTGAGTAGGCT.1|P4_AAH1	P4_AAH1
ATAGCTTTCCTCAAGCAGTAGGCT.1|P4_AAH1	P4_AAH1
ATAGCTTTCGATTCTGATGTTGAC.1|P4_AAH1	P4_AAH1
ATAGCTTTCTTACTCCAGTAGGCT.1|P4_AAH1	P4_AAH1
ATAGGATGTGGCCCATAGTAGGCT.1|P4_AAH1	P4_AAH1
ATAGGATGTGTCCTTCAGTAGGCT.1|P4_AAH1	P4_AAH1
ATAGGCGTCGGGATGCATGTTGAC.1|P4_AAH1	P4_AAH1
ATAGGCTAGTGCAACGATGTTGAC.1|P4_AAH1	P4_AAH1
ATATAGGTCACAAACAAGTAGGCT.1|P4_AAH1	P4_AAH1
ATATCGAAGATGCAACAGTAGGCT.1|P4_AAH1	P4_AAH1
ATATCGAAGCGCTACTAGTAGGCT.1|P4_AAH1	P4_AAH1
ATATGCAAGGTTGCAGAGTAGGCT.1|P4_AAH1	P4_AAH1
ATATTCGGTCGTTCTCATGTTGAC.1|P4_AAH1	P4_AAH1
ATCAGCACATTCAGGAATGTTGAC.1|P4_AAH1	P4_AAH1
ATCAGGTAGTAGCTAAATGTTGAC.1|P4_AAH1	P4_AAH1
ATCAGGTAGTCTTGCAAGTAGGCT.1|P4_AAH1	P4_AAH1
ATCATCAGTTAGTGCTAGTAGGCT.1|P4_AAH1	P4_AAH1
ATCCATCCATTACTTGAGTAGGCT.1|P4_AAH1	P4_AAH1
ATCCTTGAGAGGATAGATGTTGAC.1|P4_AAH1	P4_AAH1
ATCCTTTGTCCTGAGCAGTAGGCT.1|P4_AAH1	P4_AAH1
ATCGATGCAACGACTAAGTAGGCT.1|P4_AAH1	P4_AAH1
ATCGATTTCAAGATGCAGTAGGCT.1|P4_AAH1	P4_AAH1
ATCGATTTCATGTCATATGTTGAC.1|P4_AAH1	P4_AAH1
ATCGATTTCTATTGGTAGTAGGCT.1|P4_AAH1	P4_AAH1
ATCGCGCGTTTGTCCCATGTTGAC.1|P4_AAH1	P4_AAH1
ATCGCTCAGTTAGGGTAGTAGGCT.1|P4_AAH1	P4_AAH1
ATCGCTCAGTTGCAGGAGTAGGCT.1|P4_AAH1	P4_AAH1
ATCGCTTCACTAAGGCAGTAGGCT.1|P4_AAH1	P4_AAH1
ATCGGGCAGTAGCTAAATGTTGAC.1|P4_AAH1	P4_AAH1
ATCGGGCAGTTTGCTGAGTAGGCT.1|P4_AAH1	P4_AAH1
ATCGTGACAACTATCCATGTTGAC.1|P4_AAH1	P4_AAH1
ATCGTGACAGATTCGAATGTTGAC.1|P4_AAH1	P4_AAH1
ATCGTGCTCACTAGGGATGTTGAC.1|P4_AAH1	P4_AAH1
ATCGTGCTCGCTATATAGTAGGCT.1|P4_AAH1	P4_AAH1
ATCTAGCGTCCTCCATAGTAGGCT.1|P4_AAH1	P4_AAH1
ATCTAGCGTCTCACTCATGTTGAC.1|P4_AAH1	P4_AAH1
ATCTAGCGTTGCACTGAGTAGGCT.1|P4_AAH1	P4_AAH1
ATGAAAGCACAGCCAGAGTAGGCT.1|P4_AAH1	P4_AAH1
ATGAAAGCACTCCCAAAGTAGGCT.1|P4_AAH1	P4_AAH1
ATGAAAGCATGCTCCAAGTAGGCT.1|P4_AAH1	P4_AAH1
ATGAGGAAGATTCATCATGTTGAC.1|P4_AAH1	P4_AAH1
ATGAGGAAGTAGCTAAAGTAGGCT.1|P4_AAH1	P4_AAH1
ATGAGGCGTCCTCACTAGTAGGCT.1|P4_AAH1	P4_AAH1
ATGAGGCGTTGTTGGTATGTTGAC.1|P4_AAH1	P4_AAH1
ATGAGGTTCACGAACGATGTTGAC.1|P4_AAH1	P4_AAH1
ATGAGGTTCCGCAATCATGTTGAC.1|P4_AAH1	P4_AAH1
ATGATCAAGGGAGGATATGTTGAC.1|P4_AAH1	P4_AAH1
ATGCAACAGTCGCATCATGTTGAC.1|P4_AAH1	P4_AAH1
ATGCACCTCAGGCCAAAGTAGGCT.1|P4_AAH1	P4_AAH1
ATGCACCTCCAAAGGTATGTTGAC.1|P4_AAH1	P4_AAH1
ATGCACCTCCGGCTCAAGTAGGCT.1|P4_AAH1	P4_AAH1
ATGCACCTCTTCGCTTAGTAGGCT.1|P4_AAH1	P4_AAH1
ATGCGATAGCCCTGATAGTAGGCT.1|P4_AAH1	P4_AAH1
ATGCGATAGCGAATCGATGTTGAC.1|P4_AAH1	P4_AAH1
ATGCGCAAGCATCTTGATGTTGAC.1|P4_AAH1	P4_AAH1
ATGCGCAAGCGATGGCATGTTGAC.1|P4_AAH1	P4_AAH1
ATGCGTCTCAATCGCCATGTTGAC.1|P4_AAH1	P4_AAH1
ATGCGTCTCGTAAAGCAGTAGGCT.1|P4_AAH1	P4_AAH1
ATGGACCCAACTTAGGAGTAGGCT.1|P4_AAH1	P4_AAH1
ATGGACCCATTCGGTTATGTTGAC.1|P4_AAH1	P4_AAH1
ATGGAGGCATTCATGCAGTAGGCT.1|P4_AAH1	P4_AAH1
ATGGATCAGCGAATGTATGTTGAC.1|P4_AAH1	P4_AAH1
ATGGATCAGGAGTCATATGTTGAC.1|P4_AAH1	P4_AAH1
ATGGATTCAAATACCGATGTTGAC.1|P4_AAH1	P4_AAH1
ATGGATTCACTAACTCAGTAGGCT.1|P4_AAH1	P4_AAH1
ATGGCAGTCCAAATAGATGTTGAC.1|P4_AAH1	P4_AAH1
ATGGCCTTCTTAAGCTAGTAGGCT.1|P4_AAH1	P4_AAH1
ATGGCTTGTAATGTCCAGTAGGCT.1|P4_AAH1	P4_AAH1
ATGGCTTGTTACTCCCAGTAGGCT.1|P4_AAH1	P4_AAH1
ATGGGACGTCACTAGTAGTAGGCT.1|P4_AAH1	P4_AAH1
ATGGGACGTCGCAATTAGTAGGCT.1|P4_AAH1	P4_AAH1
ATGGGACGTTCTTGAAATGTTGAC.1|P4_AAH1	P4_AAH1
ATGGGACGTTTACCGGATGTTGAC.1|P4_AAH1	P4_AAH1
ATGGGCGGTAACGGGTAGTAGGCT.1|P4_AAH1	P4_AAH1
ATGGGCGGTAATGCGAAGTAGGCT.1|P4_AAH1	P4_AAH1
ATGGTAATCATCACATAGTAGGCT.1|P4_AAH1	P4_AAH1
ATGGTAATCCGCACCAATGTTGAC.1|P4_AAH1	P4_AAH1
ATGTAAGTCAAGGGTTAGTAGGCT.1|P4_AAH1	P4_AAH1
ATGTAAGTCACGGACAAGTAGGCT.1|P4_AAH1	P4_AAH1
ATGTAAGTCGGTTCCGAGTAGGCT.1|P4_AAH1	P4_AAH1
ATGTGAGGTTAACGTCAGTAGGCT.1|P4_AAH1	P4_AAH1
ATGTGAGGTTGGCCACAGTAGGCT.1|P4_AAH1	P4_AAH1
ATGTGGGTCATGACAAATGTTGAC.1|P4_AAH1	P4_AAH1
ATGTGGGTCCCGCTGAATGTTGAC.1|P4_AAH1	P4_AAH1
ATGTGGGTCCTGGAAGATGTTGAC.1|P4_AAH1	P4_AAH1
ATGTTAGAGAGCAATCAGTAGGCT.1|P4_AAH1	P4_AAH1
ATGTTAGAGCTGATTTATGTTGAC.1|P4_AAH1	P4_AAH1
ATGTTCCCACGTAAATATGTTGAC.1|P4_AAH1	P4_AAH1
ATGTTCCCAGATTGCAATGTTGAC.1|P4_AAH1	P4_AAH1
ATGTTGCGTTGTGAGAAGTAGGCT.1|P4_AAH1	P4_AAH1
ATGTTGCGTTTGCAACAGTAGGCT.1|P4_AAH1	P4_AAH1
ATGTTTGGTTGCGGCTATGTTGAC.1|P4_AAH1	P4_AAH1
ATTACGTTCACATTACAGTAGGCT.1|P4_AAH1	P4_AAH1
ATTACGTTCACTGTCAATGTTGAC.1|P4_AAH1	P4_AAH1
ATTACGTTCAGCGATGAGTAGGCT.1|P4_AAH1	P4_AAH1
ATTACGTTCATCAGCCATGTTGAC.1|P4_AAH1	P4_AAH1
ATTATGGAGCCACTCGAGTAGGCT.1|P4_AAH1	P4_AAH1
ATTCACCCACTAACGAAGTAGGCT.1|P4_AAH1	P4_AAH1
ATTCGATTCACTCGCGAGTAGGCT.1|P4_AAH1	P4_AAH1
ATTCGATTCGATTAAGAGTAGGCT.1|P4_AAH1	P4_AAH1
ATTCGTAGTAACTACCATGTTGAC.1|P4_AAH1	P4_AAH1
ATTCGTTAGTAACGGTAGTAGGCT.1|P4_AAH1	P4_AAH1
ATTCGTTAGTAAGCTAATGTTGAC.1|P4_AAH1	P4_AAH1
ATTGACCGTTTGGCCAAGTAGGCT.1|P4_AAH1	P4_AAH1
ATTGACTTCCTGAGGAATGTTGAC.1|P4_AAH1	P4_AAH1
ATTGACTTCGGTAAACATGTTGAC.1|P4_AAH1	P4_AAH1
ATTGACTTCGTCCATAAGTAGGCT.1|P4_AAH1	P4_AAH1
ATTGAGCAGAGGCGGAAGTAGGCT.1|P4_AAH1	P4_AAH1
ATTGAGCAGGCAGGCTAGTAGGCT.1|P4_AAH1	P4_AAH1
ATTGAGGGTTGGTTACATGTTGAC.1|P4_AAH1	P4_AAH1
ATTGAGTCACTAAGGCAGTAGGCT.1|P4_AAH1	P4_AAH1
ATTGAGTCAGAAACTTATGTTGAC.1|P4_AAH1	P4_AAH1
ATTGAGTCATAGCCGGAGTAGGCT.1|P4_AAH1	P4_AAH1
ATTGATGAGCTGATTTATGTTGAC.1|P4_AAH1	P4_AAH1
ATTGATGAGGCGCAACATGTTGAC.1|P4_AAH1	P4_AAH1
ATTGCATTCCTTATGGAGTAGGCT.1|P4_AAH1	P4_AAH1
ATTGCATTCGCTTGCGATGTTGAC.1|P4_AAH1	P4_AAH1
ATTGCCTCAAGCCTCCATGTTGAC.1|P4_AAH1	P4_AAH1
ATTGCGACAAAGCCTAATGTTGAC.1|P4_AAH1	P4_AAH1
ATTGCGACAACTAAGTATGTTGAC.1|P4_AAH1	P4_AAH1
ATTGCGACATGTGGGTATGTTGAC.1|P4_AAH1	P4_AAH1
ATTGCGACATTCAACCATGTTGAC.1|P4_AAH1	P4_AAH1
ATTGGCGAGTGATTAGATGTTGAC.1|P4_AAH1	P4_AAH1
ATTGGCTGTATTCAGCATGTTGAC.1|P4_AAH1	P4_AAH1
ATTGGGAGTAATCCTAATGTTGAC.1|P4_AAH1	P4_AAH1
ATTTACGGTCAACATCATGTTGAC.1|P4_AAH1	P4_AAH1
ATTTACGGTTGAATCCATGTTGAC.1|P4_AAH1	P4_AAH1
ATTTAGCTCTTTAAGCAGTAGGCT.1|P4_AAH1	P4_AAH1
ATTTAGGAGAGGAGTAAGTAGGCT.1|P4_AAH1	P4_AAH1
ATTTAGGAGGTTGCTCAGTAGGCT.1|P4_AAH1	P4_AAH1
ATTTAGGAGTGTAATGATGTTGAC.1|P4_AAH1	P4_AAH1
ATTTCCTGTCAATTCAATGTTGAC.1|P4_AAH1	P4_AAH1
ATTTCCTGTCGTTCTCATGTTGAC.1|P4_AAH1	P4_AAH1
ATTTCGAGTATTTCGAATGTTGAC.1|P4_AAH1	P4_AAH1
ATTTGCAGTAATGAACAGTAGGCT.1|P4_AAH1	P4_AAH1
ATTTGCAGTTAGCATCAGTAGGCT.1|P4_AAH1	P4_AAH1
ATTTGCCCAGAAACTTATGTTGAC.1|P4_AAH1	P4_AAH1
ATTTGCCCATCCTTGGAGTAGGCT.1|P4_AAH1	P4_AAH1
ATTTGGTTCATGCATTATGTTGAC.1|P4_AAH1	P4_AAH1
ATTTGGTTCGTCAATTAGTAGGCT.1|P4_AAH1	P4_AAH1
ATTTGTCAGAGGCGGAAGTAGGCT.1|P4_AAH1	P4_AAH1
ATTTGTCAGGCTGGTAAGTAGGCT.1|P4_AAH1	P4_AAH1
ATTTGTGGTTTGCATAAGTAGGCT.1|P4_AAH1	P4_AAH1
CAAACAATCAGCACGAATGTTGAC.1|P4_AAH1	P4_AAH1
CAAACAATCTTCGCTTAGTAGGCT.1|P4_AAH1	P4_AAH1
CAAACAATCTTCGCTTATGTTGAC.1|P4_AAH1	P4_AAH1
CAAACTTTCTGGAAACATGTTGAC.1|P4_AAH1	P4_AAH1
CAAAGCTAGCTTGATTAGTAGGCT.1|P4_AAH1	P4_AAH1
CAAAGCTAGTTGACCCAGTAGGCT.1|P4_AAH1	P4_AAH1
CAAAGCTAGTTGCAGGAGTAGGCT.1|P4_AAH1	P4_AAH1
CAAAGTCAGGGCAGTCATGTTGAC.1|P4_AAH1	P4_AAH1
CAAAGTCAGTTATGGAAGTAGGCT.1|P4_AAH1	P4_AAH1
CAAATCCGTGCGGCTTAGTAGGCT.1|P4_AAH1	P4_AAH1
CAAATCCGTGGAAGCTATGTTGAC.1|P4_AAH1	P4_AAH1
CAAATCCGTTAGTTTGATGTTGAC.1|P4_AAH1	P4_AAH1
CAAATTGAGCTTGATTAGTAGGCT.1|P4_AAH1	P4_AAH1
CAACCAACAGACTCAAAGTAGGCT.1|P4_AAH1	P4_AAH1
CAACCGGCAAGTTGCAAGTAGGCT.1|P4_AAH1	P4_AAH1
CAACCGTTCACAACAAAGTAGGCT.1|P4_AAH1	P4_AAH1
CAACCGTTCCTCAAGCAGTAGGCT.1|P4_AAH1	P4_AAH1
CAACCGTTCGGTCAAGAGTAGGCT.1|P4_AAH1	P4_AAH1
CAACCTATCCGCAACTAGTAGGCT.1|P4_AAH1	P4_AAH1
CAACCTGGTGAACGTAAGTAGGCT.1|P4_AAH1	P4_AAH1
CAACCTGGTGTCCAGCATGTTGAC.1|P4_AAH1	P4_AAH1
CAACCTTCAGCTAGCGATGTTGAC.1|P4_AAH1	P4_AAH1
CAACCTTCATTGCCTGAGTAGGCT.1|P4_AAH1	P4_AAH1
CAACTTAGTGTGACCCAGTAGGCT.1|P4_AAH1	P4_AAH1
CAACTTGTCGGTACCTATGTTGAC.1|P4_AAH1	P4_AAH1
CAAGACTAGAAGTACCAGTAGGCT.1|P4_AAH1	P4_AAH1
CAAGATTCAACAAGTTATGTTGAC.1|P4_AAH1	P4_AAH1
CAAGGCCAGAGGCGGAATGTTGAC.1|P4_AAH1	P4_AAH1
CAAGTCGAGCTAGATAAGTAGGCT.1|P4_AAH1	P4_AAH1
CAAGTCGAGGCTTTATATGTTGAC.1|P4_AAH1	P4_AAH1
CAATACTTCAGGGATTAGTAGGCT.1|P4_AAH1	P4_AAH1
CAATAGCAGTAGCTAAATGTTGAC.1|P4_AAH1	P4_AAH1
CAATAGCAGTTGCAGGAGTAGGCT.1|P4_AAH1	P4_AAH1
CAATAGTCATACCTTAATGTTGAC.1|P4_AAH1	P4_AAH1
CAATCCATCCCTGGTGAGTAGGCT.1|P4_AAH1	P4_AAH1
CAATCCATCCTAAGGGAGTAGGCT.1|P4_AAH1	P4_AAH1
CAATCGCTCGAAGTTAAGTAGGCT.1|P4_AAH1	P4_AAH1
CAATGCCTCCAGAAACAGTAGGCT.1|P4_AAH1	P4_AAH1
CAATGCCTCCCATTGAAGTAGGCT.1|P4_AAH1	P4_AAH1
CAATGCCTCCTAAAGAAGTAGGCT.1|P4_AAH1	P4_AAH1
CAATGGGTCAGTTTACATGTTGAC.1|P4_AAH1	P4_AAH1
CAATGTTTCAAGCTCCATGTTGAC.1|P4_AAH1	P4_AAH1
CAATGTTTCGAGAGAAATGTTGAC.1|P4_AAH1	P4_AAH1
CACAAAGGTGTGACCCAGTAGGCT.1|P4_AAH1	P4_AAH1
CACAAGCCAAGCCACGAGTAGGCT.1|P4_AAH1	P4_AAH1
CACAAGCCACGTAGGTATGTTGAC.1|P4_AAH1	P4_AAH1
CACAAGCCATCACAGAAGTAGGCT.1|P4_AAH1	P4_AAH1
CACAAGGTCGATATGAAGTAGGCT.1|P4_AAH1	P4_AAH1
CACAAGGTCTAGTTACATGTTGAC.1|P4_AAH1	P4_AAH1
CACAATAAGGGTGGGAAGTAGGCT.1|P4_AAH1	P4_AAH1
CACATAAAGGTTGGGCAGTAGGCT.1|P4_AAH1	P4_AAH1
CACATAAAGTGTTTCGATGTTGAC.1|P4_AAH1	P4_AAH1
CACATAAAGTTGCGGAAGTAGGCT.1|P4_AAH1	P4_AAH1
CACCAACTCTGCAACCATGTTGAC.1|P4_AAH1	P4_AAH1
CACCCATAGTGTGCAGAGTAGGCT.1|P4_AAH1	P4_AAH1
CACCCATAGTTACCTGAGTAGGCT.1|P4_AAH1	P4_AAH1
CACCTGGTCATCAAGAATGTTGAC.1|P4_AAH1	P4_AAH1
CACCTGGTCTATTGACATGTTGAC.1|P4_AAH1	P4_AAH1
CACGAACCAATGTGGCATGTTGAC.1|P4_AAH1	P4_AAH1
CACGAACCAGGTTTCTAGTAGGCT.1|P4_AAH1	P4_AAH1
CACGCATTCCATCCTTAGTAGGCT.1|P4_AAH1	P4_AAH1
CACGCATTCCTCAAGCAGTAGGCT.1|P4_AAH1	P4_AAH1
CACGCATTCCTCCCACATGTTGAC.1|P4_AAH1	P4_AAH1
CACGCATTCGATTACTAGTAGGCT.1|P4_AAH1	P4_AAH1
CACGTTATCAAGATGCATGTTGAC.1|P4_AAH1	P4_AAH1
CACGTTATCTTCGCTTATGTTGAC.1|P4_AAH1	P4_AAH1
CACTAACGTGAACGACATGTTGAC.1|P4_AAH1	P4_AAH1
CACTAGCTCTGGCTACAGTAGGCT.1|P4_AAH1	P4_AAH1
CACTATGTCAGGTTAAATGTTGAC.1|P4_AAH1	P4_AAH1
CACTATGTCCAGCTACAGTAGGCT.1|P4_AAH1	P4_AAH1
CACTCCCTCGGTTATTATGTTGAC.1|P4_AAH1	P4_AAH1
CACTCCCTCTTTGGTGAGTAGGCT.1|P4_AAH1	P4_AAH1
CACTGTCAGGTATGGTATGTTGAC.1|P4_AAH1	P4_AAH1
CACTGTCAGGTTACTTAGTAGGCT.1|P4_AAH1	P4_AAH1
CACTGTCAGTTACATCAGTAGGCT.1|P4_AAH1	P4_AAH1
CACTTGATCTCAGCACATGTTGAC.1|P4_AAH1	P4_AAH1
CACTTTACACCAGCCTAGTAGGCT.1|P4_AAH1	P4_AAH1
CAGATAATCATTTAGCAGTAGGCT.1|P4_AAH1	P4_AAH1
CAGATAATCCGTCAACAGTAGGCT.1|P4_AAH1	P4_AAH1
CAGCAATAGTAAGCACAGTAGGCT.1|P4_AAH1	P4_AAH1
CAGCCAGCACGGGCTAATGTTGAC.1|P4_AAH1	P4_AAH1
CAGCCAGCACTATGGAATGTTGAC.1|P4_AAH1	P4_AAH1
CAGCTGGCACCGGTAGATGTTGAC.1|P4_AAH1	P4_AAH1
CAGCTGGCAGCTCATTAGTAGGCT.1|P4_AAH1	P4_AAH1
CAGGATCCAAGCTCAAATGTTGAC.1|P4_AAH1	P4_AAH1
CAGGATCCACATAGATATGTTGAC.1|P4_AAH1	P4_AAH1
CAGGATCCAGACTCAAAGTAGGCT.1|P4_AAH1	P4_AAH1
CAGGATCCATTGCCCAAGTAGGCT.1|P4_AAH1	P4_AAH1
CAGGATTAGAACCTCCAGTAGGCT.1|P4_AAH1	P4_AAH1
CAGGATTAGCAGGTTGAGTAGGCT.1|P4_AAH1	P4_AAH1
CAGGATTAGTCAATAGATGTTGAC.1|P4_AAH1	P4_AAH1
CAGGCGAGTACTTCAAAGTAGGCT.1|P4_AAH1	P4_AAH1
CAGGCTAAGACTCAAAATGTTGAC.1|P4_AAH1	P4_AAH1
CAGGCTAAGGCTTAGGATGTTGAC.1|P4_AAH1	P4_AAH1
CAGGGCAGTCACACCAATGTTGAC.1|P4_AAH1	P4_AAH1
CAGGTATAGATAACGCATGTTGAC.1|P4_AAH1	P4_AAH1
CAGGTATAGTGAATCAATGTTGAC.1|P4_AAH1	P4_AAH1
CAGGTCAAGCTTGAGGAGTAGGCT.1|P4_AAH1	P4_AAH1
CAGGTTCTCATTAGCTATGTTGAC.1|P4_AAH1	P4_AAH1
CAGGTTCTCCATAACTATGTTGAC.1|P4_AAH1	P4_AAH1
CAGGTTCTCCTTTGTCAGTAGGCT.1|P4_AAH1	P4_AAH1
CAGGTTGAGCTCGATCAGTAGGCT.1|P4_AAH1	P4_AAH1
CAGGTTGAGTGGCTTCATGTTGAC.1|P4_AAH1	P4_AAH1
CAGGTTGAGTGTGCAGAGTAGGCT.1|P4_AAH1	P4_AAH1
CAGGTTTGTTTGTCCCAGTAGGCT.1|P4_AAH1	P4_AAH1
CAGTATTTCATGAATGATGTTGAC.1|P4_AAH1	P4_AAH1
CAGTGAAGTAGCTTGTAGTAGGCT.1|P4_AAH1	P4_AAH1
CAGTGAAGTGGACCCTATGTTGAC.1|P4_AAH1	P4_AAH1
CATAAACCACTTTATGATGTTGAC.1|P4_AAH1	P4_AAH1
CATAATCTCACCACACATGTTGAC.1|P4_AAH1	P4_AAH1
CATAATCTCAGTAGCGAGTAGGCT.1|P4_AAH1	P4_AAH1
CATAATCTCCATAGGGAGTAGGCT.1|P4_AAH1	P4_AAH1
CATAATCTCCTAAAGAATGTTGAC.1|P4_AAH1	P4_AAH1
CATAATGAGCTTACTGAGTAGGCT.1|P4_AAH1	P4_AAH1
CATAGAGGTTAATGCCAGTAGGCT.1|P4_AAH1	P4_AAH1
CATAGCGAGTTACACTATGTTGAC.1|P4_AAH1	P4_AAH1
CATAGCGAGTTGGCCTAGTAGGCT.1|P4_AAH1	P4_AAH1
CATAGCTGTGAAGCACAGTAGGCT.1|P4_AAH1	P4_AAH1
CATAGCTGTTAGGTGAAGTAGGCT.1|P4_AAH1	P4_AAH1
CATAGGCCAAGTGCACAGTAGGCT.1|P4_AAH1	P4_AAH1
CATAGGGTCAGGCTGAAGTAGGCT.1|P4_AAH1	P4_AAH1
CATAGGTAGAACCTAAATGTTGAC.1|P4_AAH1	P4_AAH1
CATAGGTAGCTTGAAAATGTTGAC.1|P4_AAH1	P4_AAH1
CATCAAGCACCTATCGATGTTGAC.1|P4_AAH1	P4_AAH1
CATCAATTCCCTCGCTATGTTGAC.1|P4_AAH1	P4_AAH1
CATCAATTCGAAACTAAGTAGGCT.1|P4_AAH1	P4_AAH1
CATCAATTCGACTTGCATGTTGAC.1|P4_AAH1	P4_AAH1
CATCAATTCTAGCCTAATGTTGAC.1|P4_AAH1	P4_AAH1
CATCAATTCTCACAATATGTTGAC.1|P4_AAH1	P4_AAH1
CATCATGTCCATAAAGAGTAGGCT.1|P4_AAH1	P4_AAH1
CATCATGTCCGGATAGAGTAGGCT.1|P4_AAH1	P4_AAH1
CATCCTGCACCACATTAGTAGGCT.1|P4_AAH1	P4_AAH1
CATCCTGCACTATCACAGTAGGCT.1|P4_AAH1	P4_AAH1
CATCCTTTCCGGCTCAAGTAGGCT.1|P4_AAH1	P4_AAH1
CATCCTTTCTTTAAGCATGTTGAC.1|P4_AAH1	P4_AAH1
CATCGGTTCCCATAGCAGTAGGCT.1|P4_AAH1	P4_AAH1
CATCGGTTCGGTAAGTAGTAGGCT.1|P4_AAH1	P4_AAH1
CATCTTGAGTGATTAGAGTAGGCT.1|P4_AAH1	P4_AAH1
CATGAAGGTACGTAAGAGTAGGCT.1|P4_AAH1	P4_AAH1
CATGAAGGTACTTATGAGTAGGCT.1|P4_AAH1	P4_AAH1
CATGAAGGTCGTTCTCATGTTGAC.1|P4_AAH1	P4_AAH1
CATGCTGGTTTGCAACAGTAGGCT.1|P4_AAH1	P4_AAH1
CATGCTTCATCAAGCAATGTTGAC.1|P4_AAH1	P4_AAH1
CATGGTTGTGTCCAGCAGTAGGCT.1|P4_AAH1	P4_AAH1
CATGTTGTCGAGGTTGAGTAGGCT.1|P4_AAH1	P4_AAH1
CATGTTGTCGCTCAGTAGTAGGCT.1|P4_AAH1	P4_AAH1
CATGTTGTCTGTCAGCAGTAGGCT.1|P4_AAH1	P4_AAH1
CATTACGTCACATTCGATGTTGAC.1|P4_AAH1	P4_AAH1
CATTACGTCGAAGCATAGTAGGCT.1|P4_AAH1	P4_AAH1
CATTAGGCAACAGCACAGTAGGCT.1|P4_AAH1	P4_AAH1
CATTAGGCATAGCGACATGTTGAC.1|P4_AAH1	P4_AAH1
CATTATGGTTGTTGGTAGTAGGCT.1|P4_AAH1	P4_AAH1
CATTCCTTCAATTGGAAGTAGGCT.1|P4_AAH1	P4_AAH1
CATTCCTTCAGCACAGATGTTGAC.1|P4_AAH1	P4_AAH1
CATTCCTTCAGTTAGAATGTTGAC.1|P4_AAH1	P4_AAH1
CATTCCTTCGTAAAGCATGTTGAC.1|P4_AAH1	P4_AAH1
CATTGAAAGCGAGGGAATGTTGAC.1|P4_AAH1	P4_AAH1
CATTGACGTGGGAACTATGTTGAC.1|P4_AAH1	P4_AAH1
CATTGACGTTAACGGAAGTAGGCT.1|P4_AAH1	P4_AAH1
CATTGACGTTTAACCAATGTTGAC.1|P4_AAH1	P4_AAH1
CATTGTCCACCATACTATGTTGAC.1|P4_AAH1	P4_AAH1
CATTGTCCATAGCGCGAGTAGGCT.1|P4_AAH1	P4_AAH1
CATTGTCCATCCCAATATGTTGAC.1|P4_AAH1	P4_AAH1
CATTTCGAGGAACCATATGTTGAC.1|P4_AAH1	P4_AAH1
CATTTGGTCAGCACGAAGTAGGCT.1|P4_AAH1	P4_AAH1
CATTTGGTCAGGCATGATGTTGAC.1|P4_AAH1	P4_AAH1
CATTTGGTCAGGCTGAATGTTGAC.1|P4_AAH1	P4_AAH1
CATTTGGTCCTCCCACATGTTGAC.1|P4_AAH1	P4_AAH1
CATTTGGTCGACTCACAGTAGGCT.1|P4_AAH1	P4_AAH1
CCAAACCTCAGGTAGTAGTAGGCT.1|P4_AAH1	P4_AAH1
CCAAGACCACTTTGTAAGTAGGCT.1|P4_AAH1	P4_AAH1
CCAAGCTTCAAAGGCTATGTTGAC.1|P4_AAH1	P4_AAH1
CCAAGCTTCCATAAAGATGTTGAC.1|P4_AAH1	P4_AAH1
CCAAGGATCAGGAGCCAGTAGGCT.1|P4_AAH1	P4_AAH1
CCAAGGATCGAACGTGATGTTGAC.1|P4_AAH1	P4_AAH1
CCAAGGATCGCGGATAAGTAGGCT.1|P4_AAH1	P4_AAH1
CCAAGGATCTAATCACATGTTGAC.1|P4_AAH1	P4_AAH1
CCAAGGATCTGTCAATAGTAGGCT.1|P4_AAH1	P4_AAH1
CCAATACGTTAGCATCAGTAGGCT.1|P4_AAH1	P4_AAH1
CCAATTAGTAAGCGTAATGTTGAC.1|P4_AAH1	P4_AAH1
CCAATTAGTGGCTCACAGTAGGCT.1|P4_AAH1	P4_AAH1
CCACATTCAACTAGTGAGTAGGCT.1|P4_AAH1	P4_AAH1
CCACATTCATGAGGGAAGTAGGCT.1|P4_AAH1	P4_AAH1
CCACATTCATGTGGCGAGTAGGCT.1|P4_AAH1	P4_AAH1
CCACTAATCAATTGGAAGTAGGCT.1|P4_AAH1	P4_AAH1
CCACTAATCAGGCAATATGTTGAC.1|P4_AAH1	P4_AAH1
CCACTAATCATTTGCGATGTTGAC.1|P4_AAH1	P4_AAH1
CCACTAATCCCACATAAGTAGGCT.1|P4_AAH1	P4_AAH1
CCACTAATCTCAAGAAAGTAGGCT.1|P4_AAH1	P4_AAH1
CCACTATCACGTAGTAATGTTGAC.1|P4_AAH1	P4_AAH1
CCAGAAAGTGCTCATGAGTAGGCT.1|P4_AAH1	P4_AAH1
CCAGAAAGTGCTCATGATGTTGAC.1|P4_AAH1	P4_AAH1
CCAGAAAGTTCCGCAAATGTTGAC.1|P4_AAH1	P4_AAH1
CCAGAAAGTTTATGGCAGTAGGCT.1|P4_AAH1	P4_AAH1
CCAGCTAGTAATGAACATGTTGAC.1|P4_AAH1	P4_AAH1
CCAGCTAGTATCCGCAAGTAGGCT.1|P4_AAH1	P4_AAH1
CCAGCTAGTCAATTCAAGTAGGCT.1|P4_AAH1	P4_AAH1
CCAGCTAGTCTGTGATATGTTGAC.1|P4_AAH1	P4_AAH1
CCAGCTAGTTGCTGTGATGTTGAC.1|P4_AAH1	P4_AAH1
CCAGGTTTCTGGAAACATGTTGAC.1|P4_AAH1	P4_AAH1
CCATAACGTACGTCCAAGTAGGCT.1|P4_AAH1	P4_AAH1
CCATAACGTCATGATCAGTAGGCT.1|P4_AAH1	P4_AAH1
CCATCACAGCACGTTCAGTAGGCT.1|P4_AAH1	P4_AAH1
CCATCACAGGAGCCGTAGTAGGCT.1|P4_AAH1	P4_AAH1
CCATCACAGGCGCAGTATGTTGAC.1|P4_AAH1	P4_AAH1
CCATCAGGTGAACGACAGTAGGCT.1|P4_AAH1	P4_AAH1
CCATCAGGTGAACGACATGTTGAC.1|P4_AAH1	P4_AAH1
CCATCAGGTGCTCCTTATGTTGAC.1|P4_AAH1	P4_AAH1
CCATCATCAAGTTGCAATGTTGAC.1|P4_AAH1	P4_AAH1
CCATCCCTCCATCCGGATGTTGAC.1|P4_AAH1	P4_AAH1
CCATCCCTCGCACACTATGTTGAC.1|P4_AAH1	P4_AAH1
CCATGGTTCCGAAAGTAGTAGGCT.1|P4_AAH1	P4_AAH1
CCATGGTTCTTGAAGAATGTTGAC.1|P4_AAH1	P4_AAH1
CCATTAAGTAAAGCGCATGTTGAC.1|P4_AAH1	P4_AAH1
CCATTAAGTCTCAGCAATGTTGAC.1|P4_AAH1	P4_AAH1
CCATTAGTCATTAGCTATGTTGAC.1|P4_AAH1	P4_AAH1
CCATTAGTCGGGATGCATGTTGAC.1|P4_AAH1	P4_AAH1
CCATTAGTCTTACTCCAGTAGGCT.1|P4_AAH1	P4_AAH1
CCATTAGTCTTCGCCCAGTAGGCT.1|P4_AAH1	P4_AAH1
CCATTCGCATCGATAGATGTTGAC.1|P4_AAH1	P4_AAH1
CCATTGTCATCATCACAGTAGGCT.1|P4_AAH1	P4_AAH1
CCCAACTAGGTCAATAAGTAGGCT.1|P4_AAH1	P4_AAH1
CCCACCTTCCAGAAACAGTAGGCT.1|P4_AAH1	P4_AAH1
CCCATAATCGCGTTCGATGTTGAC.1|P4_AAH1	P4_AAH1
CCCATAGGTACGTCCAAGTAGGCT.1|P4_AAH1	P4_AAH1
CCCATAGGTCACAGGGATGTTGAC.1|P4_AAH1	P4_AAH1
CCCATAGGTTGGTTACATGTTGAC.1|P4_AAH1	P4_AAH1
CCCATTAAGAGGTTCGAGTAGGCT.1|P4_AAH1	P4_AAH1
CCCATTCGTAATCCTAATGTTGAC.1|P4_AAH1	P4_AAH1
CCCATTCGTCTGTCAGAGTAGGCT.1|P4_AAH1	P4_AAH1
CCCATTCGTGCCCTTTAGTAGGCT.1|P4_AAH1	P4_AAH1
CCCATTCGTGCCCTTTATGTTGAC.1|P4_AAH1	P4_AAH1
CCCATTCGTGTTAGTCATGTTGAC.1|P4_AAH1	P4_AAH1
CCCGAACGTCATCCCTAGTAGGCT.1|P4_AAH1	P4_AAH1
CCCGAACGTCTCAGCAATGTTGAC.1|P4_AAH1	P4_AAH1
CCCGAACGTTTCAGGTATGTTGAC.1|P4_AAH1	P4_AAH1
CCCGAAGCATGTGGGTAGTAGGCT.1|P4_AAH1	P4_AAH1
CCCGTAAGTAGTAGGCATGTTGAC.1|P4_AAH1	P4_AAH1
CCCGTAGTCTGCAACCATGTTGAC.1|P4_AAH1	P4_AAH1
CCCTAAGGTACGTTACATGTTGAC.1|P4_AAH1	P4_AAH1
CCCTAAGGTCCACAATAGTAGGCT.1|P4_AAH1	P4_AAH1
CCCTAAGGTCCTGACAAGTAGGCT.1|P4_AAH1	P4_AAH1
CCCTAAGGTCGTAACTATGTTGAC.1|P4_AAH1	P4_AAH1
CCCTAAGGTGCTTCGAAGTAGGCT.1|P4_AAH1	P4_AAH1
CCCTGACCAAATGACTAGTAGGCT.1|P4_AAH1	P4_AAH1
CCCTGACCATTACTCAAGTAGGCT.1|P4_AAH1	P4_AAH1
CCCTGAGTCGTAACCCAGTAGGCT.1|P4_AAH1	P4_AAH1
CCCTGATAGACTAATGAGTAGGCT.1|P4_AAH1	P4_AAH1
CCCTGGATCAATTTGCAGTAGGCT.1|P4_AAH1	P4_AAH1
CCCTGGATCCAGGAATAGTAGGCT.1|P4_AAH1	P4_AAH1
CCCTGGATCTTCAAGTATGTTGAC.1|P4_AAH1	P4_AAH1
CCCTGTGAGCTCGACTAGTAGGCT.1|P4_AAH1	P4_AAH1
CCCTGTTGTATGGTCTATGTTGAC.1|P4_AAH1	P4_AAH1
CCCTGTTGTGACCTGCAGTAGGCT.1|P4_AAH1	P4_AAH1
CCCTTCGGTGTGAGTAAGTAGGCT.1|P4_AAH1	P4_AAH1
CCCTTCGGTTGCGGGAATGTTGAC.1|P4_AAH1	P4_AAH1
CCGAAAGTCATAATGGAGTAGGCT.1|P4_AAH1	P4_AAH1
CCGAAAGTCTTCGCCCATGTTGAC.1|P4_AAH1	P4_AAH1
CCGATACTCAAACTTCATGTTGAC.1|P4_AAH1	P4_AAH1
CCGATACTCAGCTACCAGTAGGCT.1|P4_AAH1	P4_AAH1
CCGATACTCATGACAAAGTAGGCT.1|P4_AAH1	P4_AAH1
CCGATACTCGATATTCATGTTGAC.1|P4_AAH1	P4_AAH1
CCGATACTCTAACCTGAGTAGGCT.1|P4_AAH1	P4_AAH1
CCGATTGGTTGTCAGTAGTAGGCT.1|P4_AAH1	P4_AAH1
CCGATTGGTTTGCATAATGTTGAC.1|P4_AAH1	P4_AAH1
CCGCATTAGGTTATGAATGTTGAC.1|P4_AAH1	P4_AAH1
CCGCTAAGTCAACATCAGTAGGCT.1|P4_AAH1	P4_AAH1
CCGCTAAGTGTTAGCTAGTAGGCT.1|P4_AAH1	P4_AAH1
CCGCTAAGTTAGACTCATGTTGAC.1|P4_AAH1	P4_AAH1
CCGCTATAGCAATTGAAGTAGGCT.1|P4_AAH1	P4_AAH1
CCGCTTACACTTCGATATGTTGAC.1|P4_AAH1	P4_AAH1
CCGGCTATCACAGATAAGTAGGCT.1|P4_AAH1	P4_AAH1
CCGGCTATCACTATGTAGTAGGCT.1|P4_AAH1	P4_AAH1
CCGGCTATCCGTTAGCATGTTGAC.1|P4_AAH1	P4_AAH1
CCGGCTATCGGTAAGTAGTAGGCT.1|P4_AAH1	P4_AAH1
CCGTACGTCTGGTCTAAGTAGGCT.1|P4_AAH1	P4_AAH1
CCGTACGTCTTAAGCTATGTTGAC.1|P4_AAH1	P4_AAH1
CCGTTGTAGATAACGCAGTAGGCT.1|P4_AAH1	P4_AAH1
CCTAACCAGACAGACTATGTTGAC.1|P4_AAH1	P4_AAH1
CCTAACCAGCGAAGTTAGTAGGCT.1|P4_AAH1	P4_AAH1
CCTAACGGTAACCCATATGTTGAC.1|P4_AAH1	P4_AAH1
CCTAACGGTACGAATGATGTTGAC.1|P4_AAH1	P4_AAH1
CCTAACGGTCCACAATATGTTGAC.1|P4_AAH1	P4_AAH1
CCTAACTCAAGCCAGTAGTAGGCT.1|P4_AAH1	P4_AAH1
CCTAACTCAAGTGGCTAGTAGGCT.1|P4_AAH1	P4_AAH1
CCTAAGGAGGCAGGCTAGTAGGCT.1|P4_AAH1	P4_AAH1
CCTAAGGAGTCTAACTAGTAGGCT.1|P4_AAH1	P4_AAH1
CCTAATCCACTATGGAATGTTGAC.1|P4_AAH1	P4_AAH1
CCTACCTGTGCATCGCATGTTGAC.1|P4_AAH1	P4_AAH1
CCTACTTTCAGGTTAAATGTTGAC.1|P4_AAH1	P4_AAH1
CCTACTTTCTTTGGATAGTAGGCT.1|P4_AAH1	P4_AAH1
CCTAGAGAGGAGGCCTATGTTGAC.1|P4_AAH1	P4_AAH1
CCTAGGTTCGGTACGAAGTAGGCT.1|P4_AAH1	P4_AAH1
CCTATGATCAGGTAACAGTAGGCT.1|P4_AAH1	P4_AAH1
CCTATGATCCTTTGGAATGTTGAC.1|P4_AAH1	P4_AAH1
CCTATGATCGCTTGCGAGTAGGCT.1|P4_AAH1	P4_AAH1
CCTATGGGTAGCCTTGATGTTGAC.1|P4_AAH1	P4_AAH1
CCTATGGGTTTGAGCTATGTTGAC.1|P4_AAH1	P4_AAH1
CCTATTGAGTAACTTCAGTAGGCT.1|P4_AAH1	P4_AAH1
CCTATTTGTTAAGCTCATGTTGAC.1|P4_AAH1	P4_AAH1
CCTCAAGGTCAATGTCATGTTGAC.1|P4_AAH1	P4_AAH1
CCTCAAGGTTATGAGGAGTAGGCT.1|P4_AAH1	P4_AAH1
CCTCAATCAACTAAGTAGTAGGCT.1|P4_AAH1	P4_AAH1
CCTCAATCATCCACCAAGTAGGCT.1|P4_AAH1	P4_AAH1
CCTCACACATCCAAGAATGTTGAC.1|P4_AAH1	P4_AAH1
CCTCCAACAACTAAACATGTTGAC.1|P4_AAH1	P4_AAH1
CCTCCAACACCTATCGATGTTGAC.1|P4_AAH1	P4_AAH1
CCTCCAACACTGACAAAGTAGGCT.1|P4_AAH1	P4_AAH1
CCTCCAACAGCTGCTCAGTAGGCT.1|P4_AAH1	P4_AAH1
CCTCCAACATACCTTAATGTTGAC.1|P4_AAH1	P4_AAH1
CCTCGATAGATGATTGATGTTGAC.1|P4_AAH1	P4_AAH1
CCTCGATAGTTACATCATGTTGAC.1|P4_AAH1	P4_AAH1
CCTCGATAGTTATTGCATGTTGAC.1|P4_AAH1	P4_AAH1
CCTGATTCACCGTTTGATGTTGAC.1|P4_AAH1	P4_AAH1
CCTGGTAGTATTGCGTATGTTGAC.1|P4_AAH1	P4_AAH1
CCTGGTAGTGAACCAAAGTAGGCT.1|P4_AAH1	P4_AAH1
CCTGGTCCAAAGTGCCATGTTGAC.1|P4_AAH1	P4_AAH1
CCTGGTCCAAATAACCATGTTGAC.1|P4_AAH1	P4_AAH1
CCTGTTGCAAGAACAAATGTTGAC.1|P4_AAH1	P4_AAH1
CCTGTTGCAAGATGCCATGTTGAC.1|P4_AAH1	P4_AAH1
CCTGTTGCATAGACCAAGTAGGCT.1|P4_AAH1	P4_AAH1
CCTGTTGCATCCGTCAAGTAGGCT.1|P4_AAH1	P4_AAH1
CCTTAATAGCAATCCCAGTAGGCT.1|P4_AAH1	P4_AAH1
CCTTAATAGGTCAAGTATGTTGAC.1|P4_AAH1	P4_AAH1
CCTTATGAGAAGGTTCAGTAGGCT.1|P4_AAH1	P4_AAH1
CCTTATTGTCATCAGTATGTTGAC.1|P4_AAH1	P4_AAH1
CCTTATTGTCATTATGAGTAGGCT.1|P4_AAH1	P4_AAH1
CCTTCCTCAATCAAACAGTAGGCT.1|P4_AAH1	P4_AAH1
CCTTGAATCCTAAGGGATGTTGAC.1|P4_AAH1	P4_AAH1
CCTTGAATCTTAAGCTAGTAGGCT.1|P4_AAH1	P4_AAH1
CCTTGAGGTCATGATCATGTTGAC.1|P4_AAH1	P4_AAH1
CCTTGAGGTGATGCAAAGTAGGCT.1|P4_AAH1	P4_AAH1
CCTTGAGGTGATGCAAATGTTGAC.1|P4_AAH1	P4_AAH1
CCTTGAGGTTACCGTGAGTAGGCT.1|P4_AAH1	P4_AAH1
CGAAATGGTAAACCCTAGTAGGCT.1|P4_AAH1	P4_AAH1
CGAAGAAAGCACTACCATGTTGAC.1|P4_AAH1	P4_AAH1
CGAAGAAAGGATGCATATGTTGAC.1|P4_AAH1	P4_AAH1
CGAAGGTGTTAGACTCAGTAGGCT.1|P4_AAH1	P4_AAH1
CGAATAGGTCGTTCTCAGTAGGCT.1|P4_AAH1	P4_AAH1
CGAATAGGTGTTAGCTATGTTGAC.1|P4_AAH1	P4_AAH1
CGAATATCAGGGCTATATGTTGAC.1|P4_AAH1	P4_AAH1
CGACAAAGTCCACAATATGTTGAC.1|P4_AAH1	P4_AAH1
CGACAAAGTGTTAGTCATGTTGAC.1|P4_AAH1	P4_AAH1
CGACACAAGGTATAGCATGTTGAC.1|P4_AAH1	P4_AAH1
CGACACCGTGTGATGAAGTAGGCT.1|P4_AAH1	P4_AAH1
CGACACCGTTTCGCCTAGTAGGCT.1|P4_AAH1	P4_AAH1
CGACATTGTCATGATCATGTTGAC.1|P4_AAH1	P4_AAH1
CGACATTGTTTCCTCAATGTTGAC.1|P4_AAH1	P4_AAH1
CGACCGTGTGCGGAATAGTAGGCT.1|P4_AAH1	P4_AAH1
CGACTCCCAATAGAGAATGTTGAC.1|P4_AAH1	P4_AAH1
CGACTCCCACACTGGGATGTTGAC.1|P4_AAH1	P4_AAH1
CGACTTATCAAGGGTTAGTAGGCT.1|P4_AAH1	P4_AAH1
CGACTTATCTTGATCGAGTAGGCT.1|P4_AAH1	P4_AAH1
CGACTTTCAGGTAGCTAGTAGGCT.1|P4_AAH1	P4_AAH1
CGACTTTCAGGTAGCTATGTTGAC.1|P4_AAH1	P4_AAH1
CGACTTTCATAGCCTTATGTTGAC.1|P4_AAH1	P4_AAH1
CGAGAGGAGGACTTGGAGTAGGCT.1|P4_AAH1	P4_AAH1
CGAGCGAGTCAACAAGAGTAGGCT.1|P4_AAH1	P4_AAH1
CGAGCTTTCGCGAAATAGTAGGCT.1|P4_AAH1	P4_AAH1
CGAGGAGAGTACCCACATGTTGAC.1|P4_AAH1	P4_AAH1
CGATAAATCACAGCCTATGTTGAC.1|P4_AAH1	P4_AAH1
CGATAAATCGAAACTAAGTAGGCT.1|P4_AAH1	P4_AAH1
CGATAGCCACACCCACAGTAGGCT.1|P4_AAH1	P4_AAH1
CGATAGCCATTTGGGAATGTTGAC.1|P4_AAH1	P4_AAH1
CGATAGGTCCAAATTCATGTTGAC.1|P4_AAH1	P4_AAH1
CGATAGGTCCACAATTAGTAGGCT.1|P4_AAH1	P4_AAH1
CGATAGGTCCTCCCACAGTAGGCT.1|P4_AAH1	P4_AAH1
CGATAGGTCGGTACGAAGTAGGCT.1|P4_AAH1	P4_AAH1
CGATATGCAATTAGACATGTTGAC.1|P4_AAH1	P4_AAH1
CGATATGCAGCACTAAAGTAGGCT.1|P4_AAH1	P4_AAH1
CGATGACCATCAAGCAAGTAGGCT.1|P4_AAH1	P4_AAH1
CGATTACGTCCATAGTAGTAGGCT.1|P4_AAH1	P4_AAH1
CGATTACGTTCAAGCTATGTTGAC.1|P4_AAH1	P4_AAH1
CGATTCATCAGCACAGAGTAGGCT.1|P4_AAH1	P4_AAH1
CGATTTAGTAATGAACAGTAGGCT.1|P4_AAH1	P4_AAH1
CGATTTAGTATTTACGATGTTGAC.1|P4_AAH1	P4_AAH1
CGCAACTTCAGGGATTAGTAGGCT.1|P4_AAH1	P4_AAH1
CGCAACTTCATTAGTCATGTTGAC.1|P4_AAH1	P4_AAH1
CGCAACTTCGATTCTGATGTTGAC.1|P4_AAH1	P4_AAH1
CGCAACTTCTAATGAGATGTTGAC.1|P4_AAH1	P4_AAH1
CGCAACTTCTCTCGCCATGTTGAC.1|P4_AAH1	P4_AAH1
CGCAATCTCGAGCTAGATGTTGAC.1|P4_AAH1	P4_AAH1
CGCAATCTCGGCTAAGATGTTGAC.1|P4_AAH1	P4_AAH1
CGCAATCTCTTAAGCTAGTAGGCT.1|P4_AAH1	P4_AAH1
CGCAATTGTCAAAGGCAGTAGGCT.1|P4_AAH1	P4_AAH1
CGCACAAAGCAAATTGATGTTGAC.1|P4_AAH1	P4_AAH1
CGCACAAAGGGCGGTTAGTAGGCT.1|P4_AAH1	P4_AAH1
CGCACAAAGTACCAGGAGTAGGCT.1|P4_AAH1	P4_AAH1
CGCACATTCCATCCTTAGTAGGCT.1|P4_AAH1	P4_AAH1
CGCACATTCCTGCCAGATGTTGAC.1|P4_AAH1	P4_AAH1
CGCAGCACAAGCTAATATGTTGAC.1|P4_AAH1	P4_AAH1
CGCAGCACAGATTCGAATGTTGAC.1|P4_AAH1	P4_AAH1
CGCAGGTAGAAAGGCAATGTTGAC.1|P4_AAH1	P4_AAH1
CGCATAACACATTGTCATGTTGAC.1|P4_AAH1	P4_AAH1
CGCATAACATCAGGTAATGTTGAC.1|P4_AAH1	P4_AAH1
CGCATGAAGCAATCGGATGTTGAC.1|P4_AAH1	P4_AAH1
CGCATGAAGCTATATCAGTAGGCT.1|P4_AAH1	P4_AAH1
CGCATTTCACGGTCGAAGTAGGCT.1|P4_AAH1	P4_AAH1
CGCCATCCAAGAAATGATGTTGAC.1|P4_AAH1	P4_AAH1
CGCCATCCATCGTTCGAGTAGGCT.1|P4_AAH1	P4_AAH1
CGCGACACAACCGTAAAGTAGGCT.1|P4_AAH1	P4_AAH1
CGCGACACAATCCACTATGTTGAC.1|P4_AAH1	P4_AAH1
CGCGACACACATTCGTAGTAGGCT.1|P4_AAH1	P4_AAH1
CGCGACACACGGGCTAAGTAGGCT.1|P4_AAH1	P4_AAH1
CGCGATAAGAATGGGAAGTAGGCT.1|P4_AAH1	P4_AAH1
CGCGATAAGAATGGGAATGTTGAC.1|P4_AAH1	P4_AAH1
CGCGTGACATAGTCAGAGTAGGCT.1|P4_AAH1	P4_AAH1
CGCTAAACACCTCGACAGTAGGCT.1|P4_AAH1	P4_AAH1
CGCTAAACATGAGCTAATGTTGAC.1|P4_AAH1	P4_AAH1
CGCTACGTCTAAGTCTATGTTGAC.1|P4_AAH1	P4_AAH1
CGCTACTAGCGAAGCCAGTAGGCT.1|P4_AAH1	P4_AAH1
CGCTACTAGGGCCTTTATGTTGAC.1|P4_AAH1	P4_AAH1
CGCTACTAGGTAACTAAGTAGGCT.1|P4_AAH1	P4_AAH1
CGCTACTAGTTTGGTTATGTTGAC.1|P4_AAH1	P4_AAH1
CGCTGGACAAGTAAGAAGTAGGCT.1|P4_AAH1	P4_AAH1
CGCTGGACAATACTGGAGTAGGCT.1|P4_AAH1	P4_AAH1
CGCTGGACAATACTGGATGTTGAC.1|P4_AAH1	P4_AAH1
CGCTGGACACTATCACAGTAGGCT.1|P4_AAH1	P4_AAH1
CGCTGGACATTGGACAATGTTGAC.1|P4_AAH1	P4_AAH1
CGCTTTAAGATGCAACAGTAGGCT.1|P4_AAH1	P4_AAH1
CGCTTTAAGCAAGTTAAGTAGGCT.1|P4_AAH1	P4_AAH1
CGGAACCAGATTGCAAATGTTGAC.1|P4_AAH1	P4_AAH1
CGGAACCAGGACTTAAAGTAGGCT.1|P4_AAH1	P4_AAH1
CGGAACCAGTAATGGCAGTAGGCT.1|P4_AAH1	P4_AAH1
CGGAACCAGTAATGGCATGTTGAC.1|P4_AAH1	P4_AAH1
CGGAACGGTAAGGTTGAGTAGGCT.1|P4_AAH1	P4_AAH1
CGGAACGGTTAGACTCAGTAGGCT.1|P4_AAH1	P4_AAH1
CGGCTAAAGGCTGTGAAGTAGGCT.1|P4_AAH1	P4_AAH1
CGGGATGGTCCAATACATGTTGAC.1|P4_AAH1	P4_AAH1
CGGGTTAAGCCCTTGGATGTTGAC.1|P4_AAH1	P4_AAH1
CGGGTTAAGTGTGCAGATGTTGAC.1|P4_AAH1	P4_AAH1
CGGGTTGCACTAACAGAGTAGGCT.1|P4_AAH1	P4_AAH1
CGGTATTGTTCCGCAAATGTTGAC.1|P4_AAH1	P4_AAH1
CGGTATTGTTTGGGCCATGTTGAC.1|P4_AAH1	P4_AAH1
CGGTCAAAGCCAGAGCAGTAGGCT.1|P4_AAH1	P4_AAH1
CGGTGAGGTGAAGCACAGTAGGCT.1|P4_AAH1	P4_AAH1
CGGTGCACAAGCTCAAATGTTGAC.1|P4_AAH1	P4_AAH1
CGGTGCACACCGGCAAAGTAGGCT.1|P4_AAH1	P4_AAH1
CGGTGCACACCTATCGAGTAGGCT.1|P4_AAH1	P4_AAH1
CGGTGTGCACGTGCTCATGTTGAC.1|P4_AAH1	P4_AAH1
CGGTTAGAGGTAATGCATGTTGAC.1|P4_AAH1	P4_AAH1
CGTAAACAGGACTTGGAGTAGGCT.1|P4_AAH1	P4_AAH1
CGTAAAGGTCCTCATCATGTTGAC.1|P4_AAH1	P4_AAH1
CGTAACGAGCCAAACGAGTAGGCT.1|P4_AAH1	P4_AAH1
CGTAACGAGCGAAGAAAGTAGGCT.1|P4_AAH1	P4_AAH1
CGTAAGTAGGTCAAGTAGTAGGCT.1|P4_AAH1	P4_AAH1
CGTAAGTAGTTACCCAATGTTGAC.1|P4_AAH1	P4_AAH1
CGTAATCGTCGAAGCGAGTAGGCT.1|P4_AAH1	P4_AAH1
CGTAATCGTTACTTCTATGTTGAC.1|P4_AAH1	P4_AAH1
CGTAATTTCATTGAGAATGTTGAC.1|P4_AAH1	P4_AAH1
CGTAATTTCTGTGATTAGTAGGCT.1|P4_AAH1	P4_AAH1
CGTACTTCACCACATTAGTAGGCT.1|P4_AAH1	P4_AAH1
CGTAGCGCAGGAGCAAAGTAGGCT.1|P4_AAH1	P4_AAH1
CGTATATTCAGGTAGTATGTTGAC.1|P4_AAH1	P4_AAH1
CGTCATTCAAACTGGCAGTAGGCT.1|P4_AAH1	P4_AAH1
CGTCCATAGGTAGACTATGTTGAC.1|P4_AAH1	P4_AAH1
CGTGAACCACGTGCTCAGTAGGCT.1|P4_AAH1	P4_AAH1
CGTGAACCACTAGCGGAGTAGGCT.1|P4_AAH1	P4_AAH1
CGTGCGTGTAATAGGTATGTTGAC.1|P4_AAH1	P4_AAH1
CGTGCTTAGATAACGCATGTTGAC.1|P4_AAH1	P4_AAH1
CGTGCTTAGGAAACTCAGTAGGCT.1|P4_AAH1	P4_AAH1
CGTGCTTAGGACAAGAAGTAGGCT.1|P4_AAH1	P4_AAH1
CGTGTCCCAACCTCGCATGTTGAC.1|P4_AAH1	P4_AAH1
CGTGTCCCACCTTCAGAGTAGGCT.1|P4_AAH1	P4_AAH1
CGTGTCCCAGGGATGAATGTTGAC.1|P4_AAH1	P4_AAH1
CGTGTTTCATTCAGGAATGTTGAC.1|P4_AAH1	P4_AAH1
CGTTACATCAAGCCAGATGTTGAC.1|P4_AAH1	P4_AAH1
CGTTACTCAAGTTCCTAGTAGGCT.1|P4_AAH1	P4_AAH1
CGTTACTCACATGAATATGTTGAC.1|P4_AAH1	P4_AAH1
CGTTACTCAGCTGCTCATGTTGAC.1|P4_AAH1	P4_AAH1
CGTTATAGTTAGGCGGATGTTGAC.1|P4_AAH1	P4_AAH1
CGTTATAGTTCCTTCAATGTTGAC.1|P4_AAH1	P4_AAH1
CGTTATGTCCAGGAATATGTTGAC.1|P4_AAH1	P4_AAH1
CGTTATGTCCTGTTCTAGTAGGCT.1|P4_AAH1	P4_AAH1
CGTTATTAGTCATAAGATGTTGAC.1|P4_AAH1	P4_AAH1
CGTTATTAGTCGAAGTATGTTGAC.1|P4_AAH1	P4_AAH1
CGTTATTAGTGATTAGATGTTGAC.1|P4_AAH1	P4_AAH1
CGTTATTAGTGATTTCAGTAGGCT.1|P4_AAH1	P4_AAH1
CGTTCAATCGCAGGACATGTTGAC.1|P4_AAH1	P4_AAH1
CGTTCGTAGACTAATGAGTAGGCT.1|P4_AAH1	P4_AAH1
CGTTCGTAGTTAGGGTAGTAGGCT.1|P4_AAH1	P4_AAH1
CGTTGCGTCAATTGGAATGTTGAC.1|P4_AAH1	P4_AAH1
CGTTGCGTCAATTTGCAGTAGGCT.1|P4_AAH1	P4_AAH1
CGTTGCGTCCGCAATCAGTAGGCT.1|P4_AAH1	P4_AAH1
CGTTGTCAGAGCCGGTAGTAGGCT.1|P4_AAH1	P4_AAH1
CGTTTGGGTTGCCTGAAGTAGGCT.1|P4_AAH1	P4_AAH1
CGTTTGTCAAGATGCCAGTAGGCT.1|P4_AAH1	P4_AAH1
CGTTTGTCAGGTCAACATGTTGAC.1|P4_AAH1	P4_AAH1
CTAAATGAGATGGATCATGTTGAC.1|P4_AAH1	P4_AAH1
CTAAATGAGTACCCACAGTAGGCT.1|P4_AAH1	P4_AAH1
CTAAATGAGTGAATCAAGTAGGCT.1|P4_AAH1	P4_AAH1
CTAACAGCAACGTTAGAGTAGGCT.1|P4_AAH1	P4_AAH1
CTAACAGCAATAGAAGATGTTGAC.1|P4_AAH1	P4_AAH1
CTAACAGCACGGATACATGTTGAC.1|P4_AAH1	P4_AAH1
CTAACCATCATTAGTCATGTTGAC.1|P4_AAH1	P4_AAH1
CTAACCATCCGCCCAAATGTTGAC.1|P4_AAH1	P4_AAH1
CTAACCGGTGTAATGGAGTAGGCT.1|P4_AAH1	P4_AAH1
CTAACCTCAACAGATTAGTAGGCT.1|P4_AAH1	P4_AAH1
CTAAGATCATAGCCTTAGTAGGCT.1|P4_AAH1	P4_AAH1
CTAAGGGTCCGGATAGAGTAGGCT.1|P4_AAH1	P4_AAH1
CTAAGGGTCGGCTAGAATGTTGAC.1|P4_AAH1	P4_AAH1
CTAAGTAAGGTTGTGGATGTTGAC.1|P4_AAH1	P4_AAH1
CTAAGTAAGTCATGAAAGTAGGCT.1|P4_AAH1	P4_AAH1
CTAAGTCGTAGCCCGTAGTAGGCT.1|P4_AAH1	P4_AAH1
CTAATCTAGGAAGCAAAGTAGGCT.1|P4_AAH1	P4_AAH1
CTAATCTAGTTGACGGAGTAGGCT.1|P4_AAH1	P4_AAH1
CTAATGCGTCAATTCAATGTTGAC.1|P4_AAH1	P4_AAH1
CTAATGCGTGACCTTGAGTAGGCT.1|P4_AAH1	P4_AAH1
CTACCAGGTATTCGGTATGTTGAC.1|P4_AAH1	P4_AAH1
CTACCAGGTCACAGGGAGTAGGCT.1|P4_AAH1	P4_AAH1
CTACCAGGTTTACGACATGTTGAC.1|P4_AAH1	P4_AAH1
CTACCATCACGTAATGAGTAGGCT.1|P4_AAH1	P4_AAH1
CTACCATCATCCGCTAATGTTGAC.1|P4_AAH1	P4_AAH1
CTACCCACACGGTAACAGTAGGCT.1|P4_AAH1	P4_AAH1
CTACCCACAGCTAAGCAGTAGGCT.1|P4_AAH1	P4_AAH1
CTACCCACATTACTTGATGTTGAC.1|P4_AAH1	P4_AAH1
CTACCTAAGTTTGACTAGTAGGCT.1|P4_AAH1	P4_AAH1
CTACGAACACCACAAAATGTTGAC.1|P4_AAH1	P4_AAH1
CTACGAACACTAAGCAAGTAGGCT.1|P4_AAH1	P4_AAH1
CTACGAACATACCTTAATGTTGAC.1|P4_AAH1	P4_AAH1
CTACTGATCGGTAAACAGTAGGCT.1|P4_AAH1	P4_AAH1
CTACTGATCTGTGATTATGTTGAC.1|P4_AAH1	P4_AAH1
CTACTGGGTTGTGAGAAGTAGGCT.1|P4_AAH1	P4_AAH1
CTAGATAAGCCATCACAGTAGGCT.1|P4_AAH1	P4_AAH1
CTAGATAAGGACAACTATGTTGAC.1|P4_AAH1	P4_AAH1
CTAGATAAGGATGAAGAGTAGGCT.1|P4_AAH1	P4_AAH1
CTAGATGCAGGCTATAAGTAGGCT.1|P4_AAH1	P4_AAH1
CTAGGCGCAACCGTGGAGTAGGCT.1|P4_AAH1	P4_AAH1
CTAGGCGCATTCCTGGATGTTGAC.1|P4_AAH1	P4_AAH1
CTAGGCTTCAACTGTTAGTAGGCT.1|P4_AAH1	P4_AAH1
CTAGGCTTCATTACCGATGTTGAC.1|P4_AAH1	P4_AAH1
CTAGGCTTCCCATAGCAGTAGGCT.1|P4_AAH1	P4_AAH1
CTAGGCTTCGATTAAGAGTAGGCT.1|P4_AAH1	P4_AAH1
CTAGGTACAAAGGTAAAGTAGGCT.1|P4_AAH1	P4_AAH1
CTAGGTACATTGAAGTATGTTGAC.1|P4_AAH1	P4_AAH1
CTAGGTTGTAAGGCCGATGTTGAC.1|P4_AAH1	P4_AAH1
CTAGGTTGTTTAGTTGATGTTGAC.1|P4_AAH1	P4_AAH1
CTAGTCTCAAGGTGTCATGTTGAC.1|P4_AAH1	P4_AAH1
CTAGTCTCATACTTGCAGTAGGCT.1|P4_AAH1	P4_AAH1
CTATCCGCAGCGGATTAGTAGGCT.1|P4_AAH1	P4_AAH1
CTATGAGCACCTATCGAGTAGGCT.1|P4_AAH1	P4_AAH1
CTATGAGCATATCGCTATGTTGAC.1|P4_AAH1	P4_AAH1
CTATGCTCACAATGGCATGTTGAC.1|P4_AAH1	P4_AAH1
CTATGCTCACCGTTTGAGTAGGCT.1|P4_AAH1	P4_AAH1
CTATGGCTCAATCGCCATGTTGAC.1|P4_AAH1	P4_AAH1
CTATGGGAGATGATTGAGTAGGCT.1|P4_AAH1	P4_AAH1
CTATTACAGCCGCTATAGTAGGCT.1|P4_AAH1	P4_AAH1
CTATTACAGTAATGGCAGTAGGCT.1|P4_AAH1	P4_AAH1
CTATTAGGTCAATACCAGTAGGCT.1|P4_AAH1	P4_AAH1
CTATTAGGTTGTTTGAATGTTGAC.1|P4_AAH1	P4_AAH1
CTATTGGTCAGGTTAAAGTAGGCT.1|P4_AAH1	P4_AAH1
CTCAAATTCTCAAGAAAGTAGGCT.1|P4_AAH1	P4_AAH1
CTCAACATCGCTATATATGTTGAC.1|P4_AAH1	P4_AAH1
CTCAAGACAGAATCGCATGTTGAC.1|P4_AAH1	P4_AAH1
CTCAAGCTCCGCCTCTAGTAGGCT.1|P4_AAH1	P4_AAH1
CTCAAGCTCGAACCTCATGTTGAC.1|P4_AAH1	P4_AAH1
CTCAGCTAGATGAAGGATGTTGAC.1|P4_AAH1	P4_AAH1
CTCAGGGCACCACAAAAGTAGGCT.1|P4_AAH1	P4_AAH1
CTCAGGGCAGCACTAAAGTAGGCT.1|P4_AAH1	P4_AAH1
CTCAGGGCATCAGGTAATGTTGAC.1|P4_AAH1	P4_AAH1
CTCAGGGCATGGATTGATGTTGAC.1|P4_AAH1	P4_AAH1
CTCATAAGTTGCATCGAGTAGGCT.1|P4_AAH1	P4_AAH1
CTCATGATCGGGACTAATGTTGAC.1|P4_AAH1	P4_AAH1
CTCATGATCTCACCTTATGTTGAC.1|P4_AAH1	P4_AAH1
CTCATTACAACAAGTTATGTTGAC.1|P4_AAH1	P4_AAH1
CTCATTACAATAGCTGATGTTGAC.1|P4_AAH1	P4_AAH1
CTCATTACACATAAACATGTTGAC.1|P4_AAH1	P4_AAH1
CTCATTACATACTTGCATGTTGAC.1|P4_AAH1	P4_AAH1
CTCATTACATTGCGCCATGTTGAC.1|P4_AAH1	P4_AAH1
CTCATTACATTTCGACATGTTGAC.1|P4_AAH1	P4_AAH1
CTCCATCGTATAGTGGATGTTGAC.1|P4_AAH1	P4_AAH1
CTCCATCGTTGCGGGAATGTTGAC.1|P4_AAH1	P4_AAH1
CTCCTCTCAAAGCTCAATGTTGAC.1|P4_AAH1	P4_AAH1
CTCCTCTCATCATCACAGTAGGCT.1|P4_AAH1	P4_AAH1
CTCGACTAGCCCTGATAGTAGGCT.1|P4_AAH1	P4_AAH1
CTCGATCAGTTTCAGTATGTTGAC.1|P4_AAH1	P4_AAH1
CTCGCTTGTCCTGACAAGTAGGCT.1|P4_AAH1	P4_AAH1
CTCGCTTGTTGAGTCTAGTAGGCT.1|P4_AAH1	P4_AAH1
CTCGCTTGTTGGGCGAAGTAGGCT.1|P4_AAH1	P4_AAH1
CTCTAACCAACTTAGGATGTTGAC.1|P4_AAH1	P4_AAH1
CTCTAACCATAGACCAATGTTGAC.1|P4_AAH1	P4_AAH1
CTCTAAGTCATCCAGCATGTTGAC.1|P4_AAH1	P4_AAH1
CTCTCAGCATGACCAAAGTAGGCT.1|P4_AAH1	P4_AAH1
CTCTCAGCATTGCCTGATGTTGAC.1|P4_AAH1	P4_AAH1
CTCTCGACAACAAGTTATGTTGAC.1|P4_AAH1	P4_AAH1
CTCTCGACAGGCCTCTAGTAGGCT.1|P4_AAH1	P4_AAH1
CTCTTGAAGAGGCGAGATGTTGAC.1|P4_AAH1	P4_AAH1
CTCTTGAAGTTACCTGATGTTGAC.1|P4_AAH1	P4_AAH1
CTGAATCGTAACCCATAGTAGGCT.1|P4_AAH1	P4_AAH1
CTGAATCGTTAACGAGAGTAGGCT.1|P4_AAH1	P4_AAH1
CTGAATCGTTCGAATCATGTTGAC.1|P4_AAH1	P4_AAH1
CTGAGTCTCAAAGGGAAGTAGGCT.1|P4_AAH1	P4_AAH1
CTGAGTCTCAGCGATGAGTAGGCT.1|P4_AAH1	P4_AAH1
CTGAGTCTCCATCCAAAGTAGGCT.1|P4_AAH1	P4_AAH1
CTGAGTCTCCTTTCGTAGTAGGCT.1|P4_AAH1	P4_AAH1
CTGAGTCTCTAGTTACAGTAGGCT.1|P4_AAH1	P4_AAH1
CTGATCCAGCAGGTCAATGTTGAC.1|P4_AAH1	P4_AAH1
CTGATTTAGACTGAGTAGTAGGCT.1|P4_AAH1	P4_AAH1
CTGATTTAGGATCCCTAGTAGGCT.1|P4_AAH1	P4_AAH1
CTGATTTAGGTCAATAAGTAGGCT.1|P4_AAH1	P4_AAH1
CTGATTTAGTCGCATCATGTTGAC.1|P4_AAH1	P4_AAH1
CTGATTTAGTGTGCAGAGTAGGCT.1|P4_AAH1	P4_AAH1
CTGCAACTCGGTAAACAGTAGGCT.1|P4_AAH1	P4_AAH1
CTGGCTGTCCAAAGGTAGTAGGCT.1|P4_AAH1	P4_AAH1
CTGGCTGTCGCCTCTCATGTTGAC.1|P4_AAH1	P4_AAH1
CTGGTCAGTAAGAATCATGTTGAC.1|P4_AAH1	P4_AAH1
CTGGTGAAGGTTTCGCATGTTGAC.1|P4_AAH1	P4_AAH1
CTGGTTATCCTCAAGCAGTAGGCT.1|P4_AAH1	P4_AAH1
CTGGTTATCGCCTGCAATGTTGAC.1|P4_AAH1	P4_AAH1
CTGGTTATCGCTTGCGAGTAGGCT.1|P4_AAH1	P4_AAH1
CTGTCAATCAGCTACCAGTAGGCT.1|P4_AAH1	P4_AAH1
CTGTCAATCCGCACCAAGTAGGCT.1|P4_AAH1	P4_AAH1
CTGTCATCAGGAATAAATGTTGAC.1|P4_AAH1	P4_AAH1
CTGTGCAGTGAGTAATATGTTGAC.1|P4_AAH1	P4_AAH1
CTGTGCAGTGCCCGATATGTTGAC.1|P4_AAH1	P4_AAH1
CTGTGGCGTACACCCAAGTAGGCT.1|P4_AAH1	P4_AAH1
CTGTTAAGTAGCTTTAAGTAGGCT.1|P4_AAH1	P4_AAH1
CTGTTAAGTCACTATAAGTAGGCT.1|P4_AAH1	P4_AAH1
CTGTTGCAGCTGGACAAGTAGGCT.1|P4_AAH1	P4_AAH1
CTGTTGCAGGGAGGCAAGTAGGCT.1|P4_AAH1	P4_AAH1
CTGTTTACACAATCGAAGTAGGCT.1|P4_AAH1	P4_AAH1
CTTAACAGTCAGGATAATGTTGAC.1|P4_AAH1	P4_AAH1
CTTAACGTCGCTATATAGTAGGCT.1|P4_AAH1	P4_AAH1
CTTAACGTCGGTAACGAGTAGGCT.1|P4_AAH1	P4_AAH1
CTTAACGTCTTAAGGAAGTAGGCT.1|P4_AAH1	P4_AAH1
CTTAAGCGTAACGTTCATGTTGAC.1|P4_AAH1	P4_AAH1
CTTAAGCGTTTGAGCTAGTAGGCT.1|P4_AAH1	P4_AAH1
CTTAAGGCAGCAAGCTATGTTGAC.1|P4_AAH1	P4_AAH1
CTTAATGGTTGCGCTAATGTTGAC.1|P4_AAH1	P4_AAH1
CTTACCGCATCCCTCTAGTAGGCT.1|P4_AAH1	P4_AAH1
CTTACCGCATCGGGCAATGTTGAC.1|P4_AAH1	P4_AAH1
CTTACCGCATCGTTCGAGTAGGCT.1|P4_AAH1	P4_AAH1
CTTACCTTCATTGCATAGTAGGCT.1|P4_AAH1	P4_AAH1
CTTACTGAGGGCGGTTATGTTGAC.1|P4_AAH1	P4_AAH1
CTTACTGAGGTGAGTTAGTAGGCT.1|P4_AAH1	P4_AAH1
CTTACTGAGTAGCGCAATGTTGAC.1|P4_AAH1	P4_AAH1
CTTAGAGCAAGGAATAAGTAGGCT.1|P4_AAH1	P4_AAH1
CTTAGAGCAAGGAATAATGTTGAC.1|P4_AAH1	P4_AAH1
CTTAGAGCAAGGTGTCAGTAGGCT.1|P4_AAH1	P4_AAH1
CTTAGCCAGGAGGCCTATGTTGAC.1|P4_AAH1	P4_AAH1
CTTAGCCAGGCCTTCGAGTAGGCT.1|P4_AAH1	P4_AAH1
CTTAGCGGTAAGCGTAATGTTGAC.1|P4_AAH1	P4_AAH1
CTTAGCGGTGATTAGGATGTTGAC.1|P4_AAH1	P4_AAH1
CTTAGTAGTTGAGCTTATGTTGAC.1|P4_AAH1	P4_AAH1
CTTAGTAGTTGCATCGATGTTGAC.1|P4_AAH1	P4_AAH1
CTTAGTCCAAACAAGAAGTAGGCT.1|P4_AAH1	P4_AAH1
CTTAGTCCAAACAAGAATGTTGAC.1|P4_AAH1	P4_AAH1
CTTAGTCCATTTGGCTAGTAGGCT.1|P4_AAH1	P4_AAH1
CTTAGTGTCTATCACGAGTAGGCT.1|P4_AAH1	P4_AAH1
CTTATGTAGATGGATCAGTAGGCT.1|P4_AAH1	P4_AAH1
CTTATGTAGCTCCCTCATGTTGAC.1|P4_AAH1	P4_AAH1
CTTCAACCAAACTTCCATGTTGAC.1|P4_AAH1	P4_AAH1
CTTCAACCATGTTTCAATGTTGAC.1|P4_AAH1	P4_AAH1
CTTCAATAGACTTAAGATGTTGAC.1|P4_AAH1	P4_AAH1
CTTCAATAGCACTACCATGTTGAC.1|P4_AAH1	P4_AAH1
CTTCCTCCATCACTCGATGTTGAC.1|P4_AAH1	P4_AAH1
CTTCGAATCCAAAGGTAGTAGGCT.1|P4_AAH1	P4_AAH1
CTTCGAATCGATTATCAGTAGGCT.1|P4_AAH1	P4_AAH1
CTTCGCCTCAGCACGAATGTTGAC.1|P4_AAH1	P4_AAH1
CTTCGCCTCCTCACGGAGTAGGCT.1|P4_AAH1	P4_AAH1
CTTCGCCTCGTTCGTAAGTAGGCT.1|P4_AAH1	P4_AAH1
CTTGAACGTACGAACAATGTTGAC.1|P4_AAH1	P4_AAH1
CTTGAACGTGAATCTCATGTTGAC.1|P4_AAH1	P4_AAH1
CTTGAACGTGCACTATAGTAGGCT.1|P4_AAH1	P4_AAH1
CTTGAACGTTGCGGCTAGTAGGCT.1|P4_AAH1	P4_AAH1
CTTGACTCAAAGCCTAAGTAGGCT.1|P4_AAH1	P4_AAH1
CTTGACTCAAGGCGTTATGTTGAC.1|P4_AAH1	P4_AAH1
CTTGACTCACCTTACGAGTAGGCT.1|P4_AAH1	P4_AAH1
CTTGACTCAGTAATACAGTAGGCT.1|P4_AAH1	P4_AAH1
CTTGATGTCGCGCATTATGTTGAC.1|P4_AAH1	P4_AAH1
CTTGATGTCTAACTACAGTAGGCT.1|P4_AAH1	P4_AAH1
CTTGATTAGCAGCCAAAGTAGGCT.1|P4_AAH1	P4_AAH1
CTTGATTAGCTAAACAAGTAGGCT.1|P4_AAH1	P4_AAH1
CTTGCACAGAGAGCAAAGTAGGCT.1|P4_AAH1	P4_AAH1
CTTGCACAGATAGCCGAGTAGGCT.1|P4_AAH1	P4_AAH1
CTTGTGATCAACTTGTAGTAGGCT.1|P4_AAH1	P4_AAH1
CTTGTGATCACTAGGGATGTTGAC.1|P4_AAH1	P4_AAH1
CTTGTGTCAATTAGACAGTAGGCT.1|P4_AAH1	P4_AAH1
CTTTAACAGCTTACTGATGTTGAC.1|P4_AAH1	P4_AAH1
CTTTAACAGGAGGATAATGTTGAC.1|P4_AAH1	P4_AAH1
CTTTAAGGTAAGAATCAGTAGGCT.1|P4_AAH1	P4_AAH1
CTTTAAGGTCAATACCAGTAGGCT.1|P4_AAH1	P4_AAH1
CTTTAAGGTCCTGACAAGTAGGCT.1|P4_AAH1	P4_AAH1
CTTTAGGTCAAGGTCGATGTTGAC.1|P4_AAH1	P4_AAH1
CTTTAGGTCAGGTAGTATGTTGAC.1|P4_AAH1	P4_AAH1
CTTTAGGTCGAAGCATATGTTGAC.1|P4_AAH1	P4_AAH1
CTTTAGGTCTTTGGTGAGTAGGCT.1|P4_AAH1	P4_AAH1
CTTTAGTAGATAGCTAAGTAGGCT.1|P4_AAH1	P4_AAH1
CTTTAGTAGATGAAGGAGTAGGCT.1|P4_AAH1	P4_AAH1
CTTTAGTAGGCAAGTTATGTTGAC.1|P4_AAH1	P4_AAH1
CTTTAGTAGGTATAGCATGTTGAC.1|P4_AAH1	P4_AAH1
CTTTCATGTAGTCATCAGTAGGCT.1|P4_AAH1	P4_AAH1
CTTTCGTTCCCGTTCCATGTTGAC.1|P4_AAH1	P4_AAH1
CTTTCTATCAGTTAGAAGTAGGCT.1|P4_AAH1	P4_AAH1
CTTTCTATCCCGTTCCAGTAGGCT.1|P4_AAH1	P4_AAH1
CTTTCTATCGTAAAGCAGTAGGCT.1|P4_AAH1	P4_AAH1
CTTTGGATCAAGTTAGAGTAGGCT.1|P4_AAH1	P4_AAH1
GAAATACGTGCACAAAATGTTGAC.1|P4_AAH1	P4_AAH1
GAAATACGTGGAAGCTATGTTGAC.1|P4_AAH1	P4_AAH1
GAACAGGCAAGCCAGTATGTTGAC.1|P4_AAH1	P4_AAH1
GAACAGGCATCCGGAGATGTTGAC.1|P4_AAH1	P4_AAH1
GAACGAAAGGTAGTTAAGTAGGCT.1|P4_AAH1	P4_AAH1
GAACGGCTCCTGACTAATGTTGAC.1|P4_AAH1	P4_AAH1
GAACTTAAGAGGCGAGAGTAGGCT.1|P4_AAH1	P4_AAH1
GAACTTAAGAGGCGAGATGTTGAC.1|P4_AAH1	P4_AAH1
GAACTTAAGGATGGTTAGTAGGCT.1|P4_AAH1	P4_AAH1
GAACTTAAGTTGCGGAATGTTGAC.1|P4_AAH1	P4_AAH1
GAAGAATAGTTGGCCTATGTTGAC.1|P4_AAH1	P4_AAH1
GAAGCACGTATTTGTGATGTTGAC.1|P4_AAH1	P4_AAH1
GAAGCCATCAACCGGAATGTTGAC.1|P4_AAH1	P4_AAH1
GAAGCCATCAATGTGAAGTAGGCT.1|P4_AAH1	P4_AAH1
GAAGCCATCAGCCTTAATGTTGAC.1|P4_AAH1	P4_AAH1
GAAGGATCAAATCACGAGTAGGCT.1|P4_AAH1	P4_AAH1
GAAGGATCACATTCGTAGTAGGCT.1|P4_AAH1	P4_AAH1
GAAGGATCATTCGGTTAGTAGGCT.1|P4_AAH1	P4_AAH1
GAAGGCTGTCATCATAAGTAGGCT.1|P4_AAH1	P4_AAH1
GAAGGCTGTCTGTGATATGTTGAC.1|P4_AAH1	P4_AAH1
GAAGGCTGTTGGAGCGAGTAGGCT.1|P4_AAH1	P4_AAH1
GAAGGCTGTTTAACCAAGTAGGCT.1|P4_AAH1	P4_AAH1
GAAGGCTGTTTAACCAATGTTGAC.1|P4_AAH1	P4_AAH1
GAAGTATGTGGATGCGAGTAGGCT.1|P4_AAH1	P4_AAH1
GAAGTATGTTCATTGAAGTAGGCT.1|P4_AAH1	P4_AAH1
GAATAACGTTAACGTCATGTTGAC.1|P4_AAH1	P4_AAH1
GAATCAGGTTCATTAGAGTAGGCT.1|P4_AAH1	P4_AAH1
GAATCGAGTTCTTACTATGTTGAC.1|P4_AAH1	P4_AAH1
GAATCTAAGCTACGTCATGTTGAC.1|P4_AAH1	P4_AAH1
GAATCTAAGGTAAGCTAGTAGGCT.1|P4_AAH1	P4_AAH1
GAATCTAAGTGATGGTAGTAGGCT.1|P4_AAH1	P4_AAH1
GAATGACTCCTGACTAATGTTGAC.1|P4_AAH1	P4_AAH1
GAATGACTCGCTTGACAGTAGGCT.1|P4_AAH1	P4_AAH1
GAATGACTCTTGAAAGAGTAGGCT.1|P4_AAH1	P4_AAH1
GAATGCGTCCGCCACAAGTAGGCT.1|P4_AAH1	P4_AAH1
GAATGCGTCTAAATCCATGTTGAC.1|P4_AAH1	P4_AAH1
GAATGGTTCCAAACAAATGTTGAC.1|P4_AAH1	P4_AAH1
GAATGTCAGCTTATCGATGTTGAC.1|P4_AAH1	P4_AAH1
GAATGTCAGTCTTGCAATGTTGAC.1|P4_AAH1	P4_AAH1
GAATTGATCGATTCTGAGTAGGCT.1|P4_AAH1	P4_AAH1
GAATTGATCGTTCAATATGTTGAC.1|P4_AAH1	P4_AAH1
GACAAACTCTCACCGGAGTAGGCT.1|P4_AAH1	P4_AAH1
GACAATATCACAGGGCAGTAGGCT.1|P4_AAH1	P4_AAH1
GACAATATCCTGGAAGAGTAGGCT.1|P4_AAH1	P4_AAH1
GACAGGCTCTGCAACCATGTTGAC.1|P4_AAH1	P4_AAH1
GACAGTTAGCTTACTGAGTAGGCT.1|P4_AAH1	P4_AAH1
GACAGTTAGGAACCTGAGTAGGCT.1|P4_AAH1	P4_AAH1
GACATCCTCACTATGTATGTTGAC.1|P4_AAH1	P4_AAH1
GACATCCTCAGGCCAAAGTAGGCT.1|P4_AAH1	P4_AAH1
GACATGCCATCTATGCATGTTGAC.1|P4_AAH1	P4_AAH1
GACATTAAGACTATTCATGTTGAC.1|P4_AAH1	P4_AAH1
GACATTGCACTAGCGGAGTAGGCT.1|P4_AAH1	P4_AAH1
GACATTGCACTAGCGGATGTTGAC.1|P4_AAH1	P4_AAH1
GACCAAGTCGGTACGAATGTTGAC.1|P4_AAH1	P4_AAH1
GACCAATAGAAACTCAAGTAGGCT.1|P4_AAH1	P4_AAH1
GACCAGGGTGAAGCACATGTTGAC.1|P4_AAH1	P4_AAH1
GACCAGGGTTCAAGGAAGTAGGCT.1|P4_AAH1	P4_AAH1
GACCCAAAGTAACTTCAGTAGGCT.1|P4_AAH1	P4_AAH1
GACCTCAGTCCAGCACATGTTGAC.1|P4_AAH1	P4_AAH1
GACGAGGAGAGCAATCAGTAGGCT.1|P4_AAH1	P4_AAH1
GACGAGGAGAGGCGTCATGTTGAC.1|P4_AAH1	P4_AAH1
GACGAGGAGCAATCCCATGTTGAC.1|P4_AAH1	P4_AAH1
GACGAGGAGCGGGACTATGTTGAC.1|P4_AAH1	P4_AAH1
GACGAGGAGTAACTTCAGTAGGCT.1|P4_AAH1	P4_AAH1
GACGTAAGTACCGTTGATGTTGAC.1|P4_AAH1	P4_AAH1
GACGTAAGTATTTGTGATGTTGAC.1|P4_AAH1	P4_AAH1
GACGTAAGTGAGAAGGATGTTGAC.1|P4_AAH1	P4_AAH1
GACGTAAGTGGATGCGATGTTGAC.1|P4_AAH1	P4_AAH1
GACGTAAGTGTTAGTCATGTTGAC.1|P4_AAH1	P4_AAH1
GACGTAAGTGTTTGTAATGTTGAC.1|P4_AAH1	P4_AAH1
GACTAAATCGATGAACATGTTGAC.1|P4_AAH1	P4_AAH1
GACTAAATCGTTAGGGAGTAGGCT.1|P4_AAH1	P4_AAH1
GACTAACAGAGGCGGAAGTAGGCT.1|P4_AAH1	P4_AAH1
GACTAACAGTGAGGAAATGTTGAC.1|P4_AAH1	P4_AAH1
GACTAAGGTAAATAGCAGTAGGCT.1|P4_AAH1	P4_AAH1
GACTAGTAGCAAAGCTATGTTGAC.1|P4_AAH1	P4_AAH1
GACTAGTAGCTGATTTAGTAGGCT.1|P4_AAH1	P4_AAH1
GACTAGTAGTACCCACAGTAGGCT.1|P4_AAH1	P4_AAH1
GACTAGTAGTTACCTGATGTTGAC.1|P4_AAH1	P4_AAH1
GACTCAACAACAGGCTATGTTGAC.1|P4_AAH1	P4_AAH1
GACTCAACAAGCCACGATGTTGAC.1|P4_AAH1	P4_AAH1
GACTCAACACTTTATGAGTAGGCT.1|P4_AAH1	P4_AAH1
GACTGAGTCCAAACGGAGTAGGCT.1|P4_AAH1	P4_AAH1
GACTGAGTCGAACGTGAGTAGGCT.1|P4_AAH1	P4_AAH1
GACTGAGTCTTCAAGTAGTAGGCT.1|P4_AAH1	P4_AAH1
GACTTACGTAGCCATTAGTAGGCT.1|P4_AAH1	P4_AAH1
GACTTACGTAGGTTTCATGTTGAC.1|P4_AAH1	P4_AAH1
GACTTCGGTCAAACTCAGTAGGCT.1|P4_AAH1	P4_AAH1
GACTTGCTCACAAACAATGTTGAC.1|P4_AAH1	P4_AAH1
GACTTTGTCTGCCATAAGTAGGCT.1|P4_AAH1	P4_AAH1
GACTTTGTCTTGAAGAAGTAGGCT.1|P4_AAH1	P4_AAH1
GAGACCCAGCAAATCAAGTAGGCT.1|P4_AAH1	P4_AAH1
GAGACCCAGTCTAACTATGTTGAC.1|P4_AAH1	P4_AAH1
GAGATACTCAGGCCTTATGTTGAC.1|P4_AAH1	P4_AAH1
GAGATACTCCAAATAGAGTAGGCT.1|P4_AAH1	P4_AAH1
GAGATACTCCAAATAGATGTTGAC.1|P4_AAH1	P4_AAH1
GAGATACTCCACAACCAGTAGGCT.1|P4_AAH1	P4_AAH1
GAGCATGTCCAGGAATAGTAGGCT.1|P4_AAH1	P4_AAH1
GAGCCTGCACTAGTCTAGTAGGCT.1|P4_AAH1	P4_AAH1
GAGCCTGCAGGATTGCATGTTGAC.1|P4_AAH1	P4_AAH1
GAGCCTGCATTACTCAAGTAGGCT.1|P4_AAH1	P4_AAH1
GAGCTAGTCTAACCATAGTAGGCT.1|P4_AAH1	P4_AAH1
GAGCTATAGACCTTTGATGTTGAC.1|P4_AAH1	P4_AAH1
GAGCTATAGCATCTATAGTAGGCT.1|P4_AAH1	P4_AAH1
GAGCTATAGCCTAGTCATGTTGAC.1|P4_AAH1	P4_AAH1
GAGGATGCACGCCACTAGTAGGCT.1|P4_AAH1	P4_AAH1
GAGGATGCATCCAAGAAGTAGGCT.1|P4_AAH1	P4_AAH1
GAGGGAGTCTATTCGGATGTTGAC.1|P4_AAH1	P4_AAH1
GAGGGAGTCTCTCGCCAGTAGGCT.1|P4_AAH1	P4_AAH1
GAGGTCCAGCCATCACATGTTGAC.1|P4_AAH1	P4_AAH1
GAGGTCCAGCTGATTTAGTAGGCT.1|P4_AAH1	P4_AAH1
GAGGTCCAGGACAAGAATGTTGAC.1|P4_AAH1	P4_AAH1
GAGGTTTAGAGGTTTAATGTTGAC.1|P4_AAH1	P4_AAH1
GAGGTTTAGGATGAAGATGTTGAC.1|P4_AAH1	P4_AAH1
GAGTAACTCTTGAAAGATGTTGAC.1|P4_AAH1	P4_AAH1
GAGTAATGTTAGTGAGAGTAGGCT.1|P4_AAH1	P4_AAH1
GAGTATGGTACCTAGTATGTTGAC.1|P4_AAH1	P4_AAH1
GAGTATGGTTGGCCACAGTAGGCT.1|P4_AAH1	P4_AAH1
GAGTGACGTAAAGCGCATGTTGAC.1|P4_AAH1	P4_AAH1
GAGTGACGTGATTAGGATGTTGAC.1|P4_AAH1	P4_AAH1
GAGTGCGGTAATTTCGAGTAGGCT.1|P4_AAH1	P4_AAH1
GAGTGCGGTGACCTTGAGTAGGCT.1|P4_AAH1	P4_AAH1
GAGTGCGGTGGACCCTAGTAGGCT.1|P4_AAH1	P4_AAH1
GAGTTACAGGACAAGAAGTAGGCT.1|P4_AAH1	P4_AAH1
GAGTTACAGGCCATGAATGTTGAC.1|P4_AAH1	P4_AAH1
GAGTTACAGTTTCGGCATGTTGAC.1|P4_AAH1	P4_AAH1
GATAAAGCACCTACTGAGTAGGCT.1|P4_AAH1	P4_AAH1
GATAAAGCACCTTCTCAGTAGGCT.1|P4_AAH1	P4_AAH1
GATAGGTTCCCATTGAAGTAGGCT.1|P4_AAH1	P4_AAH1
GATCAAATCTTCAAGTAGTAGGCT.1|P4_AAH1	P4_AAH1
GATCAATCAAGAAATGAGTAGGCT.1|P4_AAH1	P4_AAH1
GATCAATCACGGATACAGTAGGCT.1|P4_AAH1	P4_AAH1
GATCACACATTGGGTAAGTAGGCT.1|P4_AAH1	P4_AAH1
GATCACACATTTCATGATGTTGAC.1|P4_AAH1	P4_AAH1
GATCATAAGAAGTACCAGTAGGCT.1|P4_AAH1	P4_AAH1
GATCATGCAGCTCGAGAGTAGGCT.1|P4_AAH1	P4_AAH1
GATCGATAGCTCATTGAGTAGGCT.1|P4_AAH1	P4_AAH1
GATCGATAGTTACCTGATGTTGAC.1|P4_AAH1	P4_AAH1
GATCTTAGTAATGCGAAGTAGGCT.1|P4_AAH1	P4_AAH1
GATGACAGTTGGCCACATGTTGAC.1|P4_AAH1	P4_AAH1
GATGACAGTTGTTTAGAGTAGGCT.1|P4_AAH1	P4_AAH1
GATGCAAGTATTTGTGATGTTGAC.1|P4_AAH1	P4_AAH1
GATGCAAGTTGGTTTAAGTAGGCT.1|P4_AAH1	P4_AAH1
GATGCACCAACGACTAATGTTGAC.1|P4_AAH1	P4_AAH1
GATGCACCACAATGGCAGTAGGCT.1|P4_AAH1	P4_AAH1
GATGGACGTTAACCACATGTTGAC.1|P4_AAH1	P4_AAH1
GATGGAGCAGAAAGGTAGTAGGCT.1|P4_AAH1	P4_AAH1
GATGGAGCATTCGGTTAGTAGGCT.1|P4_AAH1	P4_AAH1
GATGGCCAGCCATTTGAGTAGGCT.1|P4_AAH1	P4_AAH1
GATGGCCAGGGATGAAAGTAGGCT.1|P4_AAH1	P4_AAH1
GATGGCCAGGTGGATTATGTTGAC.1|P4_AAH1	P4_AAH1
GATGGCTCAAGTGCACATGTTGAC.1|P4_AAH1	P4_AAH1
GATTAACCATTACACCATGTTGAC.1|P4_AAH1	P4_AAH1
GATTAACCATTGAGATATGTTGAC.1|P4_AAH1	P4_AAH1
GATTACCGTATATTCGATGTTGAC.1|P4_AAH1	P4_AAH1
GATTAGTCAAAGACCCAGTAGGCT.1|P4_AAH1	P4_AAH1
GATTAGTCAAGTTGCAAGTAGGCT.1|P4_AAH1	P4_AAH1
GATTAGTCAGATTCGAATGTTGAC.1|P4_AAH1	P4_AAH1
GATTAGTCAGTAAGTTAGTAGGCT.1|P4_AAH1	P4_AAH1
GATTATCTCCGCCTCTATGTTGAC.1|P4_AAH1	P4_AAH1
GATTATCTCTGTCAATAGTAGGCT.1|P4_AAH1	P4_AAH1
GATTCCCAGAACCTCCAGTAGGCT.1|P4_AAH1	P4_AAH1
GATTCGCTCCAATGAAATGTTGAC.1|P4_AAH1	P4_AAH1
GATTCGCTCCCACATAAGTAGGCT.1|P4_AAH1	P4_AAH1
GATTCGCTCGTTGCACAGTAGGCT.1|P4_AAH1	P4_AAH1
GATTGACAGCAATTGAAGTAGGCT.1|P4_AAH1	P4_AAH1
GATTGACAGGCACAATATGTTGAC.1|P4_AAH1	P4_AAH1
GATTGATCAATATGGTATGTTGAC.1|P4_AAH1	P4_AAH1
GATTGCACAAATAGGAAGTAGGCT.1|P4_AAH1	P4_AAH1
GATTGCACACAACAATAGTAGGCT.1|P4_AAH1	P4_AAH1
GATTGCACACATGAATATGTTGAC.1|P4_AAH1	P4_AAH1
GATTGCACACATTCGTAGTAGGCT.1|P4_AAH1	P4_AAH1
GATTGCACATCAATCCAGTAGGCT.1|P4_AAH1	P4_AAH1
GATTGCTGTCGAAGGTATGTTGAC.1|P4_AAH1	P4_AAH1
GATTGGCCAGCATTTCATGTTGAC.1|P4_AAH1	P4_AAH1
GATTGGCCATTGCCGCAGTAGGCT.1|P4_AAH1	P4_AAH1
GATTGTGCAAGAAATGAGTAGGCT.1|P4_AAH1	P4_AAH1
GATTGTGCACGCCACTAGTAGGCT.1|P4_AAH1	P4_AAH1
GATTGTGCATCCCTCTAGTAGGCT.1|P4_AAH1	P4_AAH1
GATTTGAAGGAAGCCCAGTAGGCT.1|P4_AAH1	P4_AAH1
GATTTGAAGTTTGCATAGTAGGCT.1|P4_AAH1	P4_AAH1
GCAAACCCAGGTATTGATGTTGAC.1|P4_AAH1	P4_AAH1
GCAAACCCATGGCTTTAGTAGGCT.1|P4_AAH1	P4_AAH1
GCAAACTAGTAACTTCATGTTGAC.1|P4_AAH1	P4_AAH1
GCAAACTAGTGAGTCGATGTTGAC.1|P4_AAH1	P4_AAH1
GCAAATGGTATGGTAGAGTAGGCT.1|P4_AAH1	P4_AAH1
GCAAATGGTCCTTCGTAGTAGGCT.1|P4_AAH1	P4_AAH1
GCAAATGGTTAACGGAATGTTGAC.1|P4_AAH1	P4_AAH1
GCAAATTCAGAGGCTTATGTTGAC.1|P4_AAH1	P4_AAH1
GCAACGGGTGAACCAAATGTTGAC.1|P4_AAH1	P4_AAH1
GCAACGGGTGATCCTGAGTAGGCT.1|P4_AAH1	P4_AAH1
GCAACTTGTTAGAGGCAGTAGGCT.1|P4_AAH1	P4_AAH1
GCAAGAAAGCGCCTTGAGTAGGCT.1|P4_AAH1	P4_AAH1
GCAAGAAAGGTTTCGCATGTTGAC.1|P4_AAH1	P4_AAH1
GCAAGGCTCCAGGAATAGTAGGCT.1|P4_AAH1	P4_AAH1
GCAAGGCTCGCGTTCGATGTTGAC.1|P4_AAH1	P4_AAH1
GCAAGGTGTCAACATCAGTAGGCT.1|P4_AAH1	P4_AAH1
GCAAGGTGTCCATTAAAGTAGGCT.1|P4_AAH1	P4_AAH1
GCAAGTTAGTGATCAAAGTAGGCT.1|P4_AAH1	P4_AAH1
GCAATTAAGGCCTCTGATGTTGAC.1|P4_AAH1	P4_AAH1
GCACAACCACACTAAGAGTAGGCT.1|P4_AAH1	P4_AAH1
GCACAACCATGCGCCTATGTTGAC.1|P4_AAH1	P4_AAH1
GCACAGCAGCGGGACTAGTAGGCT.1|P4_AAH1	P4_AAH1
GCACCAAAGAGGATGAAGTAGGCT.1|P4_AAH1	P4_AAH1
GCACGAATCGCAACGAAGTAGGCT.1|P4_AAH1	P4_AAH1
GCACTAACAACTTAGGAGTAGGCT.1|P4_AAH1	P4_AAH1
GCACTTGGTAATGGTGAGTAGGCT.1|P4_AAH1	P4_AAH1
GCACTTGGTATTCAGCAGTAGGCT.1|P4_AAH1	P4_AAH1
GCAGCAATCGATTACTATGTTGAC.1|P4_AAH1	P4_AAH1
GCAGCAATCTATTGACATGTTGAC.1|P4_AAH1	P4_AAH1
GCAGCTAAGATAATCGATGTTGAC.1|P4_AAH1	P4_AAH1
GCAGCTAAGCATGTGGAGTAGGCT.1|P4_AAH1	P4_AAH1
GCAGCTAAGCCATCGTATGTTGAC.1|P4_AAH1	P4_AAH1
GCAGCTAAGCCTAGTCAGTAGGCT.1|P4_AAH1	P4_AAH1
GCAGCTAAGTGTGAGTATGTTGAC.1|P4_AAH1	P4_AAH1
GCAGGCTAGGAAGCAAATGTTGAC.1|P4_AAH1	P4_AAH1
GCAGGCTAGGCTAGATATGTTGAC.1|P4_AAH1	P4_AAH1
GCAGGTTCAGGACTACAGTAGGCT.1|P4_AAH1	P4_AAH1
GCAGGTTCAGGACTACATGTTGAC.1|P4_AAH1	P4_AAH1
GCAGTAAGTTGTCATAATGTTGAC.1|P4_AAH1	P4_AAH1
GCAGTACCAACTAAGTAGTAGGCT.1|P4_AAH1	P4_AAH1
GCATAAATCCACAACCAGTAGGCT.1|P4_AAH1	P4_AAH1
GCATAATCAAGCCTCCATGTTGAC.1|P4_AAH1	P4_AAH1
GCATAATCAGCTACCCATGTTGAC.1|P4_AAH1	P4_AAH1
GCATCTATCAGGGATTAGTAGGCT.1|P4_AAH1	P4_AAH1
GCATCTATCTCAAGAAATGTTGAC.1|P4_AAH1	P4_AAH1
GCATGAGTCAGTTAGAATGTTGAC.1|P4_AAH1	P4_AAH1
GCATGAGTCCAATAGAAGTAGGCT.1|P4_AAH1	P4_AAH1
GCATGCAAGCTTGATTATGTTGAC.1|P4_AAH1	P4_AAH1
GCATGCAAGTCTGTGCAGTAGGCT.1|P4_AAH1	P4_AAH1
GCATGCTTCAGCGAATAGTAGGCT.1|P4_AAH1	P4_AAH1
GCATGCTTCAGTTTACATGTTGAC.1|P4_AAH1	P4_AAH1
GCATGCTTCATGACAAATGTTGAC.1|P4_AAH1	P4_AAH1
GCATGGATCAGGGATTAGTAGGCT.1|P4_AAH1	P4_AAH1
GCATGGATCGAGAGAAAGTAGGCT.1|P4_AAH1	P4_AAH1
GCATTACGTTGGATAGATGTTGAC.1|P4_AAH1	P4_AAH1
GCATTCATCGTTAGGGATGTTGAC.1|P4_AAH1	P4_AAH1
GCATTGTGTTGGATAGAGTAGGCT.1|P4_AAH1	P4_AAH1
GCATTTAGTTAGAGGCATGTTGAC.1|P4_AAH1	P4_AAH1
GCATTTAGTTGCACTGAGTAGGCT.1|P4_AAH1	P4_AAH1
GCATTTGTCGAGCTAGATGTTGAC.1|P4_AAH1	P4_AAH1
GCATTTGTCGTTCAATAGTAGGCT.1|P4_AAH1	P4_AAH1
GCATTTGTCTAGCGGAAGTAGGCT.1|P4_AAH1	P4_AAH1
GCCAATACAAATAGGAAGTAGGCT.1|P4_AAH1	P4_AAH1
GCCAATACAGACTCAAATGTTGAC.1|P4_AAH1	P4_AAH1
GCCAATACAGTTATGGAGTAGGCT.1|P4_AAH1	P4_AAH1
GCCACAAAGCATTTCGAGTAGGCT.1|P4_AAH1	P4_AAH1
GCCACAAAGGATGAAGAGTAGGCT.1|P4_AAH1	P4_AAH1
GCCAGTTTCCCTCGTCAGTAGGCT.1|P4_AAH1	P4_AAH1
GCCATAACAGTGAGAGAGTAGGCT.1|P4_AAH1	P4_AAH1
GCCATAGAGAGGCGGAATGTTGAC.1|P4_AAH1	P4_AAH1
GCCATAGAGGCTTAGGAGTAGGCT.1|P4_AAH1	P4_AAH1
GCCATAGAGGGTTATAATGTTGAC.1|P4_AAH1	P4_AAH1
GCCATCAGTCCCTCATAGTAGGCT.1|P4_AAH1	P4_AAH1
GCCATCAGTTCTCAAAAGTAGGCT.1|P4_AAH1	P4_AAH1
GCCATTTCACTAACAGAGTAGGCT.1|P4_AAH1	P4_AAH1
GCCCAGTGTCGAAGGTAGTAGGCT.1|P4_AAH1	P4_AAH1
GCCCATTAGCACGCAAAGTAGGCT.1|P4_AAH1	P4_AAH1
GCCCTCAAGCAAACTAAGTAGGCT.1|P4_AAH1	P4_AAH1
GCCCTCAAGGCACTAGAGTAGGCT.1|P4_AAH1	P4_AAH1
GCCCTTTGTCAGTGCCAGTAGGCT.1|P4_AAH1	P4_AAH1
GCCCTTTGTGATTACCAGTAGGCT.1|P4_AAH1	P4_AAH1
GCCCTTTGTGCCCGATAGTAGGCT.1|P4_AAH1	P4_AAH1
GCCCTTTGTGCTCCAAATGTTGAC.1|P4_AAH1	P4_AAH1
GCCGCTTCAAATGACTAGTAGGCT.1|P4_AAH1	P4_AAH1
GCCGCTTCACTCAATCATGTTGAC.1|P4_AAH1	P4_AAH1
GCCGTGACAGGCTGTGAGTAGGCT.1|P4_AAH1	P4_AAH1
GCCTAATGTCATGATCAGTAGGCT.1|P4_AAH1	P4_AAH1
GCCTCATAGATAACCAAGTAGGCT.1|P4_AAH1	P4_AAH1
GCCTCATAGCAACATAAGTAGGCT.1|P4_AAH1	P4_AAH1
GCCTCATAGGAGTCATAGTAGGCT.1|P4_AAH1	P4_AAH1
GCCTCATAGGCCAACAATGTTGAC.1|P4_AAH1	P4_AAH1
GCCTGAGCAAGCTTTCAGTAGGCT.1|P4_AAH1	P4_AAH1
GCCTGCATCTATCTGGATGTTGAC.1|P4_AAH1	P4_AAH1
GCGAACGGTAACGTGAAGTAGGCT.1|P4_AAH1	P4_AAH1
GCGAACGGTGTTAGAGAGTAGGCT.1|P4_AAH1	P4_AAH1
GCGAATGTCAGTTAGAAGTAGGCT.1|P4_AAH1	P4_AAH1
GCGAGGTTCATAACCTATGTTGAC.1|P4_AAH1	P4_AAH1
GCGAGGTTCGGTTATTATGTTGAC.1|P4_AAH1	P4_AAH1
GCGATAAGTTTATCGAAGTAGGCT.1|P4_AAH1	P4_AAH1
GCGATAAGTTTCAGGTAGTAGGCT.1|P4_AAH1	P4_AAH1
GCGATTGAGCATTACTATGTTGAC.1|P4_AAH1	P4_AAH1
GCGCAACAGCCTAGTCATGTTGAC.1|P4_AAH1	P4_AAH1
GCGCAACAGTTACCTGAGTAGGCT.1|P4_AAH1	P4_AAH1
GCGCAAGGTCAGGGCAAGTAGGCT.1|P4_AAH1	P4_AAH1
GCGCAAGGTCAGGGCAATGTTGAC.1|P4_AAH1	P4_AAH1
GCGCAAGGTGGATGCGAGTAGGCT.1|P4_AAH1	P4_AAH1
GCGCAATCACCACAAAAGTAGGCT.1|P4_AAH1	P4_AAH1
GCGCAATCACTTTACAATGTTGAC.1|P4_AAH1	P4_AAH1
GCGCAATCATAAGCCAATGTTGAC.1|P4_AAH1	P4_AAH1
GCGCACACAAATGACTATGTTGAC.1|P4_AAH1	P4_AAH1
GCGCACACAATATGGTAGTAGGCT.1|P4_AAH1	P4_AAH1
GCGCACACACTATGGAAGTAGGCT.1|P4_AAH1	P4_AAH1
GCGCCTATCTGTCAATAGTAGGCT.1|P4_AAH1	P4_AAH1
GCGCTAAAGAAACCCGATGTTGAC.1|P4_AAH1	P4_AAH1
GCGCTAAAGTGGCTTCAGTAGGCT.1|P4_AAH1	P4_AAH1
GCGCTACGTCTATCTTATGTTGAC.1|P4_AAH1	P4_AAH1
GCGCTACGTGGACCCTATGTTGAC.1|P4_AAH1	P4_AAH1
GCGCTACGTTCCGTGAAGTAGGCT.1|P4_AAH1	P4_AAH1
GCGCTACGTTTGTTGAATGTTGAC.1|P4_AAH1	P4_AAH1
GCGCTTAGTTAGGTAGATGTTGAC.1|P4_AAH1	P4_AAH1
GCGGATTCAACCGGATAGTAGGCT.1|P4_AAH1	P4_AAH1
GCGGATTCACAATAGTAGTAGGCT.1|P4_AAH1	P4_AAH1
GCGGGTTAGCAGGTCAAGTAGGCT.1|P4_AAH1	P4_AAH1
GCGGGTTAGTTTGACTATGTTGAC.1|P4_AAH1	P4_AAH1
GCGGTAATCAGGTAGTATGTTGAC.1|P4_AAH1	P4_AAH1
GCGGTTCGTAACCTTAATGTTGAC.1|P4_AAH1	P4_AAH1
GCGTGTTTCAAGCGATATGTTGAC.1|P4_AAH1	P4_AAH1
GCGTGTTTCCGGATAGAGTAGGCT.1|P4_AAH1	P4_AAH1
GCGTGTTTCGTTCGTAATGTTGAC.1|P4_AAH1	P4_AAH1
GCGTTACTCATAATGGAGTAGGCT.1|P4_AAH1	P4_AAH1
GCGTTACTCGCGAAATAGTAGGCT.1|P4_AAH1	P4_AAH1
GCGTTATGTAATGCGAATGTTGAC.1|P4_AAH1	P4_AAH1
GCGTTATGTATTCAGCAGTAGGCT.1|P4_AAH1	P4_AAH1
GCGTTATGTGTTTCGGATGTTGAC.1|P4_AAH1	P4_AAH1
GCGTTTGGTCAATACCATGTTGAC.1|P4_AAH1	P4_AAH1
GCGTTTGGTCGAAGCGATGTTGAC.1|P4_AAH1	P4_AAH1
GCGTTTGGTGACCTATAGTAGGCT.1|P4_AAH1	P4_AAH1
GCGTTTGGTTAGGCTTATGTTGAC.1|P4_AAH1	P4_AAH1
GCTAAATCAACCGGATAGTAGGCT.1|P4_AAH1	P4_AAH1
GCTAACGAGAAGCATCAGTAGGCT.1|P4_AAH1	P4_AAH1
GCTAACGAGCGAAGCCAGTAGGCT.1|P4_AAH1	P4_AAH1
GCTAACGAGGGTTTGGAGTAGGCT.1|P4_AAH1	P4_AAH1
GCTAACTGTAGTTGTCATGTTGAC.1|P4_AAH1	P4_AAH1
GCTAACTGTCAGGATAATGTTGAC.1|P4_AAH1	P4_AAH1
GCTAACTGTGCAGCTCAGTAGGCT.1|P4_AAH1	P4_AAH1
GCTACAACACAGGCTGATGTTGAC.1|P4_AAH1	P4_AAH1
GCTAGACCAGCTAGACAGTAGGCT.1|P4_AAH1	P4_AAH1
GCTAGATAGCACGTTCAGTAGGCT.1|P4_AAH1	P4_AAH1
GCTAGATAGCCATAAAATGTTGAC.1|P4_AAH1	P4_AAH1
GCTAGTCTCGAAACTAATGTTGAC.1|P4_AAH1	P4_AAH1
GCTAGTCTCTAATTGCATGTTGAC.1|P4_AAH1	P4_AAH1
GCTATAAAGTCAATGAATGTTGAC.1|P4_AAH1	P4_AAH1
GCTATTAGTCTTACTTAGTAGGCT.1|P4_AAH1	P4_AAH1
GCTCAATGTCATTATGAGTAGGCT.1|P4_AAH1	P4_AAH1
GCTCAATGTCCATAGTAGTAGGCT.1|P4_AAH1	P4_AAH1
GCTCACCCAAGTTCCTATGTTGAC.1|P4_AAH1	P4_AAH1
GCTCACCCAGGATCCGAGTAGGCT.1|P4_AAH1	P4_AAH1
GCTCACTAGTTACATCATGTTGAC.1|P4_AAH1	P4_AAH1
GCTCAGGCAATGGGAGAGTAGGCT.1|P4_AAH1	P4_AAH1
GCTCAGGCAATTGAACAGTAGGCT.1|P4_AAH1	P4_AAH1
GCTCAGGCATTTCGCGATGTTGAC.1|P4_AAH1	P4_AAH1
GCTCGCTCATAGTCAGATGTTGAC.1|P4_AAH1	P4_AAH1
GCTCGTTAGCTCGACTAGTAGGCT.1|P4_AAH1	P4_AAH1
GCTGAAAGTAGTAGGCAGTAGGCT.1|P4_AAH1	P4_AAH1
GCTGAAAGTGTGTTACAGTAGGCT.1|P4_AAH1	P4_AAH1
GCTGAAAGTTGTCAGTATGTTGAC.1|P4_AAH1	P4_AAH1
GCTGAATAGCTTCTAGAGTAGGCT.1|P4_AAH1	P4_AAH1
GCTGACTTCACACAAAATGTTGAC.1|P4_AAH1	P4_AAH1
GCTGACTTCAGGTTAAATGTTGAC.1|P4_AAH1	P4_AAH1
GCTGACTTCGCGCATTAGTAGGCT.1|P4_AAH1	P4_AAH1
GCTGATGAGTTGACCCATGTTGAC.1|P4_AAH1	P4_AAH1
GCTGCTCCATTCCTGGAGTAGGCT.1|P4_AAH1	P4_AAH1
GCTGGATCAGTAAGTTAGTAGGCT.1|P4_AAH1	P4_AAH1
GCTGGGTAGACCAGGCAGTAGGCT.1|P4_AAH1	P4_AAH1
GCTGGGTAGTAACGGTATGTTGAC.1|P4_AAH1	P4_AAH1
GCTGGGTAGTTGCGGAAGTAGGCT.1|P4_AAH1	P4_AAH1
GCTGGTAAGGCGCATAATGTTGAC.1|P4_AAH1	P4_AAH1
GCTGGTAAGTATGGTAATGTTGAC.1|P4_AAH1	P4_AAH1
GCTGGTAAGTCTAATCAGTAGGCT.1|P4_AAH1	P4_AAH1
GCTGTAACAATATGCGATGTTGAC.1|P4_AAH1	P4_AAH1
GCTGTTGGTATAGTGGAGTAGGCT.1|P4_AAH1	P4_AAH1
GCTTAGCTCAGGTAGTAGTAGGCT.1|P4_AAH1	P4_AAH1
GCTTAGCTCTCGCCTCATGTTGAC.1|P4_AAH1	P4_AAH1
GCTTAGGAGCTTGATTATGTTGAC.1|P4_AAH1	P4_AAH1
GCTTATTAGGATCCAGATGTTGAC.1|P4_AAH1	P4_AAH1
GCTTATTAGGTGAGTTATGTTGAC.1|P4_AAH1	P4_AAH1
GCTTATTAGTCACCTAAGTAGGCT.1|P4_AAH1	P4_AAH1
GCTTCATCACTAGCGGAGTAGGCT.1|P4_AAH1	P4_AAH1
GCTTCATCATCATGTCAGTAGGCT.1|P4_AAH1	P4_AAH1
GCTTGAACAACTTAGGAGTAGGCT.1|P4_AAH1	P4_AAH1
GCTTGCGTCCAACATTATGTTGAC.1|P4_AAH1	P4_AAH1
GCTTGGTTCGTCCCGAAGTAGGCT.1|P4_AAH1	P4_AAH1
GCTTGTTCATGGTCAAAGTAGGCT.1|P4_AAH1	P4_AAH1
GCTTTCAAGGGTCTAGAGTAGGCT.1|P4_AAH1	P4_AAH1
GCTTTCAAGTCCTGCGAGTAGGCT.1|P4_AAH1	P4_AAH1
GCTTTGTCACGCAATAAGTAGGCT.1|P4_AAH1	P4_AAH1
GGAACAAAGAAACCCGAGTAGGCT.1|P4_AAH1	P4_AAH1
GGAACAAAGCTCAAGGAGTAGGCT.1|P4_AAH1	P4_AAH1
GGAACAAAGCTCAAGGATGTTGAC.1|P4_AAH1	P4_AAH1
GGAACATTCAGCGGGTAGTAGGCT.1|P4_AAH1	P4_AAH1
GGAACATTCCTGGATCAGTAGGCT.1|P4_AAH1	P4_AAH1
GGAACATTCTCGCCTCAGTAGGCT.1|P4_AAH1	P4_AAH1
GGAACATTCTGGCCATATGTTGAC.1|P4_AAH1	P4_AAH1
GGAACATTCTTGAATCAGTAGGCT.1|P4_AAH1	P4_AAH1
GGAACCATCCGCAACTATGTTGAC.1|P4_AAH1	P4_AAH1
GGAACCGGTCACACCAATGTTGAC.1|P4_AAH1	P4_AAH1
GGAACCTCAAGCTCAAATGTTGAC.1|P4_AAH1	P4_AAH1
GGAACTAGTAGGTTTCATGTTGAC.1|P4_AAH1	P4_AAH1
GGAAGCCTCATAATCCAGTAGGCT.1|P4_AAH1	P4_AAH1
GGAAGTAAGGCAAGTTAGTAGGCT.1|P4_AAH1	P4_AAH1
GGAAGTTTCAACTGGGAGTAGGCT.1|P4_AAH1	P4_AAH1
GGAAGTTTCTGGTCTAAGTAGGCT.1|P4_AAH1	P4_AAH1
GGAATAACAGGATTATAGTAGGCT.1|P4_AAH1	P4_AAH1
GGAATAACATTTGGCTAGTAGGCT.1|P4_AAH1	P4_AAH1
GGAATCTAGTCGCATCATGTTGAC.1|P4_AAH1	P4_AAH1
GGAATCTAGTGCTGAGATGTTGAC.1|P4_AAH1	P4_AAH1
GGAATCTAGTTACAGAATGTTGAC.1|P4_AAH1	P4_AAH1
GGACATCCACATAGTGATGTTGAC.1|P4_AAH1	P4_AAH1
GGACATCCACTAGTCTAGTAGGCT.1|P4_AAH1	P4_AAH1
GGACCAGGTTAGTCTAATGTTGAC.1|P4_AAH1	P4_AAH1
GGACCCACAAGGCGTTATGTTGAC.1|P4_AAH1	P4_AAH1
GGACCTGCAGTTGCCCAGTAGGCT.1|P4_AAH1	P4_AAH1
GGACTTACACACTAAGAGTAGGCT.1|P4_AAH1	P4_AAH1
GGAGCGAAGTGAGTCGATGTTGAC.1|P4_AAH1	P4_AAH1
GGAGCTATCAATCGCCAGTAGGCT.1|P4_AAH1	P4_AAH1
GGAGCTATCCCGTTGGAGTAGGCT.1|P4_AAH1	P4_AAH1
GGAGCTATCCGTTAGCAGTAGGCT.1|P4_AAH1	P4_AAH1
GGAGCTATCCTCAATGAGTAGGCT.1|P4_AAH1	P4_AAH1
GGAGGTACACTATGGAAGTAGGCT.1|P4_AAH1	P4_AAH1
GGAGTCGGTGAGTAATAGTAGGCT.1|P4_AAH1	P4_AAH1
GGAGTCGGTTTATCGAAGTAGGCT.1|P4_AAH1	P4_AAH1
GGATAGGCAATCATCCAGTAGGCT.1|P4_AAH1	P4_AAH1
GGATAGGCAGCCTTCAAGTAGGCT.1|P4_AAH1	P4_AAH1
GGATATTCAACGACTAAGTAGGCT.1|P4_AAH1	P4_AAH1
GGATATTCATCATCACAGTAGGCT.1|P4_AAH1	P4_AAH1
GGATCCGCATTGAAGTAGTAGGCT.1|P4_AAH1	P4_AAH1
GGATCCGCATTGCCGCATGTTGAC.1|P4_AAH1	P4_AAH1
GGATGGCTCACCAGGAAGTAGGCT.1|P4_AAH1	P4_AAH1
GGATGTCCAACCGGATAGTAGGCT.1|P4_AAH1	P4_AAH1
GGATGTCCATCAGGTAATGTTGAC.1|P4_AAH1	P4_AAH1
GGATGTCCATCCACCAATGTTGAC.1|P4_AAH1	P4_AAH1
GGATGTCCATGACCAAAGTAGGCT.1|P4_AAH1	P4_AAH1
GGATTGAGTCACGATTATGTTGAC.1|P4_AAH1	P4_AAH1
GGATTGAGTTTGGCCAAGTAGGCT.1|P4_AAH1	P4_AAH1
GGATTGCCACGTGCTCAGTAGGCT.1|P4_AAH1	P4_AAH1
GGATTGCCACTCAATCATGTTGAC.1|P4_AAH1	P4_AAH1
GGATTGCCATGAGTCAATGTTGAC.1|P4_AAH1	P4_AAH1
GGCAAATTCGCTTGGTAGTAGGCT.1|P4_AAH1	P4_AAH1
GGCAAGCTCACAAAGCAGTAGGCT.1|P4_AAH1	P4_AAH1
GGCAAGTGTTTATGGCAGTAGGCT.1|P4_AAH1	P4_AAH1
GGCAATAGTCATGATCATGTTGAC.1|P4_AAH1	P4_AAH1
GGCAATAGTCGTTATAATGTTGAC.1|P4_AAH1	P4_AAH1
GGCAATCCAACAAGCCAGTAGGCT.1|P4_AAH1	P4_AAH1
GGCAATCCATTGAACGATGTTGAC.1|P4_AAH1	P4_AAH1
GGCACAATCGACCCATATGTTGAC.1|P4_AAH1	P4_AAH1
GGCACAATCTATCTGGAGTAGGCT.1|P4_AAH1	P4_AAH1
GGCACGTAGGTGAATCAGTAGGCT.1|P4_AAH1	P4_AAH1
GGCATGATCACAAACAAGTAGGCT.1|P4_AAH1	P4_AAH1
GGCATGATCACTATGTAGTAGGCT.1|P4_AAH1	P4_AAH1
GGCATGTCAAGGTGTCAGTAGGCT.1|P4_AAH1	P4_AAH1
GGCATGTCAGTAAGTTAGTAGGCT.1|P4_AAH1	P4_AAH1
GGCATTACAACATAGTATGTTGAC.1|P4_AAH1	P4_AAH1
GGCATTTGTAGCTTTAAGTAGGCT.1|P4_AAH1	P4_AAH1
GGCCAAATCAAGTTAGAGTAGGCT.1|P4_AAH1	P4_AAH1
GGCCAAATCGAACCTCAGTAGGCT.1|P4_AAH1	P4_AAH1
GGCCAGTAGCCTGGTTATGTTGAC.1|P4_AAH1	P4_AAH1
GGCCAGTAGGAAGCCCAGTAGGCT.1|P4_AAH1	P4_AAH1
GGCCATCGTCATCCCTAGTAGGCT.1|P4_AAH1	P4_AAH1
GGCCGTTGTACTTCAAAGTAGGCT.1|P4_AAH1	P4_AAH1
GGCCTATTCACTATGTATGTTGAC.1|P4_AAH1	P4_AAH1
GGCCTATTCCCTCATTATGTTGAC.1|P4_AAH1	P4_AAH1
GGCCTTTAGCCATCGTATGTTGAC.1|P4_AAH1	P4_AAH1
GGCCTTTAGTTACAGAATGTTGAC.1|P4_AAH1	P4_AAH1
GGCGAAACAACTAAGTATGTTGAC.1|P4_AAH1	P4_AAH1
GGCGAAACAATCAAACAGTAGGCT.1|P4_AAH1	P4_AAH1
GGCGAAACATTTCGCGATGTTGAC.1|P4_AAH1	P4_AAH1
GGCGCTTGTATTCGGTATGTTGAC.1|P4_AAH1	P4_AAH1
GGCGTAATCAGGTTGGATGTTGAC.1|P4_AAH1	P4_AAH1
GGCGTAATCGCGGAACAGTAGGCT.1|P4_AAH1	P4_AAH1
GGCTAATAGAAACTCAAGTAGGCT.1|P4_AAH1	P4_AAH1
GGCTATTGTCGTTCTCAGTAGGCT.1|P4_AAH1	P4_AAH1
GGCTCAAAGGGCACTAAGTAGGCT.1|P4_AAH1	P4_AAH1
GGCTGATCACGATTAGAGTAGGCT.1|P4_AAH1	P4_AAH1
GGCTGGTAGGATTAGCAGTAGGCT.1|P4_AAH1	P4_AAH1
GGCTTAACAACTAGTGAGTAGGCT.1|P4_AAH1	P4_AAH1
GGCTTAACACTGACTTAGTAGGCT.1|P4_AAH1	P4_AAH1
GGCTTAGAGCCTAAGGAGTAGGCT.1|P4_AAH1	P4_AAH1
GGCTTGAAGGATCCCTAGTAGGCT.1|P4_AAH1	P4_AAH1
GGGACAACAAGGTGTCATGTTGAC.1|P4_AAH1	P4_AAH1
GGGACAACATGGGTTAATGTTGAC.1|P4_AAH1	P4_AAH1
GGGACAACATTGGGTAATGTTGAC.1|P4_AAH1	P4_AAH1
GGGACTCAGCAAACTAATGTTGAC.1|P4_AAH1	P4_AAH1
GGGACTCAGGCAAGTTATGTTGAC.1|P4_AAH1	P4_AAH1
GGGAGTCTCAGCTACCAGTAGGCT.1|P4_AAH1	P4_AAH1
GGGATAAAGCAAATCAAGTAGGCT.1|P4_AAH1	P4_AAH1
GGGATATTCCCATAATATGTTGAC.1|P4_AAH1	P4_AAH1
GGGATGACAAACCGTAAGTAGGCT.1|P4_AAH1	P4_AAH1
GGGATTTAGGTGAGGGATGTTGAC.1|P4_AAH1	P4_AAH1
GGGCAATGTAGGAGGAATGTTGAC.1|P4_AAH1	P4_AAH1
GGGCAATGTCACAGAAATGTTGAC.1|P4_AAH1	P4_AAH1
GGGCAATGTCTAACCGAGTAGGCT.1|P4_AAH1	P4_AAH1
GGGCAATGTCTTTATCAGTAGGCT.1|P4_AAH1	P4_AAH1
GGGCAATGTGTGAGGTAGTAGGCT.1|P4_AAH1	P4_AAH1
GGGCAATGTTAAGTCCAGTAGGCT.1|P4_AAH1	P4_AAH1
GGGCTAATCGCAACGAAGTAGGCT.1|P4_AAH1	P4_AAH1
GGGCTTAAGACCTTGCATGTTGAC.1|P4_AAH1	P4_AAH1
GGGCTTAAGGTATAGCATGTTGAC.1|P4_AAH1	P4_AAH1
GGGCTTAAGGTTAGACAGTAGGCT.1|P4_AAH1	P4_AAH1
GGGCTTAAGGTTGGGCATGTTGAC.1|P4_AAH1	P4_AAH1
GGGCTTAAGTACCCACATGTTGAC.1|P4_AAH1	P4_AAH1
GGGTGAGAGCTCAACCATGTTGAC.1|P4_AAH1	P4_AAH1
GGGTGAGAGGCTGTGAATGTTGAC.1|P4_AAH1	P4_AAH1
GGGTGGAAGCTAAGTAAGTAGGCT.1|P4_AAH1	P4_AAH1
GGGTTAGTCAGGTTGGAGTAGGCT.1|P4_AAH1	P4_AAH1
GGGTTAGTCCCAAATTATGTTGAC.1|P4_AAH1	P4_AAH1
GGGTTATAGGCAAGCCATGTTGAC.1|P4_AAH1	P4_AAH1
GGGTTATAGTCAACTTATGTTGAC.1|P4_AAH1	P4_AAH1
GGGTTATAGTGCAACGATGTTGAC.1|P4_AAH1	P4_AAH1
GGGTTGGGTGCTGCACAGTAGGCT.1|P4_AAH1	P4_AAH1
GGGTTTCTCACAGATAAGTAGGCT.1|P4_AAH1	P4_AAH1
GGGTTTCTCACTTGATATGTTGAC.1|P4_AAH1	P4_AAH1
GGGTTTCTCGTTCAATATGTTGAC.1|P4_AAH1	P4_AAH1
GGTAAGGCAAACACGCAGTAGGCT.1|P4_AAH1	P4_AAH1
GGTAAGGCAGGGATGAAGTAGGCT.1|P4_AAH1	P4_AAH1
GGTAATGGTAAACCCTATGTTGAC.1|P4_AAH1	P4_AAH1
GGTAATGGTTAATCCAATGTTGAC.1|P4_AAH1	P4_AAH1
GGTACCGCACATTCGTAGTAGGCT.1|P4_AAH1	P4_AAH1
GGTACCGCAGTTAAACATGTTGAC.1|P4_AAH1	P4_AAH1
GGTACCGCATCCGTCAAGTAGGCT.1|P4_AAH1	P4_AAH1
GGTACCGCATTACACCAGTAGGCT.1|P4_AAH1	P4_AAH1
GGTACCGCATTACACCATGTTGAC.1|P4_AAH1	P4_AAH1
GGTACGTCAAGAAATGATGTTGAC.1|P4_AAH1	P4_AAH1
GGTACTGAGTCTAATCAGTAGGCT.1|P4_AAH1	P4_AAH1
GGTAGTTAGTGATGGTAGTAGGCT.1|P4_AAH1	P4_AAH1
GGTCACGCAACCTTGTATGTTGAC.1|P4_AAH1	P4_AAH1
GGTCATTGTTTGGGCCAGTAGGCT.1|P4_AAH1	P4_AAH1
GGTCCGTGTCACACCAAGTAGGCT.1|P4_AAH1	P4_AAH1
GGTCCGTGTGCCCTTTAGTAGGCT.1|P4_AAH1	P4_AAH1
GGTCTAACAAACTTGGATGTTGAC.1|P4_AAH1	P4_AAH1
GGTCTAACAAGTTAACATGTTGAC.1|P4_AAH1	P4_AAH1
GGTCTAACAATCATCCATGTTGAC.1|P4_AAH1	P4_AAH1
GGTCTAACAATTCGGAATGTTGAC.1|P4_AAH1	P4_AAH1
GGTCTAACAGTAATACAGTAGGCT.1|P4_AAH1	P4_AAH1
GGTGAACGTTTATGGCATGTTGAC.1|P4_AAH1	P4_AAH1
GGTGAAGCAGTGAGAGATGTTGAC.1|P4_AAH1	P4_AAH1
GGTGATTAGCTTCCTTAGTAGGCT.1|P4_AAH1	P4_AAH1
GGTGCACAGAAGCAAGAGTAGGCT.1|P4_AAH1	P4_AAH1
GGTGCTGCAACCGTAAATGTTGAC.1|P4_AAH1	P4_AAH1
GGTGGATGTTAGTCTAATGTTGAC.1|P4_AAH1	P4_AAH1
GGTGGATGTTGGTTACAGTAGGCT.1|P4_AAH1	P4_AAH1
GGTGTCGCATTCTGTAATGTTGAC.1|P4_AAH1	P4_AAH1
GGTGTGATCTTAATGCAGTAGGCT.1|P4_AAH1	P4_AAH1
GGTGTGATCTTAATGCATGTTGAC.1|P4_AAH1	P4_AAH1
GGTGTGCAGCAATCCCATGTTGAC.1|P4_AAH1	P4_AAH1
GGTGTTTGTTAACGTCAGTAGGCT.1|P4_AAH1	P4_AAH1
GGTTAAATCAGCACGAAGTAGGCT.1|P4_AAH1	P4_AAH1
GGTTACCTCATGGTCCATGTTGAC.1|P4_AAH1	P4_AAH1
GGTTACCTCGATTGGGATGTTGAC.1|P4_AAH1	P4_AAH1
GGTTACCTCGGTACCTAGTAGGCT.1|P4_AAH1	P4_AAH1
GGTTACCTCTTGAAAGAGTAGGCT.1|P4_AAH1	P4_AAH1
GGTTAGTAGATGCAACATGTTGAC.1|P4_AAH1	P4_AAH1
GGTTAGTAGCAGCTAGAGTAGGCT.1|P4_AAH1	P4_AAH1
GGTTAGTAGTCTAATCAGTAGGCT.1|P4_AAH1	P4_AAH1
GGTTGACCAAATACCGAGTAGGCT.1|P4_AAH1	P4_AAH1
GGTTGACCATCACGAAATGTTGAC.1|P4_AAH1	P4_AAH1
GGTTGAGTCAAGGTGTAGTAGGCT.1|P4_AAH1	P4_AAH1
GGTTGAGTCCTAAGGGAGTAGGCT.1|P4_AAH1	P4_AAH1
GGTTGAGTCTAGCCTAAGTAGGCT.1|P4_AAH1	P4_AAH1
GGTTTAAAGAAACTCAAGTAGGCT.1|P4_AAH1	P4_AAH1
GGTTTAAAGGCGCATAAGTAGGCT.1|P4_AAH1	P4_AAH1
GGTTTACGTTAAGCTCAGTAGGCT.1|P4_AAH1	P4_AAH1
GGTTTAGCAATTGAGTAGTAGGCT.1|P4_AAH1	P4_AAH1
GGTTTAGCACCATACTAGTAGGCT.1|P4_AAH1	P4_AAH1
GGTTTAGCACCTAAGAAGTAGGCT.1|P4_AAH1	P4_AAH1
GGTTTAGCAGGATGCTAGTAGGCT.1|P4_AAH1	P4_AAH1
GGTTTCTCACCAGCTCAGTAGGCT.1|P4_AAH1	P4_AAH1
GGTTTGACAAATAACCAGTAGGCT.1|P4_AAH1	P4_AAH1
GTAAACCAGGCGCAGTAGTAGGCT.1|P4_AAH1	P4_AAH1
GTAAAGCTCGACTTTGAGTAGGCT.1|P4_AAH1	P4_AAH1
GTAAAGGAGAAGCATCAGTAGGCT.1|P4_AAH1	P4_AAH1
GTAAAGGAGCGTGCTTAGTAGGCT.1|P4_AAH1	P4_AAH1
GTAAAGGAGGACACGCATGTTGAC.1|P4_AAH1	P4_AAH1
GTAAAGGAGGCGATATAGTAGGCT.1|P4_AAH1	P4_AAH1
GTAACCTGTCAGGGCAATGTTGAC.1|P4_AAH1	P4_AAH1
GTAACTAAGAAACCCGATGTTGAC.1|P4_AAH1	P4_AAH1
GTAACTAAGGCCAACAAGTAGGCT.1|P4_AAH1	P4_AAH1
GTAAGAACACCTAACTATGTTGAC.1|P4_AAH1	P4_AAH1
GTAAGAACACCTATCGAGTAGGCT.1|P4_AAH1	P4_AAH1
GTAAGGTTCAGGGCACAGTAGGCT.1|P4_AAH1	P4_AAH1
GTAATCCGTCAATCGTAGTAGGCT.1|P4_AAH1	P4_AAH1
GTAATGGGTTGTTTGAATGTTGAC.1|P4_AAH1	P4_AAH1
GTACCTATCTTTAAGCATGTTGAC.1|P4_AAH1	P4_AAH1
GTACGCAAGACCATGGATGTTGAC.1|P4_AAH1	P4_AAH1
GTACGCAAGGATCCAGAGTAGGCT.1|P4_AAH1	P4_AAH1
GTACTGACAGATAGCCATGTTGAC.1|P4_AAH1	P4_AAH1
GTACTGACAGCTTTCGAGTAGGCT.1|P4_AAH1	P4_AAH1
GTACTGACATTGCATCATGTTGAC.1|P4_AAH1	P4_AAH1
GTACTTAGTCCATTAAAGTAGGCT.1|P4_AAH1	P4_AAH1
GTAGTAGGTACTTCAAATGTTGAC.1|P4_AAH1	P4_AAH1
GTATACTTCCAGCTACATGTTGAC.1|P4_AAH1	P4_AAH1
GTATGGGTCTGGTCTAATGTTGAC.1|P4_AAH1	P4_AAH1
GTATTCGTCATTTGCGATGTTGAC.1|P4_AAH1	P4_AAH1
GTCAAAGGTCATCATAATGTTGAC.1|P4_AAH1	P4_AAH1
GTCAAAGGTGAGTAATAGTAGGCT.1|P4_AAH1	P4_AAH1
GTCAACTGTGGATGCGAGTAGGCT.1|P4_AAH1	P4_AAH1
GTCAAGCCAGGGCTATATGTTGAC.1|P4_AAH1	P4_AAH1
GTCACAACAAGTTGGCATGTTGAC.1|P4_AAH1	P4_AAH1
GTCACACTCCATAGAAATGTTGAC.1|P4_AAH1	P4_AAH1
GTCACACTCGGTAAGTAGTAGGCT.1|P4_AAH1	P4_AAH1
GTCACACTCTAATGAGAGTAGGCT.1|P4_AAH1	P4_AAH1
GTCACTCAGGTCACAGATGTTGAC.1|P4_AAH1	P4_AAH1
GTCACTCAGTTATTGCATGTTGAC.1|P4_AAH1	P4_AAH1
GTCATAAAGATAGCCGAGTAGGCT.1|P4_AAH1	P4_AAH1
GTCATAAAGGCGGATCAGTAGGCT.1|P4_AAH1	P4_AAH1
GTCATAAAGTGTTTCGAGTAGGCT.1|P4_AAH1	P4_AAH1
GTCATCCAGAGGTTTAATGTTGAC.1|P4_AAH1	P4_AAH1
GTCATCCAGGGCACTAATGTTGAC.1|P4_AAH1	P4_AAH1
GTCATCCAGTTTCACGAGTAGGCT.1|P4_AAH1	P4_AAH1
GTCATTAGTCGTTCTCATGTTGAC.1|P4_AAH1	P4_AAH1
GTCATTAGTGTGTTACATGTTGAC.1|P4_AAH1	P4_AAH1
GTCATTAGTTACCGTGAGTAGGCT.1|P4_AAH1	P4_AAH1
GTCATTAGTTGTTGGTATGTTGAC.1|P4_AAH1	P4_AAH1
GTCATTGTCGCCTATAATGTTGAC.1|P4_AAH1	P4_AAH1
GTCATTGTCGCTATATATGTTGAC.1|P4_AAH1	P4_AAH1
GTCCCTGAGGTTAGACAGTAGGCT.1|P4_AAH1	P4_AAH1
GTCCCTGAGTCTGTGCATGTTGAC.1|P4_AAH1	P4_AAH1
GTCCCTGAGTTATGGAAGTAGGCT.1|P4_AAH1	P4_AAH1
GTCCGTAGTGCCCTTTATGTTGAC.1|P4_AAH1	P4_AAH1
GTCCGTAGTGTTAGAGAGTAGGCT.1|P4_AAH1	P4_AAH1
GTCCGTAGTGTTAGAGATGTTGAC.1|P4_AAH1	P4_AAH1
GTCCGTTAGCGCTACTAGTAGGCT.1|P4_AAH1	P4_AAH1
GTCCTGAGTCATCCTCAGTAGGCT.1|P4_AAH1	P4_AAH1
GTCGGTTTCTATTGGTATGTTGAC.1|P4_AAH1	P4_AAH1
GTCGTTATCAGGGCACATGTTGAC.1|P4_AAH1	P4_AAH1
GTCGTTATCCCGTTCCATGTTGAC.1|P4_AAH1	P4_AAH1
GTCTTGCAGGATTAGCATGTTGAC.1|P4_AAH1	P4_AAH1
GTGAAACTCAGCGATGAGTAGGCT.1|P4_AAH1	P4_AAH1
GTGAGTTAGGTATTTCAGTAGGCT.1|P4_AAH1	P4_AAH1
GTGCCTTAGCCTAAGGAGTAGGCT.1|P4_AAH1	P4_AAH1
GTGCCTTAGCTTTACGATGTTGAC.1|P4_AAH1	P4_AAH1
GTGCCTTAGTTACATCATGTTGAC.1|P4_AAH1	P4_AAH1
GTGCTCAGTCCATCAGAGTAGGCT.1|P4_AAH1	P4_AAH1
GTGCTCAGTTAGCTCGAGTAGGCT.1|P4_AAH1	P4_AAH1
GTGCTTATCCGCCATGAGTAGGCT.1|P4_AAH1	P4_AAH1
GTGGAAGCAAGGAATAATGTTGAC.1|P4_AAH1	P4_AAH1
GTGGACCAGGACAAGAATGTTGAC.1|P4_AAH1	P4_AAH1
GTGGCGAGTCACTATAAGTAGGCT.1|P4_AAH1	P4_AAH1
GTGGCGTAGCAATCCCATGTTGAC.1|P4_AAH1	P4_AAH1
GTGGCGTAGCATGTGGATGTTGAC.1|P4_AAH1	P4_AAH1
GTGGCGTAGCCCTGATAGTAGGCT.1|P4_AAH1	P4_AAH1
GTGGCTAAGCAAATTGAGTAGGCT.1|P4_AAH1	P4_AAH1
GTGGGAACACGGTACGATGTTGAC.1|P4_AAH1	P4_AAH1
GTGGGAACACTCAAAGATGTTGAC.1|P4_AAH1	P4_AAH1
GTGGGAACATCAGGACAGTAGGCT.1|P4_AAH1	P4_AAH1
GTGGTTACATCCCAATAGTAGGCT.1|P4_AAH1	P4_AAH1
GTGTGAGTCTAATGAGAGTAGGCT.1|P4_AAH1	P4_AAH1
GTGTTAAAGTCCTGCGAGTAGGCT.1|P4_AAH1	P4_AAH1
GTTAACCGTAAGCGTAATGTTGAC.1|P4_AAH1	P4_AAH1
GTTAACTTCAGCCTTAAGTAGGCT.1|P4_AAH1	P4_AAH1
GTTAACTTCCCTCAAAAGTAGGCT.1|P4_AAH1	P4_AAH1
GTTAACTTCCCTCAAAATGTTGAC.1|P4_AAH1	P4_AAH1
GTTAAGGGTGCTGAAAAGTAGGCT.1|P4_AAH1	P4_AAH1
GTTAATGAGGAGCCGTATGTTGAC.1|P4_AAH1	P4_AAH1
GTTAATGAGGTATTTCAGTAGGCT.1|P4_AAH1	P4_AAH1
GTTAATGAGTTGCGCTATGTTGAC.1|P4_AAH1	P4_AAH1
GTTACCGGTGGTTAAGAGTAGGCT.1|P4_AAH1	P4_AAH1
GTTAGAATCAGGTAGTATGTTGAC.1|P4_AAH1	P4_AAH1
GTTAGCGAGACAAAGGATGTTGAC.1|P4_AAH1	P4_AAH1
GTTAGCGAGGGTTTCCAGTAGGCT.1|P4_AAH1	P4_AAH1
GTTAGCGAGGTAACTAATGTTGAC.1|P4_AAH1	P4_AAH1
GTTAGGCCACACTAAGAGTAGGCT.1|P4_AAH1	P4_AAH1
GTTAGTCGTCGAATCTAGTAGGCT.1|P4_AAH1	P4_AAH1
GTTAGTCGTTTCCACCATGTTGAC.1|P4_AAH1	P4_AAH1
GTTATCTAGGTTCATTAGTAGGCT.1|P4_AAH1	P4_AAH1
GTTCATCCAACTTGTCATGTTGAC.1|P4_AAH1	P4_AAH1
GTTCATCCAGGGATGAATGTTGAC.1|P4_AAH1	P4_AAH1
GTTCATCCATAACCGAATGTTGAC.1|P4_AAH1	P4_AAH1
GTTCATTAGCGAATGTATGTTGAC.1|P4_AAH1	P4_AAH1
GTTCCAGGTTAGGTAGAGTAGGCT.1|P4_AAH1	P4_AAH1
GTTCCATCACGTAATGATGTTGAC.1|P4_AAH1	P4_AAH1
GTTCCATCAGCCTTCAAGTAGGCT.1|P4_AAH1	P4_AAH1
GTTCGCGTCAAGGTGTAGTAGGCT.1|P4_AAH1	P4_AAH1
GTTCGTTCAAAGGGATAGTAGGCT.1|P4_AAH1	P4_AAH1
GTTCGTTCAGCGGATTAGTAGGCT.1|P4_AAH1	P4_AAH1
GTTGAATCATACTTCAAGTAGGCT.1|P4_AAH1	P4_AAH1
GTTGAATCATCACGCCATGTTGAC.1|P4_AAH1	P4_AAH1
GTTGAATCATTGTACCATGTTGAC.1|P4_AAH1	P4_AAH1
GTTGAGCCACATGAATATGTTGAC.1|P4_AAH1	P4_AAH1
GTTGAGCCACCTATCGATGTTGAC.1|P4_AAH1	P4_AAH1
GTTGAGGTCAATGTTCAGTAGGCT.1|P4_AAH1	P4_AAH1
GTTGCATGTCGAAGGTATGTTGAC.1|P4_AAH1	P4_AAH1
GTTGCATGTGTTAGAGATGTTGAC.1|P4_AAH1	P4_AAH1
GTTGGATAGTTGCGGAATGTTGAC.1|P4_AAH1	P4_AAH1
GTTGGGTCACATGAATAGTAGGCT.1|P4_AAH1	P4_AAH1
GTTGGGTCATGTGGCGAGTAGGCT.1|P4_AAH1	P4_AAH1
GTTGGGTCATGTGGGTAGTAGGCT.1|P4_AAH1	P4_AAH1
GTTGTAAAGGGAGGCAAGTAGGCT.1|P4_AAH1	P4_AAH1
GTTGTAAAGGTCACTCAGTAGGCT.1|P4_AAH1	P4_AAH1
GTTGTAAAGTGTCCACATGTTGAC.1|P4_AAH1	P4_AAH1
GTTGTAAAGTTTACCGAGTAGGCT.1|P4_AAH1	P4_AAH1
GTTGTAAAGTTTGCTGAGTAGGCT.1|P4_AAH1	P4_AAH1
GTTGTGACAAACCCAAAGTAGGCT.1|P4_AAH1	P4_AAH1
GTTGTGACATCAGGTAAGTAGGCT.1|P4_AAH1	P4_AAH1
GTTGTTGTCAATTTGCAGTAGGCT.1|P4_AAH1	P4_AAH1
GTTTACGTCGGTACAGAGTAGGCT.1|P4_AAH1	P4_AAH1
GTTTAGTTCGGTAACGATGTTGAC.1|P4_AAH1	P4_AAH1
GTTTAGTTCTGCAACCAGTAGGCT.1|P4_AAH1	P4_AAH1
GTTTCACCAAGCTATGAGTAGGCT.1|P4_AAH1	P4_AAH1
GTTTGCATCTTCGCCCAGTAGGCT.1|P4_AAH1	P4_AAH1
GTTTGGACACATTGTCATGTTGAC.1|P4_AAH1	P4_AAH1
GTTTGGGAGCTTCCTTAGTAGGCT.1|P4_AAH1	P4_AAH1
GTTTGGGAGTCGCGAAAGTAGGCT.1|P4_AAH1	P4_AAH1
GTTTGGTGTAGCCACCAGTAGGCT.1|P4_AAH1	P4_AAH1
TAAACTGAGGTTGTGGAGTAGGCT.1|P4_AAH1	P4_AAH1
TAAAGCCAGCATTACTATGTTGAC.1|P4_AAH1	P4_AAH1
TAAAGCCAGCCTTAATATGTTGAC.1|P4_AAH1	P4_AAH1
TAAAGCCAGCTTACTGATGTTGAC.1|P4_AAH1	P4_AAH1
TAAAGCCAGGGCGGAAATGTTGAC.1|P4_AAH1	P4_AAH1
TAAAGGGAGCTGGACAAGTAGGCT.1|P4_AAH1	P4_AAH1
TAAAGGGAGTACCAGGAGTAGGCT.1|P4_AAH1	P4_AAH1
TAAATCGAGCATCTTGATGTTGAC.1|P4_AAH1	P4_AAH1
TAAATCGAGTTTCGCAAGTAGGCT.1|P4_AAH1	P4_AAH1
TAACACGCAAAGAACAATGTTGAC.1|P4_AAH1	P4_AAH1
TAACACGCATGAGTCAAGTAGGCT.1|P4_AAH1	P4_AAH1
TAACAGGGTGCTGCACAGTAGGCT.1|P4_AAH1	P4_AAH1
TAACCAAAGGTGAGGGATGTTGAC.1|P4_AAH1	P4_AAH1
TAACCCTCAAGCCAGTAGTAGGCT.1|P4_AAH1	P4_AAH1
TAACCCTCAATTAGACAGTAGGCT.1|P4_AAH1	P4_AAH1
TAACCCTCAGATTCGAAGTAGGCT.1|P4_AAH1	P4_AAH1
TAACCGCTCCGCTATAAGTAGGCT.1|P4_AAH1	P4_AAH1
TAACCGCTCTGCAACCATGTTGAC.1|P4_AAH1	P4_AAH1
TAACCGTGTAACGGGTATGTTGAC.1|P4_AAH1	P4_AAH1
TAACCGTGTCACTAGTAGTAGGCT.1|P4_AAH1	P4_AAH1
TAACCGTGTTAATTCGATGTTGAC.1|P4_AAH1	P4_AAH1
TAACCGTGTTGCACGCATGTTGAC.1|P4_AAH1	P4_AAH1
TAACCTTAGAAGCAAGAGTAGGCT.1|P4_AAH1	P4_AAH1
TAACCTTAGAGCAAGAAGTAGGCT.1|P4_AAH1	P4_AAH1
TAACCTTAGTCATTCGATGTTGAC.1|P4_AAH1	P4_AAH1
TAACCTTAGTTAGTTCAGTAGGCT.1|P4_AAH1	P4_AAH1
TAACGAATCATGATGAAGTAGGCT.1|P4_AAH1	P4_AAH1
TAACGCCTCACTATACAGTAGGCT.1|P4_AAH1	P4_AAH1
TAACGTTTCATTTGCGATGTTGAC.1|P4_AAH1	P4_AAH1
TAACGTTTCGCACACTATGTTGAC.1|P4_AAH1	P4_AAH1
TAACTTGGTCGGTTTGATGTTGAC.1|P4_AAH1	P4_AAH1
TAAGCTTTCCAGAAACAGTAGGCT.1|P4_AAH1	P4_AAH1
TAAGCTTTCGCGGATAATGTTGAC.1|P4_AAH1	P4_AAH1
TAAGGCTAGGACACGCATGTTGAC.1|P4_AAH1	P4_AAH1
TAAGTACCACAAATACAGTAGGCT.1|P4_AAH1	P4_AAH1
TAATAGGTCCCTCATTAGTAGGCT.1|P4_AAH1	P4_AAH1
TAATAGGTCCTCAAGCAGTAGGCT.1|P4_AAH1	P4_AAH1
TAATAGGTCTCACCTTAGTAGGCT.1|P4_AAH1	P4_AAH1
TAATGCGCAACTTAGGATGTTGAC.1|P4_AAH1	P4_AAH1
TAATGCGCACTCAAAGAGTAGGCT.1|P4_AAH1	P4_AAH1
TAATGTGAGGCGATATATGTTGAC.1|P4_AAH1	P4_AAH1
TACAAACCAAGTTCCTAGTAGGCT.1|P4_AAH1	P4_AAH1
TACAACAAGCTAGCCTATGTTGAC.1|P4_AAH1	P4_AAH1
TACAACAAGTAACGGTATGTTGAC.1|P4_AAH1	P4_AAH1
TACAATGAGACAACACAGTAGGCT.1|P4_AAH1	P4_AAH1
TACAGGTAGGCTAGATAGTAGGCT.1|P4_AAH1	P4_AAH1
TACATACTCACAGGGCAGTAGGCT.1|P4_AAH1	P4_AAH1
TACATACTCAGGTTGGATGTTGAC.1|P4_AAH1	P4_AAH1
TACCATCCATTGCCTGAGTAGGCT.1|P4_AAH1	P4_AAH1
TACCCGGTCAAACTTCAGTAGGCT.1|P4_AAH1	P4_AAH1
TACCGGGCATTACTTGAGTAGGCT.1|P4_AAH1	P4_AAH1
TACCGTTCATAATGACAGTAGGCT.1|P4_AAH1	P4_AAH1
TACCGTTCATTTAGCCATGTTGAC.1|P4_AAH1	P4_AAH1
TACCTGCAGGATTAGCAGTAGGCT.1|P4_AAH1	P4_AAH1
TACGCCTAGAAACCCGATGTTGAC.1|P4_AAH1	P4_AAH1
TACGCCTAGCAGCCAAATGTTGAC.1|P4_AAH1	P4_AAH1
TACGGACCAAGATGCCAGTAGGCT.1|P4_AAH1	P4_AAH1
TACGGGCAGGTAATGCAGTAGGCT.1|P4_AAH1	P4_AAH1
TACGGGCAGGTTATGAATGTTGAC.1|P4_AAH1	P4_AAH1
TACGGGTCACCTTCAGAGTAGGCT.1|P4_AAH1	P4_AAH1
TACGGGTCAGTTATCCAGTAGGCT.1|P4_AAH1	P4_AAH1
TACGTCCAGAGGAAATATGTTGAC.1|P4_AAH1	P4_AAH1
TACGTCCAGGTCTTGCAGTAGGCT.1|P4_AAH1	P4_AAH1
TACGTCCAGTGATGGTAGTAGGCT.1|P4_AAH1	P4_AAH1
TACGTTCCAAGTAAGAAGTAGGCT.1|P4_AAH1	P4_AAH1
TACGTTCCATCATAGGATGTTGAC.1|P4_AAH1	P4_AAH1
TACTAGTTCACTCGCGAGTAGGCT.1|P4_AAH1	P4_AAH1
TACTTTCGTGGCCCATATGTTGAC.1|P4_AAH1	P4_AAH1
TAGAAACGTGTTAGAGATGTTGAC.1|P4_AAH1	P4_AAH1
TAGAAAGCAAGATAAGAGTAGGCT.1|P4_AAH1	P4_AAH1
TAGAGGCGTGGATGCGAGTAGGCT.1|P4_AAH1	P4_AAH1
TAGAGGCGTTACTCCCAGTAGGCT.1|P4_AAH1	P4_AAH1
TAGCAAATCCAACTATAGTAGGCT.1|P4_AAH1	P4_AAH1
TAGCCCGTCCATAGAAATGTTGAC.1|P4_AAH1	P4_AAH1
TAGCCTATCAGCATGGAGTAGGCT.1|P4_AAH1	P4_AAH1
TAGCCTATCGGTACAGAGTAGGCT.1|P4_AAH1	P4_AAH1
TAGCGCGCAAGTTGGCAGTAGGCT.1|P4_AAH1	P4_AAH1
TAGCGCGCAGGCAACTAGTAGGCT.1|P4_AAH1	P4_AAH1
TAGCGGATCATGGATAAGTAGGCT.1|P4_AAH1	P4_AAH1
TAGCGGTCAAGGCCATATGTTGAC.1|P4_AAH1	P4_AAH1
TAGCTACGTGCCCTTTAGTAGGCT.1|P4_AAH1	P4_AAH1
TAGCTGCTCATCAAGAATGTTGAC.1|P4_AAH1	P4_AAH1
TAGCTTCCATACTGAGATGTTGAC.1|P4_AAH1	P4_AAH1
TAGCTTTAGGGATTTAAGTAGGCT.1|P4_AAH1	P4_AAH1
TAGGCGCAGCAACATAATGTTGAC.1|P4_AAH1	P4_AAH1
TAGGCGCAGGCCAACAAGTAGGCT.1|P4_AAH1	P4_AAH1
TAGGCGCAGTTACAGAAGTAGGCT.1|P4_AAH1	P4_AAH1
TAGGCTGAGCACGTTCATGTTGAC.1|P4_AAH1	P4_AAH1
TAGGCTGAGGCTCCATAGTAGGCT.1|P4_AAH1	P4_AAH1
TAGGCTGAGTCACTATATGTTGAC.1|P4_AAH1	P4_AAH1
TAGGCTTGTTGCGAAAATGTTGAC.1|P4_AAH1	P4_AAH1
TAGGTTGCAGTAAGTTAGTAGGCT.1|P4_AAH1	P4_AAH1
TAGTCCTCAGCTCGCTAGTAGGCT.1|P4_AAH1	P4_AAH1
TAGTCCTCAGTTAAACAGTAGGCT.1|P4_AAH1	P4_AAH1
TAGTCCTCATGTGGCGATGTTGAC.1|P4_AAH1	P4_AAH1
TAGTGAGGTAGCCACCATGTTGAC.1|P4_AAH1	P4_AAH1
TAGTGATCAAGCCAGTATGTTGAC.1|P4_AAH1	P4_AAH1
TAGTGATCATGCGCAGAGTAGGCT.1|P4_AAH1	P4_AAH1
TAGTGCTGTCTGTCAGATGTTGAC.1|P4_AAH1	P4_AAH1
TAGTGGCCATGCGCAGAGTAGGCT.1|P4_AAH1	P4_AAH1
TAGTGTGCACCTATCGAGTAGGCT.1|P4_AAH1	P4_AAH1
TAGTGTGCACTAAGGCAGTAGGCT.1|P4_AAH1	P4_AAH1
TAGTGTGCATCACTCGAGTAGGCT.1|P4_AAH1	P4_AAH1
TAGTTACTCGATTGGGATGTTGAC.1|P4_AAH1	P4_AAH1
TAGTTGAAGCGGCTTTAGTAGGCT.1|P4_AAH1	P4_AAH1
TAGTTGAAGGACAACTAGTAGGCT.1|P4_AAH1	P4_AAH1
TAGTTGAAGTCAGGCAATGTTGAC.1|P4_AAH1	P4_AAH1
TAGTTGAAGTCGCATCAGTAGGCT.1|P4_AAH1	P4_AAH1
TAGTTGCGTGGTTAAGATGTTGAC.1|P4_AAH1	P4_AAH1
TAGTTGCGTTAACGAGATGTTGAC.1|P4_AAH1	P4_AAH1
TAGTTTCAGTTTGCATATGTTGAC.1|P4_AAH1	P4_AAH1
TAGTTTGGTGCGCATCAGTAGGCT.1|P4_AAH1	P4_AAH1
TATAACGAGAATGGGAATGTTGAC.1|P4_AAH1	P4_AAH1
TATAACGAGCTTTACGATGTTGAC.1|P4_AAH1	P4_AAH1
TATAACGAGGATTAGCATGTTGAC.1|P4_AAH1	P4_AAH1
TATAACGAGGGTTATAATGTTGAC.1|P4_AAH1	P4_AAH1
TATATGCTCATGAGGTATGTTGAC.1|P4_AAH1	P4_AAH1
TATCGAGCAAATACCGATGTTGAC.1|P4_AAH1	P4_AAH1
TATCGAGCATAACCGAATGTTGAC.1|P4_AAH1	P4_AAH1
TATCGAGCATCCAAGAAGTAGGCT.1|P4_AAH1	P4_AAH1
TATCGAGCATTGGGTAAGTAGGCT.1|P4_AAH1	P4_AAH1
TATCGAGCATTTGCTAAGTAGGCT.1|P4_AAH1	P4_AAH1
TATCGATTCAATGGGTATGTTGAC.1|P4_AAH1	P4_AAH1
TATCGATTCAGCGGGTAGTAGGCT.1|P4_AAH1	P4_AAH1
TATCGATTCCCTCATTAGTAGGCT.1|P4_AAH1	P4_AAH1
TATCGATTCCTGCAACAGTAGGCT.1|P4_AAH1	P4_AAH1
TATCGATTCTGCAACCATGTTGAC.1|P4_AAH1	P4_AAH1
TATCGCTCACCTTCAGATGTTGAC.1|P4_AAH1	P4_AAH1
TATCGCTCATAGACCAAGTAGGCT.1|P4_AAH1	P4_AAH1
TATCTTGCAAACCCAAAGTAGGCT.1|P4_AAH1	P4_AAH1
TATCTTGCAACCTGTTAGTAGGCT.1|P4_AAH1	P4_AAH1
TATCTTGCATGCGCAGAGTAGGCT.1|P4_AAH1	P4_AAH1
TATGACTTCTAAGTCTATGTTGAC.1|P4_AAH1	P4_AAH1
TATGACTTCTGTCAGCATGTTGAC.1|P4_AAH1	P4_AAH1
TATGAGCAGATAACTGAGTAGGCT.1|P4_AAH1	P4_AAH1
TATGCATTCGATGAACAGTAGGCT.1|P4_AAH1	P4_AAH1
TATGGGAGTTCATTAGATGTTGAC.1|P4_AAH1	P4_AAH1
TATGGTAAGCACTACCATGTTGAC.1|P4_AAH1	P4_AAH1
TATGGTAAGGAGGATAATGTTGAC.1|P4_AAH1	P4_AAH1
TATGGTAAGTACCCACATGTTGAC.1|P4_AAH1	P4_AAH1
TATGGTGCACCACAAAAGTAGGCT.1|P4_AAH1	P4_AAH1
TATGGTGCATGCGCAGATGTTGAC.1|P4_AAH1	P4_AAH1
TATGTCCCACGTGCTCATGTTGAC.1|P4_AAH1	P4_AAH1
TATGTTGGTGATTACCAGTAGGCT.1|P4_AAH1	P4_AAH1
TATGTTGGTTAGTCTAATGTTGAC.1|P4_AAH1	P4_AAH1
TATGTTGGTTGACCCAAGTAGGCT.1|P4_AAH1	P4_AAH1
TATTACCAGTACCAGGATGTTGAC.1|P4_AAH1	P4_AAH1
TATTAGGAGCCATTTGAGTAGGCT.1|P4_AAH1	P4_AAH1
TATTGACTCATTTAGCAGTAGGCT.1|P4_AAH1	P4_AAH1
TATTGACTCGCTTGACATGTTGAC.1|P4_AAH1	P4_AAH1
TATTGACTCTCACCTTATGTTGAC.1|P4_AAH1	P4_AAH1
TATTGACTCTTTAAGCATGTTGAC.1|P4_AAH1	P4_AAH1
TATTGCAGTCATTACAAGTAGGCT.1|P4_AAH1	P4_AAH1
TATTGGCGTGGTTATCATGTTGAC.1|P4_AAH1	P4_AAH1
TATTGGCGTGTTTCGGAGTAGGCT.1|P4_AAH1	P4_AAH1
TATTTGCAGCGAGCTAAGTAGGCT.1|P4_AAH1	P4_AAH1
TATTTGCAGCTATCGCATGTTGAC.1|P4_AAH1	P4_AAH1
TATTTGCAGTTACTCGAGTAGGCT.1|P4_AAH1	P4_AAH1
TCAACAAAGCTCAAGGAGTAGGCT.1|P4_AAH1	P4_AAH1
TCAACCATCATTTGCGAGTAGGCT.1|P4_AAH1	P4_AAH1
TCAACCATCGTCCATAAGTAGGCT.1|P4_AAH1	P4_AAH1
TCAACCATCTATTGGTAGTAGGCT.1|P4_AAH1	P4_AAH1
TCAACCGGTGCGGTTCAGTAGGCT.1|P4_AAH1	P4_AAH1
TCAACCGGTTGCACTGAGTAGGCT.1|P4_AAH1	P4_AAH1
TCAACCTCAATGGGAGATGTTGAC.1|P4_AAH1	P4_AAH1
TCAACCTCACCTCGACATGTTGAC.1|P4_AAH1	P4_AAH1
TCAACCTCATTCTGTAAGTAGGCT.1|P4_AAH1	P4_AAH1
TCAACTAGTCGTTCTCAGTAGGCT.1|P4_AAH1	P4_AAH1
TCAACTAGTTAAGTCCAGTAGGCT.1|P4_AAH1	P4_AAH1
TCAAGGTAGAAGCAAGATGTTGAC.1|P4_AAH1	P4_AAH1
TCAAGGTAGGATGAAGAGTAGGCT.1|P4_AAH1	P4_AAH1
TCAAGGTAGTAACGTAATGTTGAC.1|P4_AAH1	P4_AAH1
TCAAGGTAGTCACTATATGTTGAC.1|P4_AAH1	P4_AAH1
TCAAGTGCAGGATGCTAGTAGGCT.1|P4_AAH1	P4_AAH1
TCAAGTGCATTGTACCAGTAGGCT.1|P4_AAH1	P4_AAH1
TCAAGTTTCCCAGTACAGTAGGCT.1|P4_AAH1	P4_AAH1
TCAATCTAGCTATTACATGTTGAC.1|P4_AAH1	P4_AAH1
TCAATGGCATGTGGCGATGTTGAC.1|P4_AAH1	P4_AAH1
TCAATTGGTACAAAGTAGTAGGCT.1|P4_AAH1	P4_AAH1
TCAATTGGTCTTTATCATGTTGAC.1|P4_AAH1	P4_AAH1
TCAATTGGTTCTCAAAAGTAGGCT.1|P4_AAH1	P4_AAH1
TCACAAGCAATCATCCATGTTGAC.1|P4_AAH1	P4_AAH1
TCACAAGCAGCTCATTATGTTGAC.1|P4_AAH1	P4_AAH1
TCACCAATCCCATTGAAGTAGGCT.1|P4_AAH1	P4_AAH1
TCACCCACAATACCCTATGTTGAC.1|P4_AAH1	P4_AAH1
TCACCCACACATGAATATGTTGAC.1|P4_AAH1	P4_AAH1
TCACCTAAGAACCTCCAGTAGGCT.1|P4_AAH1	P4_AAH1
TCACCTAAGTGTCCACATGTTGAC.1|P4_AAH1	P4_AAH1
TCACGTTCAATCGTTCATGTTGAC.1|P4_AAH1	P4_AAH1
TCACGTTCATCCTTGGAGTAGGCT.1|P4_AAH1	P4_AAH1
TCACTCGCAGGTGACTATGTTGAC.1|P4_AAH1	P4_AAH1
TCACTGTCATTACACCATGTTGAC.1|P4_AAH1	P4_AAH1
TCACTTTGTCGTAAAGATGTTGAC.1|P4_AAH1	P4_AAH1
TCAGCCAGTTAGTGAGATGTTGAC.1|P4_AAH1	P4_AAH1
TCAGGCTTCGACCGTTAGTAGGCT.1|P4_AAH1	P4_AAH1
TCAGGCTTCTCAGCACATGTTGAC.1|P4_AAH1	P4_AAH1
TCAGGTTGTCAGGAACATGTTGAC.1|P4_AAH1	P4_AAH1
TCAGTAAAGCGCTTACATGTTGAC.1|P4_AAH1	P4_AAH1
TCAGTAAAGGCCATTCAGTAGGCT.1|P4_AAH1	P4_AAH1
TCATAGGCAAACACGCATGTTGAC.1|P4_AAH1	P4_AAH1
TCATAGGCAGCTACCCATGTTGAC.1|P4_AAH1	P4_AAH1
TCATCAGTCAAACTTCAGTAGGCT.1|P4_AAH1	P4_AAH1
TCATCAGTCAAACTTCATGTTGAC.1|P4_AAH1	P4_AAH1
TCATGAAAGTCATTCGAGTAGGCT.1|P4_AAH1	P4_AAH1
TCATGCCAGACGCATGAGTAGGCT.1|P4_AAH1	P4_AAH1
TCATGCCAGCCTATATATGTTGAC.1|P4_AAH1	P4_AAH1
TCATGGTGTTCGAATCATGTTGAC.1|P4_AAH1	P4_AAH1
TCCAAGTGTGCATTACAGTAGGCT.1|P4_AAH1	P4_AAH1
TCCAAGTGTGCCCTTTAGTAGGCT.1|P4_AAH1	P4_AAH1
TCCAAGTGTGTGAGACAGTAGGCT.1|P4_AAH1	P4_AAH1
TCCAATAGTCCTCCTGAGTAGGCT.1|P4_AAH1	P4_AAH1
TCCACCTGTGACACAAAGTAGGCT.1|P4_AAH1	P4_AAH1
TCCACCTGTTAACGTCATGTTGAC.1|P4_AAH1	P4_AAH1
TCCACTAAGCCTATATAGTAGGCT.1|P4_AAH1	P4_AAH1
TCCACTAAGCTACGTCAGTAGGCT.1|P4_AAH1	P4_AAH1
TCCACTAAGGTCACTCAGTAGGCT.1|P4_AAH1	P4_AAH1
TCCACTAAGTCAACAAAGTAGGCT.1|P4_AAH1	P4_AAH1
TCCAGCTAGCAGCTAGAGTAGGCT.1|P4_AAH1	P4_AAH1
TCCAGCTAGCGCGAACAGTAGGCT.1|P4_AAH1	P4_AAH1
TCCAGCTAGGATGCATATGTTGAC.1|P4_AAH1	P4_AAH1
TCCAGGAAGAGGAGGTATGTTGAC.1|P4_AAH1	P4_AAH1
TCCAGGAAGGCTCCATAGTAGGCT.1|P4_AAH1	P4_AAH1
TCCAGGAAGTTTCACGATGTTGAC.1|P4_AAH1	P4_AAH1
TCCATTACACTGTCATATGTTGAC.1|P4_AAH1	P4_AAH1
TCCATTTGTCACAGAAATGTTGAC.1|P4_AAH1	P4_AAH1
TCCATTTGTTAACGAGAGTAGGCT.1|P4_AAH1	P4_AAH1
TCCATTTGTTGGATGAATGTTGAC.1|P4_AAH1	P4_AAH1
TCCCATAAGATATTGGATGTTGAC.1|P4_AAH1	P4_AAH1
TCCCATAAGGTAAGCTATGTTGAC.1|P4_AAH1	P4_AAH1
TCCCGCAAGCCAAACGATGTTGAC.1|P4_AAH1	P4_AAH1
TCCCGTTGTATTGCGTAGTAGGCT.1|P4_AAH1	P4_AAH1
TCCCGTTGTCGTTCTCAGTAGGCT.1|P4_AAH1	P4_AAH1
TCCCGTTGTGCACTATAGTAGGCT.1|P4_AAH1	P4_AAH1
TCCCGTTGTTGTTTGAAGTAGGCT.1|P4_AAH1	P4_AAH1
TCCCTCATCACAAATGAGTAGGCT.1|P4_AAH1	P4_AAH1
TCCCTCATCATGGAACAGTAGGCT.1|P4_AAH1	P4_AAH1
TCCGAATGTAATCCGTAGTAGGCT.1|P4_AAH1	P4_AAH1
TCCGGAGCAATTGCGAATGTTGAC.1|P4_AAH1	P4_AAH1
TCCGGAGCATAGCGCGAGTAGGCT.1|P4_AAH1	P4_AAH1
TCCGTTAAGTACCCACAGTAGGCT.1|P4_AAH1	P4_AAH1
TCCTAAGTCCGCAATCATGTTGAC.1|P4_AAH1	P4_AAH1
TCCTAAGTCGCTCAACAGTAGGCT.1|P4_AAH1	P4_AAH1
TCCTGGTAGACAACACATGTTGAC.1|P4_AAH1	P4_AAH1
TCCTGGTAGGAAGCCCAGTAGGCT.1|P4_AAH1	P4_AAH1
TCCTGGTAGTGATCAAAGTAGGCT.1|P4_AAH1	P4_AAH1
TCCTTATGTAGCTATCAGTAGGCT.1|P4_AAH1	P4_AAH1
TCCTTATGTCAAGCTTAGTAGGCT.1|P4_AAH1	P4_AAH1
TCCTTATGTTAGGCTTAGTAGGCT.1|P4_AAH1	P4_AAH1
TCCTTCTAGACTCAAAATGTTGAC.1|P4_AAH1	P4_AAH1
TCCTTCTAGGAGGATAATGTTGAC.1|P4_AAH1	P4_AAH1
TCCTTCTAGGAGGCCTAGTAGGCT.1|P4_AAH1	P4_AAH1
TCCTTCTAGTGCCCTGATGTTGAC.1|P4_AAH1	P4_AAH1
TCCTTCTAGTTGCAGGAGTAGGCT.1|P4_AAH1	P4_AAH1
TCCTTTCAGTCAGGCAAGTAGGCT.1|P4_AAH1	P4_AAH1
TCGAACCTCACGTTATATGTTGAC.1|P4_AAH1	P4_AAH1
TCGAACCTCTGGCCCAAGTAGGCT.1|P4_AAH1	P4_AAH1
TCGAAGTAGAGGCGAGATGTTGAC.1|P4_AAH1	P4_AAH1
TCGAAGTAGGCAATCGATGTTGAC.1|P4_AAH1	P4_AAH1
TCGAAGTAGGCACTAGATGTTGAC.1|P4_AAH1	P4_AAH1
TCGACTCAGCATCCCGAGTAGGCT.1|P4_AAH1	P4_AAH1
TCGATAAAGCGAGTTGAGTAGGCT.1|P4_AAH1	P4_AAH1
TCGATAAAGTTAGGGTAGTAGGCT.1|P4_AAH1	P4_AAH1
TCGATATTCGCGTTCGAGTAGGCT.1|P4_AAH1	P4_AAH1
TCGCATTCATAACCGAATGTTGAC.1|P4_AAH1	P4_AAH1
TCGCATTCATTAGCGAAGTAGGCT.1|P4_AAH1	P4_AAH1
TCGCATTCATTAGCGAATGTTGAC.1|P4_AAH1	P4_AAH1
TCGCCTCTCATCACATATGTTGAC.1|P4_AAH1	P4_AAH1
TCGCCTCTCATTATGCATGTTGAC.1|P4_AAH1	P4_AAH1
TCGCCTCTCGCTTCAAAGTAGGCT.1|P4_AAH1	P4_AAH1
TCGCCTCTCGGTAAACAGTAGGCT.1|P4_AAH1	P4_AAH1
TCGCCTCTCTACTACGATGTTGAC.1|P4_AAH1	P4_AAH1
TCGCGCTCAACAAGCCATGTTGAC.1|P4_AAH1	P4_AAH1
TCGCGCTCAGGATGCTAGTAGGCT.1|P4_AAH1	P4_AAH1
TCGCGGACACTATGTCAGTAGGCT.1|P4_AAH1	P4_AAH1
TCGCGGACATCCGTCAATGTTGAC.1|P4_AAH1	P4_AAH1
TCGCTCGAGGTTGGGCAGTAGGCT.1|P4_AAH1	P4_AAH1
TCGCTTGCAAATCACGAGTAGGCT.1|P4_AAH1	P4_AAH1
TCGCTTGCACTAACTCAGTAGGCT.1|P4_AAH1	P4_AAH1
TCGGCCATCGAAGCATATGTTGAC.1|P4_AAH1	P4_AAH1
TCGGCTAGTATTGTCAAGTAGGCT.1|P4_AAH1	P4_AAH1
TCGGCTAGTCGTTGCAAGTAGGCT.1|P4_AAH1	P4_AAH1
TCGGTTATCAGCCTTAATGTTGAC.1|P4_AAH1	P4_AAH1
TCGTCAATCACGTTATATGTTGAC.1|P4_AAH1	P4_AAH1
TCGTCAATCCAATACTAGTAGGCT.1|P4_AAH1	P4_AAH1
TCGTCAATCTATCGGCAGTAGGCT.1|P4_AAH1	P4_AAH1
TCGTCCCTCCATAAAGATGTTGAC.1|P4_AAH1	P4_AAH1
TCGTCCCTCGACTCACAGTAGGCT.1|P4_AAH1	P4_AAH1
TCGTCCCTCGACTCACATGTTGAC.1|P4_AAH1	P4_AAH1
TCGTTATAGACTTAAGAGTAGGCT.1|P4_AAH1	P4_AAH1
TCGTTATAGAGCAACTATGTTGAC.1|P4_AAH1	P4_AAH1
TCGTTCGCAGGTATTGAGTAGGCT.1|P4_AAH1	P4_AAH1
TCGTTCGCATGGCTTTATGTTGAC.1|P4_AAH1	P4_AAH1
TCGTTGCAGTCACCTAATGTTGAC.1|P4_AAH1	P4_AAH1
TCTAACAGTCGAAGTAATGTTGAC.1|P4_AAH1	P4_AAH1
TCTAAGGCAGGTAGCTAGTAGGCT.1|P4_AAH1	P4_AAH1
TCTACCTTCCAGGAATATGTTGAC.1|P4_AAH1	P4_AAH1
TCTAGTTAGTACCAGGATGTTGAC.1|P4_AAH1	P4_AAH1
TCTAGTTAGTGTAATGAGTAGGCT.1|P4_AAH1	P4_AAH1
TCTATCGAGTAAAGGGAGTAGGCT.1|P4_AAH1	P4_AAH1
TCTATCTGTCAGGAACAGTAGGCT.1|P4_AAH1	P4_AAH1
TCTATCTGTTTGTCAAATGTTGAC.1|P4_AAH1	P4_AAH1
TCTATGAGTTCCGCAAAGTAGGCT.1|P4_AAH1	P4_AAH1
TCTATTGCAGGTATATAGTAGGCT.1|P4_AAH1	P4_AAH1
TCTCAATAGGGCGGAAATGTTGAC.1|P4_AAH1	P4_AAH1
TCTCGCCTCCTTTCTAAGTAGGCT.1|P4_AAH1	P4_AAH1
TCTCTATGTCACTATAAGTAGGCT.1|P4_AAH1	P4_AAH1
TCTCTATGTGTGAGTAATGTTGAC.1|P4_AAH1	P4_AAH1
TCTCTATGTTCAAGGAATGTTGAC.1|P4_AAH1	P4_AAH1
TCTGCCACACACTAAGATGTTGAC.1|P4_AAH1	P4_AAH1
TCTGCCACATTAGTGGAGTAGGCT.1|P4_AAH1	P4_AAH1
TCTGGGCGTCAACTACATGTTGAC.1|P4_AAH1	P4_AAH1
TCTGGGCGTGATTAGGAGTAGGCT.1|P4_AAH1	P4_AAH1
TCTGGGCGTGTGACCCATGTTGAC.1|P4_AAH1	P4_AAH1
TCTGTAAGTACGTTCGAGTAGGCT.1|P4_AAH1	P4_AAH1
TCTGTAAGTCCTTAGGATGTTGAC.1|P4_AAH1	P4_AAH1
TCTGTGATCGCCTCGAAGTAGGCT.1|P4_AAH1	P4_AAH1
TCTGTGATCGGGACTAAGTAGGCT.1|P4_AAH1	P4_AAH1
TCTGTGCAGTCGCATCAGTAGGCT.1|P4_AAH1	P4_AAH1
TCTGTGCAGTTTCAGTAGTAGGCT.1|P4_AAH1	P4_AAH1
TCTTAAGGTAAAGCGCATGTTGAC.1|P4_AAH1	P4_AAH1
TCTTAAGGTTAGACTCATGTTGAC.1|P4_AAH1	P4_AAH1
TCTTACTGTAGGTGACAGTAGGCT.1|P4_AAH1	P4_AAH1
TCTTACTGTCAACTACAGTAGGCT.1|P4_AAH1	P4_AAH1
TCTTACTGTCAACTACATGTTGAC.1|P4_AAH1	P4_AAH1
TCTTACTGTCTCAGCAAGTAGGCT.1|P4_AAH1	P4_AAH1
TCTTACTGTTTGTGACAGTAGGCT.1|P4_AAH1	P4_AAH1
TCTTAGGTCATCCCAAAGTAGGCT.1|P4_AAH1	P4_AAH1
TCTTAGGTCGAACCTCAGTAGGCT.1|P4_AAH1	P4_AAH1
TCTTAGGTCGGTCAAGAGTAGGCT.1|P4_AAH1	P4_AAH1
TCTTCATGTGTGTTACATGTTGAC.1|P4_AAH1	P4_AAH1
TCTTCATGTTAGGCTTATGTTGAC.1|P4_AAH1	P4_AAH1
TCTTGACCATTCAGGAAGTAGGCT.1|P4_AAH1	P4_AAH1
TCTTGCTTCAACTGTTATGTTGAC.1|P4_AAH1	P4_AAH1
TCTTGCTTCAAGGTACAGTAGGCT.1|P4_AAH1	P4_AAH1
TCTTGCTTCACAGCCTAGTAGGCT.1|P4_AAH1	P4_AAH1
TCTTGCTTCCAAACAAAGTAGGCT.1|P4_AAH1	P4_AAH1
TCTTGCTTCCCATAATATGTTGAC.1|P4_AAH1	P4_AAH1
TCTTGCTTCTGGCCCAAGTAGGCT.1|P4_AAH1	P4_AAH1
TCTTTGGAGTGAATCAATGTTGAC.1|P4_AAH1	P4_AAH1
TCTTTGTGTTTCGCCTAGTAGGCT.1|P4_AAH1	P4_AAH1
TGAAACTCATGGCTTTAGTAGGCT.1|P4_AAH1	P4_AAH1
TGAAAGGAGACTATTCATGTTGAC.1|P4_AAH1	P4_AAH1
TGAAAGGAGCGAAGAAATGTTGAC.1|P4_AAH1	P4_AAH1
TGAACAGGTAAAGGCCAGTAGGCT.1|P4_AAH1	P4_AAH1
TGAACCACAGCTACCCATGTTGAC.1|P4_AAH1	P4_AAH1
TGAATAGTCGCTATATAGTAGGCT.1|P4_AAH1	P4_AAH1
TGACAACAGCGCCTTGAGTAGGCT.1|P4_AAH1	P4_AAH1
TGACAACAGCGGCTTTAGTAGGCT.1|P4_AAH1	P4_AAH1
TGACAACAGGAAGGTAAGTAGGCT.1|P4_AAH1	P4_AAH1
TGACAACAGGTGAGAAAGTAGGCT.1|P4_AAH1	P4_AAH1
TGACATAAGCACGCAAATGTTGAC.1|P4_AAH1	P4_AAH1
TGACATAAGGCAAGTTATGTTGAC.1|P4_AAH1	P4_AAH1
TGACATAAGGGATTTAAGTAGGCT.1|P4_AAH1	P4_AAH1
TGACATGCAGTTAAACATGTTGAC.1|P4_AAH1	P4_AAH1
TGACATGCATTTGTTGATGTTGAC.1|P4_AAH1	P4_AAH1
TGACCTATCAAGGTACAGTAGGCT.1|P4_AAH1	P4_AAH1
TGACCTATCACGAACGATGTTGAC.1|P4_AAH1	P4_AAH1
TGACCTATCAGGTAGTATGTTGAC.1|P4_AAH1	P4_AAH1
TGACCTATCATAACCTAGTAGGCT.1|P4_AAH1	P4_AAH1
TGACCTATCCAATACTATGTTGAC.1|P4_AAH1	P4_AAH1
TGACCTATCTGGGAATATGTTGAC.1|P4_AAH1	P4_AAH1
TGACCTATCTTACTCCATGTTGAC.1|P4_AAH1	P4_AAH1
TGACCTGGTAATAGGTATGTTGAC.1|P4_AAH1	P4_AAH1
TGACCTTCAACTTGTCATGTTGAC.1|P4_AAH1	P4_AAH1
TGACGAAGTCACTATAAGTAGGCT.1|P4_AAH1	P4_AAH1
TGACGAAGTCCTTATTATGTTGAC.1|P4_AAH1	P4_AAH1
TGACGGATCAACCTATAGTAGGCT.1|P4_AAH1	P4_AAH1
TGACGGATCCAGAACGATGTTGAC.1|P4_AAH1	P4_AAH1
TGACGGATCGTCAATTAGTAGGCT.1|P4_AAH1	P4_AAH1
TGACGTACAATAACCGATGTTGAC.1|P4_AAH1	P4_AAH1
TGACTACGTGCGCAAGATGTTGAC.1|P4_AAH1	P4_AAH1
TGACTATTCACCACACATGTTGAC.1|P4_AAH1	P4_AAH1
TGAGCTTGTACTTCAAATGTTGAC.1|P4_AAH1	P4_AAH1
TGAGCTTGTTTCACCCAGTAGGCT.1|P4_AAH1	P4_AAH1
TGAGGCGGTGCGATAAAGTAGGCT.1|P4_AAH1	P4_AAH1
TGAGGTAGTAATCCGTAGTAGGCT.1|P4_AAH1	P4_AAH1
TGAGGTAGTTCCTTCAAGTAGGCT.1|P4_AAH1	P4_AAH1
TGAGGTCCACCGTTTGATGTTGAC.1|P4_AAH1	P4_AAH1
TGAGTCGAGTCAGGCAAGTAGGCT.1|P4_AAH1	P4_AAH1
TGAGTCTGTACGGTTTATGTTGAC.1|P4_AAH1	P4_AAH1
TGAGTCTGTCACCAGCAGTAGGCT.1|P4_AAH1	P4_AAH1
TGAGTCTGTTAGTCTAAGTAGGCT.1|P4_AAH1	P4_AAH1
TGAGTGAGTGAACGTAAGTAGGCT.1|P4_AAH1	P4_AAH1
TGATCTTAGGCTTATTATGTTGAC.1|P4_AAH1	P4_AAH1
TGATCTTAGGTAACTAAGTAGGCT.1|P4_AAH1	P4_AAH1
TGATCTTAGTCGAAGTAGTAGGCT.1|P4_AAH1	P4_AAH1
TGATGGCCAACTATCCATGTTGAC.1|P4_AAH1	P4_AAH1
TGATGGCCACTATCACATGTTGAC.1|P4_AAH1	P4_AAH1
TGATGGCCATGACATGAGTAGGCT.1|P4_AAH1	P4_AAH1
TGATGGCCATTTGGAGATGTTGAC.1|P4_AAH1	P4_AAH1
TGATTACTCAAGATGCATGTTGAC.1|P4_AAH1	P4_AAH1
TGATTACTCCATTAGTAGTAGGCT.1|P4_AAH1	P4_AAH1
TGATTACTCTTGAGGGAGTAGGCT.1|P4_AAH1	P4_AAH1
TGATTCAGTTCACTCCATGTTGAC.1|P4_AAH1	P4_AAH1
TGATTGCGTCACTATAAGTAGGCT.1|P4_AAH1	P4_AAH1
TGATTGCGTTAAGGATATGTTGAC.1|P4_AAH1	P4_AAH1
TGATTGTTCTATGGCCAGTAGGCT.1|P4_AAH1	P4_AAH1
TGATTGTTCTCAGCACAGTAGGCT.1|P4_AAH1	P4_AAH1
TGATTGTTCTGGCCATAGTAGGCT.1|P4_AAH1	P4_AAH1
TGATTTGGTATTCGGTATGTTGAC.1|P4_AAH1	P4_AAH1
TGCAAGCCAACCTTGTATGTTGAC.1|P4_AAH1	P4_AAH1
TGCAAGCCAACTAAGTAGTAGGCT.1|P4_AAH1	P4_AAH1
TGCAAGCCAATACCCTAGTAGGCT.1|P4_AAH1	P4_AAH1
TGCAATAAGGCCTCTGATGTTGAC.1|P4_AAH1	P4_AAH1
TGCAATAAGTTATTGCAGTAGGCT.1|P4_AAH1	P4_AAH1
TGCACACTCAGTAGGTATGTTGAC.1|P4_AAH1	P4_AAH1
TGCACACTCATGACAAAGTAGGCT.1|P4_AAH1	P4_AAH1
TGCACACTCCGCTATAATGTTGAC.1|P4_AAH1	P4_AAH1
TGCACGTTCAGCGATGAGTAGGCT.1|P4_AAH1	P4_AAH1
TGCACGTTCTAACCATAGTAGGCT.1|P4_AAH1	P4_AAH1
TGCAGGATCGTCCATAATGTTGAC.1|P4_AAH1	P4_AAH1
TGCAGGTCAACTAGTGATGTTGAC.1|P4_AAH1	P4_AAH1
TGCAGGTCACTGACAAAGTAGGCT.1|P4_AAH1	P4_AAH1
TGCCCATAGCGAGCTAATGTTGAC.1|P4_AAH1	P4_AAH1
TGCCCTGAGATAGCTAATGTTGAC.1|P4_AAH1	P4_AAH1
TGCCCTGAGGTTAGTAATGTTGAC.1|P4_AAH1	P4_AAH1
TGCCGGTGTGACACAAAGTAGGCT.1|P4_AAH1	P4_AAH1
TGCCGGTGTGCTGAAAAGTAGGCT.1|P4_AAH1	P4_AAH1
TGCCTCCTCACTCGCGATGTTGAC.1|P4_AAH1	P4_AAH1
TGCCTCCTCCAAATTCAGTAGGCT.1|P4_AAH1	P4_AAH1
TGCCTTAAGGCAATCGATGTTGAC.1|P4_AAH1	P4_AAH1
TGCCTTAAGGCCATGAAGTAGGCT.1|P4_AAH1	P4_AAH1
TGCGATACAAGGTTATATGTTGAC.1|P4_AAH1	P4_AAH1
TGCGCAGCAAGGCTTAATGTTGAC.1|P4_AAH1	P4_AAH1
TGCGCAGCACCACACCATGTTGAC.1|P4_AAH1	P4_AAH1
TGCGCATTCTTTAAGCATGTTGAC.1|P4_AAH1	P4_AAH1
TGCGCCATCACGAACGAGTAGGCT.1|P4_AAH1	P4_AAH1
TGCGCCATCTAAATCCAGTAGGCT.1|P4_AAH1	P4_AAH1
TGCGCCTCAGGATGCTAGTAGGCT.1|P4_AAH1	P4_AAH1
TGCGCTAGTCAAAGATATGTTGAC.1|P4_AAH1	P4_AAH1
TGCGCTAGTTAGTGAGAGTAGGCT.1|P4_AAH1	P4_AAH1
TGCGCTTAGAAGTACCATGTTGAC.1|P4_AAH1	P4_AAH1
TGCGCTTAGCGATGGCAGTAGGCT.1|P4_AAH1	P4_AAH1
TGCGCTTAGGTTGGGCATGTTGAC.1|P4_AAH1	P4_AAH1
TGCGGAATCAACCAAAAGTAGGCT.1|P4_AAH1	P4_AAH1
TGCGGAATCCAACTATAGTAGGCT.1|P4_AAH1	P4_AAH1
TGCGGCTGTGGCTTTGATGTTGAC.1|P4_AAH1	P4_AAH1
TGCGGTTTCGCCTAGTATGTTGAC.1|P4_AAH1	P4_AAH1
TGCGGTTTCGGTTCACAGTAGGCT.1|P4_AAH1	P4_AAH1
TGCTAACGTGCAATAGAGTAGGCT.1|P4_AAH1	P4_AAH1
TGCTAACGTGCATCGCATGTTGAC.1|P4_AAH1	P4_AAH1
TGCTAACGTTGCGGCTATGTTGAC.1|P4_AAH1	P4_AAH1
TGCTATTAGAGGATAGAGTAGGCT.1|P4_AAH1	P4_AAH1
TGCTCCACATCAATCCAGTAGGCT.1|P4_AAH1	P4_AAH1
TGCTGGTTCCCGTTCCAGTAGGCT.1|P4_AAH1	P4_AAH1
TGCTTGATCACGTTCAATGTTGAC.1|P4_AAH1	P4_AAH1
TGCTTGATCTTCGCCCAGTAGGCT.1|P4_AAH1	P4_AAH1
TGGAAACTCCAACAGGATGTTGAC.1|P4_AAH1	P4_AAH1
TGGAAACTCGCCTGCAAGTAGGCT.1|P4_AAH1	P4_AAH1
TGGAAACTCTATCGGCAGTAGGCT.1|P4_AAH1	P4_AAH1
TGGACAAGTCCGTGACATGTTGAC.1|P4_AAH1	P4_AAH1
TGGACCAAGACAAAGGAGTAGGCT.1|P4_AAH1	P4_AAH1
TGGATTCGTCACTAGTAGTAGGCT.1|P4_AAH1	P4_AAH1
TGGCAATAGTACGGGCAGTAGGCT.1|P4_AAH1	P4_AAH1
TGGCATGAGATGGATCAGTAGGCT.1|P4_AAH1	P4_AAH1
TGGCATGAGGCTGTGAAGTAGGCT.1|P4_AAH1	P4_AAH1
TGGCCTTAGGCTTAGGATGTTGAC.1|P4_AAH1	P4_AAH1
TGGCGTGCACGTGCTCATGTTGAC.1|P4_AAH1	P4_AAH1
TGGCTACTCACAACAAAGTAGGCT.1|P4_AAH1	P4_AAH1
TGGGACATCACCAGGAAGTAGGCT.1|P4_AAH1	P4_AAH1
TGGGACATCACCAGGAATGTTGAC.1|P4_AAH1	P4_AAH1
TGGGCCACAACAAGCCATGTTGAC.1|P4_AAH1	P4_AAH1
TGGGCCACAATCTCTAATGTTGAC.1|P4_AAH1	P4_AAH1
TGGGCCACAGATAACTAGTAGGCT.1|P4_AAH1	P4_AAH1
TGGGCCACATATTTCGATGTTGAC.1|P4_AAH1	P4_AAH1
TGGGCGTAGAGGATGAAGTAGGCT.1|P4_AAH1	P4_AAH1
TGGGTTTGTCAACATCAGTAGGCT.1|P4_AAH1	P4_AAH1
TGGTAAGGTCGAAGGTATGTTGAC.1|P4_AAH1	P4_AAH1
TGGTAGTAGATGATTGATGTTGAC.1|P4_AAH1	P4_AAH1
TGGTAGTAGCCCTTGGATGTTGAC.1|P4_AAH1	P4_AAH1
TGGTAGTAGTTACAGAATGTTGAC.1|P4_AAH1	P4_AAH1
TGGTCAACATCGTTCGAGTAGGCT.1|P4_AAH1	P4_AAH1
TGGTCTATCAAGCTCCAGTAGGCT.1|P4_AAH1	P4_AAH1
TGGTCTATCATAATCCATGTTGAC.1|P4_AAH1	P4_AAH1
TGGTGAAGTACGTCCAATGTTGAC.1|P4_AAH1	P4_AAH1
TGGTGAAGTCAGGGCAATGTTGAC.1|P4_AAH1	P4_AAH1
TGGTGAAGTCGGTTATAGTAGGCT.1|P4_AAH1	P4_AAH1
TGGTGAGTCACAAACAATGTTGAC.1|P4_AAH1	P4_AAH1
TGGTGAGTCACAACAAATGTTGAC.1|P4_AAH1	P4_AAH1
TGGTGCGCACAATGGCAGTAGGCT.1|P4_AAH1	P4_AAH1
TGGTGCGCATTGAGATAGTAGGCT.1|P4_AAH1	P4_AAH1
TGGTGCTTCGCCTATAATGTTGAC.1|P4_AAH1	P4_AAH1
TGGTGCTTCGTGATTTAGTAGGCT.1|P4_AAH1	P4_AAH1
TGGTGTGAGAGGATGAAGTAGGCT.1|P4_AAH1	P4_AAH1
TGGTTAAAGCACTACCAGTAGGCT.1|P4_AAH1	P4_AAH1
TGGTTACGTAATAGGTATGTTGAC.1|P4_AAH1	P4_AAH1
TGGTTACGTACACCCAAGTAGGCT.1|P4_AAH1	P4_AAH1
TGGTTACGTTGCCTGAAGTAGGCT.1|P4_AAH1	P4_AAH1
TGGTTAGCAAGCCTAAATGTTGAC.1|P4_AAH1	P4_AAH1
TGGTTTGTCCGTGACTAGTAGGCT.1|P4_AAH1	P4_AAH1
TGGTTTGTCCTAATCGAGTAGGCT.1|P4_AAH1	P4_AAH1
TGGTTTGTCCTTGTTCATGTTGAC.1|P4_AAH1	P4_AAH1
TGTAACCGTATTTCGAATGTTGAC.1|P4_AAH1	P4_AAH1
TGTAACCGTGCGGAATATGTTGAC.1|P4_AAH1	P4_AAH1
TGTAAGTCACCACACCAGTAGGCT.1|P4_AAH1	P4_AAH1
TGTAATGAGCCCTTGGATGTTGAC.1|P4_AAH1	P4_AAH1
TGTAATGAGCGAAGAAATGTTGAC.1|P4_AAH1	P4_AAH1
TGTACCGGTAACGTGAAGTAGGCT.1|P4_AAH1	P4_AAH1
TGTACCTCAATGTTCCAGTAGGCT.1|P4_AAH1	P4_AAH1
TGTCAGGAGCGGCTTTAGTAGGCT.1|P4_AAH1	P4_AAH1
TGTCAGGAGCTTGAGGATGTTGAC.1|P4_AAH1	P4_AAH1
TGTCATCCAGGTATATATGTTGAC.1|P4_AAH1	P4_AAH1
TGTCCTTTCGCCTATAATGTTGAC.1|P4_AAH1	P4_AAH1
TGTCGAGAGGTGCACAAGTAGGCT.1|P4_AAH1	P4_AAH1
TGTCTTGAGGTTGTGGATGTTGAC.1|P4_AAH1	P4_AAH1
TGTGAGCCACTTAACCAGTAGGCT.1|P4_AAH1	P4_AAH1
TGTGAGGTCAGGTAGTAGTAGGCT.1|P4_AAH1	P4_AAH1
TGTGAGGTCTATCGGCATGTTGAC.1|P4_AAH1	P4_AAH1
TGTGCTGGTCTCAGCAATGTTGAC.1|P4_AAH1	P4_AAH1
TGTGCTGGTTAACGTCAGTAGGCT.1|P4_AAH1	P4_AAH1
TGTGGCGCAACTTCGTAGTAGGCT.1|P4_AAH1	P4_AAH1
TGTGGCGCATGCGGATATGTTGAC.1|P4_AAH1	P4_AAH1
TGTGGGTCAGAAACTTATGTTGAC.1|P4_AAH1	P4_AAH1
TGTGTCCAGACAAGCTATGTTGAC.1|P4_AAH1	P4_AAH1
TGTGTGACAGCATTTCATGTTGAC.1|P4_AAH1	P4_AAH1
TGTGTGACATAGCCTTAGTAGGCT.1|P4_AAH1	P4_AAH1
TGTTAGCGTCGCAACCATGTTGAC.1|P4_AAH1	P4_AAH1
TGTTAGCGTGCAATAGATGTTGAC.1|P4_AAH1	P4_AAH1
TGTTAGTTCCGCTATAATGTTGAC.1|P4_AAH1	P4_AAH1
TGTTAGTTCTCAGCTAATGTTGAC.1|P4_AAH1	P4_AAH1
TGTTCAAGTGTTTGCGATGTTGAC.1|P4_AAH1	P4_AAH1
TGTTCACCAATAAGCTATGTTGAC.1|P4_AAH1	P4_AAH1
TGTTCCTTCGCCTAGTAGTAGGCT.1|P4_AAH1	P4_AAH1
TGTTCCTTCTTGAAGAATGTTGAC.1|P4_AAH1	P4_AAH1
TGTTCTTGTACGTTCGAGTAGGCT.1|P4_AAH1	P4_AAH1
TGTTGACGTCATCATAATGTTGAC.1|P4_AAH1	P4_AAH1
TGTTGACGTCGCAACCATGTTGAC.1|P4_AAH1	P4_AAH1
TGTTGACGTTTGTCCCAGTAGGCT.1|P4_AAH1	P4_AAH1
TGTTGCATCATCAAGAATGTTGAC.1|P4_AAH1	P4_AAH1
TGTTGCATCTTTAAGCATGTTGAC.1|P4_AAH1	P4_AAH1
TGTTGGTGTACTTATGAGTAGGCT.1|P4_AAH1	P4_AAH1
TGTTGTCCAAGGCCATAGTAGGCT.1|P4_AAH1	P4_AAH1
TGTTTCGAGGGCAGTCAGTAGGCT.1|P4_AAH1	P4_AAH1
TGTTTGAGTGCGGAATATGTTGAC.1|P4_AAH1	P4_AAH1
TTAAACCTCCCATAATATGTTGAC.1|P4_AAH1	P4_AAH1
TTAAACCTCCCATTGAATGTTGAC.1|P4_AAH1	P4_AAH1
TTAACCGTCCCTCATTAGTAGGCT.1|P4_AAH1	P4_AAH1
TTAACGTTCAAGGTGTATGTTGAC.1|P4_AAH1	P4_AAH1
TTAACGTTCACGTTATATGTTGAC.1|P4_AAH1	P4_AAH1
TTAAGCTTCCCATAGCAGTAGGCT.1|P4_AAH1	P4_AAH1
TTAAGGATCACCCTCCATGTTGAC.1|P4_AAH1	P4_AAH1
TTAAGGATCGATGAACAGTAGGCT.1|P4_AAH1	P4_AAH1
TTAAGGTCAAACCCAAAGTAGGCT.1|P4_AAH1	P4_AAH1
TTACACCCAAATAGGAATGTTGAC.1|P4_AAH1	P4_AAH1
TTACACCCAGGCTAACATGTTGAC.1|P4_AAH1	P4_AAH1
TTACACCCATTCTGTAATGTTGAC.1|P4_AAH1	P4_AAH1
TTACCATAGACAACTAATGTTGAC.1|P4_AAH1	P4_AAH1
TTACCTTGTTATGTGCAGTAGGCT.1|P4_AAH1	P4_AAH1
TTACGGACACCTTTGGAGTAGGCT.1|P4_AAH1	P4_AAH1
TTACTTCGTATTTACGATGTTGAC.1|P4_AAH1	P4_AAH1
TTAGAGCAGAGCCGGTAGTAGGCT.1|P4_AAH1	P4_AAH1
TTAGAGCAGAGGATGAAGTAGGCT.1|P4_AAH1	P4_AAH1
TTAGAGCAGGGTTTGGATGTTGAC.1|P4_AAH1	P4_AAH1
TTAGAGCAGGTCGAGCAGTAGGCT.1|P4_AAH1	P4_AAH1
TTAGGTGCACTCCCTTAGTAGGCT.1|P4_AAH1	P4_AAH1
TTAGGTGCATGGCTTTATGTTGAC.1|P4_AAH1	P4_AAH1
TTAGGTTTCACAAACAATGTTGAC.1|P4_AAH1	P4_AAH1
TTAGGTTTCCAATTACAGTAGGCT.1|P4_AAH1	P4_AAH1
TTAGTCAGTTAGTAGGAGTAGGCT.1|P4_AAH1	P4_AAH1
TTAGTCGTCAAAGGGAATGTTGAC.1|P4_AAH1	P4_AAH1
TTAGTCGTCACTAATCATGTTGAC.1|P4_AAH1	P4_AAH1
TTAGTCGTCAGCGATGATGTTGAC.1|P4_AAH1	P4_AAH1
TTAGTTGGTAACCGCCATGTTGAC.1|P4_AAH1	P4_AAH1
TTAGTTGGTTAAGCTCAGTAGGCT.1|P4_AAH1	P4_AAH1
TTATAGCTCCCAGTACATGTTGAC.1|P4_AAH1	P4_AAH1
TTATCACAGCTATCGCAGTAGGCT.1|P4_AAH1	P4_AAH1
TTATCGCCAGCTAGACAGTAGGCT.1|P4_AAH1	P4_AAH1
TTATTGCAGTTATTGCAGTAGGCT.1|P4_AAH1	P4_AAH1
TTCAACTAGGTAGACTAGTAGGCT.1|P4_AAH1	P4_AAH1
TTCAAGCGTGGGAACTAGTAGGCT.1|P4_AAH1	P4_AAH1
TTCAGGACAGGCGAAAAGTAGGCT.1|P4_AAH1	P4_AAH1
TTCATGAGTTAACCACATGTTGAC.1|P4_AAH1	P4_AAH1
TTCATGAGTTAGTAGGATGTTGAC.1|P4_AAH1	P4_AAH1
TTCCAAAGTAATGGATAGTAGGCT.1|P4_AAH1	P4_AAH1
TTCCAAAGTCCTTCTAATGTTGAC.1|P4_AAH1	P4_AAH1
TTCCAACCAAAGGTAAAGTAGGCT.1|P4_AAH1	P4_AAH1
TTCCAACCACCACAAAAGTAGGCT.1|P4_AAH1	P4_AAH1
TTCCAACCACGATTAGATGTTGAC.1|P4_AAH1	P4_AAH1
TTCCAACCATGAGCTAAGTAGGCT.1|P4_AAH1	P4_AAH1
TTCCAACCATGTGGGTAGTAGGCT.1|P4_AAH1	P4_AAH1
TTCCATTGTTGAGGACAGTAGGCT.1|P4_AAH1	P4_AAH1
TTCCGCACATCGTTCGAGTAGGCT.1|P4_AAH1	P4_AAH1
TTCCTCTAGCTTGAAAATGTTGAC.1|P4_AAH1	P4_AAH1
TTCGAGGAGCCTAGTCAGTAGGCT.1|P4_AAH1	P4_AAH1
TTCGATAGTTAAGTCCATGTTGAC.1|P4_AAH1	P4_AAH1
TTCGATAGTTGAGTCTAGTAGGCT.1|P4_AAH1	P4_AAH1
TTCGATGTCCCATAATAGTAGGCT.1|P4_AAH1	P4_AAH1
TTCGATGTCCCATAGCATGTTGAC.1|P4_AAH1	P4_AAH1
TTCGATGTCCCTGGTGAGTAGGCT.1|P4_AAH1	P4_AAH1
TTCGATTAGTCAAACAATGTTGAC.1|P4_AAH1	P4_AAH1
TTCGCCACAAACACGCAGTAGGCT.1|P4_AAH1	P4_AAH1
TTCGCCACAAGCGATCATGTTGAC.1|P4_AAH1	P4_AAH1
TTCGCCACACAGCAACATGTTGAC.1|P4_AAH1	P4_AAH1
TTCGCCACATTCAACCATGTTGAC.1|P4_AAH1	P4_AAH1
TTCGCGCCAAGTTTCCAGTAGGCT.1|P4_AAH1	P4_AAH1
TTCGGTCAGGGTGGGAAGTAGGCT.1|P4_AAH1	P4_AAH1
TTCGGTCAGTAATGGCAGTAGGCT.1|P4_AAH1	P4_AAH1
TTCGTTCTCGCATTTGATGTTGAC.1|P4_AAH1	P4_AAH1
TTCTAAGGTTAACGGAAGTAGGCT.1|P4_AAH1	P4_AAH1
TTCTCACTCTGCCATAAGTAGGCT.1|P4_AAH1	P4_AAH1
TTCTGGCAGCAAATCAATGTTGAC.1|P4_AAH1	P4_AAH1
TTCTGGCAGGGCCTTTAGTAGGCT.1|P4_AAH1	P4_AAH1
TTCTGGCAGGTTAGTAATGTTGAC.1|P4_AAH1	P4_AAH1
TTCTGTGAGCTACGTCATGTTGAC.1|P4_AAH1	P4_AAH1
TTGAAAGTCCGGACAAAGTAGGCT.1|P4_AAH1	P4_AAH1
TTGAAAGTCGTTAGGGAGTAGGCT.1|P4_AAH1	P4_AAH1
TTGAATCTCAGCACCTAGTAGGCT.1|P4_AAH1	P4_AAH1
TTGACATTCGGTACCTATGTTGAC.1|P4_AAH1	P4_AAH1
TTGAGCGAGTGTGATAATGTTGAC.1|P4_AAH1	P4_AAH1
TTGAGGAGTCTTTATCATGTTGAC.1|P4_AAH1	P4_AAH1
TTGAGGAGTTCAAGGAAGTAGGCT.1|P4_AAH1	P4_AAH1
TTGAGGAGTTTGCTCCAGTAGGCT.1|P4_AAH1	P4_AAH1
TTGAGGTAGACGCATGATGTTGAC.1|P4_AAH1	P4_AAH1
TTGAGTAAGGCTGGTAATGTTGAC.1|P4_AAH1	P4_AAH1
TTGAGTAAGGTTAGCGATGTTGAC.1|P4_AAH1	P4_AAH1
TTGAGTAAGTTACTCGAGTAGGCT.1|P4_AAH1	P4_AAH1
TTGATCAGTCTCACTCATGTTGAC.1|P4_AAH1	P4_AAH1
TTGATCAGTGCCCGATAGTAGGCT.1|P4_AAH1	P4_AAH1
TTGATCAGTTTCCACCAGTAGGCT.1|P4_AAH1	P4_AAH1
TTGCGCTAGAAGTACCATGTTGAC.1|P4_AAH1	P4_AAH1
TTGCGCTAGCCCGTTGAGTAGGCT.1|P4_AAH1	P4_AAH1
TTGCGCTAGGGCACTAAGTAGGCT.1|P4_AAH1	P4_AAH1
TTGCGGGCAAGCCTAAAGTAGGCT.1|P4_AAH1	P4_AAH1
TTGCGGGCATCCACCAAGTAGGCT.1|P4_AAH1	P4_AAH1
TTGCTCAAGCCATCGTAGTAGGCT.1|P4_AAH1	P4_AAH1
TTGGTCATCATTTGCGAGTAGGCT.1|P4_AAH1	P4_AAH1
TTGGTCATCCAGCTTAATGTTGAC.1|P4_AAH1	P4_AAH1
TTGGTCATCGCCTCGAATGTTGAC.1|P4_AAH1	P4_AAH1
TTGGTCATCTTCAAGTATGTTGAC.1|P4_AAH1	P4_AAH1
TTGGTTAGTCTTTATCAGTAGGCT.1|P4_AAH1	P4_AAH1
TTGTACGTCCGGATAGAGTAGGCT.1|P4_AAH1	P4_AAH1
TTGTACGTCCGGATAGATGTTGAC.1|P4_AAH1	P4_AAH1
TTGTACGTCTAATCACAGTAGGCT.1|P4_AAH1	P4_AAH1
TTGTCAGTCACTAGGGATGTTGAC.1|P4_AAH1	P4_AAH1
TTGTCAGTCCGGACAAAGTAGGCT.1|P4_AAH1	P4_AAH1
TTGTGAGCAGTTATGGATGTTGAC.1|P4_AAH1	P4_AAH1
TTGTGGACACTATCACAGTAGGCT.1|P4_AAH1	P4_AAH1
TTTAACGGTAAGCTAGATGTTGAC.1|P4_AAH1	P4_AAH1
TTTAACGGTGTGAGGTAGTAGGCT.1|P4_AAH1	P4_AAH1
TTTACTGCATCCGCTAATGTTGAC.1|P4_AAH1	P4_AAH1
TTTAGTCAGCACTACCATGTTGAC.1|P4_AAH1	P4_AAH1
TTTAGTCAGCGATAACAGTAGGCT.1|P4_AAH1	P4_AAH1
TTTAGTCAGGGTTGCAATGTTGAC.1|P4_AAH1	P4_AAH1
TTTAGTCAGTAAGTGCATGTTGAC.1|P4_AAH1	P4_AAH1
TTTAGTCAGTGGACCAAGTAGGCT.1|P4_AAH1	P4_AAH1
TTTATGGGTAAGGTTGAGTAGGCT.1|P4_AAH1	P4_AAH1
TTTATGGGTTTAGTTGATGTTGAC.1|P4_AAH1	P4_AAH1
TTTCAAGGTCTACCAGATGTTGAC.1|P4_AAH1	P4_AAH1
TTTCAAGGTGAACGTAATGTTGAC.1|P4_AAH1	P4_AAH1
TTTCAAGGTGGTTCTGATGTTGAC.1|P4_AAH1	P4_AAH1
TTTCACCTCACAACAAAGTAGGCT.1|P4_AAH1	P4_AAH1
TTTCAGTAGATAGCTAATGTTGAC.1|P4_AAH1	P4_AAH1
TTTCAGTAGCAATCCCAGTAGGCT.1|P4_AAH1	P4_AAH1
TTTCAGTAGCGAATGTAGTAGGCT.1|P4_AAH1	P4_AAH1
TTTCAGTAGGGTTTCCATGTTGAC.1|P4_AAH1	P4_AAH1
TTTCAGTAGTTTGGTTAGTAGGCT.1|P4_AAH1	P4_AAH1
TTTCATCGTCACAGAAAGTAGGCT.1|P4_AAH1	P4_AAH1
TTTCATGCAAACTGGCATGTTGAC.1|P4_AAH1	P4_AAH1
TTTCATGCATCACTCGATGTTGAC.1|P4_AAH1	P4_AAH1
TTTCCTGGTAGCCTTGAGTAGGCT.1|P4_AAH1	P4_AAH1
TTTCGCGCATTGGGTAATGTTGAC.1|P4_AAH1	P4_AAH1
TTTGCCCGTTTAGTTGAGTAGGCT.1|P4_AAH1	P4_AAH1
TTTGCGCAGACGCATGATGTTGAC.1|P4_AAH1	P4_AAH1
TTTGCGCAGGATTATGAGTAGGCT.1|P4_AAH1	P4_AAH1
TTTGCGGGTACTTACAAGTAGGCT.1|P4_AAH1	P4_AAH1
TTTGCGGGTCTACCTCATGTTGAC.1|P4_AAH1	P4_AAH1
TTTGCTCTCCAGCTACATGTTGAC.1|P4_AAH1	P4_AAH1
TTTGCTCTCGCTTGACATGTTGAC.1|P4_AAH1	P4_AAH1
TTTGCTGAGGGCCTTTATGTTGAC.1|P4_AAH1	P4_AAH1
TTTGCTGAGTCACACCAGTAGGCT.1|P4_AAH1	P4_AAH1
TTTGGCGGTTAGCGCCATGTTGAC.1|P4_AAH1	P4_AAH1
AAACAAGCACATTCGTAACGGGAA.1|P4_LUAD	P4_LUAD
AAACAAGCACCTTTGGAACGGGAA.1|P4_LUAD	P4_LUAD
AAACAAGCAGCCATTTATGTTGAC.1|P4_LUAD	P4_LUAD
AAACAAGCAGGATTATAACGGGAA.1|P4_LUAD	P4_LUAD
AAACAAGCATACTTGCAACGGGAA.1|P4_LUAD	P4_LUAD
AAACAAGCATACTTGCACTTTAGG.1|P4_LUAD	P4_LUAD
AAACAAGCATTGCCGCAGTAGGCT.1|P4_LUAD	P4_LUAD
AAACCAATCCGCCACAACTTTAGG.1|P4_LUAD	P4_LUAD
AAACCAGGTACGTAAGACTTTAGG.1|P4_LUAD	P4_LUAD
AAACCAGGTATTCGGTACTTTAGG.1|P4_LUAD	P4_LUAD
AAACCAGGTCAGGAACAACGGGAA.1|P4_LUAD	P4_LUAD
AAACCAGGTGGTTATCACTTTAGG.1|P4_LUAD	P4_LUAD
AAACCAGGTTAACGAGAACGGGAA.1|P4_LUAD	P4_LUAD
AAACCAGGTTAGCGCCAGTAGGCT.1|P4_LUAD	P4_LUAD
AAACCAGGTTAGGTGAATGTTGAC.1|P4_LUAD	P4_LUAD
AAACCAGGTTCCTTTGAACGGGAA.1|P4_LUAD	P4_LUAD
AAACCGGTCACAAAGCACTTTAGG.1|P4_LUAD	P4_LUAD
AAACCGGTCACTTCGAACTTTAGG.1|P4_LUAD	P4_LUAD
AAACCGGTCATCCCAAACTTTAGG.1|P4_LUAD	P4_LUAD
AAACCGGTCATGCGGAACTTTAGG.1|P4_LUAD	P4_LUAD
AAACCGGTCTAGCGGAACTTTAGG.1|P4_LUAD	P4_LUAD
AAACCGGTCTTGAAGAAGTAGGCT.1|P4_LUAD	P4_LUAD
AAACGGGCAAACAATCATGTTGAC.1|P4_LUAD	P4_LUAD
AAACGGGCAAGGTGCTACTTTAGG.1|P4_LUAD	P4_LUAD
AAACGGGCAGGAATAAACTTTAGG.1|P4_LUAD	P4_LUAD
AAACGGGCATCGATAGAACGGGAA.1|P4_LUAD	P4_LUAD
AAACGTTCACATAGTGAACGGGAA.1|P4_LUAD	P4_LUAD
AAACGTTCAGGACTACAACGGGAA.1|P4_LUAD	P4_LUAD
AAACGTTCATAGGGTCAGTAGGCT.1|P4_LUAD	P4_LUAD
AAACTGGGTAGCGCGAACTTTAGG.1|P4_LUAD	P4_LUAD
AAACTGGGTCAGGAACATGTTGAC.1|P4_LUAD	P4_LUAD
AAACTGGGTTCTGGCAATGTTGAC.1|P4_LUAD	P4_LUAD
AAACTGGGTTTGGGCCACTTTAGG.1|P4_LUAD	P4_LUAD
AAACTGTCATAACCAGACTTTAGG.1|P4_LUAD	P4_LUAD
AAACTGTCATCGAACAAGTAGGCT.1|P4_LUAD	P4_LUAD
AAAGATGCATCGGGCAACTTTAGG.1|P4_LUAD	P4_LUAD
AAAGCATGTACGCACCAGTAGGCT.1|P4_LUAD	P4_LUAD
AAAGCATGTATATTCGAGTAGGCT.1|P4_LUAD	P4_LUAD
AAAGCATGTCGAGGCAAACGGGAA.1|P4_LUAD	P4_LUAD
AAAGCATGTTCATTAGAACGGGAA.1|P4_LUAD	P4_LUAD
AAAGCCTAGACAGACTACTTTAGG.1|P4_LUAD	P4_LUAD
AAAGCCTAGACCAGGCAACGGGAA.1|P4_LUAD	P4_LUAD
AAAGCCTAGCCTAAGGAACGGGAA.1|P4_LUAD	P4_LUAD
AAAGCCTAGGCAAGCCACTTTAGG.1|P4_LUAD	P4_LUAD
AAAGCCTAGGCCATTCAGTAGGCT.1|P4_LUAD	P4_LUAD
AAAGCGAAGCGATGGCAACGGGAA.1|P4_LUAD	P4_LUAD
AAAGCGAAGTAGCGCAATGTTGAC.1|P4_LUAD	P4_LUAD
AAAGCGAAGTCAAACAATGTTGAC.1|P4_LUAD	P4_LUAD
AAAGCGAAGTTAACAGAACGGGAA.1|P4_LUAD	P4_LUAD
AAAGGCAAGACTCCTAATGTTGAC.1|P4_LUAD	P4_LUAD
AAAGGCAAGCTTACATAACGGGAA.1|P4_LUAD	P4_LUAD
AAAGGCAAGGCAAGCCAACGGGAA.1|P4_LUAD	P4_LUAD
AAAGGCAAGTCTAATCATGTTGAC.1|P4_LUAD	P4_LUAD
AAAGGCTTCAGCCTTAAACGGGAA.1|P4_LUAD	P4_LUAD
AAAGGGATCAAGGTCGATGTTGAC.1|P4_LUAD	P4_LUAD
AAAGGTACAACGTTAGAGTAGGCT.1|P4_LUAD	P4_LUAD
AAAGGTACAAGCGATCACTTTAGG.1|P4_LUAD	P4_LUAD
AAAGGTACACAATGGCACTTTAGG.1|P4_LUAD	P4_LUAD
AAAGGTACACTAACTCATGTTGAC.1|P4_LUAD	P4_LUAD
AAAGGTACAGAAAGGTACTTTAGG.1|P4_LUAD	P4_LUAD
AAAGGTACATTTGCTAAGTAGGCT.1|P4_LUAD	P4_LUAD
AAAGGTGAGGCTGGTAATGTTGAC.1|P4_LUAD	P4_LUAD
AAAGGTGAGGTCAAGTATGTTGAC.1|P4_LUAD	P4_LUAD
AAAGTAGCAACATGATACTTTAGG.1|P4_LUAD	P4_LUAD
AAAGTAGCAATATGGTACTTTAGG.1|P4_LUAD	P4_LUAD
AAAGTAGCACTAGTCTAACGGGAA.1|P4_LUAD	P4_LUAD
AAAGTAGCAGGTATATAGTAGGCT.1|P4_LUAD	P4_LUAD
AAAGTCATCATCAGCCAACGGGAA.1|P4_LUAD	P4_LUAD
AAAGTCATCCTGAGGAAACGGGAA.1|P4_LUAD	P4_LUAD
AAAGTCATCTAATTGCATGTTGAC.1|P4_LUAD	P4_LUAD
AAAGTGCTCAACCGCTACTTTAGG.1|P4_LUAD	P4_LUAD
AAAGTGCTCATGCATTAGTAGGCT.1|P4_LUAD	P4_LUAD
AAAGTGCTCCAACTTGAACGGGAA.1|P4_LUAD	P4_LUAD
AAAGTGCTCCAATAGAAACGGGAA.1|P4_LUAD	P4_LUAD
AAAGTGCTCCAGGAATAACGGGAA.1|P4_LUAD	P4_LUAD
AAAGTGCTCCTGAGGAACTTTAGG.1|P4_LUAD	P4_LUAD
AAATCACCAATAGCTGACTTTAGG.1|P4_LUAD	P4_LUAD
AAATCACCACGGTAACAACGGGAA.1|P4_LUAD	P4_LUAD
AAATCACCACTATGGAATGTTGAC.1|P4_LUAD	P4_LUAD
AAATCACCATCGTTCGACTTTAGG.1|P4_LUAD	P4_LUAD
AAATCACCATTAGTGGAACGGGAA.1|P4_LUAD	P4_LUAD
AAATCCTTCAATACAGACTTTAGG.1|P4_LUAD	P4_LUAD
AAATCCTTCCAGATAAACTTTAGG.1|P4_LUAD	P4_LUAD
AAATCCTTCGAGAGAAAGTAGGCT.1|P4_LUAD	P4_LUAD
AAATCCTTCGATATTCAACGGGAA.1|P4_LUAD	P4_LUAD
AAATCCTTCGGGATGCAACGGGAA.1|P4_LUAD	P4_LUAD
AAATCCTTCGGTCAAGAACGGGAA.1|P4_LUAD	P4_LUAD
AAATCGATCAAAGGCTATGTTGAC.1|P4_LUAD	P4_LUAD
AAATCGATCACAAATGAACGGGAA.1|P4_LUAD	P4_LUAD
AAATCGATCCATCCGGAGTAGGCT.1|P4_LUAD	P4_LUAD
AAATCGATCCATCCTTAACGGGAA.1|P4_LUAD	P4_LUAD
AAATCGATCTGGCTACAGTAGGCT.1|P4_LUAD	P4_LUAD
AAATGAGCAACAGCTAAACGGGAA.1|P4_LUAD	P4_LUAD
AAATGAGCACGTAGGTAACGGGAA.1|P4_LUAD	P4_LUAD
AAATGGTGTAACCCATATGTTGAC.1|P4_LUAD	P4_LUAD
AACAAGCTCCTAAATCAACGGGAA.1|P4_LUAD	P4_LUAD
AACAAGCTCGAACCGAAGTAGGCT.1|P4_LUAD	P4_LUAD
AACACTAAGATATTGGAACGGGAA.1|P4_LUAD	P4_LUAD
AACACTAAGCGAATACAACGGGAA.1|P4_LUAD	P4_LUAD
AACACTAAGCTAGCCTAACGGGAA.1|P4_LUAD	P4_LUAD
AACACTAAGGAGGATAAACGGGAA.1|P4_LUAD	P4_LUAD
AACACTAAGGCAAGTTAGTAGGCT.1|P4_LUAD	P4_LUAD
AACACTAAGGGTTAACACTTTAGG.1|P4_LUAD	P4_LUAD
AACACTAAGGTCAATAACTTTAGG.1|P4_LUAD	P4_LUAD
AACATAGTCACGTTCAAGTAGGCT.1|P4_LUAD	P4_LUAD
AACATAGTCCAGGAATAACGGGAA.1|P4_LUAD	P4_LUAD
AACATAGTCCATTAACAACGGGAA.1|P4_LUAD	P4_LUAD
AACATTGAGCAACATAATGTTGAC.1|P4_LUAD	P4_LUAD
AACATTGAGCATCTATAACGGGAA.1|P4_LUAD	P4_LUAD
AACATTGAGCTAGATAACTTTAGG.1|P4_LUAD	P4_LUAD
AACCAAATCATGAATGAACGGGAA.1|P4_LUAD	P4_LUAD
AACCAGGTCATGGAACAGTAGGCT.1|P4_LUAD	P4_LUAD
AACCAGGTCCGGACAAACTTTAGG.1|P4_LUAD	P4_LUAD
AACCAGGTCCTGGTTAACTTTAGG.1|P4_LUAD	P4_LUAD
AACCAGGTCGCGTTCGACTTTAGG.1|P4_LUAD	P4_LUAD
AACCAGGTCTCCATCTACTTTAGG.1|P4_LUAD	P4_LUAD
AACCATAAGTAACTTCAACGGGAA.1|P4_LUAD	P4_LUAD
AACCATTTCAGGGCACAACGGGAA.1|P4_LUAD	P4_LUAD
AACCATTTCCCATAGCAACGGGAA.1|P4_LUAD	P4_LUAD
AACCCGGCAGCCTTCAAACGGGAA.1|P4_LUAD	P4_LUAD
AACCCGGCATCACGCCAGTAGGCT.1|P4_LUAD	P4_LUAD
AACCCGGCATCATGCTATGTTGAC.1|P4_LUAD	P4_LUAD
AACCCGGCATTGCCTGATGTTGAC.1|P4_LUAD	P4_LUAD
AACCTAAAGAACCTAAAGTAGGCT.1|P4_LUAD	P4_LUAD
AACCTAAAGACCTTTGAACGGGAA.1|P4_LUAD	P4_LUAD
AACCTAAAGACCTTTGACTTTAGG.1|P4_LUAD	P4_LUAD
AACCTAAAGCTAAGTAAACGGGAA.1|P4_LUAD	P4_LUAD
AACCTAAAGCTACGTCAACGGGAA.1|P4_LUAD	P4_LUAD
AACCTAAAGGCAGGCTACTTTAGG.1|P4_LUAD	P4_LUAD
AACCTAAAGGTAACTAAGTAGGCT.1|P4_LUAD	P4_LUAD
AACCTAAAGTACCCACAGTAGGCT.1|P4_LUAD	P4_LUAD
AACCTAAAGTATGGTAAACGGGAA.1|P4_LUAD	P4_LUAD
AACCTAAAGTGTGCAGATGTTGAC.1|P4_LUAD	P4_LUAD
AACCTATTCACTTGATAGTAGGCT.1|P4_LUAD	P4_LUAD
AACCTATTCCTTAGGCAACGGGAA.1|P4_LUAD	P4_LUAD
AACCTATTCGGTAAACAACGGGAA.1|P4_LUAD	P4_LUAD
AACCTATTCTGTCAATAACGGGAA.1|P4_LUAD	P4_LUAD
AACCTCATCAGCGAATATGTTGAC.1|P4_LUAD	P4_LUAD
AACCTCATCCGCAACTATGTTGAC.1|P4_LUAD	P4_LUAD
AACCTCATCGAAGTTAAACGGGAA.1|P4_LUAD	P4_LUAD
AACCTGCTCAGCACGAACTTTAGG.1|P4_LUAD	P4_LUAD
AACCTGCTCATTGTACAGTAGGCT.1|P4_LUAD	P4_LUAD
AACCTGCTCGACTCACAACGGGAA.1|P4_LUAD	P4_LUAD
AACCTGCTCGATTATCATGTTGAC.1|P4_LUAD	P4_LUAD
AACCTTTAGCAACTTTATGTTGAC.1|P4_LUAD	P4_LUAD
AACCTTTAGCCAAACGACTTTAGG.1|P4_LUAD	P4_LUAD
AACCTTTAGCTTACTGAGTAGGCT.1|P4_LUAD	P4_LUAD
AACCTTTAGGGTGGGAAGTAGGCT.1|P4_LUAD	P4_LUAD
AACGGCTCATGCGCCTATGTTGAC.1|P4_LUAD	P4_LUAD
AACGGTTAGCTCCCTCACTTTAGG.1|P4_LUAD	P4_LUAD
AACGGTTAGGCTAGATAGTAGGCT.1|P4_LUAD	P4_LUAD
AACGGTTAGGTCGAGCAGTAGGCT.1|P4_LUAD	P4_LUAD
AACGGTTAGGTGAGTTATGTTGAC.1|P4_LUAD	P4_LUAD
AACGGTTAGTCCTGACAACGGGAA.1|P4_LUAD	P4_LUAD
AACGGTTAGTGAGGAAATGTTGAC.1|P4_LUAD	P4_LUAD
AACGGTTAGTGATTAGAACGGGAA.1|P4_LUAD	P4_LUAD
AACGTTAAGACAGACTACTTTAGG.1|P4_LUAD	P4_LUAD
AACGTTCGTAGCTTTAATGTTGAC.1|P4_LUAD	P4_LUAD
AACGTTCGTATGGTGAAGTAGGCT.1|P4_LUAD	P4_LUAD
AACGTTCGTATGTTTGACTTTAGG.1|P4_LUAD	P4_LUAD
AACGTTCGTCATCATAACTTTAGG.1|P4_LUAD	P4_LUAD
AACGTTCGTCGAAGGTATGTTGAC.1|P4_LUAD	P4_LUAD
AACGTTCGTGACCTGCACTTTAGG.1|P4_LUAD	P4_LUAD
AACGTTCGTTAGCGGGACTTTAGG.1|P4_LUAD	P4_LUAD
AACTAACCAAGGCGTTAGTAGGCT.1|P4_LUAD	P4_LUAD
AACTAACCATCCACCAAACGGGAA.1|P4_LUAD	P4_LUAD
AACTAACCATGCAATGAACGGGAA.1|P4_LUAD	P4_LUAD
AACTAACCATGGCCGAACTTTAGG.1|P4_LUAD	P4_LUAD
AACTAAGTCAAGGTCGACTTTAGG.1|P4_LUAD	P4_LUAD
AACTAAGTCAAGTTTCAGTAGGCT.1|P4_LUAD	P4_LUAD
AACTAAGTCACTATGTACTTTAGG.1|P4_LUAD	P4_LUAD
AACTAAGTCATTAGCTACTTTAGG.1|P4_LUAD	P4_LUAD
AACTAAGTCGCTTGCGAGTAGGCT.1|P4_LUAD	P4_LUAD
AACTAAGTCGTCCATAAACGGGAA.1|P4_LUAD	P4_LUAD
AACTGAATCAAGGTACACTTTAGG.1|P4_LUAD	P4_LUAD
AACTGAATCATCCCAAACTTTAGG.1|P4_LUAD	P4_LUAD
AACTGAATCATGGATAACTTTAGG.1|P4_LUAD	P4_LUAD
AACTGAATCCATTAGTAGTAGGCT.1|P4_LUAD	P4_LUAD
AACTGAATCCCATAATAACGGGAA.1|P4_LUAD	P4_LUAD
AACTGAATCCTTTGTCAGTAGGCT.1|P4_LUAD	P4_LUAD
AACTGAGGTAATCCTAATGTTGAC.1|P4_LUAD	P4_LUAD
AACTGAGGTCACAGAAAACGGGAA.1|P4_LUAD	P4_LUAD
AACTGAGGTCCTCACTAACGGGAA.1|P4_LUAD	P4_LUAD
AACTGAGGTCCTTAGGACTTTAGG.1|P4_LUAD	P4_LUAD
AACTGAGGTTCACTCCATGTTGAC.1|P4_LUAD	P4_LUAD
AACTGAGGTTCGAATCAACGGGAA.1|P4_LUAD	P4_LUAD
AACTGAGGTTGCATCGAACGGGAA.1|P4_LUAD	P4_LUAD
AACTGGCCAAATAGGAATGTTGAC.1|P4_LUAD	P4_LUAD
AACTGGCCACGCCACTACTTTAGG.1|P4_LUAD	P4_LUAD
AACTGGCCATTACACCACTTTAGG.1|P4_LUAD	P4_LUAD
AACTGGGTCGGTAAACAGTAGGCT.1|P4_LUAD	P4_LUAD
AACTGGGTCGTCCCGAAACGGGAA.1|P4_LUAD	P4_LUAD
AACTGGGTCTAAATCCACTTTAGG.1|P4_LUAD	P4_LUAD
AACTTCGTCACCCTCCACTTTAGG.1|P4_LUAD	P4_LUAD
AACTTCGTCAGGCCTTATGTTGAC.1|P4_LUAD	P4_LUAD
AACTTCGTCCGCTATAAACGGGAA.1|P4_LUAD	P4_LUAD
AACTTCGTCTTTGGATATGTTGAC.1|P4_LUAD	P4_LUAD
AACTTGTTCACAGCCTATGTTGAC.1|P4_LUAD	P4_LUAD
AACTTGTTCCTGATCAAACGGGAA.1|P4_LUAD	P4_LUAD
AAGAATCGTAGCCTTGACTTTAGG.1|P4_LUAD	P4_LUAD
AAGAATCGTCCATCAGAACGGGAA.1|P4_LUAD	P4_LUAD
AAGAATCGTCGAAGTAAGTAGGCT.1|P4_LUAD	P4_LUAD
AAGAATCGTGGCTTTGATGTTGAC.1|P4_LUAD	P4_LUAD
AAGACAACAAAGCCTAAACGGGAA.1|P4_LUAD	P4_LUAD
AAGACAACAAAGTGCCAGTAGGCT.1|P4_LUAD	P4_LUAD
AAGACAACAATGGGAGACTTTAGG.1|P4_LUAD	P4_LUAD
AAGACAACAGATAGCCATGTTGAC.1|P4_LUAD	P4_LUAD
AAGACTCAGAGCAACTAACGGGAA.1|P4_LUAD	P4_LUAD
AAGACTCAGCATCTATAGTAGGCT.1|P4_LUAD	P4_LUAD
AAGACTCAGTTGGCCTATGTTGAC.1|P4_LUAD	P4_LUAD
AAGCAACTCAATGGGTAACGGGAA.1|P4_LUAD	P4_LUAD
AAGCAACTCAGCTACCACTTTAGG.1|P4_LUAD	P4_LUAD
AAGCAACTCCGGATAGAACGGGAA.1|P4_LUAD	P4_LUAD
AAGCAACTCGCCTCTCAACGGGAA.1|P4_LUAD	P4_LUAD
AAGCATGGTATGGTAGACTTTAGG.1|P4_LUAD	P4_LUAD
AAGCATGGTATGTGAGACTTTAGG.1|P4_LUAD	P4_LUAD
AAGCATGGTCCTGCAAATGTTGAC.1|P4_LUAD	P4_LUAD
AAGCATGGTTTCCTCAACTTTAGG.1|P4_LUAD	P4_LUAD
AAGCCTCTCCAGATAAAACGGGAA.1|P4_LUAD	P4_LUAD
AAGCCTCTCCTCTAAGATGTTGAC.1|P4_LUAD	P4_LUAD
AAGCCTCTCGGGACTAAACGGGAA.1|P4_LUAD	P4_LUAD
AAGCCTCTCGGTCAAGATGTTGAC.1|P4_LUAD	P4_LUAD
AAGCCTGAGAAACCCGACTTTAGG.1|P4_LUAD	P4_LUAD
AAGCCTGAGATAACTGAACGGGAA.1|P4_LUAD	P4_LUAD
AAGCCTGAGGAAGCCCACTTTAGG.1|P4_LUAD	P4_LUAD
AAGCCTGAGGACTTAAAACGGGAA.1|P4_LUAD	P4_LUAD
AAGCCTGAGGTAAGTCAGTAGGCT.1|P4_LUAD	P4_LUAD
AAGCCTGAGTTACCCAATGTTGAC.1|P4_LUAD	P4_LUAD
AAGCCTGAGTTATTGCATGTTGAC.1|P4_LUAD	P4_LUAD
AAGCCTTGTAAAGCGCATGTTGAC.1|P4_LUAD	P4_LUAD
AAGCCTTGTATGTGAGAACGGGAA.1|P4_LUAD	P4_LUAD
AAGCCTTGTATTACCAAACGGGAA.1|P4_LUAD	P4_LUAD
AAGCGATTCAATGGGTAACGGGAA.1|P4_LUAD	P4_LUAD
AAGCGATTCACAAAGCACTTTAGG.1|P4_LUAD	P4_LUAD
AAGCGATTCACAAATGAACGGGAA.1|P4_LUAD	P4_LUAD
AAGCGATTCTTGAAGAAACGGGAA.1|P4_LUAD	P4_LUAD
AAGCGCTCAAAGCCTAAACGGGAA.1|P4_LUAD	P4_LUAD
AAGCGCTCACTAGCGGAACGGGAA.1|P4_LUAD	P4_LUAD
AAGCGCTCAGCACTAAAACGGGAA.1|P4_LUAD	P4_LUAD
AAGCGCTCAGGCCTCTACTTTAGG.1|P4_LUAD	P4_LUAD
AAGCGGCTCAATGTGAATGTTGAC.1|P4_LUAD	P4_LUAD
AAGCGGCTCATGGAACATGTTGAC.1|P4_LUAD	P4_LUAD
AAGCGGCTCCGCACCAAACGGGAA.1|P4_LUAD	P4_LUAD
AAGCGGCTCGGTTATTAGTAGGCT.1|P4_LUAD	P4_LUAD
AAGCTAATCAGGGATTACTTTAGG.1|P4_LUAD	P4_LUAD
AAGCTAATCCCGTTGGACTTTAGG.1|P4_LUAD	P4_LUAD
AAGCTAATCCGAATTTAGTAGGCT.1|P4_LUAD	P4_LUAD
AAGCTTAAGCAAGACTAACGGGAA.1|P4_LUAD	P4_LUAD
AAGCTTAAGGATCCAGAACGGGAA.1|P4_LUAD	P4_LUAD
AAGCTTAAGGGTGGGAATGTTGAC.1|P4_LUAD	P4_LUAD
AAGCTTAAGTTTCACGAACGGGAA.1|P4_LUAD	P4_LUAD
AAGCTTAAGTTTGAGAACTTTAGG.1|P4_LUAD	P4_LUAD
AAGGAACCAATATGGTATGTTGAC.1|P4_LUAD	P4_LUAD
AAGGAACCAGCGGATTAACGGGAA.1|P4_LUAD	P4_LUAD
AAGGAACCATACCTTAATGTTGAC.1|P4_LUAD	P4_LUAD
AAGGAACCATAGTCAGACTTTAGG.1|P4_LUAD	P4_LUAD
AAGGACAAGGAGCCGTATGTTGAC.1|P4_LUAD	P4_LUAD
AAGGACAAGTTTCAGTAGTAGGCT.1|P4_LUAD	P4_LUAD
AAGGAGCAGATGAAGGACTTTAGG.1|P4_LUAD	P4_LUAD
AAGGAGCAGCTTCTAGATGTTGAC.1|P4_LUAD	P4_LUAD
AAGGAGCAGCTTGAGGAGTAGGCT.1|P4_LUAD	P4_LUAD
AAGGAGCAGGTTAGGTACTTTAGG.1|P4_LUAD	P4_LUAD
AAGGAGCAGTGATTTCAACGGGAA.1|P4_LUAD	P4_LUAD
AAGGAGCAGTTAGGCGAGTAGGCT.1|P4_LUAD	P4_LUAD
AAGGCACGTCCATCAGAACGGGAA.1|P4_LUAD	P4_LUAD
AAGGCCATCAGGCCAAACTTTAGG.1|P4_LUAD	P4_LUAD
AAGGCCATCATGACCCACTTTAGG.1|P4_LUAD	P4_LUAD
AAGGCCATCATGATGAACTTTAGG.1|P4_LUAD	P4_LUAD
AAGGCCATCCACTAATACTTTAGG.1|P4_LUAD	P4_LUAD
AAGGCCATCCTTATGGAACGGGAA.1|P4_LUAD	P4_LUAD
AAGGCCATCGTTCAATAGTAGGCT.1|P4_LUAD	P4_LUAD
AAGGCCATCTGCCATAACTTTAGG.1|P4_LUAD	P4_LUAD
AAGGCCCAGACTTAAGAACGGGAA.1|P4_LUAD	P4_LUAD
AAGGCCCAGCCTAGTCACTTTAGG.1|P4_LUAD	P4_LUAD
AAGGCCCAGTAGCTAAACTTTAGG.1|P4_LUAD	P4_LUAD
AAGGCCGGTACGTCCAATGTTGAC.1|P4_LUAD	P4_LUAD
AAGGCCGGTCACTAGTAACGGGAA.1|P4_LUAD	P4_LUAD
AAGGCCGGTCGAAGCGAACGGGAA.1|P4_LUAD	P4_LUAD
AAGGCCGGTTTCTAAGACTTTAGG.1|P4_LUAD	P4_LUAD
AAGGCTGTCACGGACAAACGGGAA.1|P4_LUAD	P4_LUAD
AAGGCTGTCATTTAGCAACGGGAA.1|P4_LUAD	P4_LUAD
AAGGCTGTCCTTTGGAAGTAGGCT.1|P4_LUAD	P4_LUAD
AAGGCTGTCGCTTGACACTTTAGG.1|P4_LUAD	P4_LUAD
AAGGCTGTCGTAGTTTACTTTAGG.1|P4_LUAD	P4_LUAD
AAGGCTGTCTGCCATAAGTAGGCT.1|P4_LUAD	P4_LUAD
AAGGCTGTCTGGTCTAAACGGGAA.1|P4_LUAD	P4_LUAD
AAGGCTTAGCCTAAGGATGTTGAC.1|P4_LUAD	P4_LUAD
AAGGCTTAGGAACCGCATGTTGAC.1|P4_LUAD	P4_LUAD
AAGGCTTAGGGCCTTTAACGGGAA.1|P4_LUAD	P4_LUAD
AAGGCTTAGTACGGGCATGTTGAC.1|P4_LUAD	P4_LUAD
AAGGCTTAGTCTACCAAACGGGAA.1|P4_LUAD	P4_LUAD
AAGGGAGGTCAGTGCCAACGGGAA.1|P4_LUAD	P4_LUAD
AAGGGAGGTCAGTGCCACTTTAGG.1|P4_LUAD	P4_LUAD
AAGGGAGGTCGTAAAGAACGGGAA.1|P4_LUAD	P4_LUAD
AAGGGAGGTTGGGTTTACTTTAGG.1|P4_LUAD	P4_LUAD
AAGGTATGTACCTAGTATGTTGAC.1|P4_LUAD	P4_LUAD
AAGGTATGTGACATTCACTTTAGG.1|P4_LUAD	P4_LUAD
AAGGTTATCAGCACCTAGTAGGCT.1|P4_LUAD	P4_LUAD
AAGGTTATCCCATAGCATGTTGAC.1|P4_LUAD	P4_LUAD
AAGGTTATCTGGGAATACTTTAGG.1|P4_LUAD	P4_LUAD
AAGGTTGGTAACCCATAGTAGGCT.1|P4_LUAD	P4_LUAD
AAGGTTGGTCAGTGCCAACGGGAA.1|P4_LUAD	P4_LUAD
AAGGTTGGTCATCCTCATGTTGAC.1|P4_LUAD	P4_LUAD
AAGGTTGGTGGTGCAGATGTTGAC.1|P4_LUAD	P4_LUAD
AAGGTTGGTTGAGCTTATGTTGAC.1|P4_LUAD	P4_LUAD
AAGGTTGGTTGTTGTAAACGGGAA.1|P4_LUAD	P4_LUAD
AAGTACCAGGAACTTAAACGGGAA.1|P4_LUAD	P4_LUAD
AAGTACCAGGAACTTAACTTTAGG.1|P4_LUAD	P4_LUAD
AAGTACCAGGCTTATTATGTTGAC.1|P4_LUAD	P4_LUAD
AAGTACCAGTTAACAGAGTAGGCT.1|P4_LUAD	P4_LUAD
AAGTCATCAATATGGTAACGGGAA.1|P4_LUAD	P4_LUAD
AAGTCATCACCTGGTCATGTTGAC.1|P4_LUAD	P4_LUAD
AAGTCATCAGGCTTAAACTTTAGG.1|P4_LUAD	P4_LUAD
AAGTGAACACACCCACATGTTGAC.1|P4_LUAD	P4_LUAD
AAGTGAACACCTCGACATGTTGAC.1|P4_LUAD	P4_LUAD
AAGTGAGAGCGAATACAACGGGAA.1|P4_LUAD	P4_LUAD
AAGTTCGCAACCTTGTACTTTAGG.1|P4_LUAD	P4_LUAD
AAGTTCGCAAGGCCATAACGGGAA.1|P4_LUAD	P4_LUAD
AAGTTCGCAATCTCTAACTTTAGG.1|P4_LUAD	P4_LUAD
AAGTTCGCATAGCGACACTTTAGG.1|P4_LUAD	P4_LUAD
AAGTTCGCATCGTTCGAACGGGAA.1|P4_LUAD	P4_LUAD
AAGTTCGCATCGTTCGACTTTAGG.1|P4_LUAD	P4_LUAD
AAGTTCGCATGTTTCAAACGGGAA.1|P4_LUAD	P4_LUAD
AAGTTCGCATGTTTCAACTTTAGG.1|P4_LUAD	P4_LUAD
AAGTTGCAGATTATCCACTTTAGG.1|P4_LUAD	P4_LUAD
AAGTTGCAGGACAAGAAACGGGAA.1|P4_LUAD	P4_LUAD
AAGTTGCAGGACAAGAAGTAGGCT.1|P4_LUAD	P4_LUAD
AAGTTGCAGGACACGCATGTTGAC.1|P4_LUAD	P4_LUAD
AAGTTGCAGTGAGTTAAACGGGAA.1|P4_LUAD	P4_LUAD
AAGTTGTCAATTCGGAACTTTAGG.1|P4_LUAD	P4_LUAD
AATACTGAGAGGATGAAACGGGAA.1|P4_LUAD	P4_LUAD
AATACTGAGCTAACTTACTTTAGG.1|P4_LUAD	P4_LUAD
AATACTGAGGGTTATAACTTTAGG.1|P4_LUAD	P4_LUAD
AATAGCATCACCTAATAACGGGAA.1|P4_LUAD	P4_LUAD
AATAGCATCAGCACGAAGTAGGCT.1|P4_LUAD	P4_LUAD
AATAGCATCCGCAATCAGTAGGCT.1|P4_LUAD	P4_LUAD
AATAGCATCGTCAATTAACGGGAA.1|P4_LUAD	P4_LUAD
AATATGGTCCAACATTAACGGGAA.1|P4_LUAD	P4_LUAD
AATATGGTCCCTCAAAATGTTGAC.1|P4_LUAD	P4_LUAD
AATCACGCATGAGCTAAACGGGAA.1|P4_LUAD	P4_LUAD
AATCCAAAGAGGAGGTACTTTAGG.1|P4_LUAD	P4_LUAD
AATCCAAAGATAGCTAATGTTGAC.1|P4_LUAD	P4_LUAD
AATCCAAAGCCCGTTGATGTTGAC.1|P4_LUAD	P4_LUAD
AATCCAAAGGCTGGTAACTTTAGG.1|P4_LUAD	P4_LUAD
AATCCAAAGTTACAGAAACGGGAA.1|P4_LUAD	P4_LUAD
AATCCGGAGCAATCGGATGTTGAC.1|P4_LUAD	P4_LUAD
AATCCGGAGCCCGTTGATGTTGAC.1|P4_LUAD	P4_LUAD
AATCCGGAGTTTGAGAATGTTGAC.1|P4_LUAD	P4_LUAD
AATCCGTGTGGTTCTGATGTTGAC.1|P4_LUAD	P4_LUAD
AATCCGTGTGTCCAATATGTTGAC.1|P4_LUAD	P4_LUAD
AATCCGTGTTTGGGCCATGTTGAC.1|P4_LUAD	P4_LUAD
AATCGCACAGGATGCTAACGGGAA.1|P4_LUAD	P4_LUAD
AATCGCACATAACCAGAGTAGGCT.1|P4_LUAD	P4_LUAD
AATCGCACATCACGAAAACGGGAA.1|P4_LUAD	P4_LUAD
AATCGCCTCCTGACTAAGTAGGCT.1|P4_LUAD	P4_LUAD
AATCGCGAGTCGAAGTACTTTAGG.1|P4_LUAD	P4_LUAD
AATCGGCCACTTTGTAAGTAGGCT.1|P4_LUAD	P4_LUAD
AATCGGCCATAGGGTCAACGGGAA.1|P4_LUAD	P4_LUAD
AATCGGCCATGCCTCAATGTTGAC.1|P4_LUAD	P4_LUAD
AATCGTTTCACGGACAATGTTGAC.1|P4_LUAD	P4_LUAD
AATCGTTTCCTGCAACACTTTAGG.1|P4_LUAD	P4_LUAD
AATCGTTTCTATGGCCATGTTGAC.1|P4_LUAD	P4_LUAD
AATCTCTAGACTATTCATGTTGAC.1|P4_LUAD	P4_LUAD
AATCTCTAGAGCAACTACTTTAGG.1|P4_LUAD	P4_LUAD
AATCTCTAGGACAAGAACTTTAGG.1|P4_LUAD	P4_LUAD
AATCTCTAGTTTCGCAATGTTGAC.1|P4_LUAD	P4_LUAD
AATGAAGCAAACGGTCAACGGGAA.1|P4_LUAD	P4_LUAD
AATGAAGCAAAGGGATATGTTGAC.1|P4_LUAD	P4_LUAD
AATGAAGCAGCTAGCGAGTAGGCT.1|P4_LUAD	P4_LUAD
AATGAAGCAGCTAGCGATGTTGAC.1|P4_LUAD	P4_LUAD
AATGAAGCAGCTTAAGAACGGGAA.1|P4_LUAD	P4_LUAD
AATGAAGCAGTTATGGATGTTGAC.1|P4_LUAD	P4_LUAD
AATGACCAGCAAACTAACTTTAGG.1|P4_LUAD	P4_LUAD
AATGACCAGGTGAGGGAGTAGGCT.1|P4_LUAD	P4_LUAD
AATGACCAGTCCTCAAAACGGGAA.1|P4_LUAD	P4_LUAD
AATGACCAGTCGCATCACTTTAGG.1|P4_LUAD	P4_LUAD
AATGCGCCAACTATCCAACGGGAA.1|P4_LUAD	P4_LUAD
AATGCGCCAAGTTAACATGTTGAC.1|P4_LUAD	P4_LUAD
AATGCGCCACGATTAGATGTTGAC.1|P4_LUAD	P4_LUAD
AATGCGCCACTAAGGCACTTTAGG.1|P4_LUAD	P4_LUAD
AATGCGCCACTTTACAAACGGGAA.1|P4_LUAD	P4_LUAD
AATGCGCCAGTAAGTTACTTTAGG.1|P4_LUAD	P4_LUAD
AATGGATGTAAATAGCATGTTGAC.1|P4_LUAD	P4_LUAD
AATGGATGTACGTTACACTTTAGG.1|P4_LUAD	P4_LUAD
AATGGATGTGGACCCTATGTTGAC.1|P4_LUAD	P4_LUAD
AATGGCAGTACGCACCAACGGGAA.1|P4_LUAD	P4_LUAD
AATGGCAGTAGACTGAAGTAGGCT.1|P4_LUAD	P4_LUAD
AATGGCAGTAGTAACGATGTTGAC.1|P4_LUAD	P4_LUAD
AATGGCAGTATGTTGCAGTAGGCT.1|P4_LUAD	P4_LUAD
AATGGCAGTCGAAGGTAACGGGAA.1|P4_LUAD	P4_LUAD
AATGGCAGTGCTCCAAATGTTGAC.1|P4_LUAD	P4_LUAD
AATGGCAGTTAGTCTAAACGGGAA.1|P4_LUAD	P4_LUAD
AATGGCAGTTAGTCTAAGTAGGCT.1|P4_LUAD	P4_LUAD
AATGGCAGTTCTCAAAACTTTAGG.1|P4_LUAD	P4_LUAD
AATGGCAGTTGCATCGAACGGGAA.1|P4_LUAD	P4_LUAD
AATGTGATCCAATAGAATGTTGAC.1|P4_LUAD	P4_LUAD
AATGTGATCCGGATAGAGTAGGCT.1|P4_LUAD	P4_LUAD
AATGTGATCCTCCCACACTTTAGG.1|P4_LUAD	P4_LUAD
AATGTGATCGGTAAGTACTTTAGG.1|P4_LUAD	P4_LUAD
AATTACCTCAATTTGCAACGGGAA.1|P4_LUAD	P4_LUAD
AATTACCTCCGTCCAGACTTTAGG.1|P4_LUAD	P4_LUAD
AATTACCTCCTGGAAGATGTTGAC.1|P4_LUAD	P4_LUAD
AATTACCTCTCAGCTAACTTTAGG.1|P4_LUAD	P4_LUAD
AATTACCTCTTAAGGAAACGGGAA.1|P4_LUAD	P4_LUAD
AATTGACCAAACCGGTAACGGGAA.1|P4_LUAD	P4_LUAD
AATTGACCAAACCGGTACTTTAGG.1|P4_LUAD	P4_LUAD
AATTGACCAAATAAGGACTTTAGG.1|P4_LUAD	P4_LUAD
AATTGACCAACTGTTCAACGGGAA.1|P4_LUAD	P4_LUAD
AATTGACCAGGCTGTGATGTTGAC.1|P4_LUAD	P4_LUAD
AATTGACCATGAGTCAACTTTAGG.1|P4_LUAD	P4_LUAD
AATTTGGAGAGGCGGAAACGGGAA.1|P4_LUAD	P4_LUAD
AATTTGGAGATGGATCAGTAGGCT.1|P4_LUAD	P4_LUAD
AATTTGGAGCGGCTTTATGTTGAC.1|P4_LUAD	P4_LUAD
AATTTGGAGGGCGGTTAGTAGGCT.1|P4_LUAD	P4_LUAD
AATTTGGAGGTGAGGGACTTTAGG.1|P4_LUAD	P4_LUAD
AATTTGGAGTCAAACAATGTTGAC.1|P4_LUAD	P4_LUAD
AATTTGGAGTCACTATAGTAGGCT.1|P4_LUAD	P4_LUAD
ACAAACCAGAAGCATCAGTAGGCT.1|P4_LUAD	P4_LUAD
ACAAACCAGCAATTGAAACGGGAA.1|P4_LUAD	P4_LUAD
ACAAACCAGGTGAATCACTTTAGG.1|P4_LUAD	P4_LUAD
ACAAACCAGTGTTTCGAACGGGAA.1|P4_LUAD	P4_LUAD
ACAAACCAGTTGCGCTATGTTGAC.1|P4_LUAD	P4_LUAD
ACAAACCAGTTTGACTAGTAGGCT.1|P4_LUAD	P4_LUAD
ACAAAGGAGCACGGTAAGTAGGCT.1|P4_LUAD	P4_LUAD
ACAAAGGAGCACGGTAATGTTGAC.1|P4_LUAD	P4_LUAD
ACAAAGGAGCGCTACTAGTAGGCT.1|P4_LUAD	P4_LUAD
ACAAAGGAGTCATTCGAACGGGAA.1|P4_LUAD	P4_LUAD
ACAACATCAAACCTGAAGTAGGCT.1|P4_LUAD	P4_LUAD
ACAACATCAAGTAAGAAGTAGGCT.1|P4_LUAD	P4_LUAD
ACAACATCACAAGCGTAACGGGAA.1|P4_LUAD	P4_LUAD
ACAACATCACCTTTGGATGTTGAC.1|P4_LUAD	P4_LUAD
ACAACATCACTAGTAGAGTAGGCT.1|P4_LUAD	P4_LUAD
ACAACATCAGGAGCAAAGTAGGCT.1|P4_LUAD	P4_LUAD
ACAACATCATGAGGGAAACGGGAA.1|P4_LUAD	P4_LUAD
ACAACATCATTCGGTTATGTTGAC.1|P4_LUAD	P4_LUAD
ACAACCTGTAAACCCTACTTTAGG.1|P4_LUAD	P4_LUAD
ACAACCTGTCAACATCACTTTAGG.1|P4_LUAD	P4_LUAD
ACAACCTGTTAACGAGAACGGGAA.1|P4_LUAD	P4_LUAD
ACAACGGTCAGGTTGGAGTAGGCT.1|P4_LUAD	P4_LUAD
ACAACGGTCGAAGGCCACTTTAGG.1|P4_LUAD	P4_LUAD
ACAACGGTCTTGAAAGAACGGGAA.1|P4_LUAD	P4_LUAD
ACAACTTTCCGAAAGTACTTTAGG.1|P4_LUAD	P4_LUAD
ACAACTTTCTGGAACGATGTTGAC.1|P4_LUAD	P4_LUAD
ACAAGGCGTACGTTCGAACGGGAA.1|P4_LUAD	P4_LUAD
ACAAGGCGTACTTATGAACGGGAA.1|P4_LUAD	P4_LUAD
ACAAGGCGTCATTACAAACGGGAA.1|P4_LUAD	P4_LUAD
ACAAGGCGTGTGTTACACTTTAGG.1|P4_LUAD	P4_LUAD
ACAAGGCGTTTCCTGCAGTAGGCT.1|P4_LUAD	P4_LUAD
ACAAGGCGTTTGAGCTACTTTAGG.1|P4_LUAD	P4_LUAD
ACAAGTATCACTATACACTTTAGG.1|P4_LUAD	P4_LUAD
ACAAGTATCACTTCGAAGTAGGCT.1|P4_LUAD	P4_LUAD
ACAAGTATCAGCATGGACTTTAGG.1|P4_LUAD	P4_LUAD
ACAAGTATCAGCCTTAACTTTAGG.1|P4_LUAD	P4_LUAD
ACAAGTATCCAATACTAACGGGAA.1|P4_LUAD	P4_LUAD
ACAATCAAGCAAGACTAACGGGAA.1|P4_LUAD	P4_LUAD
ACAATCAAGCTATATCACTTTAGG.1|P4_LUAD	P4_LUAD
ACAATCAAGGACAACTATGTTGAC.1|P4_LUAD	P4_LUAD
ACAATGTCAACAGCTAAACGGGAA.1|P4_LUAD	P4_LUAD
ACAATGTCATACTTGCACTTTAGG.1|P4_LUAD	P4_LUAD
ACAATGTCATTGTACCACTTTAGG.1|P4_LUAD	P4_LUAD
ACAATTGAGAAACTCAATGTTGAC.1|P4_LUAD	P4_LUAD
ACAATTGAGAGGCGGAAACGGGAA.1|P4_LUAD	P4_LUAD
ACAATTGAGATGCTAAAGTAGGCT.1|P4_LUAD	P4_LUAD
ACAATTGAGCACCTTAACTTTAGG.1|P4_LUAD	P4_LUAD
ACAATTGAGCTCCCTCACTTTAGG.1|P4_LUAD	P4_LUAD
ACAATTGAGGTTCTTGATGTTGAC.1|P4_LUAD	P4_LUAD
ACACAAGGTAGGAGGAAACGGGAA.1|P4_LUAD	P4_LUAD
ACACAAGGTCCACAATAACGGGAA.1|P4_LUAD	P4_LUAD
ACACAAGGTCGAATCTAACGGGAA.1|P4_LUAD	P4_LUAD
ACACAAGGTGGCTTTGAACGGGAA.1|P4_LUAD	P4_LUAD
ACACAAGGTGTTAGAGAACGGGAA.1|P4_LUAD	P4_LUAD
ACACAATCAACGTTAGAACGGGAA.1|P4_LUAD	P4_LUAD
ACACAATCAATAGCTGACTTTAGG.1|P4_LUAD	P4_LUAD
ACACAATCAATATGGTAACGGGAA.1|P4_LUAD	P4_LUAD
ACACAATCACCTTCAGAGTAGGCT.1|P4_LUAD	P4_LUAD
ACACAATCAGCCTATTAACGGGAA.1|P4_LUAD	P4_LUAD
ACACAATCAGGAGCAAAGTAGGCT.1|P4_LUAD	P4_LUAD
ACACAATCATAGCCGGAACGGGAA.1|P4_LUAD	P4_LUAD
ACACAATCATTAGTGGACTTTAGG.1|P4_LUAD	P4_LUAD
ACACCAACAACATGATACTTTAGG.1|P4_LUAD	P4_LUAD
ACACCAACAGCTCATTACTTTAGG.1|P4_LUAD	P4_LUAD
ACACCAACAGGTTTCTAGTAGGCT.1|P4_LUAD	P4_LUAD
ACACCAACATAGGGTCAACGGGAA.1|P4_LUAD	P4_LUAD
ACACCAACATCTATGCACTTTAGG.1|P4_LUAD	P4_LUAD
ACACCAACATTAGTGGACTTTAGG.1|P4_LUAD	P4_LUAD
ACACCGGCAATTAGACAGTAGGCT.1|P4_LUAD	P4_LUAD
ACACCGGCACCGTTTGACTTTAGG.1|P4_LUAD	P4_LUAD
ACACCGGCACGGTCGAACTTTAGG.1|P4_LUAD	P4_LUAD
ACACCGGCATTGTGTCATGTTGAC.1|P4_LUAD	P4_LUAD
ACACCTATCCTCCCACAACGGGAA.1|P4_LUAD	P4_LUAD
ACACCTTCAATCTCTAACTTTAGG.1|P4_LUAD	P4_LUAD
ACACCTTCAGCTCATTATGTTGAC.1|P4_LUAD	P4_LUAD
ACACCTTCAGGCTTAAATGTTGAC.1|P4_LUAD	P4_LUAD
ACACCTTCAGTTATGGATGTTGAC.1|P4_LUAD	P4_LUAD
ACACCTTCATCACGCCAGTAGGCT.1|P4_LUAD	P4_LUAD
ACACCTTCATGACCAAATGTTGAC.1|P4_LUAD	P4_LUAD
ACACCTTCATGCGCAGACTTTAGG.1|P4_LUAD	P4_LUAD
ACACCTTCATTAGTGGAACGGGAA.1|P4_LUAD	P4_LUAD
ACACGCGCAACAGATTATGTTGAC.1|P4_LUAD	P4_LUAD
ACACGCGCAACTTGTCACTTTAGG.1|P4_LUAD	P4_LUAD
ACACGCGCATATAGGTAGTAGGCT.1|P4_LUAD	P4_LUAD
ACACTAAAGATAACGCAACGGGAA.1|P4_LUAD	P4_LUAD
ACACTAAAGGGTTGCAAACGGGAA.1|P4_LUAD	P4_LUAD
ACACTAAAGTGCAACGATGTTGAC.1|P4_LUAD	P4_LUAD
ACACTTGTCACAATGAACTTTAGG.1|P4_LUAD	P4_LUAD
ACACTTGTCGAACCGAACTTTAGG.1|P4_LUAD	P4_LUAD
ACACTTGTCTCTATGGAGTAGGCT.1|P4_LUAD	P4_LUAD
ACACTTGTCTTGAATCAGTAGGCT.1|P4_LUAD	P4_LUAD
ACAGCACCAACTAGTGATGTTGAC.1|P4_LUAD	P4_LUAD
ACAGCACCAGCACTAAACTTTAGG.1|P4_LUAD	P4_LUAD
ACAGCACCATAGCCGGAACGGGAA.1|P4_LUAD	P4_LUAD
ACAGCCGCAAAGCCTAAACGGGAA.1|P4_LUAD	P4_LUAD
ACAGCCGCAACCGGATATGTTGAC.1|P4_LUAD	P4_LUAD
ACAGCCGCAACTATCCATGTTGAC.1|P4_LUAD	P4_LUAD
ACAGCCGCAATCGTTCAGTAGGCT.1|P4_LUAD	P4_LUAD
ACAGCCGCACAACATGAACGGGAA.1|P4_LUAD	P4_LUAD
ACAGCCGCATTTGGGAAACGGGAA.1|P4_LUAD	P4_LUAD
ACAGCGGGTGAACCAAATGTTGAC.1|P4_LUAD	P4_LUAD
ACAGGCATCATAATCCATGTTGAC.1|P4_LUAD	P4_LUAD
ACAGGCATCCTAAATCAGTAGGCT.1|P4_LUAD	P4_LUAD
ACAGGCATCTATGGCCAACGGGAA.1|P4_LUAD	P4_LUAD
ACAGGTAGTCAAAGATACTTTAGG.1|P4_LUAD	P4_LUAD
ACAGGTAGTCCATCCTACTTTAGG.1|P4_LUAD	P4_LUAD
ACAGGTAGTTACTTCTACTTTAGG.1|P4_LUAD	P4_LUAD
ACAGGTAGTTTGTCAAAACGGGAA.1|P4_LUAD	P4_LUAD
ACAGTTGCAACAGAGGAACGGGAA.1|P4_LUAD	P4_LUAD
ACAGTTGCAACTTAGGACTTTAGG.1|P4_LUAD	P4_LUAD
ACAGTTGCAATGGCCGACTTTAGG.1|P4_LUAD	P4_LUAD
ACAGTTGCACAACAATACTTTAGG.1|P4_LUAD	P4_LUAD
ACAGTTGCACCATCATACTTTAGG.1|P4_LUAD	P4_LUAD
ACAGTTGCACCATCCAACTTTAGG.1|P4_LUAD	P4_LUAD
ACAGTTGCAGATAACTACTTTAGG.1|P4_LUAD	P4_LUAD
ACAGTTGCAGGATCCGAGTAGGCT.1|P4_LUAD	P4_LUAD
ACATACTTCACAAATGAACGGGAA.1|P4_LUAD	P4_LUAD
ACATACTTCCTCAAGCACTTTAGG.1|P4_LUAD	P4_LUAD
ACATACTTCCTTTCGTAACGGGAA.1|P4_LUAD	P4_LUAD
ACATAGTCAACAGGCTACTTTAGG.1|P4_LUAD	P4_LUAD
ACATAGTCAACCTCGCACTTTAGG.1|P4_LUAD	P4_LUAD
ACATAGTCAATCTCTAATGTTGAC.1|P4_LUAD	P4_LUAD
ACATGTTTCACAGCCTACTTTAGG.1|P4_LUAD	P4_LUAD
ACATGTTTCATCAAGAACTTTAGG.1|P4_LUAD	P4_LUAD
ACATGTTTCCACAATTAACGGGAA.1|P4_LUAD	P4_LUAD
ACATGTTTCCAGGAATACTTTAGG.1|P4_LUAD	P4_LUAD
ACATGTTTCGTCAACCAACGGGAA.1|P4_LUAD	P4_LUAD
ACATGTTTCGTTCGTAAACGGGAA.1|P4_LUAD	P4_LUAD
ACATTACTCAATCGCCAACGGGAA.1|P4_LUAD	P4_LUAD
ACATTACTCACAAAGCAACGGGAA.1|P4_LUAD	P4_LUAD
ACATTACTCCAGAAACATGTTGAC.1|P4_LUAD	P4_LUAD
ACATTACTCCATAAAGAGTAGGCT.1|P4_LUAD	P4_LUAD
ACATTACTCCTGACTAAACGGGAA.1|P4_LUAD	P4_LUAD
ACATTACTCCTTGAGCAGTAGGCT.1|P4_LUAD	P4_LUAD
ACATTACTCTGCCATAACTTTAGG.1|P4_LUAD	P4_LUAD
ACATTACTCTTTGGATACTTTAGG.1|P4_LUAD	P4_LUAD
ACATTGTTCCGGACAAAACGGGAA.1|P4_LUAD	P4_LUAD
ACATTGTTCTAGCGGAAGTAGGCT.1|P4_LUAD	P4_LUAD
ACATTGTTCTAGCGGAATGTTGAC.1|P4_LUAD	P4_LUAD
ACCAACTGTACGAACAACTTTAGG.1|P4_LUAD	P4_LUAD
ACCAACTGTGCGGTTCAACGGGAA.1|P4_LUAD	P4_LUAD
ACCAATAAGAGGCGTCAACGGGAA.1|P4_LUAD	P4_LUAD
ACCAATAAGCTCAAGGACTTTAGG.1|P4_LUAD	P4_LUAD
ACCAATAAGTTTCAGTAACGGGAA.1|P4_LUAD	P4_LUAD
ACCAATCGTAACTTGCACTTTAGG.1|P4_LUAD	P4_LUAD
ACCAATCGTACTTATGAACGGGAA.1|P4_LUAD	P4_LUAD
ACCAATCGTAGACTGAACTTTAGG.1|P4_LUAD	P4_LUAD
ACCAATCGTGGTTCGCACTTTAGG.1|P4_LUAD	P4_LUAD
ACCAATTTCACAAGCGAACGGGAA.1|P4_LUAD	P4_LUAD
ACCAATTTCGACTTGCATGTTGAC.1|P4_LUAD	P4_LUAD
ACCAATTTCTAAGTCTACTTTAGG.1|P4_LUAD	P4_LUAD
ACCAATTTCTGGCTACATGTTGAC.1|P4_LUAD	P4_LUAD
ACCACAACAAGCCACGACTTTAGG.1|P4_LUAD	P4_LUAD
ACCACAACAAGTTGGCAGTAGGCT.1|P4_LUAD	P4_LUAD
ACCACAACACAAATACATGTTGAC.1|P4_LUAD	P4_LUAD
ACCACAACACTTTGTAATGTTGAC.1|P4_LUAD	P4_LUAD
ACCACAACATGTGGCGATGTTGAC.1|P4_LUAD	P4_LUAD
ACCACGTTCAAACCAAACTTTAGG.1|P4_LUAD	P4_LUAD
ACCACGTTCAGCCCTGACTTTAGG.1|P4_LUAD	P4_LUAD
ACCACGTTCCGGCTCAAGTAGGCT.1|P4_LUAD	P4_LUAD
ACCAGGTCAATCGTGAACTTTAGG.1|P4_LUAD	P4_LUAD
ACCAGGTCACATGCTTAGTAGGCT.1|P4_LUAD	P4_LUAD
ACCATATTCATGTCATAACGGGAA.1|P4_LUAD	P4_LUAD
ACCATATTCGCATTTGATGTTGAC.1|P4_LUAD	P4_LUAD
ACCATATTCGCTTCAAAACGGGAA.1|P4_LUAD	P4_LUAD
ACCATATTCGGTACAGAACGGGAA.1|P4_LUAD	P4_LUAD
ACCATATTCTCAAGAAAGTAGGCT.1|P4_LUAD	P4_LUAD
ACCATATTCTTCGCCCACTTTAGG.1|P4_LUAD	P4_LUAD
ACCATTAGTCAGGATAAGTAGGCT.1|P4_LUAD	P4_LUAD
ACCATTAGTGAACCAAATGTTGAC.1|P4_LUAD	P4_LUAD
ACCATTAGTTTCCACCACTTTAGG.1|P4_LUAD	P4_LUAD
ACCCAAACAATGGGAGACTTTAGG.1|P4_LUAD	P4_LUAD
ACCCAAACACCACATTACTTTAGG.1|P4_LUAD	P4_LUAD
ACCCAAACACTAACAGATGTTGAC.1|P4_LUAD	P4_LUAD
ACCCAAACACTGACAAAACGGGAA.1|P4_LUAD	P4_LUAD
ACCCAACTCCGTCCAGAGTAGGCT.1|P4_LUAD	P4_LUAD
ACCCAACTCGAACCGAAACGGGAA.1|P4_LUAD	P4_LUAD
ACCCAACTCGAAGGCCACTTTAGG.1|P4_LUAD	P4_LUAD
ACCCGCTCAATCATCCAACGGGAA.1|P4_LUAD	P4_LUAD
ACCCGCTCAGGCTAACACTTTAGG.1|P4_LUAD	P4_LUAD
ACCCGCTCAGGTTTCTAACGGGAA.1|P4_LUAD	P4_LUAD
ACCCGTTAGCACTACCATGTTGAC.1|P4_LUAD	P4_LUAD
ACCCGTTAGCTTGATTAGTAGGCT.1|P4_LUAD	P4_LUAD
ACCCGTTAGGAAACTCACTTTAGG.1|P4_LUAD	P4_LUAD
ACCCTAATCACCAGCTACTTTAGG.1|P4_LUAD	P4_LUAD
ACCCTAATCACGTTCAACTTTAGG.1|P4_LUAD	P4_LUAD
ACCCTAATCGGTTATTACTTTAGG.1|P4_LUAD	P4_LUAD
ACCCTAATCGTCCCGAAACGGGAA.1|P4_LUAD	P4_LUAD
ACCCTAATCTAATTGCACTTTAGG.1|P4_LUAD	P4_LUAD
ACCCTCACAAGGTGTCAACGGGAA.1|P4_LUAD	P4_LUAD
ACCCTCACACACCCACACTTTAGG.1|P4_LUAD	P4_LUAD
ACCCTCACAGCCATAAAACGGGAA.1|P4_LUAD	P4_LUAD
ACCCTCACAGCTACCCACTTTAGG.1|P4_LUAD	P4_LUAD
ACCCTCCTCAAACCAAATGTTGAC.1|P4_LUAD	P4_LUAD
ACCCTCCTCAAAGGGAACTTTAGG.1|P4_LUAD	P4_LUAD
ACCCTCCTCATGAGGTAACGGGAA.1|P4_LUAD	P4_LUAD
ACCCTCCTCTTGAGGGAACGGGAA.1|P4_LUAD	P4_LUAD
ACCCTGGTCACAAGCGAGTAGGCT.1|P4_LUAD	P4_LUAD
ACCCTGGTCCCAGACTATGTTGAC.1|P4_LUAD	P4_LUAD
ACCCTGGTCTAACCATAACGGGAA.1|P4_LUAD	P4_LUAD
ACCCTGGTCTATCGGCAACGGGAA.1|P4_LUAD	P4_LUAD
ACCCTGGTCTTTGGTGATGTTGAC.1|P4_LUAD	P4_LUAD
ACCCTTCGTACTAACCAACGGGAA.1|P4_LUAD	P4_LUAD
ACCCTTCGTGCCCTTTACTTTAGG.1|P4_LUAD	P4_LUAD
ACCGAAGTCACAATGAAGTAGGCT.1|P4_LUAD	P4_LUAD
ACCGAAGTCATTGAAGACTTTAGG.1|P4_LUAD	P4_LUAD
ACCGAAGTCCATAAAGACTTTAGG.1|P4_LUAD	P4_LUAD
ACCGAAGTCGAGGCGTATGTTGAC.1|P4_LUAD	P4_LUAD
ACCGAAGTCGCCTCTCATGTTGAC.1|P4_LUAD	P4_LUAD
ACCGCCATCATGTCATAACGGGAA.1|P4_LUAD	P4_LUAD
ACCGCCTCAAACTGGCAACGGGAA.1|P4_LUAD	P4_LUAD
ACCGCCTCAAGATAAGACTTTAGG.1|P4_LUAD	P4_LUAD
ACCGCCTCAAGGCTTAAACGGGAA.1|P4_LUAD	P4_LUAD
ACCGCCTCAATCAAACACTTTAGG.1|P4_LUAD	P4_LUAD
ACCGGCTGTAACTACCACTTTAGG.1|P4_LUAD	P4_LUAD
ACCGGCTGTGAACGGTATGTTGAC.1|P4_LUAD	P4_LUAD
ACCGGCTGTGGGAACTAACGGGAA.1|P4_LUAD	P4_LUAD
ACCGGCTGTTCACCTCAGTAGGCT.1|P4_LUAD	P4_LUAD
ACCGGCTGTTTGTGACACTTTAGG.1|P4_LUAD	P4_LUAD
ACCGGTAAGAACCTCCAGTAGGCT.1|P4_LUAD	P4_LUAD
ACCGGTAAGCGAAGAAATGTTGAC.1|P4_LUAD	P4_LUAD
ACCGGTAAGGTTGTGGATGTTGAC.1|P4_LUAD	P4_LUAD
ACCGGTTTCCCGTTGGAACGGGAA.1|P4_LUAD	P4_LUAD
ACCGTTATCACCTTTCAACGGGAA.1|P4_LUAD	P4_LUAD
ACCGTTATCATGGATAACTTTAGG.1|P4_LUAD	P4_LUAD
ACCGTTATCTAATCACACTTTAGG.1|P4_LUAD	P4_LUAD
ACCGTTATCTAGCCTAAACGGGAA.1|P4_LUAD	P4_LUAD
ACCTAAGCAATTCGGAAACGGGAA.1|P4_LUAD	P4_LUAD
ACCTAAGCAGCTGCTCATGTTGAC.1|P4_LUAD	P4_LUAD
ACCTAGTGTATGTGAGACTTTAGG.1|P4_LUAD	P4_LUAD
ACCTAGTGTTACTCCCAGTAGGCT.1|P4_LUAD	P4_LUAD
ACCTAGTGTTGCGAAAAACGGGAA.1|P4_LUAD	P4_LUAD
ACCTATCCAAAGGGATAGTAGGCT.1|P4_LUAD	P4_LUAD
ACCTATCCATGGCTTTAACGGGAA.1|P4_LUAD	P4_LUAD
ACCTATCCATTGGGTAATGTTGAC.1|P4_LUAD	P4_LUAD
ACCTCACAGGAAACTCAGTAGGCT.1|P4_LUAD	P4_LUAD
ACCTCACAGGCCTTCGAACGGGAA.1|P4_LUAD	P4_LUAD
ACCTCACAGTTTGCATAACGGGAA.1|P4_LUAD	P4_LUAD
ACCTCATCAAAGGTAAAGTAGGCT.1|P4_LUAD	P4_LUAD
ACCTCATCAAGACATTAACGGGAA.1|P4_LUAD	P4_LUAD
ACCTCATCAAGACATTAGTAGGCT.1|P4_LUAD	P4_LUAD
ACCTCATCACCTTACGACTTTAGG.1|P4_LUAD	P4_LUAD
ACCTCATCAGCTCGCTAACGGGAA.1|P4_LUAD	P4_LUAD
ACCTCATCAGGAGCAAAACGGGAA.1|P4_LUAD	P4_LUAD
ACCTCATCAGGCTATAAGTAGGCT.1|P4_LUAD	P4_LUAD
ACCTCATCAGGGATGAACTTTAGG.1|P4_LUAD	P4_LUAD
ACCTCCCTCCCGTTCCACTTTAGG.1|P4_LUAD	P4_LUAD
ACCTCCCTCGCCACATATGTTGAC.1|P4_LUAD	P4_LUAD
ACCTCCCTCGTTGCACAACGGGAA.1|P4_LUAD	P4_LUAD
ACCTCTAAGACTAACAAACGGGAA.1|P4_LUAD	P4_LUAD
ACCTCTAAGCCTATATATGTTGAC.1|P4_LUAD	P4_LUAD
ACCTCTAAGTTACTCGAGTAGGCT.1|P4_LUAD	P4_LUAD
ACCTCTAAGTTGCAAAAGTAGGCT.1|P4_LUAD	P4_LUAD
ACCTGGAAGGACTTAAAACGGGAA.1|P4_LUAD	P4_LUAD
ACCTGGAAGGTAGACTATGTTGAC.1|P4_LUAD	P4_LUAD
ACCTGGAAGTGAGTCGATGTTGAC.1|P4_LUAD	P4_LUAD
ACCTTTACAACAGGCTAGTAGGCT.1|P4_LUAD	P4_LUAD
ACCTTTACAACTTAGGATGTTGAC.1|P4_LUAD	P4_LUAD
ACCTTTACAAGTCGCGAACGGGAA.1|P4_LUAD	P4_LUAD
ACCTTTACAATAGAGAATGTTGAC.1|P4_LUAD	P4_LUAD
ACCTTTACAATAGCTGAGTAGGCT.1|P4_LUAD	P4_LUAD
ACCTTTACAGATAGCCAGTAGGCT.1|P4_LUAD	P4_LUAD
ACCTTTACATGGCTTTACTTTAGG.1|P4_LUAD	P4_LUAD
ACGAATATCCACTAATATGTTGAC.1|P4_LUAD	P4_LUAD
ACGAATATCCTAAATCAACGGGAA.1|P4_LUAD	P4_LUAD
ACGAGGGAGCAAACTAAACGGGAA.1|P4_LUAD	P4_LUAD
ACGAGGGAGCAAACTAACTTTAGG.1|P4_LUAD	P4_LUAD
ACGAGGGAGCAAATTGAACGGGAA.1|P4_LUAD	P4_LUAD
ACGAGGGAGCTTGAGGACTTTAGG.1|P4_LUAD	P4_LUAD
ACGAGGGAGGAACCTGACTTTAGG.1|P4_LUAD	P4_LUAD
ACGAGGGAGGTAAGTCAGTAGGCT.1|P4_LUAD	P4_LUAD
ACGAGGGAGTACCAGGAACGGGAA.1|P4_LUAD	P4_LUAD
ACGAGGGAGTCCTCAAAACGGGAA.1|P4_LUAD	P4_LUAD
ACGATTCGTCAAACTCACTTTAGG.1|P4_LUAD	P4_LUAD
ACGATTCGTCAGGATAAACGGGAA.1|P4_LUAD	P4_LUAD
ACGATTCGTGAGTAATAGTAGGCT.1|P4_LUAD	P4_LUAD
ACGATTCGTTAGTTTGATGTTGAC.1|P4_LUAD	P4_LUAD
ACGCAAGTCAGGCCAAAACGGGAA.1|P4_LUAD	P4_LUAD
ACGCAAGTCATTGAGAAGTAGGCT.1|P4_LUAD	P4_LUAD
ACGCAAGTCCAAAGGTACTTTAGG.1|P4_LUAD	P4_LUAD
ACGCAAGTCCGTCAACAACGGGAA.1|P4_LUAD	P4_LUAD
ACGCAAGTCGTTGCACACTTTAGG.1|P4_LUAD	P4_LUAD
ACGCACGCAAACCGGTACTTTAGG.1|P4_LUAD	P4_LUAD
ACGCACGCAAGCTCAAATGTTGAC.1|P4_LUAD	P4_LUAD
ACGCACGCACGGGCTAAGTAGGCT.1|P4_LUAD	P4_LUAD
ACGCATGAGGCGAGAGATGTTGAC.1|P4_LUAD	P4_LUAD
ACGCATGAGGCGAGTCAACGGGAA.1|P4_LUAD	P4_LUAD
ACGCATGAGGCGCAACAACGGGAA.1|P4_LUAD	P4_LUAD
ACGCATGAGGTAGTTAAACGGGAA.1|P4_LUAD	P4_LUAD
ACGCATGAGGTCAATAAACGGGAA.1|P4_LUAD	P4_LUAD
ACGCATGAGGTTAGTAAGTAGGCT.1|P4_LUAD	P4_LUAD
ACGCATGAGTCAATAGAACGGGAA.1|P4_LUAD	P4_LUAD
ACGCATGAGTTTCGCAATGTTGAC.1|P4_LUAD	P4_LUAD
ACGCATTGTAGGAGGAAACGGGAA.1|P4_LUAD	P4_LUAD
ACGCATTGTCACACCAAACGGGAA.1|P4_LUAD	P4_LUAD
ACGCATTGTCATCATAATGTTGAC.1|P4_LUAD	P4_LUAD
ACGCATTGTCTACCTCATGTTGAC.1|P4_LUAD	P4_LUAD
ACGCATTGTGGCTCACACTTTAGG.1|P4_LUAD	P4_LUAD
ACGCATTGTTGTCATAATGTTGAC.1|P4_LUAD	P4_LUAD
ACGCCACGTATGGGACATGTTGAC.1|P4_LUAD	P4_LUAD
ACGCCACGTATTCGTAAACGGGAA.1|P4_LUAD	P4_LUAD
ACGCCACGTCGCAATTAACGGGAA.1|P4_LUAD	P4_LUAD
ACGCCACGTCGTTCGAAACGGGAA.1|P4_LUAD	P4_LUAD
ACGCCACGTGATTAGGACTTTAGG.1|P4_LUAD	P4_LUAD
ACGCCACGTTAGCGCCACTTTAGG.1|P4_LUAD	P4_LUAD
ACGCCACGTTCAAGCTACTTTAGG.1|P4_LUAD	P4_LUAD
ACGCCCATCATAACCTATGTTGAC.1|P4_LUAD	P4_LUAD
ACGCCCATCATCAAGAACTTTAGG.1|P4_LUAD	P4_LUAD
ACGCCCATCCTCACTTATGTTGAC.1|P4_LUAD	P4_LUAD
ACGCCCATCGCATTTGAACGGGAA.1|P4_LUAD	P4_LUAD
ACGCCCATCTAACTACACTTTAGG.1|P4_LUAD	P4_LUAD
ACGCCTAGTAAGCGTAACTTTAGG.1|P4_LUAD	P4_LUAD
ACGCCTAGTAATTTCGAACGGGAA.1|P4_LUAD	P4_LUAD
ACGCCTAGTAGTAGGCATGTTGAC.1|P4_LUAD	P4_LUAD
ACGCCTAGTGATTACCATGTTGAC.1|P4_LUAD	P4_LUAD
ACGCCTAGTGGACACGACTTTAGG.1|P4_LUAD	P4_LUAD
ACGCCTAGTGGACCCTAGTAGGCT.1|P4_LUAD	P4_LUAD
ACGCCTAGTTCACCAGACTTTAGG.1|P4_LUAD	P4_LUAD
ACGGAACGTCACACCAACTTTAGG.1|P4_LUAD	P4_LUAD
ACGGAACGTCCTTATTAGTAGGCT.1|P4_LUAD	P4_LUAD
ACGGAACGTGGCTTTGAGTAGGCT.1|P4_LUAD	P4_LUAD
ACGGAACGTTCCAGCAAACGGGAA.1|P4_LUAD	P4_LUAD
ACGGAACGTTGCGGGAACTTTAGG.1|P4_LUAD	P4_LUAD
ACGGAACGTTTCGCCTAACGGGAA.1|P4_LUAD	P4_LUAD
ACGGACCAGGAACCGCAACGGGAA.1|P4_LUAD	P4_LUAD
ACGGACCAGGAGTCATACTTTAGG.1|P4_LUAD	P4_LUAD
ACGGATAGTGCATCGCAACGGGAA.1|P4_LUAD	P4_LUAD
ACGGATAGTGCATCGCATGTTGAC.1|P4_LUAD	P4_LUAD
ACGGATAGTTAGCATCACTTTAGG.1|P4_LUAD	P4_LUAD
ACGGATTAGACCAGGCATGTTGAC.1|P4_LUAD	P4_LUAD
ACGGATTAGAGGAGGTACTTTAGG.1|P4_LUAD	P4_LUAD
ACGGATTAGCATCTATATGTTGAC.1|P4_LUAD	P4_LUAD
ACGGATTAGCTCCCTCAACGGGAA.1|P4_LUAD	P4_LUAD
ACGGATTAGTCAATAGAACGGGAA.1|P4_LUAD	P4_LUAD
ACGGTAAGTCATCATAAACGGGAA.1|P4_LUAD	P4_LUAD
ACGGTAAGTTAACGGAAACGGGAA.1|P4_LUAD	P4_LUAD
ACGGTAAGTTCGATGTAACGGGAA.1|P4_LUAD	P4_LUAD
ACGGTAAGTTGTTTGAACTTTAGG.1|P4_LUAD	P4_LUAD
ACGGTAAGTTGTTTGAATGTTGAC.1|P4_LUAD	P4_LUAD
ACGTAATCAACAGATTATGTTGAC.1|P4_LUAD	P4_LUAD
ACGTAATCAATAAGGAACTTTAGG.1|P4_LUAD	P4_LUAD
ACGTAATCAATGTTCCAACGGGAA.1|P4_LUAD	P4_LUAD
ACGTAATCAATTCGGAAGTAGGCT.1|P4_LUAD	P4_LUAD
ACGTAATCATCCACCAATGTTGAC.1|P4_LUAD	P4_LUAD
ACGTAGCCACTCCCAAAGTAGGCT.1|P4_LUAD	P4_LUAD
ACGTAGCCAGCCATAAAACGGGAA.1|P4_LUAD	P4_LUAD
ACGTAGCCATACTTGCAACGGGAA.1|P4_LUAD	P4_LUAD
ACGTATTTCATCGATTAACGGGAA.1|P4_LUAD	P4_LUAD
ACGTATTTCCATTAACAGTAGGCT.1|P4_LUAD	P4_LUAD
ACGTATTTCCGCTATAAACGGGAA.1|P4_LUAD	P4_LUAD
ACGTATTTCGTAGTTTAACGGGAA.1|P4_LUAD	P4_LUAD
ACGTCAACAAACCGTAACTTTAGG.1|P4_LUAD	P4_LUAD
ACGTCAACAAACTTCCAACGGGAA.1|P4_LUAD	P4_LUAD
ACGTCAACAACTTCGTAACGGGAA.1|P4_LUAD	P4_LUAD
ACGTCAACAATTGAACATGTTGAC.1|P4_LUAD	P4_LUAD
ACGTCAACACCGGCAAATGTTGAC.1|P4_LUAD	P4_LUAD
ACGTCAACATCCCTCTAACGGGAA.1|P4_LUAD	P4_LUAD
ACGTGCAAGCATTACTAACGGGAA.1|P4_LUAD	P4_LUAD
ACGTGCAAGGAACCATATGTTGAC.1|P4_LUAD	P4_LUAD
ACGTGCAAGGCCAACAAGTAGGCT.1|P4_LUAD	P4_LUAD
ACGTGCAAGGTAATGCAACGGGAA.1|P4_LUAD	P4_LUAD
ACGTGCAAGTAACGTAAACGGGAA.1|P4_LUAD	P4_LUAD
ACGTTCGGTAGACTGAAACGGGAA.1|P4_LUAD	P4_LUAD
ACGTTCGGTCGAGGCAACTTTAGG.1|P4_LUAD	P4_LUAD
ACGTTCGGTGCTCATGAACGGGAA.1|P4_LUAD	P4_LUAD
ACGTTCGGTGGGAACTAACGGGAA.1|P4_LUAD	P4_LUAD
ACGTTCGGTTCGATGTATGTTGAC.1|P4_LUAD	P4_LUAD
ACTAAACCAAGCCACGACTTTAGG.1|P4_LUAD	P4_LUAD
ACTAAACCAATAGCTGACTTTAGG.1|P4_LUAD	P4_LUAD
ACTAAACCAATTAGCGAACGGGAA.1|P4_LUAD	P4_LUAD
ACTAAACCAATTGAGTAACGGGAA.1|P4_LUAD	P4_LUAD
ACTAAACCACCTACTGAACGGGAA.1|P4_LUAD	P4_LUAD
ACTAAACCAGGATCCGAACGGGAA.1|P4_LUAD	P4_LUAD
ACTAAGTCAAGATGCCACTTTAGG.1|P4_LUAD	P4_LUAD
ACTAAGTCACATTGTCACTTTAGG.1|P4_LUAD	P4_LUAD
ACTAAGTCAGCGATCGATGTTGAC.1|P4_LUAD	P4_LUAD
ACTAAGTCATTGCGCCAACGGGAA.1|P4_LUAD	P4_LUAD
ACTAATGAGCATTTCGAGTAGGCT.1|P4_LUAD	P4_LUAD
ACTAATGAGGATCCCTACTTTAGG.1|P4_LUAD	P4_LUAD
ACTAATGAGTACCAGGAACGGGAA.1|P4_LUAD	P4_LUAD
ACTAATGAGTTTGACTAGTAGGCT.1|P4_LUAD	P4_LUAD
ACTACAAAGCACTAGGACTTTAGG.1|P4_LUAD	P4_LUAD
ACTACAAAGCGAAGCCAACGGGAA.1|P4_LUAD	P4_LUAD
ACTACAAAGCTATTACACTTTAGG.1|P4_LUAD	P4_LUAD
ACTACAAAGGATGAAGAACGGGAA.1|P4_LUAD	P4_LUAD
ACTACAAAGGGTTGCAACTTTAGG.1|P4_LUAD	P4_LUAD
ACTACAAAGGTTTCGCATGTTGAC.1|P4_LUAD	P4_LUAD
ACTACTAGTACGATTCATGTTGAC.1|P4_LUAD	P4_LUAD
ACTACTAGTCAGTGCCAACGGGAA.1|P4_LUAD	P4_LUAD
ACTAGTCGTAATGCGAACTTTAGG.1|P4_LUAD	P4_LUAD
ACTAGTCGTACTTACAAACGGGAA.1|P4_LUAD	P4_LUAD
ACTAGTCGTTGGATGAATGTTGAC.1|P4_LUAD	P4_LUAD
ACTAGTGCAACAAAGAACTTTAGG.1|P4_LUAD	P4_LUAD
ACTAGTTTCCTCAAGCAACGGGAA.1|P4_LUAD	P4_LUAD
ACTAGTTTCGCAACGAACTTTAGG.1|P4_LUAD	P4_LUAD
ACTAGTTTCTCCATCTACTTTAGG.1|P4_LUAD	P4_LUAD
ACTCAATTCATTGCATACTTTAGG.1|P4_LUAD	P4_LUAD
ACTCAATTCCTCTAAGAACGGGAA.1|P4_LUAD	P4_LUAD
ACTCAATTCTATGCATACTTTAGG.1|P4_LUAD	P4_LUAD
ACTCACTCAGTAAGTTATGTTGAC.1|P4_LUAD	P4_LUAD
ACTCCCACAGATTCGAAACGGGAA.1|P4_LUAD	P4_LUAD
ACTCGAACAAGCTATGACTTTAGG.1|P4_LUAD	P4_LUAD
ACTCGAACACACTGGGATGTTGAC.1|P4_LUAD	P4_LUAD
ACTCGCCCACCGGTAGACTTTAGG.1|P4_LUAD	P4_LUAD
ACTCGCCCAGCCATTTAACGGGAA.1|P4_LUAD	P4_LUAD
ACTCGCCCATAGCGACATGTTGAC.1|P4_LUAD	P4_LUAD
ACTGAGGTCAAGGGTTACTTTAGG.1|P4_LUAD	P4_LUAD
ACTGAGGTCGTTAGGGATGTTGAC.1|P4_LUAD	P4_LUAD
ACTGGCTTCAGCGAATAGTAGGCT.1|P4_LUAD	P4_LUAD
ACTGGCTTCCAACAGGAGTAGGCT.1|P4_LUAD	P4_LUAD
ACTGGCTTCGAAGGCCACTTTAGG.1|P4_LUAD	P4_LUAD
ACTGGCTTCTATCTGGATGTTGAC.1|P4_LUAD	P4_LUAD
ACTGGCTTCTGTGACCAACGGGAA.1|P4_LUAD	P4_LUAD
ACTGGGTCAATTAGACAACGGGAA.1|P4_LUAD	P4_LUAD
ACTGGGTCACAATCGAACTTTAGG.1|P4_LUAD	P4_LUAD
ACTGGGTCATTTGGGAAACGGGAA.1|P4_LUAD	P4_LUAD
ACTTAGAAGAGGCGGAATGTTGAC.1|P4_LUAD	P4_LUAD
ACTTAGAAGATTCATCAACGGGAA.1|P4_LUAD	P4_LUAD
ACTTAGAAGCGATGGCATGTTGAC.1|P4_LUAD	P4_LUAD
ACTTAGAAGGATGCATAGTAGGCT.1|P4_LUAD	P4_LUAD
ACTTAGAAGGCAAGTTAGTAGGCT.1|P4_LUAD	P4_LUAD
ACTTAGAAGGCTTTATAGTAGGCT.1|P4_LUAD	P4_LUAD
ACTTAGCGTACGATTCACTTTAGG.1|P4_LUAD	P4_LUAD
ACTTAGCGTATTTACGAGTAGGCT.1|P4_LUAD	P4_LUAD
ACTTAGCGTCATGATCATGTTGAC.1|P4_LUAD	P4_LUAD
ACTTAGCGTCCTCCATAACGGGAA.1|P4_LUAD	P4_LUAD
ACTTAGGCAAGTTTCCAGTAGGCT.1|P4_LUAD	P4_LUAD
ACTTAGGCACCTAACTACTTTAGG.1|P4_LUAD	P4_LUAD
ACTTAGGCAGCTTTCGACTTTAGG.1|P4_LUAD	P4_LUAD
ACTTAGGCATGAGTCAACTTTAGG.1|P4_LUAD	P4_LUAD
ACTTAGGCATGGTCAAACTTTAGG.1|P4_LUAD	P4_LUAD
ACTTAGGCATTTGGGAAGTAGGCT.1|P4_LUAD	P4_LUAD
ACTTAGTTCAGCGAATACTTTAGG.1|P4_LUAD	P4_LUAD
ACTTAGTTCCAATGAAACTTTAGG.1|P4_LUAD	P4_LUAD
ACTTATGGTAAGAATCAGTAGGCT.1|P4_LUAD	P4_LUAD
ACTTATGGTAGTCATCAACGGGAA.1|P4_LUAD	P4_LUAD
ACTTATGGTTAGAGGCAACGGGAA.1|P4_LUAD	P4_LUAD
ACTTCAAGTAACTTGCAACGGGAA.1|P4_LUAD	P4_LUAD
ACTTCAAGTAACTTGCACTTTAGG.1|P4_LUAD	P4_LUAD
ACTTCAAGTCCACAATATGTTGAC.1|P4_LUAD	P4_LUAD
ACTTCAAGTCCTCCATACTTTAGG.1|P4_LUAD	P4_LUAD
ACTTCAAGTCCTCCTGAGTAGGCT.1|P4_LUAD	P4_LUAD
ACTTCAAGTGCGGCAAAGTAGGCT.1|P4_LUAD	P4_LUAD
ACTTCAAGTTCATTGAATGTTGAC.1|P4_LUAD	P4_LUAD
ACTTCCCGTCCTTAGGACTTTAGG.1|P4_LUAD	P4_LUAD
ACTTCCCGTTGGATGAATGTTGAC.1|P4_LUAD	P4_LUAD
ACTTCCTTCCACTAATAGTAGGCT.1|P4_LUAD	P4_LUAD
ACTTCCTTCGCTTCGGACTTTAGG.1|P4_LUAD	P4_LUAD
ACTTCCTTCGGTCAAGAACGGGAA.1|P4_LUAD	P4_LUAD
ACTTCCTTCGGTCAAGACTTTAGG.1|P4_LUAD	P4_LUAD
ACTTCGTCAAGATAAGAACGGGAA.1|P4_LUAD	P4_LUAD
ACTTCGTCAAGGTGTCATGTTGAC.1|P4_LUAD	P4_LUAD
ACTTCGTCAATCTCTAACTTTAGG.1|P4_LUAD	P4_LUAD
ACTTCGTCACGTAAATACTTTAGG.1|P4_LUAD	P4_LUAD
ACTTCGTCAGTGAGAGAGTAGGCT.1|P4_LUAD	P4_LUAD
ACTTCGTCATCACTCGAACGGGAA.1|P4_LUAD	P4_LUAD
ACTTCGTCATTACTTGACTTTAGG.1|P4_LUAD	P4_LUAD
ACTTGAAAGGTCACTCACTTTAGG.1|P4_LUAD	P4_LUAD
ACTTGAAAGTCAGGCAACTTTAGG.1|P4_LUAD	P4_LUAD
ACTTGAAAGTGAGGAAATGTTGAC.1|P4_LUAD	P4_LUAD
ACTTGAAAGTGGACCAAACGGGAA.1|P4_LUAD	P4_LUAD
ACTTGCATCGAACCGAACTTTAGG.1|P4_LUAD	P4_LUAD
ACTTGCATCTAACCTGAACGGGAA.1|P4_LUAD	P4_LUAD
ACTTGCGGTAGCTTGTATGTTGAC.1|P4_LUAD	P4_LUAD
ACTTGCGGTATGGTGAACTTTAGG.1|P4_LUAD	P4_LUAD
ACTTGCGGTGCGATAAACTTTAGG.1|P4_LUAD	P4_LUAD
ACTTGCTCAATAAGCTATGTTGAC.1|P4_LUAD	P4_LUAD
ACTTGCTCAATGTGGCACTTTAGG.1|P4_LUAD	P4_LUAD
AGAAACCTCAGCCCTGACTTTAGG.1|P4_LUAD	P4_LUAD
AGAAACCTCATGACAAATGTTGAC.1|P4_LUAD	P4_LUAD
AGAAACCTCCAAAGACACTTTAGG.1|P4_LUAD	P4_LUAD
AGAAACCTCCTCAATGAGTAGGCT.1|P4_LUAD	P4_LUAD
AGAAACCTCGCTATATAACGGGAA.1|P4_LUAD	P4_LUAD
AGAAACCTCGGGCAACAACGGGAA.1|P4_LUAD	P4_LUAD
AGAAACCTCTTTAAGCACTTTAGG.1|P4_LUAD	P4_LUAD
AGAAAGGTCAGGCATGAACGGGAA.1|P4_LUAD	P4_LUAD
AGAAAGGTCAGGCATGACTTTAGG.1|P4_LUAD	P4_LUAD
AGAAAGGTCCGCTATAACTTTAGG.1|P4_LUAD	P4_LUAD
AGAAAGGTCGGTAAGTAACGGGAA.1|P4_LUAD	P4_LUAD
AGAAAGGTCTAGCGGAAACGGGAA.1|P4_LUAD	P4_LUAD
AGAAATGCAACAGGGAATGTTGAC.1|P4_LUAD	P4_LUAD
AGAAATGCACCACATTACTTTAGG.1|P4_LUAD	P4_LUAD
AGAAATGCACGGTCGAACTTTAGG.1|P4_LUAD	P4_LUAD
AGAACAACAACCTGTTAACGGGAA.1|P4_LUAD	P4_LUAD
AGAACAACAACGACTAATGTTGAC.1|P4_LUAD	P4_LUAD
AGAACAACAAGACATTATGTTGAC.1|P4_LUAD	P4_LUAD
AGAACAACAATATGCGAACGGGAA.1|P4_LUAD	P4_LUAD
AGAACAACACAATAGTACTTTAGG.1|P4_LUAD	P4_LUAD
AGAACAACACGAACGTACTTTAGG.1|P4_LUAD	P4_LUAD
AGAACAACAGAATCGCAACGGGAA.1|P4_LUAD	P4_LUAD
AGAACAACAGATAGCCAACGGGAA.1|P4_LUAD	P4_LUAD
AGAAGCAAGACCAGGCAGTAGGCT.1|P4_LUAD	P4_LUAD
AGAAGCAAGCCATAAAAACGGGAA.1|P4_LUAD	P4_LUAD
AGAAGCAAGCCATAAAACTTTAGG.1|P4_LUAD	P4_LUAD
AGAAGCAAGGCCTCTGAACGGGAA.1|P4_LUAD	P4_LUAD
AGAAGCAAGGGCGGAAAACGGGAA.1|P4_LUAD	P4_LUAD
AGAAGCAAGTCCTGCGAACGGGAA.1|P4_LUAD	P4_LUAD
AGAAGCAAGTCTAACTAGTAGGCT.1|P4_LUAD	P4_LUAD
AGAAGCAAGTTACCTGACTTTAGG.1|P4_LUAD	P4_LUAD
AGAAGGTCAAACCGGTACTTTAGG.1|P4_LUAD	P4_LUAD
AGAAGGTCAACAAGTTAGTAGGCT.1|P4_LUAD	P4_LUAD
AGAAGGTCAAGACATTACTTTAGG.1|P4_LUAD	P4_LUAD
AGAAGGTCACATTCGTAACGGGAA.1|P4_LUAD	P4_LUAD
AGAAGGTCATACCTTAACTTTAGG.1|P4_LUAD	P4_LUAD
AGAAGGTCATGAGCTAAACGGGAA.1|P4_LUAD	P4_LUAD
AGAAGGTCATTTATCGACTTTAGG.1|P4_LUAD	P4_LUAD
AGACAAACACAATCGAATGTTGAC.1|P4_LUAD	P4_LUAD
AGACAAACATAGCCGGATGTTGAC.1|P4_LUAD	P4_LUAD
AGACACTAGAAAGGCAAACGGGAA.1|P4_LUAD	P4_LUAD
AGACACTAGGATTAGCACTTTAGG.1|P4_LUAD	P4_LUAD
AGACACTAGGGTTACGAACGGGAA.1|P4_LUAD	P4_LUAD
AGACACTAGGTAACTAATGTTGAC.1|P4_LUAD	P4_LUAD
AGACCCGCAACCCTATATGTTGAC.1|P4_LUAD	P4_LUAD
AGACCCGCAACGTTAGAACGGGAA.1|P4_LUAD	P4_LUAD
AGACCCGCAAGGCGTTATGTTGAC.1|P4_LUAD	P4_LUAD
AGACCCGCATAAGTCGACTTTAGG.1|P4_LUAD	P4_LUAD
AGACCCGCATACTGAGACTTTAGG.1|P4_LUAD	P4_LUAD
AGACCCGCATCGGGCAAACGGGAA.1|P4_LUAD	P4_LUAD
AGACCCGCATCGGGCAACTTTAGG.1|P4_LUAD	P4_LUAD
AGACCCGCATGGCGCAACTTTAGG.1|P4_LUAD	P4_LUAD
AGACTAATCCTAAATCATGTTGAC.1|P4_LUAD	P4_LUAD
AGACTAATCGCCTAGTATGTTGAC.1|P4_LUAD	P4_LUAD
AGACTAGGTAGTCATCAACGGGAA.1|P4_LUAD	P4_LUAD
AGACTAGGTAGTCATCACTTTAGG.1|P4_LUAD	P4_LUAD
AGACTAGGTATGTTTGAGTAGGCT.1|P4_LUAD	P4_LUAD
AGACTCACAAGGTTATAACGGGAA.1|P4_LUAD	P4_LUAD
AGACTCACAATCAAGTAACGGGAA.1|P4_LUAD	P4_LUAD
AGACTCACAGCCATAAACTTTAGG.1|P4_LUAD	P4_LUAD
AGACTCACATCCACCAATGTTGAC.1|P4_LUAD	P4_LUAD
AGACTCACATTCTGTAATGTTGAC.1|P4_LUAD	P4_LUAD
AGACTCCTCAGCTACCAACGGGAA.1|P4_LUAD	P4_LUAD
AGACTCCTCATTAGCTAGTAGGCT.1|P4_LUAD	P4_LUAD
AGACTCCTCATTTAGCAACGGGAA.1|P4_LUAD	P4_LUAD
AGACTCCTCCTTAGGCAACGGGAA.1|P4_LUAD	P4_LUAD
AGACTCCTCGGTACGAAACGGGAA.1|P4_LUAD	P4_LUAD
AGACTCCTCTTGAGGGATGTTGAC.1|P4_LUAD	P4_LUAD
AGACTCCTCTTGATCGAGTAGGCT.1|P4_LUAD	P4_LUAD
AGACTGAGTAATCCTAAACGGGAA.1|P4_LUAD	P4_LUAD
AGACTGAGTACGAATGAACGGGAA.1|P4_LUAD	P4_LUAD
AGACTGAGTAGTTGTCAACGGGAA.1|P4_LUAD	P4_LUAD
AGACTGAGTCATTTAGACTTTAGG.1|P4_LUAD	P4_LUAD
AGACTGAGTCTTTATCACTTTAGG.1|P4_LUAD	P4_LUAD
AGACTGAGTGCGCATCACTTTAGG.1|P4_LUAD	P4_LUAD
AGACTGAGTGTCCAGCAGTAGGCT.1|P4_LUAD	P4_LUAD
AGAGAGCAGGAACCATACTTTAGG.1|P4_LUAD	P4_LUAD
AGAGAGCAGGCGAGTCACTTTAGG.1|P4_LUAD	P4_LUAD
AGAGAGCAGTACGGGCACTTTAGG.1|P4_LUAD	P4_LUAD
AGAGGAATCACAAATGAACGGGAA.1|P4_LUAD	P4_LUAD
AGAGGAATCCTGGTTAAGTAGGCT.1|P4_LUAD	P4_LUAD
AGAGGAATCGAGGTTGAACGGGAA.1|P4_LUAD	P4_LUAD
AGAGGAATCGCCTATAAGTAGGCT.1|P4_LUAD	P4_LUAD
AGAGGAGGTTTCACCCACTTTAGG.1|P4_LUAD	P4_LUAD
AGAGGTTTCATTGTACACTTTAGG.1|P4_LUAD	P4_LUAD
AGAGGTTTCTTTGGATACTTTAGG.1|P4_LUAD	P4_LUAD
AGATAACGTAACCGCCAACGGGAA.1|P4_LUAD	P4_LUAD
AGATAACGTAACCGCCACTTTAGG.1|P4_LUAD	P4_LUAD
AGATAACGTTCAAGGAACTTTAGG.1|P4_LUAD	P4_LUAD
AGATAACGTTGCGGCTATGTTGAC.1|P4_LUAD	P4_LUAD
AGATGCCCACTAACGAAGTAGGCT.1|P4_LUAD	P4_LUAD
AGATGCCCAGCTACCCATGTTGAC.1|P4_LUAD	P4_LUAD
AGATGCCCAGGCTTAAATGTTGAC.1|P4_LUAD	P4_LUAD
AGATTAGTCAAGGTCGAGTAGGCT.1|P4_LUAD	P4_LUAD
AGATTAGTCACAAACAACTTTAGG.1|P4_LUAD	P4_LUAD
AGATTAGTCCAATACTAACGGGAA.1|P4_LUAD	P4_LUAD
AGATTAGTCCCTCGTCAGTAGGCT.1|P4_LUAD	P4_LUAD
AGATTAGTCTATCACGAACGGGAA.1|P4_LUAD	P4_LUAD
AGATTAGTCTCAAACTATGTTGAC.1|P4_LUAD	P4_LUAD
AGATTAGTCTGTCAGCAACGGGAA.1|P4_LUAD	P4_LUAD
AGATTCAAGCTACGTCAACGGGAA.1|P4_LUAD	P4_LUAD
AGATTCAAGGTCACAGAACGGGAA.1|P4_LUAD	P4_LUAD
AGATTCAAGTGTCCACAACGGGAA.1|P4_LUAD	P4_LUAD
AGATTGATCCTAAAGAAGTAGGCT.1|P4_LUAD	P4_LUAD
AGCAGCCAGGCTTAGGACTTTAGG.1|P4_LUAD	P4_LUAD
AGCAGCCAGGTGAGCCACTTTAGG.1|P4_LUAD	P4_LUAD
AGCAGCCAGTCAGGCAACTTTAGG.1|P4_LUAD	P4_LUAD
AGCAGGCTCATCCCAAAACGGGAA.1|P4_LUAD	P4_LUAD
AGCAGGCTCCAGCTACACTTTAGG.1|P4_LUAD	P4_LUAD
AGCAGGCTCCATAACTACTTTAGG.1|P4_LUAD	P4_LUAD
AGCAGGCTCGCGAGTAACTTTAGG.1|P4_LUAD	P4_LUAD
AGCAGGCTCGTAAAGCAGTAGGCT.1|P4_LUAD	P4_LUAD
AGCAGGCTCGTGATGGACTTTAGG.1|P4_LUAD	P4_LUAD
AGCATCCTCAGCCTTAAACGGGAA.1|P4_LUAD	P4_LUAD
AGCATCCTCCTCAATGAACGGGAA.1|P4_LUAD	P4_LUAD
AGCATCCTCGAAGCATACTTTAGG.1|P4_LUAD	P4_LUAD
AGCATCCTCGCACACTAACGGGAA.1|P4_LUAD	P4_LUAD
AGCATCCTCGCGTTCGACTTTAGG.1|P4_LUAD	P4_LUAD
AGCATGGTCCCATTGAATGTTGAC.1|P4_LUAD	P4_LUAD
AGCATTAAGCTAAGTAACTTTAGG.1|P4_LUAD	P4_LUAD
AGCATTAAGTCATAAGACTTTAGG.1|P4_LUAD	P4_LUAD
AGCCAATAGGAACTTAAGTAGGCT.1|P4_LUAD	P4_LUAD
AGCCAATAGTTATGGAAACGGGAA.1|P4_LUAD	P4_LUAD
AGCCATTGTGCATCGCAACGGGAA.1|P4_LUAD	P4_LUAD
AGCCATTGTGCTGCACACTTTAGG.1|P4_LUAD	P4_LUAD
AGCCATTGTTGAGTCTACTTTAGG.1|P4_LUAD	P4_LUAD
AGCCCTGTCAAGCTCCAGTAGGCT.1|P4_LUAD	P4_LUAD
AGCCCTGTCAATGGGTAGTAGGCT.1|P4_LUAD	P4_LUAD
AGCCCTGTCGCTTCGGAACGGGAA.1|P4_LUAD	P4_LUAD
AGCCCTGTCGCTTCGGACTTTAGG.1|P4_LUAD	P4_LUAD
AGCCCTTAGGAAACCTACTTTAGG.1|P4_LUAD	P4_LUAD
AGCCCTTAGGAAACCTATGTTGAC.1|P4_LUAD	P4_LUAD
AGCCCTTAGTTTCACGATGTTGAC.1|P4_LUAD	P4_LUAD
AGCCTAGAGCCTCTAAACTTTAGG.1|P4_LUAD	P4_LUAD
AGCCTAGAGCGCAAGCATGTTGAC.1|P4_LUAD	P4_LUAD
AGCCTAGAGGTTATGAATGTTGAC.1|P4_LUAD	P4_LUAD
AGCCTAGAGTGTGATAACTTTAGG.1|P4_LUAD	P4_LUAD
AGCCTCTAGAATGGCTAACGGGAA.1|P4_LUAD	P4_LUAD
AGCCTGTTCCTGATCAACTTTAGG.1|P4_LUAD	P4_LUAD
AGCCTGTTCGCAGGACAACGGGAA.1|P4_LUAD	P4_LUAD
AGCCTGTTCGTCCCGAATGTTGAC.1|P4_LUAD	P4_LUAD
AGCCTTCAGCAATCCCACTTTAGG.1|P4_LUAD	P4_LUAD
AGCCTTCAGCCCTTGGATGTTGAC.1|P4_LUAD	P4_LUAD
AGCCTTCAGGCTTAAAACTTTAGG.1|P4_LUAD	P4_LUAD
AGCCTTTCAAGTCGCGAACGGGAA.1|P4_LUAD	P4_LUAD
AGCCTTTCAAGTTGCAACTTTAGG.1|P4_LUAD	P4_LUAD
AGCCTTTCAGGCTAACAGTAGGCT.1|P4_LUAD	P4_LUAD
AGCGAAGCAACGACTAAACGGGAA.1|P4_LUAD	P4_LUAD
AGCGAAGCAAGGCCATATGTTGAC.1|P4_LUAD	P4_LUAD
AGCGAAGCAGCTTAAGAACGGGAA.1|P4_LUAD	P4_LUAD
AGCGACTCAACTAGTGAACGGGAA.1|P4_LUAD	P4_LUAD
AGCGACTCACTCCCTTACTTTAGG.1|P4_LUAD	P4_LUAD
AGCGATCCAACAGGGAAACGGGAA.1|P4_LUAD	P4_LUAD
AGCGATCCAACCGGATAGTAGGCT.1|P4_LUAD	P4_LUAD
AGCGATCCAAGCCACGATGTTGAC.1|P4_LUAD	P4_LUAD
AGCGATCCACTCCCAAACTTTAGG.1|P4_LUAD	P4_LUAD
AGCGATCCACTGTCATACTTTAGG.1|P4_LUAD	P4_LUAD
AGCGATCCATCCGGAGAACGGGAA.1|P4_LUAD	P4_LUAD
AGCGCGAGTAGCGCGAAACGGGAA.1|P4_LUAD	P4_LUAD
AGCGCGAGTGGCTTTGAGTAGGCT.1|P4_LUAD	P4_LUAD
AGCGCGAGTGTTTGGTATGTTGAC.1|P4_LUAD	P4_LUAD
AGCGCTAAGAAGCATCAACGGGAA.1|P4_LUAD	P4_LUAD
AGCGCTAAGCGAATACAACGGGAA.1|P4_LUAD	P4_LUAD
AGCGCTAAGGCCCATTACTTTAGG.1|P4_LUAD	P4_LUAD
AGCGCTAAGGTTGGGCAACGGGAA.1|P4_LUAD	P4_LUAD
AGCGCTAAGTGTGCAGAACGGGAA.1|P4_LUAD	P4_LUAD
AGCGGCTAGAGGCGAGACTTTAGG.1|P4_LUAD	P4_LUAD
AGCGGCTAGCCTGCCAACTTTAGG.1|P4_LUAD	P4_LUAD
AGCGGCTAGCTTATCGAACGGGAA.1|P4_LUAD	P4_LUAD
AGCGGCTAGGATCCCTACTTTAGG.1|P4_LUAD	P4_LUAD
AGCGGCTAGTCGCGAAAACGGGAA.1|P4_LUAD	P4_LUAD
AGCGGCTAGTCGCGAAACTTTAGG.1|P4_LUAD	P4_LUAD
AGCGTTTGTAGCGGATAGTAGGCT.1|P4_LUAD	P4_LUAD
AGCGTTTGTCATCATAACTTTAGG.1|P4_LUAD	P4_LUAD
AGCGTTTGTCTAACCGAACGGGAA.1|P4_LUAD	P4_LUAD
AGCGTTTGTGCACAAAATGTTGAC.1|P4_LUAD	P4_LUAD
AGCGTTTGTGGACCCTAACGGGAA.1|P4_LUAD	P4_LUAD
AGCGTTTGTTGTCATAACTTTAGG.1|P4_LUAD	P4_LUAD
AGCTAAATCCAGCTTAAACGGGAA.1|P4_LUAD	P4_LUAD
AGCTAAATCGATTAAGAGTAGGCT.1|P4_LUAD	P4_LUAD
AGCTAAATCGCTTGCGAACGGGAA.1|P4_LUAD	P4_LUAD
AGCTAAATCGGGCAGTAGTAGGCT.1|P4_LUAD	P4_LUAD
AGCTAATCAATATGGTAACGGGAA.1|P4_LUAD	P4_LUAD
AGCTAATCACTAACTCACTTTAGG.1|P4_LUAD	P4_LUAD
AGCTAATCAGCCTATTAGTAGGCT.1|P4_LUAD	P4_LUAD
AGCTAATCATGTGGCGACTTTAGG.1|P4_LUAD	P4_LUAD
AGCTACCTCACCAGCTACTTTAGG.1|P4_LUAD	P4_LUAD
AGCTACCTCATTGAAGACTTTAGG.1|P4_LUAD	P4_LUAD
AGCTACCTCCATGATTAACGGGAA.1|P4_LUAD	P4_LUAD
AGCTACCTCGCGGATAAACGGGAA.1|P4_LUAD	P4_LUAD
AGCTATGCACATGAATAACGGGAA.1|P4_LUAD	P4_LUAD
AGCTATGCACGTAAATAGTAGGCT.1|P4_LUAD	P4_LUAD
AGCTATGCATAGGCGTATGTTGAC.1|P4_LUAD	P4_LUAD
AGCTATGCATGCGGATATGTTGAC.1|P4_LUAD	P4_LUAD
AGCTATGCATTTGGGAACTTTAGG.1|P4_LUAD	P4_LUAD
AGCTCAACAAGACATTAACGGGAA.1|P4_LUAD	P4_LUAD
AGCTCAACAAGGCCTGATGTTGAC.1|P4_LUAD	P4_LUAD
AGCTCAACAAGTTCCTATGTTGAC.1|P4_LUAD	P4_LUAD
AGCTCAACACAACAATATGTTGAC.1|P4_LUAD	P4_LUAD
AGCTCAACATCTATCAACTTTAGG.1|P4_LUAD	P4_LUAD
AGCTCAACATGCTCCAATGTTGAC.1|P4_LUAD	P4_LUAD
AGCTGCAAGCCTATATAACGGGAA.1|P4_LUAD	P4_LUAD
AGCTGCAAGGACAAGAAGTAGGCT.1|P4_LUAD	P4_LUAD
AGCTGCAAGGACTTGGATGTTGAC.1|P4_LUAD	P4_LUAD
AGCTGCAAGGCTAGATACTTTAGG.1|P4_LUAD	P4_LUAD
AGCTGCAAGGTATGGTACTTTAGG.1|P4_LUAD	P4_LUAD
AGCTGGATCGACTTGCACTTTAGG.1|P4_LUAD	P4_LUAD
AGCTGGATCGGTCAAGATGTTGAC.1|P4_LUAD	P4_LUAD
AGCTGGATCTCACCGGAACGGGAA.1|P4_LUAD	P4_LUAD
AGCTGGATCTCACCTTACTTTAGG.1|P4_LUAD	P4_LUAD
AGCTGGATCTCCATCTATGTTGAC.1|P4_LUAD	P4_LUAD
AGCTGGCAGCAGGTTGACTTTAGG.1|P4_LUAD	P4_LUAD
AGCTGGCAGCTATTACACTTTAGG.1|P4_LUAD	P4_LUAD
AGCTGGCAGGCGCAACAACGGGAA.1|P4_LUAD	P4_LUAD
AGCTGGCAGGTTGGGCACTTTAGG.1|P4_LUAD	P4_LUAD
AGCTGGCAGTGATCAAAACGGGAA.1|P4_LUAD	P4_LUAD
AGCTGGCAGTGTGATAACTTTAGG.1|P4_LUAD	P4_LUAD
AGCTTCCAGATGAACCAACGGGAA.1|P4_LUAD	P4_LUAD
AGCTTCCAGCTAAACAAACGGGAA.1|P4_LUAD	P4_LUAD
AGCTTCCAGCTGGACAAGTAGGCT.1|P4_LUAD	P4_LUAD
AGCTTCCAGTAAGCTAATGTTGAC.1|P4_LUAD	P4_LUAD
AGCTTCTCAACTGTTCAGTAGGCT.1|P4_LUAD	P4_LUAD
AGCTTCTCAATGAATCACTTTAGG.1|P4_LUAD	P4_LUAD
AGCTTCTCAGCTCATTAACGGGAA.1|P4_LUAD	P4_LUAD
AGCTTCTCATGGGTTAATGTTGAC.1|P4_LUAD	P4_LUAD
AGCTTCTCATTGCCCAACTTTAGG.1|P4_LUAD	P4_LUAD
AGCTTCTCATTTCTTCACTTTAGG.1|P4_LUAD	P4_LUAD
AGCTTGTGTAACTTGCAACGGGAA.1|P4_LUAD	P4_LUAD
AGCTTGTGTAATCCGTACTTTAGG.1|P4_LUAD	P4_LUAD
AGCTTGTGTACTTATGAGTAGGCT.1|P4_LUAD	P4_LUAD
AGCTTGTGTCGCAACCAACGGGAA.1|P4_LUAD	P4_LUAD
AGCTTGTGTGACATGAATGTTGAC.1|P4_LUAD	P4_LUAD
AGCTTGTGTGCTTCTCATGTTGAC.1|P4_LUAD	P4_LUAD
AGCTTGTGTGGATGGTAACGGGAA.1|P4_LUAD	P4_LUAD
AGCTTGTGTGGCCCATAACGGGAA.1|P4_LUAD	P4_LUAD
AGGAACCGTATTGCGTACTTTAGG.1|P4_LUAD	P4_LUAD
AGGAACCGTATTTGTGAACGGGAA.1|P4_LUAD	P4_LUAD
AGGAACCGTCAATTCAAACGGGAA.1|P4_LUAD	P4_LUAD
AGGAACCGTCAGGATAAGTAGGCT.1|P4_LUAD	P4_LUAD
AGGAACCGTCCTCCATATGTTGAC.1|P4_LUAD	P4_LUAD
AGGACAAAGCAAATTGAGTAGGCT.1|P4_LUAD	P4_LUAD
AGGACAAAGCTAGCCTATGTTGAC.1|P4_LUAD	P4_LUAD
AGGACAAAGCTTTACGATGTTGAC.1|P4_LUAD	P4_LUAD
AGGACAAAGGCACTAGACTTTAGG.1|P4_LUAD	P4_LUAD
AGGAGGTAGATGCAACAGTAGGCT.1|P4_LUAD	P4_LUAD
AGGAGGTAGCATTACTACTTTAGG.1|P4_LUAD	P4_LUAD
AGGAGGTAGCTAAGTAAACGGGAA.1|P4_LUAD	P4_LUAD
AGGAGGTAGTTGGCCTAACGGGAA.1|P4_LUAD	P4_LUAD
AGGATCAGTAACCTTAAACGGGAA.1|P4_LUAD	P4_LUAD
AGGCCAGGTAACCGCCAACGGGAA.1|P4_LUAD	P4_LUAD
AGGCCAGGTAACCGCCACTTTAGG.1|P4_LUAD	P4_LUAD
AGGCCAGGTGTGACCCAACGGGAA.1|P4_LUAD	P4_LUAD
AGGCCAGGTGTTTCGGAACGGGAA.1|P4_LUAD	P4_LUAD
AGGCCAGGTTGCGAAAATGTTGAC.1|P4_LUAD	P4_LUAD
AGGCCAGGTTGTTTGAAACGGGAA.1|P4_LUAD	P4_LUAD
AGGCCAGGTTTATCGAATGTTGAC.1|P4_LUAD	P4_LUAD
AGGCCAGGTTTGTTTCATGTTGAC.1|P4_LUAD	P4_LUAD
AGGCCATCAATAACCGAACGGGAA.1|P4_LUAD	P4_LUAD
AGGCCATCACATAAGTAACGGGAA.1|P4_LUAD	P4_LUAD
AGGCCATCAGCCCTTAAACGGGAA.1|P4_LUAD	P4_LUAD
AGGCCATCAGCTTTCGAACGGGAA.1|P4_LUAD	P4_LUAD
AGGCCTAAGAAGTACCACTTTAGG.1|P4_LUAD	P4_LUAD
AGGCCTAAGTGAGTCGAACGGGAA.1|P4_LUAD	P4_LUAD
AGGCGAGAGCGAATGTACTTTAGG.1|P4_LUAD	P4_LUAD
AGGCGCAGTAAACCCTACTTTAGG.1|P4_LUAD	P4_LUAD
AGGCGCAGTACCTTAAAACGGGAA.1|P4_LUAD	P4_LUAD
AGGCGCAGTCGTAAAGACTTTAGG.1|P4_LUAD	P4_LUAD
AGGCGCAGTGCGGCAAATGTTGAC.1|P4_LUAD	P4_LUAD
AGGCGCTAGCCTGCCAAGTAGGCT.1|P4_LUAD	P4_LUAD
AGGCGCTAGGACTTGGAACGGGAA.1|P4_LUAD	P4_LUAD
AGGCGCTAGGCGAGAGACTTTAGG.1|P4_LUAD	P4_LUAD
AGGCGCTAGTATCGCCAACGGGAA.1|P4_LUAD	P4_LUAD
AGGCTATAGAGGAAATACTTTAGG.1|P4_LUAD	P4_LUAD
AGGCTATAGCCTGCCAAACGGGAA.1|P4_LUAD	P4_LUAD
AGGCTATAGTGCAACGAACGGGAA.1|P4_LUAD	P4_LUAD
AGGCTATAGTTGGCCTATGTTGAC.1|P4_LUAD	P4_LUAD
AGGCTTGAGAATGGGAAACGGGAA.1|P4_LUAD	P4_LUAD
AGGCTTGAGGCTTTATACTTTAGG.1|P4_LUAD	P4_LUAD
AGGCTTTGTTGGGCGAAACGGGAA.1|P4_LUAD	P4_LUAD
AGGCTTTGTTGTCAGTAGTAGGCT.1|P4_LUAD	P4_LUAD
AGGGACCTCATCACATACTTTAGG.1|P4_LUAD	P4_LUAD
AGGGACCTCCTAAATCAACGGGAA.1|P4_LUAD	P4_LUAD
AGGGAGTAGACCATTTAACGGGAA.1|P4_LUAD	P4_LUAD
AGGGAGTAGACTTAAGATGTTGAC.1|P4_LUAD	P4_LUAD
AGGGAGTAGCAAAGCTACTTTAGG.1|P4_LUAD	P4_LUAD
AGGGAGTAGCTCGATCAACGGGAA.1|P4_LUAD	P4_LUAD
AGGGAGTAGTCTAATCAGTAGGCT.1|P4_LUAD	P4_LUAD
AGGGAGTAGTGAGTTAAGTAGGCT.1|P4_LUAD	P4_LUAD
AGGGCTATCATTGAAGAACGGGAA.1|P4_LUAD	P4_LUAD
AGGGCTATCCTCACGGATGTTGAC.1|P4_LUAD	P4_LUAD
AGGGCTTCAACAGGCTAGTAGGCT.1|P4_LUAD	P4_LUAD
AGGGCTTCAGCCTTCAAACGGGAA.1|P4_LUAD	P4_LUAD
AGGGCTTCATCCTTGGAACGGGAA.1|P4_LUAD	P4_LUAD
AGGGCTTCATGCGCAGACTTTAGG.1|P4_LUAD	P4_LUAD
AGGGTCCAGATGCAACACTTTAGG.1|P4_LUAD	P4_LUAD
AGGGTGGAGCCCGTTGAGTAGGCT.1|P4_LUAD	P4_LUAD
AGGGTGGAGGTAGTTAACTTTAGG.1|P4_LUAD	P4_LUAD
AGGGTGGAGTAGCCTCACTTTAGG.1|P4_LUAD	P4_LUAD
AGGGTGGAGTTACATCATGTTGAC.1|P4_LUAD	P4_LUAD
AGGGTTAGTACAGCAAAACGGGAA.1|P4_LUAD	P4_LUAD
AGGGTTAGTAGACTGAAACGGGAA.1|P4_LUAD	P4_LUAD
AGGGTTAGTAGTAGCAACTTTAGG.1|P4_LUAD	P4_LUAD
AGGGTTAGTCAATACCACTTTAGG.1|P4_LUAD	P4_LUAD
AGGGTTAGTGTAATGGACTTTAGG.1|P4_LUAD	P4_LUAD
AGGGTTAGTTCCGCAAATGTTGAC.1|P4_LUAD	P4_LUAD
AGGTGAGCAAATAACCATGTTGAC.1|P4_LUAD	P4_LUAD
AGGTGAGCAAGCCACGACTTTAGG.1|P4_LUAD	P4_LUAD
AGGTGAGCACACTGGGACTTTAGG.1|P4_LUAD	P4_LUAD
AGGTGAGCAGATAGCCAACGGGAA.1|P4_LUAD	P4_LUAD
AGGTGAGCAGTAAGGGAACGGGAA.1|P4_LUAD	P4_LUAD
AGGTGAGCATGCGCCTAACGGGAA.1|P4_LUAD	P4_LUAD
AGGTGATTCAGTTTACAACGGGAA.1|P4_LUAD	P4_LUAD
AGGTGATTCCGAAAGTATGTTGAC.1|P4_LUAD	P4_LUAD
AGGTGATTCCTTTGGAACTTTAGG.1|P4_LUAD	P4_LUAD
AGGTGATTCTAATGAGATGTTGAC.1|P4_LUAD	P4_LUAD
AGGTGGGAGCTTAAAGAACGGGAA.1|P4_LUAD	P4_LUAD
AGGTGGGAGGACTTAAATGTTGAC.1|P4_LUAD	P4_LUAD
AGGTGGGAGGCCTTCGAACGGGAA.1|P4_LUAD	P4_LUAD
AGGTGGGAGGGCACTAACTTTAGG.1|P4_LUAD	P4_LUAD
AGGTGGGAGGGCCTTTACTTTAGG.1|P4_LUAD	P4_LUAD
AGGTGGGAGGTATTTCAACGGGAA.1|P4_LUAD	P4_LUAD
AGGTGGGAGTTGCAAAAGTAGGCT.1|P4_LUAD	P4_LUAD
AGGTTAATCATTGTACACTTTAGG.1|P4_LUAD	P4_LUAD
AGGTTAATCCAATGAAATGTTGAC.1|P4_LUAD	P4_LUAD
AGGTTAATCGATTAAGACTTTAGG.1|P4_LUAD	P4_LUAD
AGGTTAATCTCTATGGACTTTAGG.1|P4_LUAD	P4_LUAD
AGGTTCGAGCTAAGTAATGTTGAC.1|P4_LUAD	P4_LUAD
AGGTTCGAGGTCAAACACTTTAGG.1|P4_LUAD	P4_LUAD
AGGTTCGAGTGAGTCGAACGGGAA.1|P4_LUAD	P4_LUAD
AGGTTCGAGTGGACCAACTTTAGG.1|P4_LUAD	P4_LUAD
AGGTTCGAGTTTCGGCACTTTAGG.1|P4_LUAD	P4_LUAD
AGGTTCTGTAAACCCTATGTTGAC.1|P4_LUAD	P4_LUAD
AGGTTCTGTCTACCTCACTTTAGG.1|P4_LUAD	P4_LUAD
AGGTTGAGTACGGGCAACTTTAGG.1|P4_LUAD	P4_LUAD
AGGTTGAGTATTTCGAAACGGGAA.1|P4_LUAD	P4_LUAD
AGGTTGAGTGGCTTTGACTTTAGG.1|P4_LUAD	P4_LUAD
AGTAAACGTATTTCGAATGTTGAC.1|P4_LUAD	P4_LUAD
AGTAAACGTCCGCTAAATGTTGAC.1|P4_LUAD	P4_LUAD
AGTAAACGTCCGGTACAACGGGAA.1|P4_LUAD	P4_LUAD
AGTAAACGTGCGATAAATGTTGAC.1|P4_LUAD	P4_LUAD
AGTAAACGTGTGAGACAACGGGAA.1|P4_LUAD	P4_LUAD
AGTAAACGTTCCTTCAAACGGGAA.1|P4_LUAD	P4_LUAD
AGTAAACGTTCCTTCAACTTTAGG.1|P4_LUAD	P4_LUAD
AGTAAACGTTGCGAAAATGTTGAC.1|P4_LUAD	P4_LUAD
AGTAAACGTTGTTCCCAACGGGAA.1|P4_LUAD	P4_LUAD
AGTAACCAGTAAACCAACTTTAGG.1|P4_LUAD	P4_LUAD
AGTAACCAGTTACCTGAACGGGAA.1|P4_LUAD	P4_LUAD
AGTAACCAGTTAGTTCAGTAGGCT.1|P4_LUAD	P4_LUAD
AGTAACCAGTTTCCAGATGTTGAC.1|P4_LUAD	P4_LUAD
AGTAACGGTAGGTTTCATGTTGAC.1|P4_LUAD	P4_LUAD
AGTAACGGTAGTAACGACTTTAGG.1|P4_LUAD	P4_LUAD
AGTAAGCTCAGCGGGTAGTAGGCT.1|P4_LUAD	P4_LUAD
AGTAAGCTCCCTCATTACTTTAGG.1|P4_LUAD	P4_LUAD
AGTAAGCTCCCTGGTGACTTTAGG.1|P4_LUAD	P4_LUAD
AGTAAGCTCGAGGCGTATGTTGAC.1|P4_LUAD	P4_LUAD
AGTAAGTGTACTGCCAACTTTAGG.1|P4_LUAD	P4_LUAD
AGTAAGTGTCCTTAGGACTTTAGG.1|P4_LUAD	P4_LUAD
AGTAAGTGTCGAAGTAAACGGGAA.1|P4_LUAD	P4_LUAD
AGTAAGTGTCTCAGCAACTTTAGG.1|P4_LUAD	P4_LUAD
AGTAAGTGTGTTTGTAAACGGGAA.1|P4_LUAD	P4_LUAD
AGTACTGCAAGTTTCCAACGGGAA.1|P4_LUAD	P4_LUAD
AGTACTGCAAGTTTCCACTTTAGG.1|P4_LUAD	P4_LUAD
AGTACTGCACACCCACAACGGGAA.1|P4_LUAD	P4_LUAD
AGTACTGCAGATTCGAATGTTGAC.1|P4_LUAD	P4_LUAD
AGTAGGCGTACTTAGCAGTAGGCT.1|P4_LUAD	P4_LUAD
AGTAGGCGTAGCGCGAACTTTAGG.1|P4_LUAD	P4_LUAD
AGTAGGCGTGTTGCTGACTTTAGG.1|P4_LUAD	P4_LUAD
AGTAGGCGTTCAAGCTAGTAGGCT.1|P4_LUAD	P4_LUAD
AGTAGGCGTTCGGTATAACGGGAA.1|P4_LUAD	P4_LUAD
AGTAGGTTCCCATAGCAGTAGGCT.1|P4_LUAD	P4_LUAD
AGTAGGTTCTAAGTCTATGTTGAC.1|P4_LUAD	P4_LUAD
AGTATCCGTCAATTCAAACGGGAA.1|P4_LUAD	P4_LUAD
AGTATCCGTGAGAAGGACTTTAGG.1|P4_LUAD	P4_LUAD
AGTATCCGTGGACCCTATGTTGAC.1|P4_LUAD	P4_LUAD
AGTATCCGTTATGTGCACTTTAGG.1|P4_LUAD	P4_LUAD
AGTCAATCAATGGGAGATGTTGAC.1|P4_LUAD	P4_LUAD
AGTCAATCACTAACAGACTTTAGG.1|P4_LUAD	P4_LUAD
AGTCAATCAGGTAGCTAACGGGAA.1|P4_LUAD	P4_LUAD
AGTCAATCATTCCTTTACTTTAGG.1|P4_LUAD	P4_LUAD
AGTCACACAATACTGGAACGGGAA.1|P4_LUAD	P4_LUAD
AGTCACACAATACTGGACTTTAGG.1|P4_LUAD	P4_LUAD
AGTCACACACTAGTAGAACGGGAA.1|P4_LUAD	P4_LUAD
AGTCAGCCAAGTGCACACTTTAGG.1|P4_LUAD	P4_LUAD
AGTCAGCCACTGACAAATGTTGAC.1|P4_LUAD	P4_LUAD
AGTCAGCCAGGACTACAACGGGAA.1|P4_LUAD	P4_LUAD
AGTCAGCCATCAATCCAGTAGGCT.1|P4_LUAD	P4_LUAD
AGTCAGCCATTACTTGAGTAGGCT.1|P4_LUAD	P4_LUAD
AGTCAGCCATTCGGTTAGTAGGCT.1|P4_LUAD	P4_LUAD
AGTCATAAGCACTAGGAACGGGAA.1|P4_LUAD	P4_LUAD
AGTCATAAGCTAAACAACTTTAGG.1|P4_LUAD	P4_LUAD
AGTCATAAGCTTAAAGAGTAGGCT.1|P4_LUAD	P4_LUAD
AGTCATAAGGCGCAACAACGGGAA.1|P4_LUAD	P4_LUAD
AGTCATAAGTCAACTTATGTTGAC.1|P4_LUAD	P4_LUAD
AGTCGCGCAAACTGGCAGTAGGCT.1|P4_LUAD	P4_LUAD
AGTCGCGCAAGCCAGTAACGGGAA.1|P4_LUAD	P4_LUAD
AGTCGTTGTAGCTTTAAACGGGAA.1|P4_LUAD	P4_LUAD
AGTCGTTGTGACCTGCAACGGGAA.1|P4_LUAD	P4_LUAD
AGTCGTTGTGGACCCTACTTTAGG.1|P4_LUAD	P4_LUAD
AGTCGTTGTGGTGAGTACTTTAGG.1|P4_LUAD	P4_LUAD
AGTGACCCAACAGGGAATGTTGAC.1|P4_LUAD	P4_LUAD
AGTGACCCAATAACCGACTTTAGG.1|P4_LUAD	P4_LUAD
AGTGACCCAATAGAAGATGTTGAC.1|P4_LUAD	P4_LUAD
AGTGAGAAGACAAAGGACTTTAGG.1|P4_LUAD	P4_LUAD
AGTGAGAAGAGGCGGAATGTTGAC.1|P4_LUAD	P4_LUAD
AGTGAGAAGGTCTTTGACTTTAGG.1|P4_LUAD	P4_LUAD
AGTGATCAGCAAACCGAGTAGGCT.1|P4_LUAD	P4_LUAD
AGTGATCAGCGCTTACACTTTAGG.1|P4_LUAD	P4_LUAD
AGTGATCAGTGTGCAGAACGGGAA.1|P4_LUAD	P4_LUAD
AGTGATGGTAACCTTAAGTAGGCT.1|P4_LUAD	P4_LUAD
AGTGATGGTAACTAGGAACGGGAA.1|P4_LUAD	P4_LUAD
AGTGATGGTCAAACTCAACGGGAA.1|P4_LUAD	P4_LUAD
AGTGATGGTCCGCTAAAACGGGAA.1|P4_LUAD	P4_LUAD
AGTGATGGTGAACGTAATGTTGAC.1|P4_LUAD	P4_LUAD
AGTGATGGTTCAAGGAAACGGGAA.1|P4_LUAD	P4_LUAD
AGTGATGGTTCCTTCAACTTTAGG.1|P4_LUAD	P4_LUAD
AGTGATTCAGCCTGAGACTTTAGG.1|P4_LUAD	P4_LUAD
AGTGCAAGTACTAACCATGTTGAC.1|P4_LUAD	P4_LUAD
AGTGCGGGTATGTTGCAGTAGGCT.1|P4_LUAD	P4_LUAD
AGTGCTGAGCAGGCTAAGTAGGCT.1|P4_LUAD	P4_LUAD
AGTGCTGAGGTTGTGGACTTTAGG.1|P4_LUAD	P4_LUAD
AGTGCTGAGTGGACCAAACGGGAA.1|P4_LUAD	P4_LUAD
AGTGGATTCAGCTACCACTTTAGG.1|P4_LUAD	P4_LUAD
AGTGGATTCGGTAAACACTTTAGG.1|P4_LUAD	P4_LUAD
AGTGGATTCGGTTCACACTTTAGG.1|P4_LUAD	P4_LUAD
AGTGGATTCTGTCAGCACTTTAGG.1|P4_LUAD	P4_LUAD
AGTGGCGGTGTCCAATAACGGGAA.1|P4_LUAD	P4_LUAD
AGTGGGTGTCAATTGCACTTTAGG.1|P4_LUAD	P4_LUAD
AGTGGGTGTCCTTATTATGTTGAC.1|P4_LUAD	P4_LUAD
AGTGGGTGTGGTTAAGAGTAGGCT.1|P4_LUAD	P4_LUAD
AGTTACGCAAACTTGGACTTTAGG.1|P4_LUAD	P4_LUAD
AGTTACGCAAATATGCAACGGGAA.1|P4_LUAD	P4_LUAD
AGTTACGCATTACTCAACTTTAGG.1|P4_LUAD	P4_LUAD
AGTTACTTCAGGTAACAACGGGAA.1|P4_LUAD	P4_LUAD
AGTTACTTCCTTTGGAACTTTAGG.1|P4_LUAD	P4_LUAD
AGTTACTTCGGTAACGAACGGGAA.1|P4_LUAD	P4_LUAD
AGTTACTTCGTGATGGATGTTGAC.1|P4_LUAD	P4_LUAD
AGTTAGGGTACGGTTTACTTTAGG.1|P4_LUAD	P4_LUAD
AGTTAGGGTCGCAACCACTTTAGG.1|P4_LUAD	P4_LUAD
AGTTAGGGTGTTAGAGATGTTGAC.1|P4_LUAD	P4_LUAD
AGTTAGGGTTCAAGGAAACGGGAA.1|P4_LUAD	P4_LUAD
AGTTAGGGTTCTGGCAACTTTAGG.1|P4_LUAD	P4_LUAD
AGTTAGGGTTGTCAGTATGTTGAC.1|P4_LUAD	P4_LUAD
AGTTATCTCCTCACTTAGTAGGCT.1|P4_LUAD	P4_LUAD
AGTTATCTCGCCTCTCATGTTGAC.1|P4_LUAD	P4_LUAD
AGTTATCTCGGTAAGTAACGGGAA.1|P4_LUAD	P4_LUAD
AGTTCCTCAATCGTGAAACGGGAA.1|P4_LUAD	P4_LUAD
AGTTCCTCACGGTCGAATGTTGAC.1|P4_LUAD	P4_LUAD
AGTTCCTCAGCCCTTAAACGGGAA.1|P4_LUAD	P4_LUAD
AGTTCCTCATCACTCGAGTAGGCT.1|P4_LUAD	P4_LUAD
AGTTCCTCATGGGTTAAACGGGAA.1|P4_LUAD	P4_LUAD
AGTTGCCTCACTAGGGAACGGGAA.1|P4_LUAD	P4_LUAD
AGTTGCCTCCTCCCACACTTTAGG.1|P4_LUAD	P4_LUAD
AGTTGCCTCGAAGCATACTTTAGG.1|P4_LUAD	P4_LUAD
AGTTGCCTCGGTAAACAACGGGAA.1|P4_LUAD	P4_LUAD
AGTTGGCCACAATGGCAACGGGAA.1|P4_LUAD	P4_LUAD
AGTTGGCCACATTGAGATGTTGAC.1|P4_LUAD	P4_LUAD
AGTTGGCCACTTTGTAACTTTAGG.1|P4_LUAD	P4_LUAD
AGTTGGCCATTGCCGCAACGGGAA.1|P4_LUAD	P4_LUAD
ATAAACCCAAGCGATCACTTTAGG.1|P4_LUAD	P4_LUAD
ATAAACCCAAGGCGTTATGTTGAC.1|P4_LUAD	P4_LUAD
ATAAACCCACTAACTCAACGGGAA.1|P4_LUAD	P4_LUAD
ATAAACCCATCACAGAAGTAGGCT.1|P4_LUAD	P4_LUAD
ATAAAGGCAAACTGGCATGTTGAC.1|P4_LUAD	P4_LUAD
ATAAAGGCAACAGGGAAACGGGAA.1|P4_LUAD	P4_LUAD
ATAAAGGCAATCAAGTAACGGGAA.1|P4_LUAD	P4_LUAD
ATAAAGGCAATGGGAGAACGGGAA.1|P4_LUAD	P4_LUAD
ATAAAGGCACATTCGTAGTAGGCT.1|P4_LUAD	P4_LUAD
ATAACCAAGCTTCCTTATGTTGAC.1|P4_LUAD	P4_LUAD
ATAACCAAGGCCATTCATGTTGAC.1|P4_LUAD	P4_LUAD
ATAACCAAGGCTTATTACTTTAGG.1|P4_LUAD	P4_LUAD
ATAACCAAGGTGCACAACTTTAGG.1|P4_LUAD	P4_LUAD
ATAACCAAGGTTGGGCACTTTAGG.1|P4_LUAD	P4_LUAD
ATAACCAAGTCCTCAAAACGGGAA.1|P4_LUAD	P4_LUAD
ATAACCAAGTGATGGTATGTTGAC.1|P4_LUAD	P4_LUAD
ATAACCCGTTCGAATCACTTTAGG.1|P4_LUAD	P4_LUAD
ATAACCCGTTGCGAAAAGTAGGCT.1|P4_LUAD	P4_LUAD
ATAAGCATCCATAGAAATGTTGAC.1|P4_LUAD	P4_LUAD
ATAAGCATCCATTAACACTTTAGG.1|P4_LUAD	P4_LUAD
ATAAGCCAGATGCCTCAACGGGAA.1|P4_LUAD	P4_LUAD
ATAAGCCAGCAAAGCTAACGGGAA.1|P4_LUAD	P4_LUAD
ATAAGCCAGCAAATCAATGTTGAC.1|P4_LUAD	P4_LUAD
ATAAGCCAGCGATAACACTTTAGG.1|P4_LUAD	P4_LUAD
ATAAGCCAGGTTAGGTACTTTAGG.1|P4_LUAD	P4_LUAD
ATAAGCCAGTGAATCAAGTAGGCT.1|P4_LUAD	P4_LUAD
ATAAGCCAGTGTTTGTAGTAGGCT.1|P4_LUAD	P4_LUAD
ATAAGGTGTCGTAATCATGTTGAC.1|P4_LUAD	P4_LUAD
ATAAGGTGTGTTAGCTAACGGGAA.1|P4_LUAD	P4_LUAD
ATAAGGTGTTATGAGGACTTTAGG.1|P4_LUAD	P4_LUAD
ATAATGGTCAAACTTCAGTAGGCT.1|P4_LUAD	P4_LUAD
ATAATGGTCATGCATTATGTTGAC.1|P4_LUAD	P4_LUAD
ATAATGGTCGATGAACAGTAGGCT.1|P4_LUAD	P4_LUAD
ATACCCGGTATTTCGAATGTTGAC.1|P4_LUAD	P4_LUAD
ATACCCGGTGTAATGGACTTTAGG.1|P4_LUAD	P4_LUAD
ATACCCGGTTAACGGAAACGGGAA.1|P4_LUAD	P4_LUAD
ATACCCGGTTCACCAGATGTTGAC.1|P4_LUAD	P4_LUAD
ATACCTGTCCAGCTTAAACGGGAA.1|P4_LUAD	P4_LUAD
ATACCTGTCCCGCTGAACTTTAGG.1|P4_LUAD	P4_LUAD
ATACCTGTCGCGTTACACTTTAGG.1|P4_LUAD	P4_LUAD
ATACCTTAGATGGATCAACGGGAA.1|P4_LUAD	P4_LUAD
ATACCTTAGCAGGTTGATGTTGAC.1|P4_LUAD	P4_LUAD
ATACCTTAGCGAATACACTTTAGG.1|P4_LUAD	P4_LUAD
ATACCTTAGGACAACTAACGGGAA.1|P4_LUAD	P4_LUAD
ATACGTAAGACTAACAAACGGGAA.1|P4_LUAD	P4_LUAD
ATACGTAAGACTAACAACTTTAGG.1|P4_LUAD	P4_LUAD
ATACGTAAGTCACTATACTTTAGG.1|P4_LUAD	P4_LUAD
ATACGTAAGTTACAGAACTTTAGG.1|P4_LUAD	P4_LUAD
ATACTGGCACAATACGACTTTAGG.1|P4_LUAD	P4_LUAD
ATACTGGCAGAGGCTTAACGGGAA.1|P4_LUAD	P4_LUAD
ATACTGGCATTGACTCAGTAGGCT.1|P4_LUAD	P4_LUAD
ATACTGTTCGAAACTAACTTTAGG.1|P4_LUAD	P4_LUAD
ATACTGTTCGGTACCTACTTTAGG.1|P4_LUAD	P4_LUAD
ATAGAAGCAAACTTGGAGTAGGCT.1|P4_LUAD	P4_LUAD
ATAGAAGCAATTAGGTAACGGGAA.1|P4_LUAD	P4_LUAD
ATAGACTCAAGGTTATAACGGGAA.1|P4_LUAD	P4_LUAD
ATAGACTCACTAGCGGAGTAGGCT.1|P4_LUAD	P4_LUAD
ATAGACTCAGTAATACATGTTGAC.1|P4_LUAD	P4_LUAD
ATAGACTCAGTGAGGAATGTTGAC.1|P4_LUAD	P4_LUAD
ATAGACTCATTGAGATAACGGGAA.1|P4_LUAD	P4_LUAD
ATAGCAGGTAAGCTAGATGTTGAC.1|P4_LUAD	P4_LUAD
ATAGCAGGTATTACCAATGTTGAC.1|P4_LUAD	P4_LUAD
ATAGCAGGTCCTTCTAACTTTAGG.1|P4_LUAD	P4_LUAD
ATAGCAGGTGCTGCACATGTTGAC.1|P4_LUAD	P4_LUAD
ATAGCAGGTTAAGGCAAACGGGAA.1|P4_LUAD	P4_LUAD
ATAGCGAGTACCTCAGACTTTAGG.1|P4_LUAD	P4_LUAD
ATAGCGAGTCATGAAGATGTTGAC.1|P4_LUAD	P4_LUAD
ATAGCGAGTGTTGCTGATGTTGAC.1|P4_LUAD	P4_LUAD
ATAGCGAGTTCACTCCATGTTGAC.1|P4_LUAD	P4_LUAD
ATAGCTTTCATAGGTAAACGGGAA.1|P4_LUAD	P4_LUAD
ATAGCTTTCCAACATTACTTTAGG.1|P4_LUAD	P4_LUAD
ATAGCTTTCCACTAATAACGGGAA.1|P4_LUAD	P4_LUAD
ATAGCTTTCCGCCTCTAACGGGAA.1|P4_LUAD	P4_LUAD
ATAGCTTTCCTAAGGGACTTTAGG.1|P4_LUAD	P4_LUAD
ATAGCTTTCCTCAAGCACTTTAGG.1|P4_LUAD	P4_LUAD
ATAGCTTTCGCGTTCGATGTTGAC.1|P4_LUAD	P4_LUAD
ATAGGATGTAATCCGTACTTTAGG.1|P4_LUAD	P4_LUAD
ATAGGATGTAGGAGGAAGTAGGCT.1|P4_LUAD	P4_LUAD
ATAGGATGTAGGAGGAATGTTGAC.1|P4_LUAD	P4_LUAD
ATAGGATGTCGTTATAAACGGGAA.1|P4_LUAD	P4_LUAD
ATAGGATGTGTTTGCGAACGGGAA.1|P4_LUAD	P4_LUAD
ATAGGATGTTCACCTCATGTTGAC.1|P4_LUAD	P4_LUAD
ATAGGATGTTCACTCCATGTTGAC.1|P4_LUAD	P4_LUAD
ATAGGCGTCCCTCGTCAACGGGAA.1|P4_LUAD	P4_LUAD
ATAGGCGTCGCGTTACAACGGGAA.1|P4_LUAD	P4_LUAD
ATAGGCTAGCAAGTTAAACGGGAA.1|P4_LUAD	P4_LUAD
ATAGGCTAGTAAACCAACTTTAGG.1|P4_LUAD	P4_LUAD
ATAGGCTAGTATCGCCAACGGGAA.1|P4_LUAD	P4_LUAD
ATATAGCCACTGACAAAACGGGAA.1|P4_LUAD	P4_LUAD
ATATAGCCATGAGTCAAGTAGGCT.1|P4_LUAD	P4_LUAD
ATATAGGTCAATACAGACTTTAGG.1|P4_LUAD	P4_LUAD
ATATAGGTCAGCTACCAGTAGGCT.1|P4_LUAD	P4_LUAD
ATATAGGTCCATTAGTATGTTGAC.1|P4_LUAD	P4_LUAD
ATATAGGTCCGCCCAAACTTTAGG.1|P4_LUAD	P4_LUAD
ATATAGGTCGACCGTTAACGGGAA.1|P4_LUAD	P4_LUAD
ATATAGGTCTTTGGTGATGTTGAC.1|P4_LUAD	P4_LUAD
ATATCGAAGACAGACTACTTTAGG.1|P4_LUAD	P4_LUAD
ATATCGAAGGGTTTGGAGTAGGCT.1|P4_LUAD	P4_LUAD
ATATGCAAGTCAACTTATGTTGAC.1|P4_LUAD	P4_LUAD
ATATTCGGTGGCCCATATGTTGAC.1|P4_LUAD	P4_LUAD
ATATTCGGTGTGACCCAACGGGAA.1|P4_LUAD	P4_LUAD
ATATTCGGTGTGACCCACTTTAGG.1|P4_LUAD	P4_LUAD
ATATTCGGTTAAGCCTAACGGGAA.1|P4_LUAD	P4_LUAD
ATATTCGGTTACTTCTATGTTGAC.1|P4_LUAD	P4_LUAD
ATATTCGGTTATGTGCAGTAGGCT.1|P4_LUAD	P4_LUAD
ATATTCGGTTCACCAGATGTTGAC.1|P4_LUAD	P4_LUAD
ATCAGCACAACCTTGTACTTTAGG.1|P4_LUAD	P4_LUAD
ATCAGCACAGGATTATAACGGGAA.1|P4_LUAD	P4_LUAD
ATCAGCACAGGCTAACATGTTGAC.1|P4_LUAD	P4_LUAD
ATCAGCACATAAGCTGATGTTGAC.1|P4_LUAD	P4_LUAD
ATCAGGTAGCGAAGAAACTTTAGG.1|P4_LUAD	P4_LUAD
ATCAGGTAGGATTAGCATGTTGAC.1|P4_LUAD	P4_LUAD
ATCAGGTAGTCAAACAAGTAGGCT.1|P4_LUAD	P4_LUAD
ATCATCAGTAGGTGACACTTTAGG.1|P4_LUAD	P4_LUAD
ATCATCAGTCGTTCTCACTTTAGG.1|P4_LUAD	P4_LUAD
ATCATCAGTCTGTCAGACTTTAGG.1|P4_LUAD	P4_LUAD
ATCATCAGTGAGAAGGAACGGGAA.1|P4_LUAD	P4_LUAD
ATCATCAGTGGGAACTATGTTGAC.1|P4_LUAD	P4_LUAD
ATCCATCCAACAAGCCATGTTGAC.1|P4_LUAD	P4_LUAD
ATCCATCCAATATGGTAACGGGAA.1|P4_LUAD	P4_LUAD
ATCCATCCAGATAACTACTTTAGG.1|P4_LUAD	P4_LUAD
ATCCCAATCACTTGATAGTAGGCT.1|P4_LUAD	P4_LUAD
ATCCCAATCGTCAATTAGTAGGCT.1|P4_LUAD	P4_LUAD
ATCCCAATCTAATGAGAGTAGGCT.1|P4_LUAD	P4_LUAD
ATCCCAATCTTCAAGTACTTTAGG.1|P4_LUAD	P4_LUAD
ATCCTTGAGAAACCCGAACGGGAA.1|P4_LUAD	P4_LUAD
ATCCTTGAGGAACCATAACGGGAA.1|P4_LUAD	P4_LUAD
ATCCTTGAGGAAGCCCAGTAGGCT.1|P4_LUAD	P4_LUAD
ATCCTTGAGTTACTCGAACGGGAA.1|P4_LUAD	P4_LUAD
ATCGAACAGAGGAGGTATGTTGAC.1|P4_LUAD	P4_LUAD
ATCGAACAGAGGATAGAACGGGAA.1|P4_LUAD	P4_LUAD
ATCGAACAGATATTGGATGTTGAC.1|P4_LUAD	P4_LUAD
ATCGAACAGGCTTTATAGTAGGCT.1|P4_LUAD	P4_LUAD
ATCGAACAGGGCGGTTAGTAGGCT.1|P4_LUAD	P4_LUAD
ATCGAACAGGTTAGGTATGTTGAC.1|P4_LUAD	P4_LUAD
ATCGAACAGTGTGAGTAACGGGAA.1|P4_LUAD	P4_LUAD
ATCGATGCAATTCGGAAACGGGAA.1|P4_LUAD	P4_LUAD
ATCGATGCACTAGTAGACTTTAGG.1|P4_LUAD	P4_LUAD
ATCGATGCAGCTACCCAGTAGGCT.1|P4_LUAD	P4_LUAD
ATCGATGCAGGCCTCTAACGGGAA.1|P4_LUAD	P4_LUAD
ATCGATTTCACAGGATAACGGGAA.1|P4_LUAD	P4_LUAD
ATCGATTTCATTACCGATGTTGAC.1|P4_LUAD	P4_LUAD
ATCGATTTCGCCTATAACTTTAGG.1|P4_LUAD	P4_LUAD
ATCGCGCGTACGTCCAACTTTAGG.1|P4_LUAD	P4_LUAD
ATCGCGCGTAGCCCGTACTTTAGG.1|P4_LUAD	P4_LUAD
ATCGCGCGTCGTTGCAACTTTAGG.1|P4_LUAD	P4_LUAD
ATCGCGCGTGATCCTGATGTTGAC.1|P4_LUAD	P4_LUAD
ATCGCGCGTTGTGAGAACTTTAGG.1|P4_LUAD	P4_LUAD
ATCGCTCAGAAACCCGAACGGGAA.1|P4_LUAD	P4_LUAD
ATCGCTCAGAAGCAAGATGTTGAC.1|P4_LUAD	P4_LUAD
ATCGCTCAGCGGCTTTATGTTGAC.1|P4_LUAD	P4_LUAD
ATCGCTTCAACAAAGAACTTTAGG.1|P4_LUAD	P4_LUAD
ATCGCTTCATGGCTTTACTTTAGG.1|P4_LUAD	P4_LUAD
ATCGGGCAGATGAAGGAACGGGAA.1|P4_LUAD	P4_LUAD
ATCGGGCAGGCCATGAACTTTAGG.1|P4_LUAD	P4_LUAD
ATCGGGCAGGTTTCGCACTTTAGG.1|P4_LUAD	P4_LUAD
ATCGGGCAGTCTATGTATGTTGAC.1|P4_LUAD	P4_LUAD
ATCGTGACAACAAGTTAGTAGGCT.1|P4_LUAD	P4_LUAD
ATCGTGACACAATGGCAACGGGAA.1|P4_LUAD	P4_LUAD
ATCGTGACACCATCATACTTTAGG.1|P4_LUAD	P4_LUAD
ATCGTGACAGATTGCAAGTAGGCT.1|P4_LUAD	P4_LUAD
ATCGTGACAGCCATAAAGTAGGCT.1|P4_LUAD	P4_LUAD
ATCGTGCTCGGGCAGTACTTTAGG.1|P4_LUAD	P4_LUAD
ATCGTTAGTAATGGATACTTTAGG.1|P4_LUAD	P4_LUAD
ATCGTTAGTACTTATGACTTTAGG.1|P4_LUAD	P4_LUAD
ATCGTTAGTCATCCCTATGTTGAC.1|P4_LUAD	P4_LUAD
ATCGTTAGTCTACCTCACTTTAGG.1|P4_LUAD	P4_LUAD
ATCGTTAGTGATCCTGAGTAGGCT.1|P4_LUAD	P4_LUAD
ATCGTTAGTGCTGAAAATGTTGAC.1|P4_LUAD	P4_LUAD
ATCGTTAGTTGAGGACACTTTAGG.1|P4_LUAD	P4_LUAD
ATCTAGCGTAACGTGAACTTTAGG.1|P4_LUAD	P4_LUAD
ATCTAGCGTCCGGTACACTTTAGG.1|P4_LUAD	P4_LUAD
ATCTAGCGTCGCAATTACTTTAGG.1|P4_LUAD	P4_LUAD
ATCTAGCGTCGTAAAGATGTTGAC.1|P4_LUAD	P4_LUAD
ATCTAGCGTGCGTACCAACGGGAA.1|P4_LUAD	P4_LUAD
ATCTAGCGTGTTAGCTACTTTAGG.1|P4_LUAD	P4_LUAD
ATCTAGCGTTAAGTCCACTTTAGG.1|P4_LUAD	P4_LUAD
ATCTAGCGTTGCACTGACTTTAGG.1|P4_LUAD	P4_LUAD
ATCTTAGGTAAGGCTAATGTTGAC.1|P4_LUAD	P4_LUAD
ATCTTAGGTCAATACCATGTTGAC.1|P4_LUAD	P4_LUAD
ATCTTAGGTTTGACTAATGTTGAC.1|P4_LUAD	P4_LUAD
ATGAAAGCAACATGATATGTTGAC.1|P4_LUAD	P4_LUAD
ATGAAAGCAACCATTCAACGGGAA.1|P4_LUAD	P4_LUAD
ATGAAAGCAAGGAATAATGTTGAC.1|P4_LUAD	P4_LUAD
ATGAAAGCACAGCCAGACTTTAGG.1|P4_LUAD	P4_LUAD
ATGAAAGCAGCCATAAAGTAGGCT.1|P4_LUAD	P4_LUAD
ATGAAAGCAGCTCGCTACTTTAGG.1|P4_LUAD	P4_LUAD
ATGAAAGCATCAATCCAACGGGAA.1|P4_LUAD	P4_LUAD
ATGAAAGCATTTAGCCAACGGGAA.1|P4_LUAD	P4_LUAD
ATGACTTTCACAAGCGAGTAGGCT.1|P4_LUAD	P4_LUAD
ATGACTTTCACAATGAATGTTGAC.1|P4_LUAD	P4_LUAD
ATGACTTTCATGGATAAACGGGAA.1|P4_LUAD	P4_LUAD
ATGACTTTCCTGTTCTACTTTAGG.1|P4_LUAD	P4_LUAD
ATGACTTTCGAGGCACATGTTGAC.1|P4_LUAD	P4_LUAD
ATGACTTTCTACTACGATGTTGAC.1|P4_LUAD	P4_LUAD
ATGAGGAAGCACCTTAAGTAGGCT.1|P4_LUAD	P4_LUAD
ATGAGGAAGGAACCTGACTTTAGG.1|P4_LUAD	P4_LUAD
ATGAGGAAGGGTGGGAATGTTGAC.1|P4_LUAD	P4_LUAD
ATGAGGAAGGTTAGTAATGTTGAC.1|P4_LUAD	P4_LUAD
ATGAGGCGTCGCAACCACTTTAGG.1|P4_LUAD	P4_LUAD
ATGAGGCGTTAGTAGGACTTTAGG.1|P4_LUAD	P4_LUAD
ATGAGGTTCATTAGCTAACGGGAA.1|P4_LUAD	P4_LUAD
ATGAGGTTCATTAGCTAGTAGGCT.1|P4_LUAD	P4_LUAD
ATGAGGTTCGTCAATTAGTAGGCT.1|P4_LUAD	P4_LUAD
ATGATCAAGGATGTTAAACGGGAA.1|P4_LUAD	P4_LUAD
ATGATCAAGGATGTTAACTTTAGG.1|P4_LUAD	P4_LUAD
ATGATCAAGGGAGGATACTTTAGG.1|P4_LUAD	P4_LUAD
ATGATCAAGGGTTGGCATGTTGAC.1|P4_LUAD	P4_LUAD
ATGCAACAGACCAGGCACTTTAGG.1|P4_LUAD	P4_LUAD
ATGCAACAGCACCTTAATGTTGAC.1|P4_LUAD	P4_LUAD
ATGCAACAGCTAGATAACTTTAGG.1|P4_LUAD	P4_LUAD
ATGCAACAGCTCATTGAACGGGAA.1|P4_LUAD	P4_LUAD
ATGCAACAGGATGGTTATGTTGAC.1|P4_LUAD	P4_LUAD
ATGCAACAGTGCAACGACTTTAGG.1|P4_LUAD	P4_LUAD
ATGCACCTCAAACCGGATGTTGAC.1|P4_LUAD	P4_LUAD
ATGCACCTCCACAATTAACGGGAA.1|P4_LUAD	P4_LUAD
ATGCATTTCAATTTGCACTTTAGG.1|P4_LUAD	P4_LUAD
ATGCATTTCCGTTAGCAACGGGAA.1|P4_LUAD	P4_LUAD
ATGCATTTCTAATCGTAACGGGAA.1|P4_LUAD	P4_LUAD
ATGCCTATCAGGTCGAAGTAGGCT.1|P4_LUAD	P4_LUAD
ATGCCTATCCCTTTGTATGTTGAC.1|P4_LUAD	P4_LUAD
ATGCCTATCCTTTGAGAACGGGAA.1|P4_LUAD	P4_LUAD
ATGCCTATCGAGAGAAAACGGGAA.1|P4_LUAD	P4_LUAD
ATGCCTATCTGGAAACATGTTGAC.1|P4_LUAD	P4_LUAD
ATGCGATAGATATTGGATGTTGAC.1|P4_LUAD	P4_LUAD
ATGCGATAGCGGCTTTACTTTAGG.1|P4_LUAD	P4_LUAD
ATGCGATAGGCCATTCATGTTGAC.1|P4_LUAD	P4_LUAD
ATGCGATAGGCGAGTCAGTAGGCT.1|P4_LUAD	P4_LUAD
ATGCGATAGTCTATGTAGTAGGCT.1|P4_LUAD	P4_LUAD
ATGCGATAGTGAGTCGACTTTAGG.1|P4_LUAD	P4_LUAD
ATGCGATAGTTACTCGATGTTGAC.1|P4_LUAD	P4_LUAD
ATGCGATAGTTTGCATAGTAGGCT.1|P4_LUAD	P4_LUAD
ATGCGCAAGAGCAAGAACTTTAGG.1|P4_LUAD	P4_LUAD
ATGCGCAAGCCTAAGGATGTTGAC.1|P4_LUAD	P4_LUAD
ATGCGCAAGGATGCATACTTTAGG.1|P4_LUAD	P4_LUAD
ATGCGCAAGGTTAGCGATGTTGAC.1|P4_LUAD	P4_LUAD
ATGCGCAAGTTTCCAGACTTTAGG.1|P4_LUAD	P4_LUAD
ATGCGTCTCACAGCCTACTTTAGG.1|P4_LUAD	P4_LUAD
ATGCGTCTCAGCACGAAACGGGAA.1|P4_LUAD	P4_LUAD
ATGCGTCTCAGGTTAAAGTAGGCT.1|P4_LUAD	P4_LUAD
ATGCGTCTCCAGATAAATGTTGAC.1|P4_LUAD	P4_LUAD
ATGCGTCTCCCGTTGGACTTTAGG.1|P4_LUAD	P4_LUAD
ATGCGTCTCTCACCTTAACGGGAA.1|P4_LUAD	P4_LUAD
ATGGACCCAACAGATTACTTTAGG.1|P4_LUAD	P4_LUAD
ATGGACCCAACTATCCACTTTAGG.1|P4_LUAD	P4_LUAD
ATGGACCCACGGATACACTTTAGG.1|P4_LUAD	P4_LUAD
ATGGACCCACTGTCATACTTTAGG.1|P4_LUAD	P4_LUAD
ATGGAGGCAAATGACTAGTAGGCT.1|P4_LUAD	P4_LUAD
ATGGAGGCACCACACCACTTTAGG.1|P4_LUAD	P4_LUAD
ATGGAGGCATCCAAGAATGTTGAC.1|P4_LUAD	P4_LUAD
ATGGATCAGAAACCCGAACGGGAA.1|P4_LUAD	P4_LUAD
ATGGATCAGACGCATGACTTTAGG.1|P4_LUAD	P4_LUAD
ATGGATCAGATTGAGCATGTTGAC.1|P4_LUAD	P4_LUAD
ATGGATCAGCGAGGGAAACGGGAA.1|P4_LUAD	P4_LUAD
ATGGATCAGGGCACTAAGTAGGCT.1|P4_LUAD	P4_LUAD
ATGGATCAGGTGCACAATGTTGAC.1|P4_LUAD	P4_LUAD
ATGGATCAGTAACGTAACTTTAGG.1|P4_LUAD	P4_LUAD
ATGGATGGTGGTTCGCATGTTGAC.1|P4_LUAD	P4_LUAD
ATGGATTCAGGAATAAATGTTGAC.1|P4_LUAD	P4_LUAD
ATGGATTCAGGTATATAACGGGAA.1|P4_LUAD	P4_LUAD
ATGGATTCATCAATCCATGTTGAC.1|P4_LUAD	P4_LUAD
ATGGCAGTCAGGTAACACTTTAGG.1|P4_LUAD	P4_LUAD
ATGGCAGTCCAAAGGTATGTTGAC.1|P4_LUAD	P4_LUAD
ATGGCAGTCCTTATGGAACGGGAA.1|P4_LUAD	P4_LUAD
ATGGCAGTCGCGAAATAACGGGAA.1|P4_LUAD	P4_LUAD
ATGGCAGTCTGGAACGACTTTAGG.1|P4_LUAD	P4_LUAD
ATGGCAGTCTGGTCTAATGTTGAC.1|P4_LUAD	P4_LUAD
ATGGCCCGTGACATTCACTTTAGG.1|P4_LUAD	P4_LUAD
ATGGCCCGTGCATCGCACTTTAGG.1|P4_LUAD	P4_LUAD
ATGGCCCGTTTCCTGCAGTAGGCT.1|P4_LUAD	P4_LUAD
ATGGCCCGTTTGCTCCATGTTGAC.1|P4_LUAD	P4_LUAD
ATGGCCTTCAGCCTTAACTTTAGG.1|P4_LUAD	P4_LUAD
ATGGCCTTCAGGTAACATGTTGAC.1|P4_LUAD	P4_LUAD
ATGGCCTTCAGGTTAAAGTAGGCT.1|P4_LUAD	P4_LUAD
ATGGCTTGTCTGTGATACTTTAGG.1|P4_LUAD	P4_LUAD
ATGGGACGTACCGTTGACTTTAGG.1|P4_LUAD	P4_LUAD
ATGGGACGTACGTCCAAGTAGGCT.1|P4_LUAD	P4_LUAD
ATGGGACGTACTTACAAACGGGAA.1|P4_LUAD	P4_LUAD
ATGGGACGTGATAAACAACGGGAA.1|P4_LUAD	P4_LUAD
ATGGGACGTGTTAGAGAACGGGAA.1|P4_LUAD	P4_LUAD
ATGGGCGGTACGATTCACTTTAGG.1|P4_LUAD	P4_LUAD
ATGGGCGGTGCGGCTTAGTAGGCT.1|P4_LUAD	P4_LUAD
ATGGGCGGTTAACGGAATGTTGAC.1|P4_LUAD	P4_LUAD
ATGGGCGGTTTGGCCAAGTAGGCT.1|P4_LUAD	P4_LUAD
ATGGGTTAGATGCTAAACTTTAGG.1|P4_LUAD	P4_LUAD
ATGGGTTAGCGAATGTACTTTAGG.1|P4_LUAD	P4_LUAD
ATGGGTTAGGCGATATAGTAGGCT.1|P4_LUAD	P4_LUAD
ATGGGTTAGTCAACTTAACGGGAA.1|P4_LUAD	P4_LUAD
ATGGTAATCACAAACAACTTTAGG.1|P4_LUAD	P4_LUAD
ATGGTAATCACTGTCAAACGGGAA.1|P4_LUAD	P4_LUAD
ATGGTAATCATGCGTCACTTTAGG.1|P4_LUAD	P4_LUAD
ATGGTAATCGCTTCAAACTTTAGG.1|P4_LUAD	P4_LUAD
ATGGTAATCTTAAGCTAACGGGAA.1|P4_LUAD	P4_LUAD
ATGGTGAGTCCCTCATATGTTGAC.1|P4_LUAD	P4_LUAD
ATGGTGAGTCGCAACCAGTAGGCT.1|P4_LUAD	P4_LUAD
ATGGTGAGTTAACGTCAGTAGGCT.1|P4_LUAD	P4_LUAD
ATGGTGAGTTAGCGCCACTTTAGG.1|P4_LUAD	P4_LUAD
ATGGTGAGTTTCAGGTATGTTGAC.1|P4_LUAD	P4_LUAD
ATGGTGAGTTTCCACCAGTAGGCT.1|P4_LUAD	P4_LUAD
ATGGTGAGTTTCCTGCACTTTAGG.1|P4_LUAD	P4_LUAD
ATGTAAGTCCACAATTACTTTAGG.1|P4_LUAD	P4_LUAD
ATGTAAGTCTCAAACTAGTAGGCT.1|P4_LUAD	P4_LUAD
ATGTCAAAGACCTTGCACTTTAGG.1|P4_LUAD	P4_LUAD
ATGTCAAAGAGGATAGAACGGGAA.1|P4_LUAD	P4_LUAD
ATGTCAAAGGAGGCCTACTTTAGG.1|P4_LUAD	P4_LUAD
ATGTCAAAGGTCGAGCACTTTAGG.1|P4_LUAD	P4_LUAD
ATGTCAAAGTGCAACGAACGGGAA.1|P4_LUAD	P4_LUAD
ATGTCAAAGTGTCCACAACGGGAA.1|P4_LUAD	P4_LUAD
ATGTGAGGTCCAGCTAAGTAGGCT.1|P4_LUAD	P4_LUAD
ATGTGAGGTCCTGACAACTTTAGG.1|P4_LUAD	P4_LUAD
ATGTGGGTCCGTGACTATGTTGAC.1|P4_LUAD	P4_LUAD
ATGTTAGAGCCCTGATATGTTGAC.1|P4_LUAD	P4_LUAD
ATGTTAGAGCTGATTTACTTTAGG.1|P4_LUAD	P4_LUAD
ATGTTAGAGTAAAGGGAGTAGGCT.1|P4_LUAD	P4_LUAD
ATGTTCCCAATTAGGTAGTAGGCT.1|P4_LUAD	P4_LUAD
ATGTTCCCACCTTACGAGTAGGCT.1|P4_LUAD	P4_LUAD
ATGTTCCCATCGATAGACTTTAGG.1|P4_LUAD	P4_LUAD
ATGTTCCCATTGAACGAACGGGAA.1|P4_LUAD	P4_LUAD
ATGTTCCCATTGCCCAAACGGGAA.1|P4_LUAD	P4_LUAD
ATGTTGCGTAATGAACATGTTGAC.1|P4_LUAD	P4_LUAD
ATGTTGCGTGAACGACAACGGGAA.1|P4_LUAD	P4_LUAD
ATGTTGCGTTGGAGCGATGTTGAC.1|P4_LUAD	P4_LUAD
ATGTTTGGTCGCAATTAACGGGAA.1|P4_LUAD	P4_LUAD
ATGTTTGGTGCTTCTCATGTTGAC.1|P4_LUAD	P4_LUAD
ATGTTTGGTGGACCCTATGTTGAC.1|P4_LUAD	P4_LUAD
ATGTTTGGTTACCGTGAGTAGGCT.1|P4_LUAD	P4_LUAD
ATGTTTGGTTGCGGCTACTTTAGG.1|P4_LUAD	P4_LUAD
ATGTTTGGTTGGTTTAAACGGGAA.1|P4_LUAD	P4_LUAD
ATGTTTGGTTGGTTTAACTTTAGG.1|P4_LUAD	P4_LUAD
ATTACGTTCACCCTGGAACGGGAA.1|P4_LUAD	P4_LUAD
ATTACGTTCACCCTGGACTTTAGG.1|P4_LUAD	P4_LUAD
ATTATGGAGATTATCCACTTTAGG.1|P4_LUAD	P4_LUAD
ATTATGGAGCTAACTTAACGGGAA.1|P4_LUAD	P4_LUAD
ATTATGGAGGGTTTGGAGTAGGCT.1|P4_LUAD	P4_LUAD
ATTCACCCAAGAAATGAGTAGGCT.1|P4_LUAD	P4_LUAD
ATTCACCCACGGTAACAACGGGAA.1|P4_LUAD	P4_LUAD
ATTCACCCACGTAATGAACGGGAA.1|P4_LUAD	P4_LUAD
ATTCACCCACTGTCATATGTTGAC.1|P4_LUAD	P4_LUAD
ATTCACCCATTGACTCATGTTGAC.1|P4_LUAD	P4_LUAD
ATTCAGTTCAGCTACCATGTTGAC.1|P4_LUAD	P4_LUAD
ATTCAGTTCATCCCAAAACGGGAA.1|P4_LUAD	P4_LUAD
ATTCAGTTCCTAAGTTATGTTGAC.1|P4_LUAD	P4_LUAD
ATTCGATTCAACCTATATGTTGAC.1|P4_LUAD	P4_LUAD
ATTCGATTCAATCGCCAGTAGGCT.1|P4_LUAD	P4_LUAD
ATTCGATTCACGGACAAGTAGGCT.1|P4_LUAD	P4_LUAD
ATTCGATTCATAATCCAACGGGAA.1|P4_LUAD	P4_LUAD
ATTCGATTCCTGAGGAAACGGGAA.1|P4_LUAD	P4_LUAD
ATTCGATTCCTTAGATATGTTGAC.1|P4_LUAD	P4_LUAD
ATTCGATTCTGGCCCAACTTTAGG.1|P4_LUAD	P4_LUAD
ATTCGTAGTACTTCCCAACGGGAA.1|P4_LUAD	P4_LUAD
ATTCGTAGTAGCCACCAACGGGAA.1|P4_LUAD	P4_LUAD
ATTCGTAGTCAGGGCAACTTTAGG.1|P4_LUAD	P4_LUAD
ATTCGTAGTCATGAAGATGTTGAC.1|P4_LUAD	P4_LUAD
ATTCGTAGTCGTTCGAATGTTGAC.1|P4_LUAD	P4_LUAD
ATTCGTAGTGCGTACCACTTTAGG.1|P4_LUAD	P4_LUAD
ATTCGTAGTGCTGATTAACGGGAA.1|P4_LUAD	P4_LUAD
ATTCGTAGTTGCGAAAAACGGGAA.1|P4_LUAD	P4_LUAD
ATTCGTCCAACCTTGTAGTAGGCT.1|P4_LUAD	P4_LUAD
ATTCGTCCACACAAATATGTTGAC.1|P4_LUAD	P4_LUAD
ATTCGTCCATCACGCCAGTAGGCT.1|P4_LUAD	P4_LUAD
ATTCGTCCATCCTTGGAACGGGAA.1|P4_LUAD	P4_LUAD
ATTCGTTAGAATGGGAACTTTAGG.1|P4_LUAD	P4_LUAD
ATTCGTTAGCCTAAGGAACGGGAA.1|P4_LUAD	P4_LUAD
ATTCGTTAGCTAAACAATGTTGAC.1|P4_LUAD	P4_LUAD
ATTCGTTAGGAACTTAAACGGGAA.1|P4_LUAD	P4_LUAD
ATTCGTTAGGTAAGTCATGTTGAC.1|P4_LUAD	P4_LUAD
ATTCGTTAGGTTCATTAACGGGAA.1|P4_LUAD	P4_LUAD
ATTGACCGTATTTGTGATGTTGAC.1|P4_LUAD	P4_LUAD
ATTGACCGTCAATGTCAACGGGAA.1|P4_LUAD	P4_LUAD
ATTGACCGTTGAATCCAACGGGAA.1|P4_LUAD	P4_LUAD
ATTGACCGTTTGGCCAAACGGGAA.1|P4_LUAD	P4_LUAD
ATTGACTTCACTATACACTTTAGG.1|P4_LUAD	P4_LUAD
ATTGACTTCCTCACGGACTTTAGG.1|P4_LUAD	P4_LUAD
ATTGACTTCGATTATCAACGGGAA.1|P4_LUAD	P4_LUAD
ATTGACTTCGGTAAACACTTTAGG.1|P4_LUAD	P4_LUAD
ATTGAGCAGCAAACTAATGTTGAC.1|P4_LUAD	P4_LUAD
ATTGAGCAGGAGCCGTAACGGGAA.1|P4_LUAD	P4_LUAD
ATTGAGCAGGAGCCGTAGTAGGCT.1|P4_LUAD	P4_LUAD
ATTGAGCAGGCAAGCCAACGGGAA.1|P4_LUAD	P4_LUAD
ATTGAGCAGGCCTCTGACTTTAGG.1|P4_LUAD	P4_LUAD
ATTGAGCAGTTAACAGAGTAGGCT.1|P4_LUAD	P4_LUAD
ATTGAGCAGTTAGGCGACTTTAGG.1|P4_LUAD	P4_LUAD
ATTGAGCAGTTATGGAAACGGGAA.1|P4_LUAD	P4_LUAD
ATTGAGCAGTTGACCCACTTTAGG.1|P4_LUAD	P4_LUAD
ATTGAGGGTAATTGCCATGTTGAC.1|P4_LUAD	P4_LUAD
ATTGAGGGTAGTAGCAATGTTGAC.1|P4_LUAD	P4_LUAD
ATTGAGTCAAACCGGTAACGGGAA.1|P4_LUAD	P4_LUAD
ATTGAGTCAAACTTCCAACGGGAA.1|P4_LUAD	P4_LUAD
ATTGAGTCAGGCTTAAAACGGGAA.1|P4_LUAD	P4_LUAD
ATTGAGTCATTTCGACACTTTAGG.1|P4_LUAD	P4_LUAD
ATTGATGAGAAGCAAGATGTTGAC.1|P4_LUAD	P4_LUAD
ATTGATGAGCTTTACGATGTTGAC.1|P4_LUAD	P4_LUAD
ATTGATGAGGCGCAACACTTTAGG.1|P4_LUAD	P4_LUAD
ATTGATGAGGGAGGATAACGGGAA.1|P4_LUAD	P4_LUAD
ATTGATGAGGGATTTAATGTTGAC.1|P4_LUAD	P4_LUAD
ATTGATGAGTCAATGAACTTTAGG.1|P4_LUAD	P4_LUAD
ATTGATGAGTTGGATAATGTTGAC.1|P4_LUAD	P4_LUAD
ATTGCACGTAATCCGTACTTTAGG.1|P4_LUAD	P4_LUAD
ATTGCACGTACTGCCAAGTAGGCT.1|P4_LUAD	P4_LUAD
ATTGCACGTAGCCTTGAACGGGAA.1|P4_LUAD	P4_LUAD
ATTGCACGTCCCTCATATGTTGAC.1|P4_LUAD	P4_LUAD
ATTGCACGTGGCGTAGATGTTGAC.1|P4_LUAD	P4_LUAD
ATTGCACGTTAAGGCAACTTTAGG.1|P4_LUAD	P4_LUAD
ATTGCACGTTGTTTAGAACGGGAA.1|P4_LUAD	P4_LUAD
ATTGCATTCCCGCTGAAGTAGGCT.1|P4_LUAD	P4_LUAD
ATTGCATTCCTGCAACACTTTAGG.1|P4_LUAD	P4_LUAD
ATTGCCGGTAATAGGTATGTTGAC.1|P4_LUAD	P4_LUAD
ATTGCCGGTGACCTTGAACGGGAA.1|P4_LUAD	P4_LUAD
ATTGCCGGTTGCGCTAATGTTGAC.1|P4_LUAD	P4_LUAD
ATTGCCGGTTTGGCCAACTTTAGG.1|P4_LUAD	P4_LUAD
ATTGCGACAATCGTTCAGTAGGCT.1|P4_LUAD	P4_LUAD
ATTGCGACACATGCTTATGTTGAC.1|P4_LUAD	P4_LUAD
ATTGCGACAGGTCAACAACGGGAA.1|P4_LUAD	P4_LUAD
ATTGCGACAGGTCAACACTTTAGG.1|P4_LUAD	P4_LUAD
ATTGCGACATGAGCTAATGTTGAC.1|P4_LUAD	P4_LUAD
ATTGCTCCAACAAGCCATGTTGAC.1|P4_LUAD	P4_LUAD
ATTGCTCCAATAAGGAACTTTAGG.1|P4_LUAD	P4_LUAD
ATTGCTCCAATTGAGTACTTTAGG.1|P4_LUAD	P4_LUAD
ATTGCTCCAGGCAACTATGTTGAC.1|P4_LUAD	P4_LUAD
ATTGCTCCATTCTGTAAGTAGGCT.1|P4_LUAD	P4_LUAD
ATTGGCGAGAAACCCGATGTTGAC.1|P4_LUAD	P4_LUAD
ATTGGCGAGAGCAAGAATGTTGAC.1|P4_LUAD	P4_LUAD
ATTGGCGAGCAAGACTACTTTAGG.1|P4_LUAD	P4_LUAD
ATTGGCGAGCTTACATATGTTGAC.1|P4_LUAD	P4_LUAD
ATTGGCGAGTACGGGCAGTAGGCT.1|P4_LUAD	P4_LUAD
ATTGGCGAGTGGACCAAACGGGAA.1|P4_LUAD	P4_LUAD
ATTGGCGAGTTGGCCTACTTTAGG.1|P4_LUAD	P4_LUAD
ATTGGCTGTCATCATAAACGGGAA.1|P4_LUAD	P4_LUAD
ATTGGCTGTCGAATCTAGTAGGCT.1|P4_LUAD	P4_LUAD
ATTGGCTGTGAACGACAACGGGAA.1|P4_LUAD	P4_LUAD
ATTGGCTGTGGGAACTAACGGGAA.1|P4_LUAD	P4_LUAD
ATTGGGAGTATTGACCAACGGGAA.1|P4_LUAD	P4_LUAD
ATTGGGAGTCATCCCTAACGGGAA.1|P4_LUAD	P4_LUAD
ATTGGGAGTCGTTCGAACTTTAGG.1|P4_LUAD	P4_LUAD
ATTGGGAGTTCACTCCACTTTAGG.1|P4_LUAD	P4_LUAD
ATTGTTGGTAAACCCTACTTTAGG.1|P4_LUAD	P4_LUAD
ATTGTTGGTAATTGCCAACGGGAA.1|P4_LUAD	P4_LUAD
ATTGTTGGTCCATTAAAGTAGGCT.1|P4_LUAD	P4_LUAD
ATTGTTGGTCCTCATCAACGGGAA.1|P4_LUAD	P4_LUAD
ATTGTTGGTGGTTAAGAGTAGGCT.1|P4_LUAD	P4_LUAD
ATTTACGGTATTTGTGATGTTGAC.1|P4_LUAD	P4_LUAD
ATTTACGGTCACGATTAGTAGGCT.1|P4_LUAD	P4_LUAD
ATTTACGGTCCTCCATATGTTGAC.1|P4_LUAD	P4_LUAD
ATTTACGGTGTGAGTAAACGGGAA.1|P4_LUAD	P4_LUAD
ATTTAGCTCATAACCTAACGGGAA.1|P4_LUAD	P4_LUAD
ATTTAGCTCATTGAGAAGTAGGCT.1|P4_LUAD	P4_LUAD
ATTTAGCTCCAATACTATGTTGAC.1|P4_LUAD	P4_LUAD
ATTTAGGAGAGGAGTAAACGGGAA.1|P4_LUAD	P4_LUAD
ATTTAGGAGCTAGCCTAGTAGGCT.1|P4_LUAD	P4_LUAD
ATTTAGGAGCTATATCAACGGGAA.1|P4_LUAD	P4_LUAD
ATTTCCTGTCAAACTCAGTAGGCT.1|P4_LUAD	P4_LUAD
ATTTCCTGTCGCAACCAGTAGGCT.1|P4_LUAD	P4_LUAD
ATTTCCTGTGAACGTAAACGGGAA.1|P4_LUAD	P4_LUAD
ATTTCCTGTTCGGTATAGTAGGCT.1|P4_LUAD	P4_LUAD
ATTTCGAGTACTTCCCACTTTAGG.1|P4_LUAD	P4_LUAD
ATTTCGAGTTAACGGAAACGGGAA.1|P4_LUAD	P4_LUAD
ATTTCGAGTTAGTGGAACTTTAGG.1|P4_LUAD	P4_LUAD
ATTTCGAGTTCACCTCACTTTAGG.1|P4_LUAD	P4_LUAD
ATTTCGAGTTCGAATCATGTTGAC.1|P4_LUAD	P4_LUAD
ATTTCGAGTTGCGGGAAACGGGAA.1|P4_LUAD	P4_LUAD
ATTTGCAGTGCTTCGAAGTAGGCT.1|P4_LUAD	P4_LUAD
ATTTGCAGTTGAGGACATGTTGAC.1|P4_LUAD	P4_LUAD
ATTTGCCCAATCCACTATGTTGAC.1|P4_LUAD	P4_LUAD
ATTTGGTTCAAGGGTTATGTTGAC.1|P4_LUAD	P4_LUAD
ATTTGGTTCGCCTGCAACTTTAGG.1|P4_LUAD	P4_LUAD
ATTTGGTTCGCTCAGTAACGGGAA.1|P4_LUAD	P4_LUAD
ATTTGTCAGATAATCGAACGGGAA.1|P4_LUAD	P4_LUAD
ATTTGTCAGCTAAGTAACTTTAGG.1|P4_LUAD	P4_LUAD
ATTTGTCAGCTCGATCAACGGGAA.1|P4_LUAD	P4_LUAD
ATTTGTCAGGTATGGTAACGGGAA.1|P4_LUAD	P4_LUAD
ATTTGTCAGGTCACTCAGTAGGCT.1|P4_LUAD	P4_LUAD
ATTTGTCAGGTTGCTCAACGGGAA.1|P4_LUAD	P4_LUAD
ATTTGTCAGTAAGCACAGTAGGCT.1|P4_LUAD	P4_LUAD
ATTTGTGGTATGTTGCACTTTAGG.1|P4_LUAD	P4_LUAD
ATTTGTGGTCCAATACACTTTAGG.1|P4_LUAD	P4_LUAD
ATTTGTGGTGCACTATATGTTGAC.1|P4_LUAD	P4_LUAD
CAAACAATCACCTTTCAACGGGAA.1|P4_LUAD	P4_LUAD
CAAACAATCACCTTTCACTTTAGG.1|P4_LUAD	P4_LUAD
CAAACAATCTCAGCTAAGTAGGCT.1|P4_LUAD	P4_LUAD
CAAACAATCTGGAAACACTTTAGG.1|P4_LUAD	P4_LUAD
CAAACTTTCAAACCAAACTTTAGG.1|P4_LUAD	P4_LUAD
CAAACTTTCGGCTAGAACTTTAGG.1|P4_LUAD	P4_LUAD
CAAACTTTCTAAGTCTAACGGGAA.1|P4_LUAD	P4_LUAD
CAAACTTTCTGGAAACACTTTAGG.1|P4_LUAD	P4_LUAD
CAAACTTTCTGTCAATAACGGGAA.1|P4_LUAD	P4_LUAD
CAAAGCTAGGCGCAACAGTAGGCT.1|P4_LUAD	P4_LUAD
CAAAGCTAGGTAGTTAACTTTAGG.1|P4_LUAD	P4_LUAD
CAAAGCTAGGTTAGTAAACGGGAA.1|P4_LUAD	P4_LUAD
CAAAGCTAGGTTGCAGAGTAGGCT.1|P4_LUAD	P4_LUAD
CAAAGCTAGTGATCAAACTTTAGG.1|P4_LUAD	P4_LUAD
CAAAGGGCAACGACTAACTTTAGG.1|P4_LUAD	P4_LUAD
CAAAGGGCACCACACCACTTTAGG.1|P4_LUAD	P4_LUAD
CAAAGGGCATGACATGATGTTGAC.1|P4_LUAD	P4_LUAD
CAAAGGGCATTTGGAGACTTTAGG.1|P4_LUAD	P4_LUAD
CAAAGTCAGACCATGGACTTTAGG.1|P4_LUAD	P4_LUAD
CAAAGTCAGCCACTCGAGTAGGCT.1|P4_LUAD	P4_LUAD
CAAAGTCAGTAAGTGCAACGGGAA.1|P4_LUAD	P4_LUAD
CAAATCAAGACCTTTGACTTTAGG.1|P4_LUAD	P4_LUAD
CAAATCAAGCTTAAAGAGTAGGCT.1|P4_LUAD	P4_LUAD
CAAATCAAGCTTTACGACTTTAGG.1|P4_LUAD	P4_LUAD
CAAATCAAGGCGAGTCAGTAGGCT.1|P4_LUAD	P4_LUAD
CAAATCAAGTCACACCACTTTAGG.1|P4_LUAD	P4_LUAD
CAAATCCGTCCCTCTGACTTTAGG.1|P4_LUAD	P4_LUAD
CAAATCCGTGCACAAAAACGGGAA.1|P4_LUAD	P4_LUAD
CAAATCCGTGCGGCTTAACGGGAA.1|P4_LUAD	P4_LUAD
CAAATCCGTGGAAGCTAACGGGAA.1|P4_LUAD	P4_LUAD
CAAATCCGTGGTGCAGACTTTAGG.1|P4_LUAD	P4_LUAD
CAAATCCGTTTAGTTGACTTTAGG.1|P4_LUAD	P4_LUAD
CAAATTGAGAGCAAGAAACGGGAA.1|P4_LUAD	P4_LUAD
CAAATTGAGATGAAGGACTTTAGG.1|P4_LUAD	P4_LUAD
CAAATTGAGCCTCTAAAGTAGGCT.1|P4_LUAD	P4_LUAD
CAAATTGAGCTAGATAACTTTAGG.1|P4_LUAD	P4_LUAD
CAAATTGAGGAAACTCAGTAGGCT.1|P4_LUAD	P4_LUAD
CAAATTGAGGCTCCATAGTAGGCT.1|P4_LUAD	P4_LUAD
CAACCAACAAACCGTAATGTTGAC.1|P4_LUAD	P4_LUAD
CAACCAACAGATTGCAACTTTAGG.1|P4_LUAD	P4_LUAD
CAACCGGCACTAAGCAAACGGGAA.1|P4_LUAD	P4_LUAD
CAACCGGCAGAGGCTTATGTTGAC.1|P4_LUAD	P4_LUAD
CAACCGGCAGATAACTAACGGGAA.1|P4_LUAD	P4_LUAD
CAACCGGCATGCAATGAGTAGGCT.1|P4_LUAD	P4_LUAD
CAACCGTTCAAGCCAGACTTTAGG.1|P4_LUAD	P4_LUAD
CAACCGTTCAAGGTGTAACGGGAA.1|P4_LUAD	P4_LUAD
CAACCGTTCCATCCAAAACGGGAA.1|P4_LUAD	P4_LUAD
CAACCTATCACAACAAAGTAGGCT.1|P4_LUAD	P4_LUAD
CAACCTATCACAATGAATGTTGAC.1|P4_LUAD	P4_LUAD
CAACCTATCATGATGAATGTTGAC.1|P4_LUAD	P4_LUAD
CAACCTATCCAAAGACAACGGGAA.1|P4_LUAD	P4_LUAD
CAACCTATCTCTCGCCACTTTAGG.1|P4_LUAD	P4_LUAD
CAACCTGGTAACGTTCACTTTAGG.1|P4_LUAD	P4_LUAD
CAACCTGGTCCTGACAAGTAGGCT.1|P4_LUAD	P4_LUAD
CAACCTTCAATGAAGAATGTTGAC.1|P4_LUAD	P4_LUAD
CAACCTTCACTCAATCACTTTAGG.1|P4_LUAD	P4_LUAD
CAACCTTCAGCCAGCAATGTTGAC.1|P4_LUAD	P4_LUAD
CAACCTTCAGTGAGGAACTTTAGG.1|P4_LUAD	P4_LUAD
CAACCTTCATTGCCTGAACGGGAA.1|P4_LUAD	P4_LUAD
CAACTAAAGAAACCCGACTTTAGG.1|P4_LUAD	P4_LUAD
CAACTAAAGTGCAACGAACGGGAA.1|P4_LUAD	P4_LUAD
CAACTAAAGTTTCCAGATGTTGAC.1|P4_LUAD	P4_LUAD
CAACTTAGTACAAACGAACGGGAA.1|P4_LUAD	P4_LUAD
CAACTTAGTCAGGATAACTTTAGG.1|P4_LUAD	P4_LUAD
CAACTTAGTGATTAGGAGTAGGCT.1|P4_LUAD	P4_LUAD
CAACTTAGTGCCCTTTATGTTGAC.1|P4_LUAD	P4_LUAD
CAACTTGTCATTATGCAGTAGGCT.1|P4_LUAD	P4_LUAD
CAACTTGTCCTAAGGGAGTAGGCT.1|P4_LUAD	P4_LUAD
CAACTTGTCTAATGGAATGTTGAC.1|P4_LUAD	P4_LUAD
CAAGACTAGAAGTACCAACGGGAA.1|P4_LUAD	P4_LUAD
CAAGACTAGATGCAACACTTTAGG.1|P4_LUAD	P4_LUAD
CAAGACTAGCTTACATAACGGGAA.1|P4_LUAD	P4_LUAD
CAAGACTAGTTGACGGAACGGGAA.1|P4_LUAD	P4_LUAD
CAAGACTAGTTGACGGACTTTAGG.1|P4_LUAD	P4_LUAD
CAAGACTAGTTGGATAACTTTAGG.1|P4_LUAD	P4_LUAD
CAAGATTCAACAAAGAACTTTAGG.1|P4_LUAD	P4_LUAD
CAAGATTCAATTAGACACTTTAGG.1|P4_LUAD	P4_LUAD
CAAGATTCACAGGCTGATGTTGAC.1|P4_LUAD	P4_LUAD
CAAGATTCATTGAACGAACGGGAA.1|P4_LUAD	P4_LUAD
CAAGCGATCAAACCAAAACGGGAA.1|P4_LUAD	P4_LUAD
CAAGCGATCCCGCTGAACTTTAGG.1|P4_LUAD	P4_LUAD
CAAGCGATCCTAATCGAACGGGAA.1|P4_LUAD	P4_LUAD
CAAGCGATCGGTTATTAACGGGAA.1|P4_LUAD	P4_LUAD
CAAGCGATCTCACCGGAACGGGAA.1|P4_LUAD	P4_LUAD
CAAGGCCAGCCATCACAGTAGGCT.1|P4_LUAD	P4_LUAD
CAAGGCCAGCTTATCGACTTTAGG.1|P4_LUAD	P4_LUAD
CAAGGCCAGGTCACTCATGTTGAC.1|P4_LUAD	P4_LUAD
CAAGGCCAGGTGAATCAGTAGGCT.1|P4_LUAD	P4_LUAD
CAAGGCCAGGTGGATTAGTAGGCT.1|P4_LUAD	P4_LUAD
CAAGGTTAGCAACTTTACTTTAGG.1|P4_LUAD	P4_LUAD
CAAGGTTAGGTAACTAACTTTAGG.1|P4_LUAD	P4_LUAD
CAAGTCCTCTAACCATATGTTGAC.1|P4_LUAD	P4_LUAD
CAAGTCCTCTCGCCTCAACGGGAA.1|P4_LUAD	P4_LUAD
CAAGTCGAGACTAATGATGTTGAC.1|P4_LUAD	P4_LUAD
CAAGTCGAGCATTACTAGTAGGCT.1|P4_LUAD	P4_LUAD
CAAGTCGAGCCGCTATAACGGGAA.1|P4_LUAD	P4_LUAD
CAAGTCGAGGTATAGCACTTTAGG.1|P4_LUAD	P4_LUAD
CAATAAGTCAAACTTCACTTTAGG.1|P4_LUAD	P4_LUAD
CAATAAGTCCCAGACTACTTTAGG.1|P4_LUAD	P4_LUAD
CAATAAGTCGCCTGCAACTTTAGG.1|P4_LUAD	P4_LUAD
CAATAAGTCGCGGATAATGTTGAC.1|P4_LUAD	P4_LUAD
CAATACTTCATGACCCATGTTGAC.1|P4_LUAD	P4_LUAD
CAATACTTCCAAACAAACTTTAGG.1|P4_LUAD	P4_LUAD
CAATACTTCTGGCTACAGTAGGCT.1|P4_LUAD	P4_LUAD
CAATAGCAGACTTAAGAACGGGAA.1|P4_LUAD	P4_LUAD
CAATAGCAGCGCTAGAAGTAGGCT.1|P4_LUAD	P4_LUAD
CAATAGCAGCGCTAGAATGTTGAC.1|P4_LUAD	P4_LUAD
CAATAGCAGCTATATCAGTAGGCT.1|P4_LUAD	P4_LUAD
CAATAGCAGGACAAAGACTTTAGG.1|P4_LUAD	P4_LUAD
CAATAGCAGGGTTGGCACTTTAGG.1|P4_LUAD	P4_LUAD
CAATAGCAGTCATAAGACTTTAGG.1|P4_LUAD	P4_LUAD
CAATAGTCAACTAAACACTTTAGG.1|P4_LUAD	P4_LUAD
CAATAGTCACACCCACACTTTAGG.1|P4_LUAD	P4_LUAD
CAATAGTCACTTTATGAGTAGGCT.1|P4_LUAD	P4_LUAD
CAATCCATCCATTAGTAACGGGAA.1|P4_LUAD	P4_LUAD
CAATCCATCCTAAAGAACTTTAGG.1|P4_LUAD	P4_LUAD
CAATCCATCGCCTGCAATGTTGAC.1|P4_LUAD	P4_LUAD
CAATCGCTCAGCGATGAACGGGAA.1|P4_LUAD	P4_LUAD
CAATCGCTCCTGGAAGAGTAGGCT.1|P4_LUAD	P4_LUAD
CAATCGCTCCTTTAGGACTTTAGG.1|P4_LUAD	P4_LUAD
CAATGCCTCAGGCTGAACTTTAGG.1|P4_LUAD	P4_LUAD
CAATGCCTCAGGTTGGACTTTAGG.1|P4_LUAD	P4_LUAD
CAATGCCTCAGTCTATATGTTGAC.1|P4_LUAD	P4_LUAD
CAATGCCTCCATAGGGAACGGGAA.1|P4_LUAD	P4_LUAD
CAATGCCTCGGGACTAAACGGGAA.1|P4_LUAD	P4_LUAD
CAATGCCTCTTGAGGGAGTAGGCT.1|P4_LUAD	P4_LUAD
CAATGGGTCACTATACAACGGGAA.1|P4_LUAD	P4_LUAD
CAATGGGTCCCTCATTAGTAGGCT.1|P4_LUAD	P4_LUAD
CAATGGGTCCGCTATAACTTTAGG.1|P4_LUAD	P4_LUAD
CAATGTTTCACTATACAGTAGGCT.1|P4_LUAD	P4_LUAD
CAATGTTTCAGGCCAAACTTTAGG.1|P4_LUAD	P4_LUAD
CAATGTTTCATGACAAAACGGGAA.1|P4_LUAD	P4_LUAD
CAATGTTTCATGACAAACTTTAGG.1|P4_LUAD	P4_LUAD
CAATGTTTCCGGCTCAACTTTAGG.1|P4_LUAD	P4_LUAD
CAATGTTTCCGTTAGCAACGGGAA.1|P4_LUAD	P4_LUAD
CAATGTTTCCTCAATGAGTAGGCT.1|P4_LUAD	P4_LUAD
CAATTGCGTGCGATAAACTTTAGG.1|P4_LUAD	P4_LUAD
CAATTGCGTGGGAACTAACGGGAA.1|P4_LUAD	P4_LUAD
CACAAAGGTCTAACCGAACGGGAA.1|P4_LUAD	P4_LUAD
CACAAAGGTGGGTGTGAACGGGAA.1|P4_LUAD	P4_LUAD
CACAAGCCAAGTCGCGACTTTAGG.1|P4_LUAD	P4_LUAD
CACAAGGTCAGGCCTTAGTAGGCT.1|P4_LUAD	P4_LUAD
CACAAGGTCAGGTAACAGTAGGCT.1|P4_LUAD	P4_LUAD
CACAAGGTCAGGTAACATGTTGAC.1|P4_LUAD	P4_LUAD
CACAAGGTCCCGTTCCAACGGGAA.1|P4_LUAD	P4_LUAD
CACAAGGTCCCTCTCAAGTAGGCT.1|P4_LUAD	P4_LUAD
CACAAGGTCCGCCACAATGTTGAC.1|P4_LUAD	P4_LUAD
CACAAGGTCGCCTCGAACTTTAGG.1|P4_LUAD	P4_LUAD
CACAAGGTCTCAAGAAACTTTAGG.1|P4_LUAD	P4_LUAD
CACAAGGTCTCTATGGACTTTAGG.1|P4_LUAD	P4_LUAD
CACAATAAGCGCGAACACTTTAGG.1|P4_LUAD	P4_LUAD
CACAGATAGGCTTAAAACTTTAGG.1|P4_LUAD	P4_LUAD
CACAGATAGGGTTGGCATGTTGAC.1|P4_LUAD	P4_LUAD
CACAGCAAGGTCAAACATGTTGAC.1|P4_LUAD	P4_LUAD
CACAGCAAGTCTGTGCATGTTGAC.1|P4_LUAD	P4_LUAD
CACATAAAGCAAATTGAGTAGGCT.1|P4_LUAD	P4_LUAD
CACATAAAGGATGGTTACTTTAGG.1|P4_LUAD	P4_LUAD
CACATAAAGTCCTCAAACTTTAGG.1|P4_LUAD	P4_LUAD
CACATAAAGTGTCCACAACGGGAA.1|P4_LUAD	P4_LUAD
CACCAACTCAGCTACCATGTTGAC.1|P4_LUAD	P4_LUAD
CACCAACTCCTCCCACAACGGGAA.1|P4_LUAD	P4_LUAD
CACCAACTCCTGCAACAGTAGGCT.1|P4_LUAD	P4_LUAD
CACCAACTCCTGTTCTACTTTAGG.1|P4_LUAD	P4_LUAD
CACCAACTCCTTGAGCATGTTGAC.1|P4_LUAD	P4_LUAD
CACCAACTCGCGTTACACTTTAGG.1|P4_LUAD	P4_LUAD
CACCAACTCTATCGGCAGTAGGCT.1|P4_LUAD	P4_LUAD
CACCAACTCTATCGGCATGTTGAC.1|P4_LUAD	P4_LUAD
CACCCATAGGAACCTGAGTAGGCT.1|P4_LUAD	P4_LUAD
CACCCATAGGAACCTGATGTTGAC.1|P4_LUAD	P4_LUAD
CACCCATAGTCCTCAAACTTTAGG.1|P4_LUAD	P4_LUAD
CACCTGGTCACAAACAACTTTAGG.1|P4_LUAD	P4_LUAD
CACCTGGTCACTATGTAGTAGGCT.1|P4_LUAD	P4_LUAD
CACCTGGTCCTTTCTAAACGGGAA.1|P4_LUAD	P4_LUAD
CACCTGGTCTATCTGGATGTTGAC.1|P4_LUAD	P4_LUAD
CACCTGGTCTTCGCTTAACGGGAA.1|P4_LUAD	P4_LUAD
CACGAACCAATTAGACAACGGGAA.1|P4_LUAD	P4_LUAD
CACGAACCAGAGAGCAATGTTGAC.1|P4_LUAD	P4_LUAD
CACGCATTCCCTCGTCACTTTAGG.1|P4_LUAD	P4_LUAD
CACGCATTCGTAACCCAACGGGAA.1|P4_LUAD	P4_LUAD
CACGCATTCTGGCCATACTTTAGG.1|P4_LUAD	P4_LUAD
CACGTTATCAGTCTATATGTTGAC.1|P4_LUAD	P4_LUAD
CACGTTATCATGCCTAATGTTGAC.1|P4_LUAD	P4_LUAD
CACGTTATCCAAATTCAACGGGAA.1|P4_LUAD	P4_LUAD
CACGTTATCCATCCTTAACGGGAA.1|P4_LUAD	P4_LUAD
CACTAACGTACCGCACATGTTGAC.1|P4_LUAD	P4_LUAD
CACTAACGTATGGTAGATGTTGAC.1|P4_LUAD	P4_LUAD
CACTAACGTGCGGAATAACGGGAA.1|P4_LUAD	P4_LUAD
CACTAACGTGCTTCTCAGTAGGCT.1|P4_LUAD	P4_LUAD
CACTAACGTTGGGCGAAACGGGAA.1|P4_LUAD	P4_LUAD
CACTAGCTCACCATATACTTTAGG.1|P4_LUAD	P4_LUAD
CACTAGCTCCTAAGTTACTTTAGG.1|P4_LUAD	P4_LUAD
CACTAGCTCCTCAAGCACTTTAGG.1|P4_LUAD	P4_LUAD
CACTAGCTCGGGATGCAGTAGGCT.1|P4_LUAD	P4_LUAD
CACTATGTCCGGATAGATGTTGAC.1|P4_LUAD	P4_LUAD
CACTATGTCGAAACTAAACGGGAA.1|P4_LUAD	P4_LUAD
CACTATGTCGACCCATACTTTAGG.1|P4_LUAD	P4_LUAD
CACTATGTCGGTAACGATGTTGAC.1|P4_LUAD	P4_LUAD
CACTATGTCGTGATGGATGTTGAC.1|P4_LUAD	P4_LUAD
CACTCCCTCAATCCTGACTTTAGG.1|P4_LUAD	P4_LUAD
CACTGTCAGAGGCGGAAACGGGAA.1|P4_LUAD	P4_LUAD
CACTGTCAGCAAGACTAGTAGGCT.1|P4_LUAD	P4_LUAD
CACTGTCAGCATCCCGACTTTAGG.1|P4_LUAD	P4_LUAD
CACTGTCAGTCCTGACACTTTAGG.1|P4_LUAD	P4_LUAD
CACTGTCAGTTGGCCTACTTTAGG.1|P4_LUAD	P4_LUAD
CACTTGATCGCGAGTAAACGGGAA.1|P4_LUAD	P4_LUAD
CACTTGATCTGTGACCATGTTGAC.1|P4_LUAD	P4_LUAD
CACTTGATCTTCGCTTAGTAGGCT.1|P4_LUAD	P4_LUAD
CACTTTACAACAAGTTAGTAGGCT.1|P4_LUAD	P4_LUAD
CACTTTACAACTAGTGAACGGGAA.1|P4_LUAD	P4_LUAD
CACTTTACACACTGGGAGTAGGCT.1|P4_LUAD	P4_LUAD
CAGAATGGTAATCCTAAGTAGGCT.1|P4_LUAD	P4_LUAD
CAGAATGGTACTAACCATGTTGAC.1|P4_LUAD	P4_LUAD
CAGAATGGTAGTAACGAACGGGAA.1|P4_LUAD	P4_LUAD
CAGAATGGTATCCGCAATGTTGAC.1|P4_LUAD	P4_LUAD
CAGAATGGTCTGTCAGAACGGGAA.1|P4_LUAD	P4_LUAD
CAGAATGGTGAACCAAATGTTGAC.1|P4_LUAD	P4_LUAD
CAGACCAAGTTTGGTTAACGGGAA.1|P4_LUAD	P4_LUAD
CAGAGAGCAAGCCAGTACTTTAGG.1|P4_LUAD	P4_LUAD
CAGAGAGCAAGCCTCCACTTTAGG.1|P4_LUAD	P4_LUAD
CAGAGAGCAATCAAACAACGGGAA.1|P4_LUAD	P4_LUAD
CAGAGAGCACCTACTGAACGGGAA.1|P4_LUAD	P4_LUAD
CAGAGAGCAGCCTATTACTTTAGG.1|P4_LUAD	P4_LUAD
CAGAGAGCATTTGGGAACTTTAGG.1|P4_LUAD	P4_LUAD
CAGATAATCACAGGGCAGTAGGCT.1|P4_LUAD	P4_LUAD
CAGATAATCCAATGAAAACGGGAA.1|P4_LUAD	P4_LUAD
CAGATAATCGAACCGAAACGGGAA.1|P4_LUAD	P4_LUAD
CAGATAATCGACTTTGACTTTAGG.1|P4_LUAD	P4_LUAD
CAGATTCGTAGGAGGAACTTTAGG.1|P4_LUAD	P4_LUAD
CAGATTCGTAGTAGCAATGTTGAC.1|P4_LUAD	P4_LUAD
CAGATTCGTCCGGTACAGTAGGCT.1|P4_LUAD	P4_LUAD
CAGATTCGTGCACAAAACTTTAGG.1|P4_LUAD	P4_LUAD
CAGATTCGTTAATGCCACTTTAGG.1|P4_LUAD	P4_LUAD
CAGATTCGTTCATTGAATGTTGAC.1|P4_LUAD	P4_LUAD
CAGATTCGTTGCGCTAAGTAGGCT.1|P4_LUAD	P4_LUAD
CAGCAATAGCACTAGGACTTTAGG.1|P4_LUAD	P4_LUAD
CAGCAATAGCATCCCGAACGGGAA.1|P4_LUAD	P4_LUAD
CAGCAATAGGGATTTAATGTTGAC.1|P4_LUAD	P4_LUAD
CAGCAATAGGTCTTGCAACGGGAA.1|P4_LUAD	P4_LUAD
CAGCAATAGTCACTATAACGGGAA.1|P4_LUAD	P4_LUAD
CAGCAATAGTCTGTGCATGTTGAC.1|P4_LUAD	P4_LUAD
CAGCAATAGTGCTGAGAGTAGGCT.1|P4_LUAD	P4_LUAD
CAGCCAGCAATGGCCGAGTAGGCT.1|P4_LUAD	P4_LUAD
CAGCCAGCAGAATGAAAGTAGGCT.1|P4_LUAD	P4_LUAD
CAGCCAGCATTTGGCTAACGGGAA.1|P4_LUAD	P4_LUAD
CAGCGAATCAGGCCTTAACGGGAA.1|P4_LUAD	P4_LUAD
CAGCGAATCCCTGGTGAGTAGGCT.1|P4_LUAD	P4_LUAD
CAGCGAATCCTGGAAGATGTTGAC.1|P4_LUAD	P4_LUAD
CAGCGAATCGAAACTAATGTTGAC.1|P4_LUAD	P4_LUAD
CAGCGAATCTAACTACAACGGGAA.1|P4_LUAD	P4_LUAD
CAGCTAGAGTCTTGCAATGTTGAC.1|P4_LUAD	P4_LUAD
CAGCTAGAGTTAGGCGAGTAGGCT.1|P4_LUAD	P4_LUAD
CAGCTGGCAAGCTTTCACTTTAGG.1|P4_LUAD	P4_LUAD
CAGCTGGCAATCCACTAGTAGGCT.1|P4_LUAD	P4_LUAD
CAGCTGGCAGTTATCCACTTTAGG.1|P4_LUAD	P4_LUAD
CAGGAAGCAGCAAGCTAACGGGAA.1|P4_LUAD	P4_LUAD
CAGGATAGTTAGTAGGATGTTGAC.1|P4_LUAD	P4_LUAD
CAGGATCCAATCAAACATGTTGAC.1|P4_LUAD	P4_LUAD
CAGGATCCAATTAGACACTTTAGG.1|P4_LUAD	P4_LUAD
CAGGATTAGCGAGTTGACTTTAGG.1|P4_LUAD	P4_LUAD
CAGGATTAGGTGGATTAACGGGAA.1|P4_LUAD	P4_LUAD
CAGGATTAGGTTATGAACTTTAGG.1|P4_LUAD	P4_LUAD
CAGGATTAGTAGCCTCAGTAGGCT.1|P4_LUAD	P4_LUAD
CAGGCGAGTAACCTTAAACGGGAA.1|P4_LUAD	P4_LUAD
CAGGCGAGTCGCAACCAACGGGAA.1|P4_LUAD	P4_LUAD
CAGGCGAGTGCGGCTTAGTAGGCT.1|P4_LUAD	P4_LUAD
CAGGCGAGTGGTTACTAACGGGAA.1|P4_LUAD	P4_LUAD
CAGGCGAGTTAATCCAACTTTAGG.1|P4_LUAD	P4_LUAD
CAGGCGAGTTGCGCTAAACGGGAA.1|P4_LUAD	P4_LUAD
CAGGCGAGTTGCTCCTAACGGGAA.1|P4_LUAD	P4_LUAD
CAGGCTAAGGTCAAACAACGGGAA.1|P4_LUAD	P4_LUAD
CAGGCTAAGTAAGTGCATGTTGAC.1|P4_LUAD	P4_LUAD
CAGGCTAAGTCATCATAACGGGAA.1|P4_LUAD	P4_LUAD
CAGGGCAGTATTGACCACTTTAGG.1|P4_LUAD	P4_LUAD
CAGGGCAGTCCTCATCACTTTAGG.1|P4_LUAD	P4_LUAD
CAGGGCAGTTAGTTTGATGTTGAC.1|P4_LUAD	P4_LUAD
CAGGGCAGTTCGAATCACTTTAGG.1|P4_LUAD	P4_LUAD
CAGGGCAGTTGAGCTTAACGGGAA.1|P4_LUAD	P4_LUAD
CAGGTAAGTACTAACCAGTAGGCT.1|P4_LUAD	P4_LUAD
CAGGTAAGTCCTGCAAACTTTAGG.1|P4_LUAD	P4_LUAD
CAGGTAAGTCGTAAAGAACGGGAA.1|P4_LUAD	P4_LUAD
CAGGTATAGATAATCGAGTAGGCT.1|P4_LUAD	P4_LUAD
CAGGTATAGATAATCGATGTTGAC.1|P4_LUAD	P4_LUAD
CAGGTATAGCCATCACAGTAGGCT.1|P4_LUAD	P4_LUAD
CAGGTATAGGCTTTATACTTTAGG.1|P4_LUAD	P4_LUAD
CAGGTATAGGGAGGCAACTTTAGG.1|P4_LUAD	P4_LUAD
CAGGTATAGGGTTATAACTTTAGG.1|P4_LUAD	P4_LUAD
CAGGTATAGTCGCGAAATGTTGAC.1|P4_LUAD	P4_LUAD
CAGGTATAGTTGGATAACTTTAGG.1|P4_LUAD	P4_LUAD
CAGGTCAAGACAACTAAACGGGAA.1|P4_LUAD	P4_LUAD
CAGGTCAAGCATCCCGAACGGGAA.1|P4_LUAD	P4_LUAD
CAGGTCAAGCATCCCGACTTTAGG.1|P4_LUAD	P4_LUAD
CAGGTCAAGGACTTGGAGTAGGCT.1|P4_LUAD	P4_LUAD
CAGGTTACAACCGGATAGTAGGCT.1|P4_LUAD	P4_LUAD
CAGGTTACAGTGAGGAACTTTAGG.1|P4_LUAD	P4_LUAD
CAGGTTACATCACTCGAACGGGAA.1|P4_LUAD	P4_LUAD
CAGGTTCTCAATGGGTAACGGGAA.1|P4_LUAD	P4_LUAD
CAGGTTCTCACATTCGATGTTGAC.1|P4_LUAD	P4_LUAD
CAGGTTCTCATGCGGAACTTTAGG.1|P4_LUAD	P4_LUAD
CAGGTTCTCCTCAATGACTTTAGG.1|P4_LUAD	P4_LUAD
CAGGTTCTCGGTAAGTAACGGGAA.1|P4_LUAD	P4_LUAD
CAGGTTCTCTGTGATTACTTTAGG.1|P4_LUAD	P4_LUAD
CAGGTTGAGATGCAACAACGGGAA.1|P4_LUAD	P4_LUAD
CAGGTTGAGCGCCTTGACTTTAGG.1|P4_LUAD	P4_LUAD
CAGGTTTGTAAGGCTAAACGGGAA.1|P4_LUAD	P4_LUAD
CAGGTTTGTAAGGTTGATGTTGAC.1|P4_LUAD	P4_LUAD
CAGGTTTGTATTCGACAGTAGGCT.1|P4_LUAD	P4_LUAD
CAGGTTTGTGCAATAGAGTAGGCT.1|P4_LUAD	P4_LUAD
CAGTATTTCACAAATGAGTAGGCT.1|P4_LUAD	P4_LUAD
CAGTATTTCAGGAGCCACTTTAGG.1|P4_LUAD	P4_LUAD
CAGTGAAGTAAAGGCCACTTTAGG.1|P4_LUAD	P4_LUAD
CAGTGAAGTTGCGAAAAACGGGAA.1|P4_LUAD	P4_LUAD
CAGTGAGTCACCAGGAACTTTAGG.1|P4_LUAD	P4_LUAD
CAGTGAGTCCGGACAAAGTAGGCT.1|P4_LUAD	P4_LUAD
CAGTGAGTCGGTTCACACTTTAGG.1|P4_LUAD	P4_LUAD
CAGTGTGAGCGAAGAAAGTAGGCT.1|P4_LUAD	P4_LUAD
CAGTGTGAGTCAATAGAACGGGAA.1|P4_LUAD	P4_LUAD
CAGTGTGAGTCCTCAAACTTTAGG.1|P4_LUAD	P4_LUAD
CAGTTAAAGAAACTCAACTTTAGG.1|P4_LUAD	P4_LUAD
CAGTTAAAGCAGCCAAAACGGGAA.1|P4_LUAD	P4_LUAD
CAGTTAAAGCCATAAAAGTAGGCT.1|P4_LUAD	P4_LUAD
CAGTTAAAGGTGAGGGACTTTAGG.1|P4_LUAD	P4_LUAD
CATAAACCAAAGTGCCACTTTAGG.1|P4_LUAD	P4_LUAD
CATAAACCAGCTCGCTACTTTAGG.1|P4_LUAD	P4_LUAD
CATAAACCATTGTGAGATGTTGAC.1|P4_LUAD	P4_LUAD
CATAATCTCAAACTTCACTTTAGG.1|P4_LUAD	P4_LUAD
CATAATCTCAATGTGAACTTTAGG.1|P4_LUAD	P4_LUAD
CATAATCTCATTGCATATGTTGAC.1|P4_LUAD	P4_LUAD
CATAATCTCCATAGGGAACGGGAA.1|P4_LUAD	P4_LUAD
CATAATCTCGCAGCAAATGTTGAC.1|P4_LUAD	P4_LUAD
CATAATGAGCTACGTCACTTTAGG.1|P4_LUAD	P4_LUAD
CATAATGAGGTTAGCGAGTAGGCT.1|P4_LUAD	P4_LUAD
CATACCGGTAGCCACCAACGGGAA.1|P4_LUAD	P4_LUAD
CATACCGGTCGCAATTAACGGGAA.1|P4_LUAD	P4_LUAD
CATACCGGTCGTTCGAACTTTAGG.1|P4_LUAD	P4_LUAD
CATACCGGTCTAACCGATGTTGAC.1|P4_LUAD	P4_LUAD
CATACCGGTTACCGTGACTTTAGG.1|P4_LUAD	P4_LUAD
CATACCGGTTTCCTCAAACGGGAA.1|P4_LUAD	P4_LUAD
CATACTTAGCATTTCGAACGGGAA.1|P4_LUAD	P4_LUAD
CATACTTAGCGAAGAAAACGGGAA.1|P4_LUAD	P4_LUAD
CATACTTAGCTTATCGACTTTAGG.1|P4_LUAD	P4_LUAD
CATACTTAGCTTGAAAAACGGGAA.1|P4_LUAD	P4_LUAD
CATAGAGGTATATTCGAACGGGAA.1|P4_LUAD	P4_LUAD
CATAGAGGTCCACAATAACGGGAA.1|P4_LUAD	P4_LUAD
CATAGAGGTCCTGAGCAGTAGGCT.1|P4_LUAD	P4_LUAD
CATAGCCTCAATGTTCATGTTGAC.1|P4_LUAD	P4_LUAD
CATAGCCTCACAAACAAACGGGAA.1|P4_LUAD	P4_LUAD
CATAGCCTCGAAGCATATGTTGAC.1|P4_LUAD	P4_LUAD
CATAGCCTCGAAGGCCAGTAGGCT.1|P4_LUAD	P4_LUAD
CATAGCCTCGTGATGGATGTTGAC.1|P4_LUAD	P4_LUAD
CATAGCGAGACAGACTAACGGGAA.1|P4_LUAD	P4_LUAD
CATAGCGAGACTTAAGACTTTAGG.1|P4_LUAD	P4_LUAD
CATAGCGAGTAACGGTATGTTGAC.1|P4_LUAD	P4_LUAD
CATAGCGAGTGAGTTAAGTAGGCT.1|P4_LUAD	P4_LUAD
CATAGCGAGTTTGGTTACTTTAGG.1|P4_LUAD	P4_LUAD
CATAGCTGTAACCCATAACGGGAA.1|P4_LUAD	P4_LUAD
CATAGCTGTCAATCGTACTTTAGG.1|P4_LUAD	P4_LUAD
CATAGCTGTGCGGCAAAACGGGAA.1|P4_LUAD	P4_LUAD
CATAGCTGTTCTTGAAAACGGGAA.1|P4_LUAD	P4_LUAD
CATAGGCCAATGGATTACTTTAGG.1|P4_LUAD	P4_LUAD
CATAGGCCAGTGAGGAACTTTAGG.1|P4_LUAD	P4_LUAD
CATAGGCCATACTGAGACTTTAGG.1|P4_LUAD	P4_LUAD
CATAGGGTCATCCAGCAGTAGGCT.1|P4_LUAD	P4_LUAD
CATAGGGTCCGAAAGTATGTTGAC.1|P4_LUAD	P4_LUAD
CATAGGGTCTGTCAGCATGTTGAC.1|P4_LUAD	P4_LUAD
CATAGGTAGCAGGCTAACTTTAGG.1|P4_LUAD	P4_LUAD
CATAGGTAGGTGCACAACTTTAGG.1|P4_LUAD	P4_LUAD
CATAGGTAGTCAATGAACTTTAGG.1|P4_LUAD	P4_LUAD
CATATTCAGCAATCCCAGTAGGCT.1|P4_LUAD	P4_LUAD
CATATTCAGGCGAGAGACTTTAGG.1|P4_LUAD	P4_LUAD
CATATTCAGGTGAGGGAGTAGGCT.1|P4_LUAD	P4_LUAD
CATATTCAGTTACTCGAACGGGAA.1|P4_LUAD	P4_LUAD
CATATTCAGTTACTCGACTTTAGG.1|P4_LUAD	P4_LUAD
CATATTGGTATTTGTGATGTTGAC.1|P4_LUAD	P4_LUAD
CATATTGGTCCAATACAACGGGAA.1|P4_LUAD	P4_LUAD
CATATTGGTGCTGATTATGTTGAC.1|P4_LUAD	P4_LUAD
CATATTGGTTTCCTGCACTTTAGG.1|P4_LUAD	P4_LUAD
CATCAAGCAAGTGGCTATGTTGAC.1|P4_LUAD	P4_LUAD
CATCAAGCACCGTTTGAACGGGAA.1|P4_LUAD	P4_LUAD
CATCAAGCACGCAATAACTTTAGG.1|P4_LUAD	P4_LUAD
CATCAATTCAGTCTATAGTAGGCT.1|P4_LUAD	P4_LUAD
CATCAATTCATGTCATAGTAGGCT.1|P4_LUAD	P4_LUAD
CATCAATTCCATTAGTATGTTGAC.1|P4_LUAD	P4_LUAD
CATCAATTCGCGAGTAAACGGGAA.1|P4_LUAD	P4_LUAD
CATCAATTCTTCGCCCACTTTAGG.1|P4_LUAD	P4_LUAD
CATCATGTCACCTGTAACTTTAGG.1|P4_LUAD	P4_LUAD
CATCATGTCAGGTTAAACTTTAGG.1|P4_LUAD	P4_LUAD
CATCATGTCAGTAAGCACTTTAGG.1|P4_LUAD	P4_LUAD
CATCATGTCTTGAAGAAACGGGAA.1|P4_LUAD	P4_LUAD
CATCCTGCAATCCACTAACGGGAA.1|P4_LUAD	P4_LUAD
CATCCTGCATCCCTCTATGTTGAC.1|P4_LUAD	P4_LUAD
CATCCTGCATTCGGTTATGTTGAC.1|P4_LUAD	P4_LUAD
CATCCTTTCAATTGGAATGTTGAC.1|P4_LUAD	P4_LUAD
CATCCTTTCCTAAGTTATGTTGAC.1|P4_LUAD	P4_LUAD
CATCCTTTCCTGAGGAAGTAGGCT.1|P4_LUAD	P4_LUAD
CATCCTTTCCTTAGATAACGGGAA.1|P4_LUAD	P4_LUAD
CATCCTTTCTCACCGGATGTTGAC.1|P4_LUAD	P4_LUAD
CATCGGTTCCATAGGGACTTTAGG.1|P4_LUAD	P4_LUAD
CATCGGTTCGGTCAAGATGTTGAC.1|P4_LUAD	P4_LUAD
CATCGGTTCTCACCTTACTTTAGG.1|P4_LUAD	P4_LUAD
CATCTTGAGCGAGGGAATGTTGAC.1|P4_LUAD	P4_LUAD
CATCTTGAGCGTGCTTATGTTGAC.1|P4_LUAD	P4_LUAD
CATCTTGAGGCTGTGAACTTTAGG.1|P4_LUAD	P4_LUAD
CATCTTGAGGGCGGTTAACGGGAA.1|P4_LUAD	P4_LUAD
CATGAAGGTAATGGATAGTAGGCT.1|P4_LUAD	P4_LUAD
CATGAAGGTAGCGGATATGTTGAC.1|P4_LUAD	P4_LUAD
CATGAAGGTATTGACCATGTTGAC.1|P4_LUAD	P4_LUAD
CATGAAGGTCGAAGTAACTTTAGG.1|P4_LUAD	P4_LUAD
CATGAAGGTGTAATGGATGTTGAC.1|P4_LUAD	P4_LUAD
CATGAAGGTGTGTCGCAACGGGAA.1|P4_LUAD	P4_LUAD
CATGAAGGTTAGTGAGAACGGGAA.1|P4_LUAD	P4_LUAD
CATGAAGGTTGTTCCCAACGGGAA.1|P4_LUAD	P4_LUAD
CATGAGGTCATAATCCACTTTAGG.1|P4_LUAD	P4_LUAD
CATGAGGTCATTTGCGATGTTGAC.1|P4_LUAD	P4_LUAD
CATGAGGTCCTGGTTAAACGGGAA.1|P4_LUAD	P4_LUAD
CATGAGGTCTGGCCATAACGGGAA.1|P4_LUAD	P4_LUAD
CATGAGGTCTTACTCCACTTTAGG.1|P4_LUAD	P4_LUAD
CATGCCAGTAACCGCCAACGGGAA.1|P4_LUAD	P4_LUAD
CATGCCAGTCAAAGGCACTTTAGG.1|P4_LUAD	P4_LUAD
CATGCCAGTTTGTAGCAGTAGGCT.1|P4_LUAD	P4_LUAD
CATGCTCAGAGCAAGAAGTAGGCT.1|P4_LUAD	P4_LUAD
CATGCTCAGCGAGTTGATGTTGAC.1|P4_LUAD	P4_LUAD
CATGCTCAGCGATAACATGTTGAC.1|P4_LUAD	P4_LUAD
CATGCTCAGCTTACCAAGTAGGCT.1|P4_LUAD	P4_LUAD
CATGCTCAGGATTAGCACTTTAGG.1|P4_LUAD	P4_LUAD
CATGCTGGTAATAGGTACTTTAGG.1|P4_LUAD	P4_LUAD
CATGCTGGTCGTTGCAATGTTGAC.1|P4_LUAD	P4_LUAD
CATGCTGGTCTACCTCATGTTGAC.1|P4_LUAD	P4_LUAD
CATGCTGGTTTGCAACAACGGGAA.1|P4_LUAD	P4_LUAD
CATGCTTCAAATCACGAACGGGAA.1|P4_LUAD	P4_LUAD
CATGCTTCAATCAAACACTTTAGG.1|P4_LUAD	P4_LUAD
CATGCTTCACATTGAGACTTTAGG.1|P4_LUAD	P4_LUAD
CATGCTTCACCTAAGAACTTTAGG.1|P4_LUAD	P4_LUAD
CATGCTTCAGCAAGCTATGTTGAC.1|P4_LUAD	P4_LUAD
CATGCTTCATTGAGATATGTTGAC.1|P4_LUAD	P4_LUAD
CATGCTTCATTTGGAGAGTAGGCT.1|P4_LUAD	P4_LUAD
CATGGTTGTGTCCAGCAACGGGAA.1|P4_LUAD	P4_LUAD
CATGGTTGTTCCGTGAAGTAGGCT.1|P4_LUAD	P4_LUAD
CATGGTTGTTTGTCAAAGTAGGCT.1|P4_LUAD	P4_LUAD
CATGTTGTCACCATATATGTTGAC.1|P4_LUAD	P4_LUAD
CATGTTGTCAGGCTGAATGTTGAC.1|P4_LUAD	P4_LUAD
CATGTTGTCCATCCGGATGTTGAC.1|P4_LUAD	P4_LUAD
CATGTTGTCGAGGCACATGTTGAC.1|P4_LUAD	P4_LUAD
CATGTTGTCGCATTTGAACGGGAA.1|P4_LUAD	P4_LUAD
CATGTTGTCGGGATGCAACGGGAA.1|P4_LUAD	P4_LUAD
CATGTTGTCTGGCCATATGTTGAC.1|P4_LUAD	P4_LUAD
CATTACGTCATTACCGAACGGGAA.1|P4_LUAD	P4_LUAD
CATTACGTCCAAATAGATGTTGAC.1|P4_LUAD	P4_LUAD
CATTACGTCCAGAAACATGTTGAC.1|P4_LUAD	P4_LUAD
CATTACGTCCCGCTGAACTTTAGG.1|P4_LUAD	P4_LUAD
CATTACGTCGCGGAACAACGGGAA.1|P4_LUAD	P4_LUAD
CATTAGCGTTAATTCGAACGGGAA.1|P4_LUAD	P4_LUAD
CATTAGGCACCTATCGACTTTAGG.1|P4_LUAD	P4_LUAD
CATTAGGCATCAGGTAATGTTGAC.1|P4_LUAD	P4_LUAD
CATTATGGTAACGTGAACTTTAGG.1|P4_LUAD	P4_LUAD
CATTATGGTCATTATGATGTTGAC.1|P4_LUAD	P4_LUAD
CATTATGGTGCGCAAGAACGGGAA.1|P4_LUAD	P4_LUAD
CATTCCTTCTATTGCGAACGGGAA.1|P4_LUAD	P4_LUAD
CATTCGCAGGATGTTAACTTTAGG.1|P4_LUAD	P4_LUAD
CATTGAAAGGAGTCATACTTTAGG.1|P4_LUAD	P4_LUAD
CATTGAAAGTTGGATAAGTAGGCT.1|P4_LUAD	P4_LUAD
CATTGACGTAATGCCTATGTTGAC.1|P4_LUAD	P4_LUAD
CATTGACGTCACTATAAACGGGAA.1|P4_LUAD	P4_LUAD
CATTGACGTTGTTGGTATGTTGAC.1|P4_LUAD	P4_LUAD
CATTGCGGTAAGGCCGATGTTGAC.1|P4_LUAD	P4_LUAD
CATTGCGGTACTTCCCACTTTAGG.1|P4_LUAD	P4_LUAD
CATTGCGGTTTAACCAAACGGGAA.1|P4_LUAD	P4_LUAD
CATTGTCCAAGATAAGACTTTAGG.1|P4_LUAD	P4_LUAD
CATTGTCCAGAATGAAACTTTAGG.1|P4_LUAD	P4_LUAD
CATTGTCCAGCCATAAACTTTAGG.1|P4_LUAD	P4_LUAD
CATTGTCCAGCTAGACAACGGGAA.1|P4_LUAD	P4_LUAD
CATTGTGTCCGTCAACAGTAGGCT.1|P4_LUAD	P4_LUAD
CATTTAGGTAGTAACGAGTAGGCT.1|P4_LUAD	P4_LUAD
CATTTAGGTCAACATCAGTAGGCT.1|P4_LUAD	P4_LUAD
CATTTAGGTGGTTAAGACTTTAGG.1|P4_LUAD	P4_LUAD
CATTTAGGTTCATTGAATGTTGAC.1|P4_LUAD	P4_LUAD
CATTTAGGTTGACCCAAACGGGAA.1|P4_LUAD	P4_LUAD
CATTTAGGTTGTTTAGACTTTAGG.1|P4_LUAD	P4_LUAD
CATTTCGAGCCCTTGGAGTAGGCT.1|P4_LUAD	P4_LUAD
CATTTCGAGGTAATTGAGTAGGCT.1|P4_LUAD	P4_LUAD
CATTTCGAGGTTCATTATGTTGAC.1|P4_LUAD	P4_LUAD
CATTTCTGTACGTTACAACGGGAA.1|P4_LUAD	P4_LUAD
CATTTCTGTAGCCATTAGTAGGCT.1|P4_LUAD	P4_LUAD
CATTTCTGTATTACCAATGTTGAC.1|P4_LUAD	P4_LUAD
CATTTCTGTCACAGGGAACGGGAA.1|P4_LUAD	P4_LUAD
CATTTCTGTTAATTCGATGTTGAC.1|P4_LUAD	P4_LUAD
CATTTCTGTTAGTGAGATGTTGAC.1|P4_LUAD	P4_LUAD
CATTTCTGTTGCACGCACTTTAGG.1|P4_LUAD	P4_LUAD
CATTTGGTCACAAACAACTTTAGG.1|P4_LUAD	P4_LUAD
CATTTGGTCACTAATCATGTTGAC.1|P4_LUAD	P4_LUAD
CATTTGGTCAGTCTATACTTTAGG.1|P4_LUAD	P4_LUAD
CATTTGGTCCAACATTAACGGGAA.1|P4_LUAD	P4_LUAD
CATTTGGTCGTAACCCAACGGGAA.1|P4_LUAD	P4_LUAD
CATTTGGTCTAATTGCAACGGGAA.1|P4_LUAD	P4_LUAD
CATTTGGTCTGGCTACACTTTAGG.1|P4_LUAD	P4_LUAD
CCAAACCTCATTGAAGATGTTGAC.1|P4_LUAD	P4_LUAD
CCAAACCTCTTCAAGTAACGGGAA.1|P4_LUAD	P4_LUAD
CCAAACTGTTAGCGGGAACGGGAA.1|P4_LUAD	P4_LUAD
CCAAAGCCAAACGGGAAGTAGGCT.1|P4_LUAD	P4_LUAD
CCAAAGCCAAATAGGAAACGGGAA.1|P4_LUAD	P4_LUAD
CCAAAGCCAGGCGAAAATGTTGAC.1|P4_LUAD	P4_LUAD
CCAAAGCCATCAGGTAAGTAGGCT.1|P4_LUAD	P4_LUAD
CCAACCGTCAATTGGAATGTTGAC.1|P4_LUAD	P4_LUAD
CCAACCGTCATTAGCTATGTTGAC.1|P4_LUAD	P4_LUAD
CCAACCGTCCTTTGGAAACGGGAA.1|P4_LUAD	P4_LUAD
CCAACCGTCGCAGGACAACGGGAA.1|P4_LUAD	P4_LUAD
CCAACCGTCGCATTTGATGTTGAC.1|P4_LUAD	P4_LUAD
CCAACTGGTAACTTGCAACGGGAA.1|P4_LUAD	P4_LUAD
CCAACTGGTAAGGCCGACTTTAGG.1|P4_LUAD	P4_LUAD
CCAACTGGTAATGCGAAACGGGAA.1|P4_LUAD	P4_LUAD
CCAACTGGTATTGACCAGTAGGCT.1|P4_LUAD	P4_LUAD
CCAACTGGTCTACCTCAGTAGGCT.1|P4_LUAD	P4_LUAD
CCAACTGGTTTGTTGAACTTTAGG.1|P4_LUAD	P4_LUAD
CCAAGACCAAACCCAAATGTTGAC.1|P4_LUAD	P4_LUAD
CCAAGACCAAGTGGCTAACGGGAA.1|P4_LUAD	P4_LUAD
CCAAGACCATTAGCGAAACGGGAA.1|P4_LUAD	P4_LUAD
CCAAGACCATTGACTCAACGGGAA.1|P4_LUAD	P4_LUAD
CCAAGCTTCATCAGCCACTTTAGG.1|P4_LUAD	P4_LUAD
CCAAGCTTCATTGCATACTTTAGG.1|P4_LUAD	P4_LUAD
CCAAGCTTCGTTGCACACTTTAGG.1|P4_LUAD	P4_LUAD
CCAAGGATCCGAAAGTAGTAGGCT.1|P4_LUAD	P4_LUAD
CCAAGGATCCTTTAGGATGTTGAC.1|P4_LUAD	P4_LUAD
CCAAGGATCGAAGGCCAACGGGAA.1|P4_LUAD	P4_LUAD
CCAAGGATCGCCTGCAACTTTAGG.1|P4_LUAD	P4_LUAD
CCAAGTGAGACCATTTAGTAGGCT.1|P4_LUAD	P4_LUAD
CCAAGTGAGGCCATTCATGTTGAC.1|P4_LUAD	P4_LUAD
CCAAGTGAGTCGCGAAAACGGGAA.1|P4_LUAD	P4_LUAD
CCAAGTGAGTGCTGAGATGTTGAC.1|P4_LUAD	P4_LUAD
CCAATACGTAGCGCGAACTTTAGG.1|P4_LUAD	P4_LUAD
CCAATACGTATGGTGAAACGGGAA.1|P4_LUAD	P4_LUAD
CCAATACGTTTGACTAAACGGGAA.1|P4_LUAD	P4_LUAD
CCAATTAGTGCACTATAACGGGAA.1|P4_LUAD	P4_LUAD
CCAATTAGTGTCCAATATGTTGAC.1|P4_LUAD	P4_LUAD
CCAATTTAGATTCCCAATGTTGAC.1|P4_LUAD	P4_LUAD
CCAATTTAGCTTAGTTACTTTAGG.1|P4_LUAD	P4_LUAD
CCAATTTAGGTCAATAACTTTAGG.1|P4_LUAD	P4_LUAD
CCAATTTAGTCGAAGTAACGGGAA.1|P4_LUAD	P4_LUAD
CCAATTTAGTTTCGGCACTTTAGG.1|P4_LUAD	P4_LUAD
CCACATTCAACCTGTTATGTTGAC.1|P4_LUAD	P4_LUAD
CCACATTCAAGCTCAAACTTTAGG.1|P4_LUAD	P4_LUAD
CCACATTCACGGTCGAAGTAGGCT.1|P4_LUAD	P4_LUAD
CCACATTCAGGTTTCTAGTAGGCT.1|P4_LUAD	P4_LUAD
CCACATTCATGAGGGAACTTTAGG.1|P4_LUAD	P4_LUAD
CCACTAATCACGAACGATGTTGAC.1|P4_LUAD	P4_LUAD
CCACTAATCGAACGTGATGTTGAC.1|P4_LUAD	P4_LUAD
CCACTAATCGATATAGACTTTAGG.1|P4_LUAD	P4_LUAD
CCACTAATCGTTCAATACTTTAGG.1|P4_LUAD	P4_LUAD
CCACTAATCTATTGACAGTAGGCT.1|P4_LUAD	P4_LUAD
CCACTAATCTCTATGGAACGGGAA.1|P4_LUAD	P4_LUAD
CCACTATCAATATGGTACTTTAGG.1|P4_LUAD	P4_LUAD
CCACTATCAGAATCGCACTTTAGG.1|P4_LUAD	P4_LUAD
CCACTATCATTCAACCATGTTGAC.1|P4_LUAD	P4_LUAD
CCACTATCATTCATGCACTTTAGG.1|P4_LUAD	P4_LUAD
CCAGAAAGTGAGTAATATGTTGAC.1|P4_LUAD	P4_LUAD
CCAGAAAGTTCACTCCAACGGGAA.1|P4_LUAD	P4_LUAD
CCAGAAAGTTTGCATAACTTTAGG.1|P4_LUAD	P4_LUAD
CCAGAAAGTTTGTCCCACTTTAGG.1|P4_LUAD	P4_LUAD
CCAGAACCAAGATAAGATGTTGAC.1|P4_LUAD	P4_LUAD
CCAGAACCATAAGTCGACTTTAGG.1|P4_LUAD	P4_LUAD
CCAGAACCATGGCGCAAACGGGAA.1|P4_LUAD	P4_LUAD
CCAGCACGTCCATTAAAACGGGAA.1|P4_LUAD	P4_LUAD
CCAGCACGTGCCCGATATGTTGAC.1|P4_LUAD	P4_LUAD
CCAGCACGTTAATCCAAACGGGAA.1|P4_LUAD	P4_LUAD
CCAGCACGTTTAACCAATGTTGAC.1|P4_LUAD	P4_LUAD
CCAGCTAGTAATGAACACTTTAGG.1|P4_LUAD	P4_LUAD
CCAGCTTAGATGCCTCATGTTGAC.1|P4_LUAD	P4_LUAD
CCAGCTTAGCTCCCTCAACGGGAA.1|P4_LUAD	P4_LUAD
CCAGCTTAGGACTTAAAACGGGAA.1|P4_LUAD	P4_LUAD
CCAGCTTAGTTGCAGGATGTTGAC.1|P4_LUAD	P4_LUAD
CCATAACGTAAACTGGAGTAGGCT.1|P4_LUAD	P4_LUAD
CCATAACGTAATCCTAACTTTAGG.1|P4_LUAD	P4_LUAD
CCATAACGTCAGTGCCAACGGGAA.1|P4_LUAD	P4_LUAD
CCATAACGTTAGCGCCAGTAGGCT.1|P4_LUAD	P4_LUAD
CCATCACAGCAACTTTAACGGGAA.1|P4_LUAD	P4_LUAD
CCATCACAGGATGTTAATGTTGAC.1|P4_LUAD	P4_LUAD
CCATCAGGTATGTTTGACTTTAGG.1|P4_LUAD	P4_LUAD
CCATCAGGTATTTCGAAACGGGAA.1|P4_LUAD	P4_LUAD
CCATCAGGTGCGTACCATGTTGAC.1|P4_LUAD	P4_LUAD
CCATCAGGTTACCGTGACTTTAGG.1|P4_LUAD	P4_LUAD
CCATCAGGTTCAAGGAAACGGGAA.1|P4_LUAD	P4_LUAD
CCATCAGGTTTGTCAAATGTTGAC.1|P4_LUAD	P4_LUAD
CCATCATCAATGTGGCAACGGGAA.1|P4_LUAD	P4_LUAD
CCATCATCAGCCTTCAATGTTGAC.1|P4_LUAD	P4_LUAD
CCATCATCATTGTGTCACTTTAGG.1|P4_LUAD	P4_LUAD
CCATCCCTCCATAGAAAACGGGAA.1|P4_LUAD	P4_LUAD
CCATCCCTCCTAAATCATGTTGAC.1|P4_LUAD	P4_LUAD
CCATCCCTCCTCACTTAGTAGGCT.1|P4_LUAD	P4_LUAD
CCATCCCTCTAATGGAAGTAGGCT.1|P4_LUAD	P4_LUAD
CCATGGTTCAGGTTGGACTTTAGG.1|P4_LUAD	P4_LUAD
CCATGGTTCATTTGCGATGTTGAC.1|P4_LUAD	P4_LUAD
CCATGGTTCCGGCTCAACTTTAGG.1|P4_LUAD	P4_LUAD
CCATTAAGTACTGCCAATGTTGAC.1|P4_LUAD	P4_LUAD
CCATTAAGTCCATAGTAACGGGAA.1|P4_LUAD	P4_LUAD
CCATTAAGTGCGCAAGAACGGGAA.1|P4_LUAD	P4_LUAD
CCATTAAGTTACTTCTAGTAGGCT.1|P4_LUAD	P4_LUAD
CCATTAGTCAGCGAATATGTTGAC.1|P4_LUAD	P4_LUAD
CCATTAGTCCATAGGGAACGGGAA.1|P4_LUAD	P4_LUAD
CCATTAGTCCTGTTCTACTTTAGG.1|P4_LUAD	P4_LUAD
CCATTAGTCGCAACGAACTTTAGG.1|P4_LUAD	P4_LUAD
CCATTAGTCTAATGGAAACGGGAA.1|P4_LUAD	P4_LUAD
CCATTAGTCTGGTCTAAGTAGGCT.1|P4_LUAD	P4_LUAD
CCATTCGCAACAGAGGACTTTAGG.1|P4_LUAD	P4_LUAD
CCATTCGCACGGGCTAATGTTGAC.1|P4_LUAD	P4_LUAD
CCATTCGCACGTGCTCAACGGGAA.1|P4_LUAD	P4_LUAD
CCATTCGCATCATAGGATGTTGAC.1|P4_LUAD	P4_LUAD
CCATTGTCACTCAGTTACTTTAGG.1|P4_LUAD	P4_LUAD
CCATTGTCAGCTTAAGAACGGGAA.1|P4_LUAD	P4_LUAD
CCATTGTCATTGAGATATGTTGAC.1|P4_LUAD	P4_LUAD
CCCAACTAGCTTGAGGATGTTGAC.1|P4_LUAD	P4_LUAD
CCCAACTAGGCTAGATAACGGGAA.1|P4_LUAD	P4_LUAD
CCCAACTAGTGCAACGAACGGGAA.1|P4_LUAD	P4_LUAD
CCCAACTAGTTTGGTTAACGGGAA.1|P4_LUAD	P4_LUAD
CCCACCTTCATGCCTAAACGGGAA.1|P4_LUAD	P4_LUAD
CCCACCTTCGACCCATACTTTAGG.1|P4_LUAD	P4_LUAD
CCCACCTTCGCGTTACATGTTGAC.1|P4_LUAD	P4_LUAD
CCCACTTGTAATGTCCAACGGGAA.1|P4_LUAD	P4_LUAD
CCCACTTGTGACACAAAACGGGAA.1|P4_LUAD	P4_LUAD
CCCACTTGTGGAAGCTACTTTAGG.1|P4_LUAD	P4_LUAD
CCCACTTGTTGGGTTTAGTAGGCT.1|P4_LUAD	P4_LUAD
CCCACTTGTTGTTGTAATGTTGAC.1|P4_LUAD	P4_LUAD
CCCATAATCAAACCGGATGTTGAC.1|P4_LUAD	P4_LUAD
CCCATAATCACCTAATAACGGGAA.1|P4_LUAD	P4_LUAD
CCCATAATCCGTTAGCATGTTGAC.1|P4_LUAD	P4_LUAD
CCCATAATCGCAACGAACTTTAGG.1|P4_LUAD	P4_LUAD
CCCATAATCGTCCATAACTTTAGG.1|P4_LUAD	P4_LUAD
CCCATAATCTAATTGCATGTTGAC.1|P4_LUAD	P4_LUAD
CCCATAATCTTAAGCTAACGGGAA.1|P4_LUAD	P4_LUAD
CCCATAGGTAATGGATATGTTGAC.1|P4_LUAD	P4_LUAD
CCCATAGGTCCGGTACAACGGGAA.1|P4_LUAD	P4_LUAD
CCCATAGGTCCTCACTACTTTAGG.1|P4_LUAD	P4_LUAD
CCCATAGGTGTTAGTCAACGGGAA.1|P4_LUAD	P4_LUAD
CCCATAGGTTGGTTACAACGGGAA.1|P4_LUAD	P4_LUAD
CCCATCACAAATAAGGATGTTGAC.1|P4_LUAD	P4_LUAD
CCCATCACAATGGGAGATGTTGAC.1|P4_LUAD	P4_LUAD
CCCATCACACTCAAAGAACGGGAA.1|P4_LUAD	P4_LUAD
CCCATCACAGGCAACTAGTAGGCT.1|P4_LUAD	P4_LUAD
CCCATCACATACTTCAAGTAGGCT.1|P4_LUAD	P4_LUAD
CCCATCCTCATGTCATACTTTAGG.1|P4_LUAD	P4_LUAD
CCCATTAAGAGGATAGAACGGGAA.1|P4_LUAD	P4_LUAD
CCCATTAAGCCCGTTGACTTTAGG.1|P4_LUAD	P4_LUAD
CCCATTAAGCTTACTGAACGGGAA.1|P4_LUAD	P4_LUAD
CCCATTAAGGCTTAAAAACGGGAA.1|P4_LUAD	P4_LUAD
CCCATTAAGGTAGTTAACTTTAGG.1|P4_LUAD	P4_LUAD
CCCATTAAGGTTACTTAGTAGGCT.1|P4_LUAD	P4_LUAD
CCCATTAAGGTTATCTACTTTAGG.1|P4_LUAD	P4_LUAD
CCCATTCGTAGCCCGTAACGGGAA.1|P4_LUAD	P4_LUAD
CCCATTCGTGTCCAATATGTTGAC.1|P4_LUAD	P4_LUAD
CCCATTCGTTAGGCTTAGTAGGCT.1|P4_LUAD	P4_LUAD
CCCATTCGTTGGCGAGAGTAGGCT.1|P4_LUAD	P4_LUAD
CCCATTCGTTTGCAACAGTAGGCT.1|P4_LUAD	P4_LUAD
CCCATTCGTTTGTGACAGTAGGCT.1|P4_LUAD	P4_LUAD
CCCGAACGTAAAGCGCACTTTAGG.1|P4_LUAD	P4_LUAD
CCCGAACGTCATCCCTACTTTAGG.1|P4_LUAD	P4_LUAD
CCCGAACGTTAGACTCAACGGGAA.1|P4_LUAD	P4_LUAD
CCCGAACGTTTGACTAACTTTAGG.1|P4_LUAD	P4_LUAD
CCCGAAGCACAATACGAACGGGAA.1|P4_LUAD	P4_LUAD
CCCGAAGCACGGTCGAAGTAGGCT.1|P4_LUAD	P4_LUAD
CCCGCAATCACATTACAGTAGGCT.1|P4_LUAD	P4_LUAD
CCCGCAATCACTGTCAACTTTAGG.1|P4_LUAD	P4_LUAD
CCCGCAATCCTCAAGCACTTTAGG.1|P4_LUAD	P4_LUAD
CCCGCAATCGCCTCGAACTTTAGG.1|P4_LUAD	P4_LUAD
CCCGTAAGTAGCCACCATGTTGAC.1|P4_LUAD	P4_LUAD
CCCGTAAGTCATGAAGAACGGGAA.1|P4_LUAD	P4_LUAD
CCCGTAAGTGACCTATATGTTGAC.1|P4_LUAD	P4_LUAD
CCCGTAGTCACCTTTCACTTTAGG.1|P4_LUAD	P4_LUAD
CCCGTAGTCGAAGTTAAACGGGAA.1|P4_LUAD	P4_LUAD
CCCGTAGTCGATATTCACTTTAGG.1|P4_LUAD	P4_LUAD
CCCGTAGTCGGTAATAAGTAGGCT.1|P4_LUAD	P4_LUAD
CCCTAAGGTAAACCCTACTTTAGG.1|P4_LUAD	P4_LUAD
CCCTAAGGTAACGTTCAACGGGAA.1|P4_LUAD	P4_LUAD
CCCTAAGGTCATTATGAACGGGAA.1|P4_LUAD	P4_LUAD
CCCTAAGGTCGTAACTAACGGGAA.1|P4_LUAD	P4_LUAD
CCCTAAGGTGGCGTAGACTTTAGG.1|P4_LUAD	P4_LUAD
CCCTAAGGTGGGAACTATGTTGAC.1|P4_LUAD	P4_LUAD
CCCTAAGGTGTCCTTCAACGGGAA.1|P4_LUAD	P4_LUAD
CCCTAAGGTTAATTCGAACGGGAA.1|P4_LUAD	P4_LUAD
CCCTGACCAAGACATTAACGGGAA.1|P4_LUAD	P4_LUAD
CCCTGACCAATAACCGATGTTGAC.1|P4_LUAD	P4_LUAD
CCCTGACCAATACTGGAACGGGAA.1|P4_LUAD	P4_LUAD
CCCTGACCAATCGTGAAACGGGAA.1|P4_LUAD	P4_LUAD
CCCTGACCAATGTGGCAGTAGGCT.1|P4_LUAD	P4_LUAD
CCCTGACCACAACAATAGTAGGCT.1|P4_LUAD	P4_LUAD
CCCTGACCAGATTGCAAGTAGGCT.1|P4_LUAD	P4_LUAD
CCCTGAGTCCCAAATTACTTTAGG.1|P4_LUAD	P4_LUAD
CCCTGAGTCCCAAATTATGTTGAC.1|P4_LUAD	P4_LUAD
CCCTGAGTCGCCTCTCAACGGGAA.1|P4_LUAD	P4_LUAD
CCCTGAGTCTATGGCCAGTAGGCT.1|P4_LUAD	P4_LUAD
CCCTGATAGACTAATGAACGGGAA.1|P4_LUAD	P4_LUAD
CCCTGATAGCTTACCAACTTTAGG.1|P4_LUAD	P4_LUAD
CCCTGATAGCTTATCGAACGGGAA.1|P4_LUAD	P4_LUAD
CCCTGATAGGGCAGTCAACGGGAA.1|P4_LUAD	P4_LUAD
CCCTGGATCCATAACTATGTTGAC.1|P4_LUAD	P4_LUAD
CCCTGGATCGATTCTGACTTTAGG.1|P4_LUAD	P4_LUAD
CCCTGTGAGGATCCCTACTTTAGG.1|P4_LUAD	P4_LUAD
CCCTGTTGTTCATTGAATGTTGAC.1|P4_LUAD	P4_LUAD
CCCTTACGTGGTTAAGACTTTAGG.1|P4_LUAD	P4_LUAD
CCCTTACGTGTGGCTCAGTAGGCT.1|P4_LUAD	P4_LUAD
CCCTTACGTGTGTTACATGTTGAC.1|P4_LUAD	P4_LUAD
CCCTTACGTTAAGTCCACTTTAGG.1|P4_LUAD	P4_LUAD
CCCTTACGTTCCAGCAAACGGGAA.1|P4_LUAD	P4_LUAD
CCCTTCGGTCTGTGATAACGGGAA.1|P4_LUAD	P4_LUAD
CCCTTCGGTGGTTACTATGTTGAC.1|P4_LUAD	P4_LUAD
CCCTTCGGTTGGCCACAACGGGAA.1|P4_LUAD	P4_LUAD
CCCTTCGGTTGTTGGTAGTAGGCT.1|P4_LUAD	P4_LUAD
CCCTTGCTCAATACAGATGTTGAC.1|P4_LUAD	P4_LUAD
CCCTTGCTCATGAATGATGTTGAC.1|P4_LUAD	P4_LUAD
CCCTTGCTCCTGCCAGAACGGGAA.1|P4_LUAD	P4_LUAD
CCCTTGCTCGGTACAGAACGGGAA.1|P4_LUAD	P4_LUAD
CCGAAAGTCATAATGGAGTAGGCT.1|P4_LUAD	P4_LUAD
CCGAAAGTCATAATGGATGTTGAC.1|P4_LUAD	P4_LUAD
CCGAAAGTCATGTCATAGTAGGCT.1|P4_LUAD	P4_LUAD
CCGAAAGTCCAATGAAACTTTAGG.1|P4_LUAD	P4_LUAD
CCGAAAGTCCCAGACTAGTAGGCT.1|P4_LUAD	P4_LUAD
CCGAAAGTCGATTCTGAGTAGGCT.1|P4_LUAD	P4_LUAD
CCGAAAGTCGGTAATAATGTTGAC.1|P4_LUAD	P4_LUAD
CCGAAAGTCTTGAATCACTTTAGG.1|P4_LUAD	P4_LUAD
CCGATACTCACAGATAAGTAGGCT.1|P4_LUAD	P4_LUAD
CCGATACTCACGTTATACTTTAGG.1|P4_LUAD	P4_LUAD
CCGATACTCATCCCAAAACGGGAA.1|P4_LUAD	P4_LUAD
CCGATACTCGATTCTGACTTTAGG.1|P4_LUAD	P4_LUAD
CCGATACTCGGGCAACACTTTAGG.1|P4_LUAD	P4_LUAD
CCGATACTCTAACTACACTTTAGG.1|P4_LUAD	P4_LUAD
CCGATACTCTGGCCATACTTTAGG.1|P4_LUAD	P4_LUAD
CCGATACTCTTGAGGGATGTTGAC.1|P4_LUAD	P4_LUAD
CCGATTGGTCAAGCTTAGTAGGCT.1|P4_LUAD	P4_LUAD
CCGATTGGTCCGGTACAGTAGGCT.1|P4_LUAD	P4_LUAD
CCGATTGGTGTGACCCAACGGGAA.1|P4_LUAD	P4_LUAD
CCGATTGGTGTTGCTGACTTTAGG.1|P4_LUAD	P4_LUAD
CCGATTGGTTCGGTCAATGTTGAC.1|P4_LUAD	P4_LUAD
CCGCATTAGTTACCCAACTTTAGG.1|P4_LUAD	P4_LUAD
CCGCCATCACCTAAAGATGTTGAC.1|P4_LUAD	P4_LUAD
CCGCCATCAGTTGCCCAACGGGAA.1|P4_LUAD	P4_LUAD
CCGCCATCATACCTTAATGTTGAC.1|P4_LUAD	P4_LUAD
CCGCCATCATTTGCTAAGTAGGCT.1|P4_LUAD	P4_LUAD
CCGCTAAGTGTTAGCTACTTTAGG.1|P4_LUAD	P4_LUAD
CCGCTAAGTTTCCTCAATGTTGAC.1|P4_LUAD	P4_LUAD
CCGCTATAGAAGGTTCAACGGGAA.1|P4_LUAD	P4_LUAD
CCGCTATAGAAGGTTCACTTTAGG.1|P4_LUAD	P4_LUAD
CCGCTATAGACCATGGATGTTGAC.1|P4_LUAD	P4_LUAD
CCGCTTACAAACCGGTACTTTAGG.1|P4_LUAD	P4_LUAD
CCGCTTACAACAGCTAAGTAGGCT.1|P4_LUAD	P4_LUAD
CCGCTTACAACCTTGTACTTTAGG.1|P4_LUAD	P4_LUAD
CCGCTTACACATAAACACTTTAGG.1|P4_LUAD	P4_LUAD
CCGCTTACAGATTGCAAACGGGAA.1|P4_LUAD	P4_LUAD
CCGCTTACAGCTCGAGAACGGGAA.1|P4_LUAD	P4_LUAD
CCGCTTACATCAAGCAAACGGGAA.1|P4_LUAD	P4_LUAD
CCGGCTATCATTAGTCAACGGGAA.1|P4_LUAD	P4_LUAD
CCGGCTATCGCGTTACACTTTAGG.1|P4_LUAD	P4_LUAD
CCGGCTATCTAATGAGACTTTAGG.1|P4_LUAD	P4_LUAD
CCGGCTATCTAATTGCAACGGGAA.1|P4_LUAD	P4_LUAD
CCGGCTATCTTAAGCTAACGGGAA.1|P4_LUAD	P4_LUAD
CCGGTACGTAATGGTGAACGGGAA.1|P4_LUAD	P4_LUAD
CCGGTACGTGTGGCTCACTTTAGG.1|P4_LUAD	P4_LUAD
CCGTAATGTAAGAATCAACGGGAA.1|P4_LUAD	P4_LUAD
CCGTAATGTACCTAGTAGTAGGCT.1|P4_LUAD	P4_LUAD
CCGTAATGTCGAAGCGACTTTAGG.1|P4_LUAD	P4_LUAD
CCGTAATGTGTAATGGATGTTGAC.1|P4_LUAD	P4_LUAD
CCGTAATGTTCTTGAAACTTTAGG.1|P4_LUAD	P4_LUAD
CCGTAATGTTGGCGAGACTTTAGG.1|P4_LUAD	P4_LUAD
CCGTAATGTTTCTAAGAGTAGGCT.1|P4_LUAD	P4_LUAD
CCGTACGTCAAACTTCAACGGGAA.1|P4_LUAD	P4_LUAD
CCGTACGTCAACTGTTAGTAGGCT.1|P4_LUAD	P4_LUAD
CCGTACGTCAGTAGGTACTTTAGG.1|P4_LUAD	P4_LUAD
CCGTACGTCCAGAAACACTTTAGG.1|P4_LUAD	P4_LUAD
CCGTACGTCGAACGTGACTTTAGG.1|P4_LUAD	P4_LUAD
CCGTACGTCGACTCACACTTTAGG.1|P4_LUAD	P4_LUAD
CCGTACGTCTTAATGCACTTTAGG.1|P4_LUAD	P4_LUAD
CCGTCAAGTTCGATGTAACGGGAA.1|P4_LUAD	P4_LUAD
CCGTCAAGTTGGGTTTAACGGGAA.1|P4_LUAD	P4_LUAD
CCGTTGTAGCTAACTTACTTTAGG.1|P4_LUAD	P4_LUAD
CCGTTGTAGCTATTACACTTTAGG.1|P4_LUAD	P4_LUAD
CCGTTGTAGGACACGCACTTTAGG.1|P4_LUAD	P4_LUAD
CCTAACCAGATATTGGAGTAGGCT.1|P4_LUAD	P4_LUAD
CCTAACCAGCTCCCTCAACGGGAA.1|P4_LUAD	P4_LUAD
CCTAACCAGGACAAAGACTTTAGG.1|P4_LUAD	P4_LUAD
CCTAACGGTGCGTACCAACGGGAA.1|P4_LUAD	P4_LUAD
CCTAACGGTGTCCAATAGTAGGCT.1|P4_LUAD	P4_LUAD
CCTAACGGTTAGGTAGACTTTAGG.1|P4_LUAD	P4_LUAD
CCTAACGGTTGTCATAAGTAGGCT.1|P4_LUAD	P4_LUAD
CCTAACGGTTTGCAACAGTAGGCT.1|P4_LUAD	P4_LUAD
CCTAACGGTTTGTTTCAACGGGAA.1|P4_LUAD	P4_LUAD
CCTAACTCACATAGTGAGTAGGCT.1|P4_LUAD	P4_LUAD
CCTAACTCACATGAATACTTTAGG.1|P4_LUAD	P4_LUAD
CCTAACTCACTAAGGCAACGGGAA.1|P4_LUAD	P4_LUAD
CCTAAGCTCCAATGAAACTTTAGG.1|P4_LUAD	P4_LUAD
CCTAAGCTCGAACCTCACTTTAGG.1|P4_LUAD	P4_LUAD
CCTAAGCTCTATCTGGAGTAGGCT.1|P4_LUAD	P4_LUAD
CCTAAGCTCTTGATCGATGTTGAC.1|P4_LUAD	P4_LUAD
CCTAAGGAGATTCATCACTTTAGG.1|P4_LUAD	P4_LUAD
CCTAAGGAGCTATATCATGTTGAC.1|P4_LUAD	P4_LUAD
CCTAAGGAGTCAGGCAATGTTGAC.1|P4_LUAD	P4_LUAD
CCTAAGGAGTTAGGGTATGTTGAC.1|P4_LUAD	P4_LUAD
CCTAATCCAACTATCCAGTAGGCT.1|P4_LUAD	P4_LUAD
CCTAATCCAATCAAGTAACGGGAA.1|P4_LUAD	P4_LUAD
CCTAATCCACCACAAAAACGGGAA.1|P4_LUAD	P4_LUAD
CCTAATCCAGCTAGCGACTTTAGG.1|P4_LUAD	P4_LUAD
CCTAATCCAGCTTTCGATGTTGAC.1|P4_LUAD	P4_LUAD
CCTAATCCATAGCGACAGTAGGCT.1|P4_LUAD	P4_LUAD
CCTAATCCATCACGAAAACGGGAA.1|P4_LUAD	P4_LUAD
CCTAATCCATCACGCCATGTTGAC.1|P4_LUAD	P4_LUAD
CCTACCTGTACCTCAGACTTTAGG.1|P4_LUAD	P4_LUAD
CCTACCTGTATAGCGAAACGGGAA.1|P4_LUAD	P4_LUAD
CCTACCTGTCCTCCATACTTTAGG.1|P4_LUAD	P4_LUAD
CCTACCTGTCTCACTCAGTAGGCT.1|P4_LUAD	P4_LUAD
CCTACCTGTTCTTACTAGTAGGCT.1|P4_LUAD	P4_LUAD
CCTACTTTCAACCTATAGTAGGCT.1|P4_LUAD	P4_LUAD
CCTACTTTCTTTGGTGATGTTGAC.1|P4_LUAD	P4_LUAD
CCTAGAGAGACCTTGCACTTTAGG.1|P4_LUAD	P4_LUAD
CCTAGAGAGCAACTTTATGTTGAC.1|P4_LUAD	P4_LUAD
CCTAGAGAGGTCAAGTATGTTGAC.1|P4_LUAD	P4_LUAD
CCTAGAGAGGTGAGGGAGTAGGCT.1|P4_LUAD	P4_LUAD
CCTAGAGAGTCAGGCAAACGGGAA.1|P4_LUAD	P4_LUAD
CCTAGGTTCACAGCCTATGTTGAC.1|P4_LUAD	P4_LUAD
CCTAGGTTCACGTTCAACTTTAGG.1|P4_LUAD	P4_LUAD
CCTAGGTTCCAAACAAATGTTGAC.1|P4_LUAD	P4_LUAD
CCTAGGTTCCCGTTGGACTTTAGG.1|P4_LUAD	P4_LUAD
CCTAGGTTCCTTATGGATGTTGAC.1|P4_LUAD	P4_LUAD
CCTAGGTTCGCTTGACACTTTAGG.1|P4_LUAD	P4_LUAD
CCTAGGTTCTATTGACACTTTAGG.1|P4_LUAD	P4_LUAD
CCTATCGCAAGCGATCAACGGGAA.1|P4_LUAD	P4_LUAD
CCTATCGCAAGGTGTCACTTTAGG.1|P4_LUAD	P4_LUAD
CCTATCGCAATGTGGCAGTAGGCT.1|P4_LUAD	P4_LUAD
CCTATCGCACCACACCAACGGGAA.1|P4_LUAD	P4_LUAD
CCTATCGCACCGTTTGAACGGGAA.1|P4_LUAD	P4_LUAD
CCTATCGCACCTAACTATGTTGAC.1|P4_LUAD	P4_LUAD
CCTATCGCATCACGAAACTTTAGG.1|P4_LUAD	P4_LUAD
CCTATCGCATCCAAGAAACGGGAA.1|P4_LUAD	P4_LUAD
CCTATGATCCCATAGCAACGGGAA.1|P4_LUAD	P4_LUAD
CCTATGATCCTTTGGAAACGGGAA.1|P4_LUAD	P4_LUAD
CCTATGATCCTTTGGAACTTTAGG.1|P4_LUAD	P4_LUAD
CCTATGATCTAATTGCAACGGGAA.1|P4_LUAD	P4_LUAD
CCTATGGGTAACGTGAAGTAGGCT.1|P4_LUAD	P4_LUAD
CCTATGGGTATTGTCAATGTTGAC.1|P4_LUAD	P4_LUAD
CCTATGGGTCATCATAACTTTAGG.1|P4_LUAD	P4_LUAD
CCTATGGGTGTCCTTCAGTAGGCT.1|P4_LUAD	P4_LUAD
CCTATGGGTTCGATGTAGTAGGCT.1|P4_LUAD	P4_LUAD
CCTATGGGTTTGGCCAAACGGGAA.1|P4_LUAD	P4_LUAD
CCTATTGAGACCTTTGATGTTGAC.1|P4_LUAD	P4_LUAD
CCTATTGAGAGAGCAAACTTTAGG.1|P4_LUAD	P4_LUAD
CCTATTGAGCTTTACGAGTAGGCT.1|P4_LUAD	P4_LUAD
CCTATTTGTCTCACTCAACGGGAA.1|P4_LUAD	P4_LUAD
CCTATTTGTTAGTGGAATGTTGAC.1|P4_LUAD	P4_LUAD
CCTATTTGTTCTGGCAAACGGGAA.1|P4_LUAD	P4_LUAD
CCTATTTGTTTGTCCCAGTAGGCT.1|P4_LUAD	P4_LUAD
CCTCAAATCACAGGGCACTTTAGG.1|P4_LUAD	P4_LUAD
CCTCAAATCGACCGTTAACGGGAA.1|P4_LUAD	P4_LUAD
CCTCAAATCTGGGAATATGTTGAC.1|P4_LUAD	P4_LUAD
CCTCAAGGTCATCAGTATGTTGAC.1|P4_LUAD	P4_LUAD
CCTCAAGGTCCGGTACACTTTAGG.1|P4_LUAD	P4_LUAD
CCTCAAGGTGGTTCTGAACGGGAA.1|P4_LUAD	P4_LUAD
CCTCAAGGTTATGAGGACTTTAGG.1|P4_LUAD	P4_LUAD
CCTCAATCAAGGGTCTAGTAGGCT.1|P4_LUAD	P4_LUAD
CCTCAATCATAGCGCGATGTTGAC.1|P4_LUAD	P4_LUAD
CCTCACACACTTTACAAGTAGGCT.1|P4_LUAD	P4_LUAD
CCTCACACAGATAACTAACGGGAA.1|P4_LUAD	P4_LUAD
CCTCAGCCAAATAAGGAACGGGAA.1|P4_LUAD	P4_LUAD
CCTCAGCCAGGCGAAAAGTAGGCT.1|P4_LUAD	P4_LUAD
CCTCATCGTCCTTAGGATGTTGAC.1|P4_LUAD	P4_LUAD
CCTCATCGTGCCCGATACTTTAGG.1|P4_LUAD	P4_LUAD
CCTCATCGTGTGTCGCACTTTAGG.1|P4_LUAD	P4_LUAD
CCTCATCGTGTTGCTGAACGGGAA.1|P4_LUAD	P4_LUAD
CCTCATCGTTTCGCCTACTTTAGG.1|P4_LUAD	P4_LUAD
CCTCCAACAACTAAGTAACGGGAA.1|P4_LUAD	P4_LUAD
CCTCCAACAGCACCTCATGTTGAC.1|P4_LUAD	P4_LUAD
CCTCCAACATAAGTCGAACGGGAA.1|P4_LUAD	P4_LUAD
CCTCCAACATAAGTCGACTTTAGG.1|P4_LUAD	P4_LUAD
CCTCCAACATTGGACAATGTTGAC.1|P4_LUAD	P4_LUAD
CCTCGATAGATATTGGAACGGGAA.1|P4_LUAD	P4_LUAD
CCTCGATAGATGATTGAACGGGAA.1|P4_LUAD	P4_LUAD
CCTCGATAGCAAATTGAACGGGAA.1|P4_LUAD	P4_LUAD
CCTCGATAGCGAATACAACGGGAA.1|P4_LUAD	P4_LUAD
CCTCGATAGGCTCCATATGTTGAC.1|P4_LUAD	P4_LUAD
CCTCGATAGTCAATAGATGTTGAC.1|P4_LUAD	P4_LUAD
CCTCGATAGTTGGATAACTTTAGG.1|P4_LUAD	P4_LUAD
CCTGATTCAAACCCAAAACGGGAA.1|P4_LUAD	P4_LUAD
CCTGATTCAAGCCAGTATGTTGAC.1|P4_LUAD	P4_LUAD
CCTGATTCACACTGGGATGTTGAC.1|P4_LUAD	P4_LUAD
CCTGATTCACGCCACTACTTTAGG.1|P4_LUAD	P4_LUAD
CCTGATTCACGGTAACAACGGGAA.1|P4_LUAD	P4_LUAD
CCTGATTCAGATTGCAAGTAGGCT.1|P4_LUAD	P4_LUAD
CCTGATTCATCCGTCAACTTTAGG.1|P4_LUAD	P4_LUAD
CCTGATTCATGGCTTTAGTAGGCT.1|P4_LUAD	P4_LUAD
CCTGGTAGTATTTACGACTTTAGG.1|P4_LUAD	P4_LUAD
CCTGGTCCAAGGTGTCAACGGGAA.1|P4_LUAD	P4_LUAD
CCTGGTCCAATTAGGTAGTAGGCT.1|P4_LUAD	P4_LUAD
CCTGGTCCATTGGGTAAACGGGAA.1|P4_LUAD	P4_LUAD
CCTGTTGCAAGAACAAACTTTAGG.1|P4_LUAD	P4_LUAD
CCTGTTGCAAGCTATGACTTTAGG.1|P4_LUAD	P4_LUAD
CCTGTTGCACTCCCAAAGTAGGCT.1|P4_LUAD	P4_LUAD
CCTGTTGCATCCGCTAAACGGGAA.1|P4_LUAD	P4_LUAD
CCTGTTGCATGAGTCAAACGGGAA.1|P4_LUAD	P4_LUAD
CCTGTTGCATGAGTCAACTTTAGG.1|P4_LUAD	P4_LUAD
CCTGTTGCATGCGCCTACTTTAGG.1|P4_LUAD	P4_LUAD
CCTTAAAGTCATGAAGAACGGGAA.1|P4_LUAD	P4_LUAD
CCTTAAAGTGTGTCGCACTTTAGG.1|P4_LUAD	P4_LUAD
CCTTAAAGTTAACGTCATGTTGAC.1|P4_LUAD	P4_LUAD
CCTTAATAGCACGTTCAGTAGGCT.1|P4_LUAD	P4_LUAD
CCTTAATAGCCTGGTTATGTTGAC.1|P4_LUAD	P4_LUAD
CCTTAATAGCGGGACTATGTTGAC.1|P4_LUAD	P4_LUAD
CCTTAATAGCTCATTGAACGGGAA.1|P4_LUAD	P4_LUAD
CCTTAATAGGCTTATTATGTTGAC.1|P4_LUAD	P4_LUAD
CCTTAATAGTATGGGTATGTTGAC.1|P4_LUAD	P4_LUAD
CCTTATGAGATGCAACACTTTAGG.1|P4_LUAD	P4_LUAD
CCTTATGAGCGATGGCACTTTAGG.1|P4_LUAD	P4_LUAD
CCTTATGAGCTATTACATGTTGAC.1|P4_LUAD	P4_LUAD
CCTTATGAGTGAATCAACTTTAGG.1|P4_LUAD	P4_LUAD
CCTTATGAGTGCAACGAACGGGAA.1|P4_LUAD	P4_LUAD
CCTTATTGTTGTTGTAACTTTAGG.1|P4_LUAD	P4_LUAD
CCTTATTGTTGTTTAGAGTAGGCT.1|P4_LUAD	P4_LUAD
CCTTCCATCAACCTATACTTTAGG.1|P4_LUAD	P4_LUAD
CCTTCCATCCGCAATCATGTTGAC.1|P4_LUAD	P4_LUAD
CCTTCCATCCGTCCAGATGTTGAC.1|P4_LUAD	P4_LUAD
CCTTCCTCAAACAAGAACTTTAGG.1|P4_LUAD	P4_LUAD
CCTTCCTCAAGGTTATAACGGGAA.1|P4_LUAD	P4_LUAD
CCTTCCTCACACTGGGATGTTGAC.1|P4_LUAD	P4_LUAD
CCTTCCTCAGCGATCGATGTTGAC.1|P4_LUAD	P4_LUAD
CCTTCCTCAGTAAGTTACTTTAGG.1|P4_LUAD	P4_LUAD
CCTTCCTCATGGGTTAACTTTAGG.1|P4_LUAD	P4_LUAD
CCTTGAATCACAGGATATGTTGAC.1|P4_LUAD	P4_LUAD
CCTTGAATCCATGATTAGTAGGCT.1|P4_LUAD	P4_LUAD
CCTTGAATCCCGTTGGATGTTGAC.1|P4_LUAD	P4_LUAD
CCTTGAATCGGTACCTATGTTGAC.1|P4_LUAD	P4_LUAD
CCTTGAATCTCAAGAAAGTAGGCT.1|P4_LUAD	P4_LUAD
CCTTGAGGTACGTAAGACTTTAGG.1|P4_LUAD	P4_LUAD
CCTTGAGGTGTAATGGACTTTAGG.1|P4_LUAD	P4_LUAD
CGAAATGGTACCTCAGAGTAGGCT.1|P4_LUAD	P4_LUAD
CGAAATGGTCCGGGTTACTTTAGG.1|P4_LUAD	P4_LUAD
CGAAATGGTCGTAACTAACGGGAA.1|P4_LUAD	P4_LUAD
CGAAATGGTTAAGCTCACTTTAGG.1|P4_LUAD	P4_LUAD
CGAAATGGTTAGTTTGAACGGGAA.1|P4_LUAD	P4_LUAD
CGAACCAAGCCCTGATAGTAGGCT.1|P4_LUAD	P4_LUAD
CGAACCAAGCTTAAAGATGTTGAC.1|P4_LUAD	P4_LUAD
CGAACCAAGTGAATCAACTTTAGG.1|P4_LUAD	P4_LUAD
CGAACTTGTACTAACCAACGGGAA.1|P4_LUAD	P4_LUAD
CGAACTTGTGTTGCTGAGTAGGCT.1|P4_LUAD	P4_LUAD
CGAACTTGTGTTTGTAAGTAGGCT.1|P4_LUAD	P4_LUAD
CGAACTTGTTCACTCCAACGGGAA.1|P4_LUAD	P4_LUAD
CGAACTTGTTTGTGACAACGGGAA.1|P4_LUAD	P4_LUAD
CGAAGAAAGTCGAAGTAGTAGGCT.1|P4_LUAD	P4_LUAD
CGAAGGTGTCACACCAATGTTGAC.1|P4_LUAD	P4_LUAD
CGAAGGTGTTAAGCTCAACGGGAA.1|P4_LUAD	P4_LUAD
CGAATAGGTGGTTCGCATGTTGAC.1|P4_LUAD	P4_LUAD
CGAATAGGTTGCCTGAAACGGGAA.1|P4_LUAD	P4_LUAD
CGAATAGGTTGTCCAGATGTTGAC.1|P4_LUAD	P4_LUAD
CGAATAGGTTTGAGCTAGTAGGCT.1|P4_LUAD	P4_LUAD
CGAATATCAATAGCTGATGTTGAC.1|P4_LUAD	P4_LUAD
CGAATATCAGAGAGCAAACGGGAA.1|P4_LUAD	P4_LUAD
CGACAAAGTAACGTTCACTTTAGG.1|P4_LUAD	P4_LUAD
CGACAAAGTGTTAGTCACTTTAGG.1|P4_LUAD	P4_LUAD
CGACAAAGTTAAGCTCATGTTGAC.1|P4_LUAD	P4_LUAD
CGACACAAGACAACTAATGTTGAC.1|P4_LUAD	P4_LUAD
CGACACAAGGAGGATAAACGGGAA.1|P4_LUAD	P4_LUAD
CGACACAAGGGCCTTTATGTTGAC.1|P4_LUAD	P4_LUAD
CGACACAAGTTAACAGAACGGGAA.1|P4_LUAD	P4_LUAD
CGACACAAGTTATGGAACTTTAGG.1|P4_LUAD	P4_LUAD
CGACACAAGTTTGGTTAACGGGAA.1|P4_LUAD	P4_LUAD
CGACACCGTAACTACCAGTAGGCT.1|P4_LUAD	P4_LUAD
CGACACCGTAGCCAAAAACGGGAA.1|P4_LUAD	P4_LUAD
CGACACCGTTGTCCAGAACGGGAA.1|P4_LUAD	P4_LUAD
CGACATTGTACAAAGTATGTTGAC.1|P4_LUAD	P4_LUAD
CGACATTGTAGTTGTCATGTTGAC.1|P4_LUAD	P4_LUAD
CGACATTGTATTTCGAAGTAGGCT.1|P4_LUAD	P4_LUAD
CGACATTGTCAATGTCACTTTAGG.1|P4_LUAD	P4_LUAD
CGACATTGTTGTTCCCATGTTGAC.1|P4_LUAD	P4_LUAD
CGACATTGTTTACTGAACTTTAGG.1|P4_LUAD	P4_LUAD
CGACCGTGTAATGTCCATGTTGAC.1|P4_LUAD	P4_LUAD
CGACCGTGTAGGAGGAATGTTGAC.1|P4_LUAD	P4_LUAD
CGACCGTGTCAAACTCACTTTAGG.1|P4_LUAD	P4_LUAD
CGACCGTGTCAGGAACATGTTGAC.1|P4_LUAD	P4_LUAD
CGACTCCCAGCTTAAGACTTTAGG.1|P4_LUAD	P4_LUAD
CGACTTATCAGGCAATACTTTAGG.1|P4_LUAD	P4_LUAD
CGACTTATCCTAATCGATGTTGAC.1|P4_LUAD	P4_LUAD
CGACTTATCTAGCCTAATGTTGAC.1|P4_LUAD	P4_LUAD
CGACTTATCTATCGGCAGTAGGCT.1|P4_LUAD	P4_LUAD
CGACTTTCAAACACGCATGTTGAC.1|P4_LUAD	P4_LUAD
CGACTTTCAAGGAATAACTTTAGG.1|P4_LUAD	P4_LUAD
CGACTTTCACATAAACAACGGGAA.1|P4_LUAD	P4_LUAD
CGACTTTCATAGCCTTACTTTAGG.1|P4_LUAD	P4_LUAD
CGAGAGGAGACCTTGCAACGGGAA.1|P4_LUAD	P4_LUAD
CGAGAGGAGGACAAGAACTTTAGG.1|P4_LUAD	P4_LUAD
CGAGAGGAGGCACTAGACTTTAGG.1|P4_LUAD	P4_LUAD
CGAGCTTTCAAGGTGTAACGGGAA.1|P4_LUAD	P4_LUAD
CGAGCTTTCGCCTATAACTTTAGG.1|P4_LUAD	P4_LUAD
CGAGCTTTCGGGCAGTAGTAGGCT.1|P4_LUAD	P4_LUAD
CGAGCTTTCTCAGCTAAGTAGGCT.1|P4_LUAD	P4_LUAD
CGAGGAGAGGTAATTGATGTTGAC.1|P4_LUAD	P4_LUAD
CGAGGAGAGTTTCACGAGTAGGCT.1|P4_LUAD	P4_LUAD
CGAGTTACAATCCACTAGTAGGCT.1|P4_LUAD	P4_LUAD
CGATAAATCCACAACCACTTTAGG.1|P4_LUAD	P4_LUAD
CGATAAATCGCTCAGTATGTTGAC.1|P4_LUAD	P4_LUAD
CGATAGCCAACGACTAATGTTGAC.1|P4_LUAD	P4_LUAD
CGATAGCCACATGAATACTTTAGG.1|P4_LUAD	P4_LUAD
CGATAGCCACATTCGTACTTTAGG.1|P4_LUAD	P4_LUAD
CGATAGCCACGTAGGTAGTAGGCT.1|P4_LUAD	P4_LUAD
CGATAGCCACTCAAAGAACGGGAA.1|P4_LUAD	P4_LUAD
CGATAGCCATCAATCCACTTTAGG.1|P4_LUAD	P4_LUAD
CGATAGCCATGCGCCTATGTTGAC.1|P4_LUAD	P4_LUAD
CGATAGCCATTTGCTAAGTAGGCT.1|P4_LUAD	P4_LUAD
CGATAGGTCAGTAGGTACTTTAGG.1|P4_LUAD	P4_LUAD
CGATAGGTCCTGCCAGACTTTAGG.1|P4_LUAD	P4_LUAD
CGATAGGTCGATTGAAACTTTAGG.1|P4_LUAD	P4_LUAD
CGATATGCAACTAGTGATGTTGAC.1|P4_LUAD	P4_LUAD
CGATATGCAATCAAGTAACGGGAA.1|P4_LUAD	P4_LUAD
CGATATGCACCTTACGAGTAGGCT.1|P4_LUAD	P4_LUAD
CGATGAAGTCGTTCTCACTTTAGG.1|P4_LUAD	P4_LUAD
CGATGAAGTTCGATGTACTTTAGG.1|P4_LUAD	P4_LUAD
CGATGACCACAGGCTGATGTTGAC.1|P4_LUAD	P4_LUAD
CGATGACCACCATCATATGTTGAC.1|P4_LUAD	P4_LUAD
CGATGACCACTTTACAAACGGGAA.1|P4_LUAD	P4_LUAD
CGATGACCATCCCTCTAACGGGAA.1|P4_LUAD	P4_LUAD
CGATGTTGTACGAACAATGTTGAC.1|P4_LUAD	P4_LUAD
CGATGTTGTAGGTTTCAGTAGGCT.1|P4_LUAD	P4_LUAD
CGATGTTGTCAATTGCACTTTAGG.1|P4_LUAD	P4_LUAD
CGATGTTGTCACCAGCACTTTAGG.1|P4_LUAD	P4_LUAD
CGATGTTGTTATGTGCACTTTAGG.1|P4_LUAD	P4_LUAD
CGATGTTGTTCGAATCAGTAGGCT.1|P4_LUAD	P4_LUAD
CGATTACGTCCATCCTACTTTAGG.1|P4_LUAD	P4_LUAD
CGATTACGTCTTTATCAGTAGGCT.1|P4_LUAD	P4_LUAD
CGATTACGTCTTTATCATGTTGAC.1|P4_LUAD	P4_LUAD
CGATTACGTGATGCAAAGTAGGCT.1|P4_LUAD	P4_LUAD
CGATTCATCAGTTTACAGTAGGCT.1|P4_LUAD	P4_LUAD
CGATTCATCATGAGGTAACGGGAA.1|P4_LUAD	P4_LUAD
CGATTCATCCTTTGGAAACGGGAA.1|P4_LUAD	P4_LUAD
CGATTCATCTCCATCTACTTTAGG.1|P4_LUAD	P4_LUAD
CGATTGACACCTTTGGAACGGGAA.1|P4_LUAD	P4_LUAD
CGATTGACATACTGAGAACGGGAA.1|P4_LUAD	P4_LUAD
CGATTGTGTAAGAATCACTTTAGG.1|P4_LUAD	P4_LUAD
CGATTGTGTACGATTCAACGGGAA.1|P4_LUAD	P4_LUAD
CGATTGTGTACTGCCAATGTTGAC.1|P4_LUAD	P4_LUAD
CGATTGTGTCACCAGCATGTTGAC.1|P4_LUAD	P4_LUAD
CGATTGTGTGTGTTACATGTTGAC.1|P4_LUAD	P4_LUAD
CGATTGTGTTAGGCTTAACGGGAA.1|P4_LUAD	P4_LUAD
CGATTGTGTTAGGCTTACTTTAGG.1|P4_LUAD	P4_LUAD
CGATTGTGTTTAGTTGAGTAGGCT.1|P4_LUAD	P4_LUAD
CGATTTAGTAATGAACACTTTAGG.1|P4_LUAD	P4_LUAD
CGATTTAGTATTGTCAACTTTAGG.1|P4_LUAD	P4_LUAD
CGATTTAGTCCCTCATAACGGGAA.1|P4_LUAD	P4_LUAD
CGATTTAGTTGGGCGAAACGGGAA.1|P4_LUAD	P4_LUAD
CGATTTAGTTTCACCCATGTTGAC.1|P4_LUAD	P4_LUAD
CGCAACTTCAACCGCTACTTTAGG.1|P4_LUAD	P4_LUAD
CGCAACTTCCACTAATATGTTGAC.1|P4_LUAD	P4_LUAD
CGCAACTTCTAAATCCACTTTAGG.1|P4_LUAD	P4_LUAD
CGCAACTTCTGCAACCACTTTAGG.1|P4_LUAD	P4_LUAD
CGCAAGGGTGGACCCTAACGGGAA.1|P4_LUAD	P4_LUAD
CGCAAGGGTTGCGAAAAGTAGGCT.1|P4_LUAD	P4_LUAD
CGCAAGGGTTGTTTGAATGTTGAC.1|P4_LUAD	P4_LUAD
CGCAATCTCAATTGGAACTTTAGG.1|P4_LUAD	P4_LUAD
CGCAATTGTAAAGCATAGTAGGCT.1|P4_LUAD	P4_LUAD
CGCAATTGTAATAGGTAACGGGAA.1|P4_LUAD	P4_LUAD
CGCAATTGTACGTCCAATGTTGAC.1|P4_LUAD	P4_LUAD
CGCAATTGTAGCGGATAACGGGAA.1|P4_LUAD	P4_LUAD
CGCAATTGTCACTAGTATGTTGAC.1|P4_LUAD	P4_LUAD
CGCAATTGTCCGCTAAACTTTAGG.1|P4_LUAD	P4_LUAD
CGCAATTGTGAACGTAAACGGGAA.1|P4_LUAD	P4_LUAD
CGCAATTGTGAACGTAACTTTAGG.1|P4_LUAD	P4_LUAD
CGCACAAAGCGAAGAAATGTTGAC.1|P4_LUAD	P4_LUAD
CGCACAAAGCTTATCGAACGGGAA.1|P4_LUAD	P4_LUAD
CGCACAAAGGTTCATTAACGGGAA.1|P4_LUAD	P4_LUAD
CGCACATTCAGGCAATATGTTGAC.1|P4_LUAD	P4_LUAD
CGCACATTCCATCCTTAACGGGAA.1|P4_LUAD	P4_LUAD
CGCACATTCCTCAATGAGTAGGCT.1|P4_LUAD	P4_LUAD
CGCACATTCGATATTCAGTAGGCT.1|P4_LUAD	P4_LUAD
CGCACATTCTATTGCGATGTTGAC.1|P4_LUAD	P4_LUAD
CGCACATTCTTAATGCACTTTAGG.1|P4_LUAD	P4_LUAD
CGCAGCACAACCTTGTAACGGGAA.1|P4_LUAD	P4_LUAD
CGCAGCACAATTAGACATGTTGAC.1|P4_LUAD	P4_LUAD
CGCAGCACACACAAATAGTAGGCT.1|P4_LUAD	P4_LUAD
CGCAGCACACATAAGTAACGGGAA.1|P4_LUAD	P4_LUAD
CGCAGCACACCTTTGGACTTTAGG.1|P4_LUAD	P4_LUAD
CGCAGCACAGTTATGGACTTTAGG.1|P4_LUAD	P4_LUAD
CGCAGCACATGGGTTAATGTTGAC.1|P4_LUAD	P4_LUAD
CGCAGGTAGCAGCTAGAGTAGGCT.1|P4_LUAD	P4_LUAD
CGCAGGTAGGCTAGATATGTTGAC.1|P4_LUAD	P4_LUAD
CGCAGGTAGGTATGGTACTTTAGG.1|P4_LUAD	P4_LUAD
CGCAGGTAGGTGGATTAACGGGAA.1|P4_LUAD	P4_LUAD
CGCATAACACATTGAGAACGGGAA.1|P4_LUAD	P4_LUAD
CGCATAACACTCAGTTACTTTAGG.1|P4_LUAD	P4_LUAD
CGCATAACATGTGGGTAGTAGGCT.1|P4_LUAD	P4_LUAD
CGCATAACATTTGGCTATGTTGAC.1|P4_LUAD	P4_LUAD
CGCATCCCACTAGTCTATGTTGAC.1|P4_LUAD	P4_LUAD
CGCATCCCAGTTGCCCAACGGGAA.1|P4_LUAD	P4_LUAD
CGCATCCCATAGACGCATGTTGAC.1|P4_LUAD	P4_LUAD
CGCATCCCATCATAGGAACGGGAA.1|P4_LUAD	P4_LUAD
CGCATCCCATGCTCCAATGTTGAC.1|P4_LUAD	P4_LUAD
CGCATGAAGCCCGTTGAACGGGAA.1|P4_LUAD	P4_LUAD
CGCATGAAGCGAGTTGACTTTAGG.1|P4_LUAD	P4_LUAD
CGCATGAAGCTTACATACTTTAGG.1|P4_LUAD	P4_LUAD
CGCATGAAGGATGCATATGTTGAC.1|P4_LUAD	P4_LUAD
CGCATGAAGGCTAGATACTTTAGG.1|P4_LUAD	P4_LUAD
CGCATGAAGTCAACTTACTTTAGG.1|P4_LUAD	P4_LUAD
CGCATGAAGTGCTGAGACTTTAGG.1|P4_LUAD	P4_LUAD
CGCATTATCCGCAACTAACGGGAA.1|P4_LUAD	P4_LUAD
CGCATTATCCTGAGGAAGTAGGCT.1|P4_LUAD	P4_LUAD
CGCATTATCGCTATATAGTAGGCT.1|P4_LUAD	P4_LUAD
CGCATTATCGCTTCGGACTTTAGG.1|P4_LUAD	P4_LUAD
CGCATTTCAAACTTGGACTTTAGG.1|P4_LUAD	P4_LUAD
CGCATTTCATCCGTCAACTTTAGG.1|P4_LUAD	P4_LUAD
CGCCATCCAACAGCTAACTTTAGG.1|P4_LUAD	P4_LUAD
CGCCATCCAACCCTATACTTTAGG.1|P4_LUAD	P4_LUAD
CGCCATCCAAGAAATGACTTTAGG.1|P4_LUAD	P4_LUAD
CGCCATCCACATGAATACTTTAGG.1|P4_LUAD	P4_LUAD
CGCCATCCACTATGGAATGTTGAC.1|P4_LUAD	P4_LUAD
CGCCATCCAGCCAGCAAACGGGAA.1|P4_LUAD	P4_LUAD
CGCCATCCATGAAGCCAGTAGGCT.1|P4_LUAD	P4_LUAD
CGCGACACAAGCTTTCACTTTAGG.1|P4_LUAD	P4_LUAD
CGCGACACAATCATCCATGTTGAC.1|P4_LUAD	P4_LUAD
CGCGACACAATTCGGAATGTTGAC.1|P4_LUAD	P4_LUAD
CGCGATAAGACGCATGACTTTAGG.1|P4_LUAD	P4_LUAD
CGCGATAAGCAACATAAACGGGAA.1|P4_LUAD	P4_LUAD
CGCGATAAGGTGAGGGACTTTAGG.1|P4_LUAD	P4_LUAD
CGCGATAAGGTTAGTAAACGGGAA.1|P4_LUAD	P4_LUAD
CGCGTGACACTTCGATACTTTAGG.1|P4_LUAD	P4_LUAD
CGCGTGACAGGGCTATAACGGGAA.1|P4_LUAD	P4_LUAD
CGCGTTCCAGCTAGACAACGGGAA.1|P4_LUAD	P4_LUAD
CGCGTTCCATACTTCAAGTAGGCT.1|P4_LUAD	P4_LUAD
CGCGTTCCATCATAGGACTTTAGG.1|P4_LUAD	P4_LUAD
CGCTAAACACAACAATACTTTAGG.1|P4_LUAD	P4_LUAD
CGCTAAACAGGCCTCTAACGGGAA.1|P4_LUAD	P4_LUAD
CGCTAAACATGGCTTTAACGGGAA.1|P4_LUAD	P4_LUAD
CGCTACGTCAGGCTGAAACGGGAA.1|P4_LUAD	P4_LUAD
CGCTACGTCAGGTAGTAACGGGAA.1|P4_LUAD	P4_LUAD
CGCTACGTCATCCAGCATGTTGAC.1|P4_LUAD	P4_LUAD
CGCTACGTCGACTCACAACGGGAA.1|P4_LUAD	P4_LUAD
CGCTACGTCGTGATTTATGTTGAC.1|P4_LUAD	P4_LUAD
CGCTACTAGGTTACTTAGTAGGCT.1|P4_LUAD	P4_LUAD
CGCTACTAGTCCTGACAACGGGAA.1|P4_LUAD	P4_LUAD
CGCTATATCAGCATGGACTTTAGG.1|P4_LUAD	P4_LUAD
CGCTATATCAGGGATTACTTTAGG.1|P4_LUAD	P4_LUAD
CGCTCAGTCAAGATGCACTTTAGG.1|P4_LUAD	P4_LUAD
CGCTCAGTCACGAACGAGTAGGCT.1|P4_LUAD	P4_LUAD
CGCTCAGTCCAACAGGAGTAGGCT.1|P4_LUAD	P4_LUAD
CGCTCAGTCCATCCGGAACGGGAA.1|P4_LUAD	P4_LUAD
CGCTCAGTCGCGGATAAACGGGAA.1|P4_LUAD	P4_LUAD
CGCTCAGTCGCGGATAACTTTAGG.1|P4_LUAD	P4_LUAD
CGCTCAGTCGCTATATAACGGGAA.1|P4_LUAD	P4_LUAD
CGCTCAGTCGGTACCTATGTTGAC.1|P4_LUAD	P4_LUAD
CGCTCAGTCTAACTACATGTTGAC.1|P4_LUAD	P4_LUAD
CGCTGGACACATTGTCATGTTGAC.1|P4_LUAD	P4_LUAD
CGCTGGACACGGGCTAACTTTAGG.1|P4_LUAD	P4_LUAD
CGCTGGACATGCAATGACTTTAGG.1|P4_LUAD	P4_LUAD
CGCTTTAAGGGCCTTTACTTTAGG.1|P4_LUAD	P4_LUAD
CGCTTTAAGTAATTGGATGTTGAC.1|P4_LUAD	P4_LUAD
CGCTTTAAGTACCAGGAACGGGAA.1|P4_LUAD	P4_LUAD
CGCTTTAAGTTAACAGATGTTGAC.1|P4_LUAD	P4_LUAD
CGCTTTAAGTTTGCATAACGGGAA.1|P4_LUAD	P4_LUAD
CGGAACCAGATTGCAAACTTTAGG.1|P4_LUAD	P4_LUAD
CGGAACCAGGGTTGCAAACGGGAA.1|P4_LUAD	P4_LUAD
CGGAACCAGGTAAGCTATGTTGAC.1|P4_LUAD	P4_LUAD
CGGAACCAGGTTGGGCAGTAGGCT.1|P4_LUAD	P4_LUAD
CGGAACCAGTAACGGTACTTTAGG.1|P4_LUAD	P4_LUAD
CGGAACCAGTGCAACGAACGGGAA.1|P4_LUAD	P4_LUAD
CGGAACGGTAAGGTTGAACGGGAA.1|P4_LUAD	P4_LUAD
CGGAACGGTGTGACCCATGTTGAC.1|P4_LUAD	P4_LUAD
CGGAACGGTTAACGAGAACGGGAA.1|P4_LUAD	P4_LUAD
CGGAACGGTTAATTCGAACGGGAA.1|P4_LUAD	P4_LUAD
CGGAACGGTTAATTCGACTTTAGG.1|P4_LUAD	P4_LUAD
CGGAACGGTTGAGTCTAACGGGAA.1|P4_LUAD	P4_LUAD
CGGAACGGTTGCGGGAATGTTGAC.1|P4_LUAD	P4_LUAD
CGGCAATCAAAGACCCACTTTAGG.1|P4_LUAD	P4_LUAD
CGGCAATCAAAGCTCAACTTTAGG.1|P4_LUAD	P4_LUAD
CGGCAATCAATACCCTATGTTGAC.1|P4_LUAD	P4_LUAD
CGGCAATCACATAAGTACTTTAGG.1|P4_LUAD	P4_LUAD
CGGCTAAAGAAGCATCAACGGGAA.1|P4_LUAD	P4_LUAD
CGGCTAAAGCGCTTACAGTAGGCT.1|P4_LUAD	P4_LUAD
CGGGATGGTAAAGCGCAACGGGAA.1|P4_LUAD	P4_LUAD
CGGGATGGTCATGAAGAACGGGAA.1|P4_LUAD	P4_LUAD
CGGGATGGTGCAGCTCAACGGGAA.1|P4_LUAD	P4_LUAD
CGGGATGGTTGCGAAAAACGGGAA.1|P4_LUAD	P4_LUAD
CGGGCTACAACATGATAACGGGAA.1|P4_LUAD	P4_LUAD
CGGGCTACAACCTTGTATGTTGAC.1|P4_LUAD	P4_LUAD
CGGGCTACATTACTTGACTTTAGG.1|P4_LUAD	P4_LUAD
CGGGTTAAGCCAAACGATGTTGAC.1|P4_LUAD	P4_LUAD
CGGGTTAAGGGTTGCAACTTTAGG.1|P4_LUAD	P4_LUAD
CGGGTTGCAACAAGCCAACGGGAA.1|P4_LUAD	P4_LUAD
CGGGTTGCAGGATCCGATGTTGAC.1|P4_LUAD	P4_LUAD
CGGGTTGCATAATGACACTTTAGG.1|P4_LUAD	P4_LUAD
CGGGTTGCATTACTCAACTTTAGG.1|P4_LUAD	P4_LUAD
CGGTCAAAGCTATTACAACGGGAA.1|P4_LUAD	P4_LUAD
CGGTGAGGTACCTTAAATGTTGAC.1|P4_LUAD	P4_LUAD
CGGTGAGGTAGCCCGTAGTAGGCT.1|P4_LUAD	P4_LUAD
CGGTGAGGTAGTCATCAACGGGAA.1|P4_LUAD	P4_LUAD
CGGTGAGGTCAAACTCACTTTAGG.1|P4_LUAD	P4_LUAD
CGGTGAGGTCGTTCGAACTTTAGG.1|P4_LUAD	P4_LUAD
CGGTGAGGTCTGTCAGAGTAGGCT.1|P4_LUAD	P4_LUAD
CGGTGAGGTCTTACTTATGTTGAC.1|P4_LUAD	P4_LUAD
CGGTGAGGTTTATCGAAACGGGAA.1|P4_LUAD	P4_LUAD
CGGTGCACAAGTGGCTATGTTGAC.1|P4_LUAD	P4_LUAD
CGGTGCACACCGGTAGATGTTGAC.1|P4_LUAD	P4_LUAD
CGGTGCACACGTAATGATGTTGAC.1|P4_LUAD	P4_LUAD
CGGTGCACAGCCTATTATGTTGAC.1|P4_LUAD	P4_LUAD
CGGTGTGCAACCGTAAAACGGGAA.1|P4_LUAD	P4_LUAD
CGGTGTGCACATTGTCAACGGGAA.1|P4_LUAD	P4_LUAD
CGGTGTGCACGTGCTCACTTTAGG.1|P4_LUAD	P4_LUAD
CGGTGTGCAGTAATACAACGGGAA.1|P4_LUAD	P4_LUAD
CGGTTAGAGGTCTTTGACTTTAGG.1|P4_LUAD	P4_LUAD
CGGTTATGTTCTTACTATGTTGAC.1|P4_LUAD	P4_LUAD
CGGTTATGTTGCGCTAACTTTAGG.1|P4_LUAD	P4_LUAD
CGTAAACAGAGGCGAGACTTTAGG.1|P4_LUAD	P4_LUAD
CGTAAACAGCCACTCGAGTAGGCT.1|P4_LUAD	P4_LUAD
CGTAAACAGGACTTGGACTTTAGG.1|P4_LUAD	P4_LUAD
CGTAAACAGGTGAGTTAACGGGAA.1|P4_LUAD	P4_LUAD
CGTAAAGGTCATGATCAGTAGGCT.1|P4_LUAD	P4_LUAD
CGTAAAGGTTAGTGGAAACGGGAA.1|P4_LUAD	P4_LUAD
CGTAAAGGTTTGCTCCAACGGGAA.1|P4_LUAD	P4_LUAD
CGTAACGAGCAACATAAACGGGAA.1|P4_LUAD	P4_LUAD
CGTAACGAGCCCGTTGACTTTAGG.1|P4_LUAD	P4_LUAD
CGTAACGAGCTACGTCACTTTAGG.1|P4_LUAD	P4_LUAD
CGTAACGAGCTGATTTAGTAGGCT.1|P4_LUAD	P4_LUAD
CGTAACGAGGCCAACAATGTTGAC.1|P4_LUAD	P4_LUAD
CGTAACGAGGTAAGCTAACGGGAA.1|P4_LUAD	P4_LUAD
CGTAACGAGTCGTTCAACTTTAGG.1|P4_LUAD	P4_LUAD
CGTAACGAGTCTACCAAACGGGAA.1|P4_LUAD	P4_LUAD
CGTAAGTAGCAAATTGAGTAGGCT.1|P4_LUAD	P4_LUAD
CGTAAGTAGCCTTAATATGTTGAC.1|P4_LUAD	P4_LUAD
CGTAAGTAGGTTGCAGAACGGGAA.1|P4_LUAD	P4_LUAD
CGTAAGTAGTGATCAAATGTTGAC.1|P4_LUAD	P4_LUAD
CGTAATCGTATTCAGCAGTAGGCT.1|P4_LUAD	P4_LUAD
CGTAATCGTCCTGACAACTTTAGG.1|P4_LUAD	P4_LUAD
CGTAATCGTGTTTGCGACTTTAGG.1|P4_LUAD	P4_LUAD
CGTAATTTCAACATTCAACGGGAA.1|P4_LUAD	P4_LUAD
CGTAATTTCCTAAATCAACGGGAA.1|P4_LUAD	P4_LUAD
CGTAATTTCGCTTGGTATGTTGAC.1|P4_LUAD	P4_LUAD
CGTACGTTCAGGCTGAAACGGGAA.1|P4_LUAD	P4_LUAD
CGTACGTTCATGGAACACTTTAGG.1|P4_LUAD	P4_LUAD
CGTACGTTCCACTAATAGTAGGCT.1|P4_LUAD	P4_LUAD
CGTACTTCAGAATGAAAACGGGAA.1|P4_LUAD	P4_LUAD
CGTATATTCCAGCTTAATGTTGAC.1|P4_LUAD	P4_LUAD
CGTATATTCGAAACTAACTTTAGG.1|P4_LUAD	P4_LUAD
CGTATATTCGATTCTGATGTTGAC.1|P4_LUAD	P4_LUAD
CGTATATTCGCACACTACTTTAGG.1|P4_LUAD	P4_LUAD
CGTATATTCTATTGCGAGTAGGCT.1|P4_LUAD	P4_LUAD
CGTCATTCAGCCATTTATGTTGAC.1|P4_LUAD	P4_LUAD
CGTCATTCAGCGATCGAGTAGGCT.1|P4_LUAD	P4_LUAD
CGTCATTCATTCGGTTAACGGGAA.1|P4_LUAD	P4_LUAD
CGTCCATAGCAATCCCAGTAGGCT.1|P4_LUAD	P4_LUAD
CGTCCATAGTTTCAGTAACGGGAA.1|P4_LUAD	P4_LUAD
CGTGAACCACCAACAAAACGGGAA.1|P4_LUAD	P4_LUAD
CGTGAGGGTTCACCAGACTTTAGG.1|P4_LUAD	P4_LUAD
CGTGCGTGTCCATTAAATGTTGAC.1|P4_LUAD	P4_LUAD
CGTGCGTGTGGTTATCAACGGGAA.1|P4_LUAD	P4_LUAD
CGTGCTTAGAGAGCAAACTTTAGG.1|P4_LUAD	P4_LUAD
CGTGCTTAGGGTCTAGACTTTAGG.1|P4_LUAD	P4_LUAD
CGTGCTTAGGGTTTGGAGTAGGCT.1|P4_LUAD	P4_LUAD
CGTGCTTAGGTCAATAAACGGGAA.1|P4_LUAD	P4_LUAD
CGTGCTTAGGTCACAGAACGGGAA.1|P4_LUAD	P4_LUAD
CGTGTCCCAGCCATAAAGTAGGCT.1|P4_LUAD	P4_LUAD
CGTGTCCCATAACCAGAACGGGAA.1|P4_LUAD	P4_LUAD
CGTGTTTCACTATGTCAACGGGAA.1|P4_LUAD	P4_LUAD
CGTGTTTCATTCAGGAAACGGGAA.1|P4_LUAD	P4_LUAD
CGTGTTTCATTGCATCACTTTAGG.1|P4_LUAD	P4_LUAD
CGTGTTTCATTTAGCCATGTTGAC.1|P4_LUAD	P4_LUAD
CGTTACATCACAAAGCACTTTAGG.1|P4_LUAD	P4_LUAD
CGTTACATCAGCGATGAGTAGGCT.1|P4_LUAD	P4_LUAD
CGTTACATCATCACATAACGGGAA.1|P4_LUAD	P4_LUAD
CGTTACATCATTGAGAACTTTAGG.1|P4_LUAD	P4_LUAD
CGTTACATCCAAACGGAGTAGGCT.1|P4_LUAD	P4_LUAD
CGTTACATCCAAAGACAGTAGGCT.1|P4_LUAD	P4_LUAD
CGTTACATCGATATAGATGTTGAC.1|P4_LUAD	P4_LUAD
CGTTACATCGCGGAACATGTTGAC.1|P4_LUAD	P4_LUAD
CGTTACATCGGTCAAGATGTTGAC.1|P4_LUAD	P4_LUAD
CGTTACTCAGGTAGCTACTTTAGG.1|P4_LUAD	P4_LUAD
CGTTACTCATTCAACCAGTAGGCT.1|P4_LUAD	P4_LUAD
CGTTATAGTAAGGCCGACTTTAGG.1|P4_LUAD	P4_LUAD
CGTTATAGTGAAGCACAGTAGGCT.1|P4_LUAD	P4_LUAD
CGTTATAGTTAAGCTCAGTAGGCT.1|P4_LUAD	P4_LUAD
CGTTATAGTTAGTGGAACTTTAGG.1|P4_LUAD	P4_LUAD
CGTTATTAGCCCTTGGAACGGGAA.1|P4_LUAD	P4_LUAD
CGTTATTAGCCCTTGGACTTTAGG.1|P4_LUAD	P4_LUAD
CGTTATTAGCGCTTACAACGGGAA.1|P4_LUAD	P4_LUAD
CGTTATTAGTTAGGCGACTTTAGG.1|P4_LUAD	P4_LUAD
CGTTATTAGTTGCAAAAACGGGAA.1|P4_LUAD	P4_LUAD
CGTTCAATCAGCGGGTAACGGGAA.1|P4_LUAD	P4_LUAD
CGTTCAATCAGGTAGTATGTTGAC.1|P4_LUAD	P4_LUAD
CGTTCAATCCTAATCGATGTTGAC.1|P4_LUAD	P4_LUAD
CGTTCGTAGAAGTACCAACGGGAA.1|P4_LUAD	P4_LUAD
CGTTCGTAGACTCAAAAACGGGAA.1|P4_LUAD	P4_LUAD
CGTTCGTAGCGCGAACACTTTAGG.1|P4_LUAD	P4_LUAD
CGTTCGTAGCTTTACGAACGGGAA.1|P4_LUAD	P4_LUAD
CGTTCGTAGTAATGGCAACGGGAA.1|P4_LUAD	P4_LUAD
CGTTGCGTCACGGACAAACGGGAA.1|P4_LUAD	P4_LUAD
CGTTGCGTCCGTTAGCAACGGGAA.1|P4_LUAD	P4_LUAD
CGTTGTCAGATGCTAAACTTTAGG.1|P4_LUAD	P4_LUAD
CGTTGTCAGCCTATATACTTTAGG.1|P4_LUAD	P4_LUAD
CGTTGTCAGCTTGAAAATGTTGAC.1|P4_LUAD	P4_LUAD
CGTTGTCAGGCTCCATAGTAGGCT.1|P4_LUAD	P4_LUAD
CGTTGTCAGGTGCACAATGTTGAC.1|P4_LUAD	P4_LUAD
CGTTGTCAGGTTAGACAACGGGAA.1|P4_LUAD	P4_LUAD
CGTTGTCAGTAACGTAAACGGGAA.1|P4_LUAD	P4_LUAD
CGTTGTCAGTTTCACGATGTTGAC.1|P4_LUAD	P4_LUAD
CGTTTGGGTATTGGGAACTTTAGG.1|P4_LUAD	P4_LUAD
CGTTTGGGTCAGGAACACTTTAGG.1|P4_LUAD	P4_LUAD
CGTTTGGGTCCGCTAAAGTAGGCT.1|P4_LUAD	P4_LUAD
CGTTTGGGTCCTTAGGAACGGGAA.1|P4_LUAD	P4_LUAD
CGTTTGTCAATATGGTATGTTGAC.1|P4_LUAD	P4_LUAD
CGTTTGTCACATAAACAACGGGAA.1|P4_LUAD	P4_LUAD
CGTTTGTCACCTAAGAACTTTAGG.1|P4_LUAD	P4_LUAD
CGTTTGTCACCTCGACACTTTAGG.1|P4_LUAD	P4_LUAD
CGTTTGTCAGCGGATTACTTTAGG.1|P4_LUAD	P4_LUAD
CGTTTGTCAGCTAGCGACTTTAGG.1|P4_LUAD	P4_LUAD
CTAAATGAGCTTCTAGATGTTGAC.1|P4_LUAD	P4_LUAD
CTAAATGAGGTTCATTAGTAGGCT.1|P4_LUAD	P4_LUAD
CTAACAGCAAACCGTAAGTAGGCT.1|P4_LUAD	P4_LUAD
CTAACAGCACGGATACACTTTAGG.1|P4_LUAD	P4_LUAD
CTAACAGCAGCGATCGAGTAGGCT.1|P4_LUAD	P4_LUAD
CTAACAGCAGTAAGTTAACGGGAA.1|P4_LUAD	P4_LUAD
CTAACAGCATTGGACAAACGGGAA.1|P4_LUAD	P4_LUAD
CTAACCATCCAAAGGTACTTTAGG.1|P4_LUAD	P4_LUAD
CTAACCATCCAATTACAACGGGAA.1|P4_LUAD	P4_LUAD
CTAACCATCGGTTCCGAGTAGGCT.1|P4_LUAD	P4_LUAD
CTAACCATCTTGAGGGAGTAGGCT.1|P4_LUAD	P4_LUAD
CTAACCATCTTTAGCGAGTAGGCT.1|P4_LUAD	P4_LUAD
CTAACCGGTGAGAAGGATGTTGAC.1|P4_LUAD	P4_LUAD
CTAACCGGTGGTGCAGAACGGGAA.1|P4_LUAD	P4_LUAD
CTAACCGGTTGGCGAGATGTTGAC.1|P4_LUAD	P4_LUAD
CTAACCTCAACAGATTAACGGGAA.1|P4_LUAD	P4_LUAD
CTAACCTCACCTAAAGACTTTAGG.1|P4_LUAD	P4_LUAD
CTAACCTCATTTCTTCAGTAGGCT.1|P4_LUAD	P4_LUAD
CTAACCTCATTTGGCTATGTTGAC.1|P4_LUAD	P4_LUAD
CTAACTAGTAATTGCCACTTTAGG.1|P4_LUAD	P4_LUAD
CTAACTAGTGACACAAAACGGGAA.1|P4_LUAD	P4_LUAD
CTAACTAGTGTGTTACAGTAGGCT.1|P4_LUAD	P4_LUAD
CTAACTAGTTAGTGAGACTTTAGG.1|P4_LUAD	P4_LUAD
CTAACTAGTTGTCCAGATGTTGAC.1|P4_LUAD	P4_LUAD
CTAACTAGTTTACTGAACTTTAGG.1|P4_LUAD	P4_LUAD
CTAAGATCAACAAGCCACTTTAGG.1|P4_LUAD	P4_LUAD
CTAAGATCAACCATTCAGTAGGCT.1|P4_LUAD	P4_LUAD
CTAAGATCAAGGTGCTACTTTAGG.1|P4_LUAD	P4_LUAD
CTAAGATCAATGAGCCAACGGGAA.1|P4_LUAD	P4_LUAD
CTAAGATCACACTGGGAACGGGAA.1|P4_LUAD	P4_LUAD
CTAAGATCATCATAGGACTTTAGG.1|P4_LUAD	P4_LUAD
CTAAGGCCAGATTCGAACTTTAGG.1|P4_LUAD	P4_LUAD
CTAAGGCCATGACCAAATGTTGAC.1|P4_LUAD	P4_LUAD
CTAAGGCCATTCGGTTACTTTAGG.1|P4_LUAD	P4_LUAD
CTAAGGGTCACCACACACTTTAGG.1|P4_LUAD	P4_LUAD
CTAAGGGTCATAGGCGACTTTAGG.1|P4_LUAD	P4_LUAD
CTAAGGGTCATCGATTATGTTGAC.1|P4_LUAD	P4_LUAD
CTAAGGGTCCCGTTGGAGTAGGCT.1|P4_LUAD	P4_LUAD
CTAAGTAAGCAACATAAGTAGGCT.1|P4_LUAD	P4_LUAD
CTAAGTAAGGATCCAGACTTTAGG.1|P4_LUAD	P4_LUAD
CTAAGTCGTGCGCAAGAACGGGAA.1|P4_LUAD	P4_LUAD
CTAAGTCGTTGGTTACATGTTGAC.1|P4_LUAD	P4_LUAD
CTAAGTGCAAGTGCACACTTTAGG.1|P4_LUAD	P4_LUAD
CTAAGTGCAATAGAGAAACGGGAA.1|P4_LUAD	P4_LUAD
CTAAGTGCAATGGGAGATGTTGAC.1|P4_LUAD	P4_LUAD
CTAAGTGCACAAGCGTACTTTAGG.1|P4_LUAD	P4_LUAD
CTAAGTGCATAACCGAACTTTAGG.1|P4_LUAD	P4_LUAD
CTAAGTGCATCGATAGATGTTGAC.1|P4_LUAD	P4_LUAD
CTAAGTGCATGGTCAAACTTTAGG.1|P4_LUAD	P4_LUAD
CTAATCTAGAAGCATCAGTAGGCT.1|P4_LUAD	P4_LUAD
CTAATCTAGACTTAAGAACGGGAA.1|P4_LUAD	P4_LUAD
CTAATCTAGCCTTAATATGTTGAC.1|P4_LUAD	P4_LUAD
CTAATCTAGTTGACGGACTTTAGG.1|P4_LUAD	P4_LUAD
CTAATGCGTATGTGAGAACGGGAA.1|P4_LUAD	P4_LUAD
CTAATGCGTCTTTATCAACGGGAA.1|P4_LUAD	P4_LUAD
CTAATGCGTGGGAACTATGTTGAC.1|P4_LUAD	P4_LUAD
CTAATGCGTTAGTAGGAACGGGAA.1|P4_LUAD	P4_LUAD
CTACATCCACGATTAGACTTTAGG.1|P4_LUAD	P4_LUAD
CTACATCCATCTATGCAACGGGAA.1|P4_LUAD	P4_LUAD
CTACCAGGTACTTCAAAACGGGAA.1|P4_LUAD	P4_LUAD
CTACCAGGTCGAAGGTAACGGGAA.1|P4_LUAD	P4_LUAD
CTACCAGGTCGTTGCAAGTAGGCT.1|P4_LUAD	P4_LUAD
CTACCAGGTGAAGCACAGTAGGCT.1|P4_LUAD	P4_LUAD
CTACCAGGTGCACAAAACTTTAGG.1|P4_LUAD	P4_LUAD
CTACCAGGTGGTTATCAACGGGAA.1|P4_LUAD	P4_LUAD
CTACCAGGTTGCATCGACTTTAGG.1|P4_LUAD	P4_LUAD
CTACCAGGTTTGTAGCACTTTAGG.1|P4_LUAD	P4_LUAD
CTACCATCAAAGCCTAACTTTAGG.1|P4_LUAD	P4_LUAD
CTACCATCAATTGAACAACGGGAA.1|P4_LUAD	P4_LUAD
CTACCATCACCACATTATGTTGAC.1|P4_LUAD	P4_LUAD
CTACCATCAGGATCCGACTTTAGG.1|P4_LUAD	P4_LUAD
CTACCATCATCGATAGAACGGGAA.1|P4_LUAD	P4_LUAD
CTACCATCATGGCTAAATGTTGAC.1|P4_LUAD	P4_LUAD
CTACCATCATTGTGTCACTTTAGG.1|P4_LUAD	P4_LUAD
CTACCCACAACCGTGGAACGGGAA.1|P4_LUAD	P4_LUAD
CTACCCACAATTCGGAATGTTGAC.1|P4_LUAD	P4_LUAD
CTACCCACACGGATACAACGGGAA.1|P4_LUAD	P4_LUAD
CTACCCACAGAAAGGTAACGGGAA.1|P4_LUAD	P4_LUAD
CTACCGGTCCCGTTGGACTTTAGG.1|P4_LUAD	P4_LUAD
CTACCTAAGATAACCAAACGGGAA.1|P4_LUAD	P4_LUAD
CTACCTAAGCTTGAGGATGTTGAC.1|P4_LUAD	P4_LUAD
CTACGAACACTCCCTTACTTTAGG.1|P4_LUAD	P4_LUAD
CTACGAACAGTTATCCAGTAGGCT.1|P4_LUAD	P4_LUAD
CTACGAACATATGGTGAACGGGAA.1|P4_LUAD	P4_LUAD
CTACTGATCAGCGGGTATGTTGAC.1|P4_LUAD	P4_LUAD
CTACTGATCAGTTAGAAACGGGAA.1|P4_LUAD	P4_LUAD
CTACTGATCCCTCATTAGTAGGCT.1|P4_LUAD	P4_LUAD
CTACTGATCCGTCAACACTTTAGG.1|P4_LUAD	P4_LUAD
CTACTGATCTGGGAATAACGGGAA.1|P4_LUAD	P4_LUAD
CTACTGGGTAAGGTTGACTTTAGG.1|P4_LUAD	P4_LUAD
CTACTGGGTCGAGGCAACTTTAGG.1|P4_LUAD	P4_LUAD
CTACTGGGTCGGTTATACTTTAGG.1|P4_LUAD	P4_LUAD
CTACTGGGTCGTTGCAAACGGGAA.1|P4_LUAD	P4_LUAD
CTACTGGGTGAACCAAAACGGGAA.1|P4_LUAD	P4_LUAD
CTACTGGGTGAACCAAACTTTAGG.1|P4_LUAD	P4_LUAD
CTACTGGGTGTTAGAGAACGGGAA.1|P4_LUAD	P4_LUAD
CTACTGGGTTTGTCAAACTTTAGG.1|P4_LUAD	P4_LUAD
CTAGATAAGCAAATCAATGTTGAC.1|P4_LUAD	P4_LUAD
CTAGATAAGGTTAGGTATGTTGAC.1|P4_LUAD	P4_LUAD
CTAGATGCAATCGTGAACTTTAGG.1|P4_LUAD	P4_LUAD
CTAGATGCAATGGGAGAACGGGAA.1|P4_LUAD	P4_LUAD
CTAGATGCAGATAACTACTTTAGG.1|P4_LUAD	P4_LUAD
CTAGATGCAGCACTAAAGTAGGCT.1|P4_LUAD	P4_LUAD
CTAGATGCAGGATGCTACTTTAGG.1|P4_LUAD	P4_LUAD
CTAGCTGGTATAGCGAAGTAGGCT.1|P4_LUAD	P4_LUAD
CTAGCTGGTTAGTCTAAGTAGGCT.1|P4_LUAD	P4_LUAD
CTAGGCGCAACATAGTACTTTAGG.1|P4_LUAD	P4_LUAD
CTAGGCGCACTCCCAAATGTTGAC.1|P4_LUAD	P4_LUAD
CTAGGCGCAGAATGAAAACGGGAA.1|P4_LUAD	P4_LUAD
CTAGGCGCAGCACGTGAACGGGAA.1|P4_LUAD	P4_LUAD
CTAGGCGCAGCTACCCAGTAGGCT.1|P4_LUAD	P4_LUAD
CTAGGCGCAGGAATAAAGTAGGCT.1|P4_LUAD	P4_LUAD
CTAGGCGCAGTGAGGAACTTTAGG.1|P4_LUAD	P4_LUAD
CTAGGCGCATAAGCTGATGTTGAC.1|P4_LUAD	P4_LUAD
CTAGGCGCATGCGCAGACTTTAGG.1|P4_LUAD	P4_LUAD
CTAGGCGCATTCCTGGAACGGGAA.1|P4_LUAD	P4_LUAD
CTAGGCTTCACGAACGAACGGGAA.1|P4_LUAD	P4_LUAD
CTAGGCTTCATCACATACTTTAGG.1|P4_LUAD	P4_LUAD
CTAGGCTTCGATTAAGAACGGGAA.1|P4_LUAD	P4_LUAD
CTAGGCTTCTCACTAGAGTAGGCT.1|P4_LUAD	P4_LUAD
CTAGGTACAAGCCAGTATGTTGAC.1|P4_LUAD	P4_LUAD
CTAGGTACATCACTCGAACGGGAA.1|P4_LUAD	P4_LUAD
CTAGGTACATCCGCTAAACGGGAA.1|P4_LUAD	P4_LUAD
CTAGGTTGTACCGTTGAACGGGAA.1|P4_LUAD	P4_LUAD
CTAGGTTGTAGTAGGCACTTTAGG.1|P4_LUAD	P4_LUAD
CTAGGTTGTCAAAGGCAGTAGGCT.1|P4_LUAD	P4_LUAD
CTAGGTTGTGGAAGCTATGTTGAC.1|P4_LUAD	P4_LUAD
CTAGTCTCAGCTCGCTACTTTAGG.1|P4_LUAD	P4_LUAD
CTAGTCTCATCCACCAATGTTGAC.1|P4_LUAD	P4_LUAD
CTAGTCTCATGCGCCTACTTTAGG.1|P4_LUAD	P4_LUAD
CTATAGGCAACCGGATACTTTAGG.1|P4_LUAD	P4_LUAD
CTATAGGCAACCTCGCAGTAGGCT.1|P4_LUAD	P4_LUAD
CTATAGGCATATAGGTACTTTAGG.1|P4_LUAD	P4_LUAD
CTATATCAGAGGAAATATGTTGAC.1|P4_LUAD	P4_LUAD
CTATATCAGCAATCCCAACGGGAA.1|P4_LUAD	P4_LUAD
CTATCCGCACATAAACATGTTGAC.1|P4_LUAD	P4_LUAD
CTATCCGCACCATACTAGTAGGCT.1|P4_LUAD	P4_LUAD
CTATCCGCAGGAATAAATGTTGAC.1|P4_LUAD	P4_LUAD
CTATCCGCATCACAGAAGTAGGCT.1|P4_LUAD	P4_LUAD
CTATGAGCAATCGTTCATGTTGAC.1|P4_LUAD	P4_LUAD
CTATGAGCACGCAATAAACGGGAA.1|P4_LUAD	P4_LUAD
CTATGAGCAGTAATACACTTTAGG.1|P4_LUAD	P4_LUAD
CTATGAGCATTAGCGAAACGGGAA.1|P4_LUAD	P4_LUAD
CTATGCTCAAGCCACGACTTTAGG.1|P4_LUAD	P4_LUAD
CTATGCTCAGCCTGAGACTTTAGG.1|P4_LUAD	P4_LUAD
CTATGGCTCACCCTCCAACGGGAA.1|P4_LUAD	P4_LUAD
CTATGGCTCCTAAATCACTTTAGG.1|P4_LUAD	P4_LUAD
CTATGGCTCTATGGCCACTTTAGG.1|P4_LUAD	P4_LUAD
CTATGGGAGCGTGCTTACTTTAGG.1|P4_LUAD	P4_LUAD
CTATGGGAGTCAACTTACTTTAGG.1|P4_LUAD	P4_LUAD
CTATGTCCAAAGGTAAACTTTAGG.1|P4_LUAD	P4_LUAD
CTATGTCCACCTGGTCACTTTAGG.1|P4_LUAD	P4_LUAD
CTATGTCCACTTCGATATGTTGAC.1|P4_LUAD	P4_LUAD
CTATGTCCATTCATGCACTTTAGG.1|P4_LUAD	P4_LUAD
CTATGTCCATTGTGTCACTTTAGG.1|P4_LUAD	P4_LUAD
CTATGTTAGAAACCCGAACGGGAA.1|P4_LUAD	P4_LUAD
CTATGTTAGCTACGTCACTTTAGG.1|P4_LUAD	P4_LUAD
CTATGTTAGGGTTTGGAACGGGAA.1|P4_LUAD	P4_LUAD
CTATGTTAGGTTGCAGATGTTGAC.1|P4_LUAD	P4_LUAD
CTATTACAGCTACGTCAACGGGAA.1|P4_LUAD	P4_LUAD
CTATTACAGCTTAGTTAACGGGAA.1|P4_LUAD	P4_LUAD
CTATTACAGGAACCATAACGGGAA.1|P4_LUAD	P4_LUAD
CTATTACAGGCGAGTCAACGGGAA.1|P4_LUAD	P4_LUAD
CTATTACAGGCTTAAAATGTTGAC.1|P4_LUAD	P4_LUAD
CTATTACAGTAATGGCACTTTAGG.1|P4_LUAD	P4_LUAD
CTATTGAGTACGTTACATGTTGAC.1|P4_LUAD	P4_LUAD
CTATTGAGTGCGGAATACTTTAGG.1|P4_LUAD	P4_LUAD
CTATTGAGTTTAACCAAGTAGGCT.1|P4_LUAD	P4_LUAD
CTATTGAGTTTAGTTGAACGGGAA.1|P4_LUAD	P4_LUAD
CTATTGAGTTTAGTTGACTTTAGG.1|P4_LUAD	P4_LUAD
CTATTGGTCCTCACGGAACGGGAA.1|P4_LUAD	P4_LUAD
CTCAAATTCAAGATGCACTTTAGG.1|P4_LUAD	P4_LUAD
CTCAACATCAGGAGCCATGTTGAC.1|P4_LUAD	P4_LUAD
CTCAACATCCGCCTCTACTTTAGG.1|P4_LUAD	P4_LUAD
CTCAACATCGAACGTGACTTTAGG.1|P4_LUAD	P4_LUAD
CTCAAGACAACCTTGTACTTTAGG.1|P4_LUAD	P4_LUAD
CTCAAGACAAGGGTCTACTTTAGG.1|P4_LUAD	P4_LUAD
CTCAAGACACAAGCGTACTTTAGG.1|P4_LUAD	P4_LUAD
CTCAAGACACACTGGGACTTTAGG.1|P4_LUAD	P4_LUAD
CTCAAGACACATAAGTATGTTGAC.1|P4_LUAD	P4_LUAD
CTCAAGACAGATTGCAAACGGGAA.1|P4_LUAD	P4_LUAD
CTCAAGACAGTAAGTTATGTTGAC.1|P4_LUAD	P4_LUAD
CTCAAGACATAGACCAATGTTGAC.1|P4_LUAD	P4_LUAD
CTCAAGACATCGTTCGAACGGGAA.1|P4_LUAD	P4_LUAD
CTCAAGACATGAGTCAAGTAGGCT.1|P4_LUAD	P4_LUAD
CTCAAGACATGAGTCAATGTTGAC.1|P4_LUAD	P4_LUAD
CTCAAGACATTGAAGTAACGGGAA.1|P4_LUAD	P4_LUAD
CTCAAGCTCATAATCCATGTTGAC.1|P4_LUAD	P4_LUAD
CTCAAGCTCATCACATACTTTAGG.1|P4_LUAD	P4_LUAD
CTCAAGCTCATGCCTAAACGGGAA.1|P4_LUAD	P4_LUAD
CTCAAGCTCCAAACAAATGTTGAC.1|P4_LUAD	P4_LUAD
CTCAAGCTCGAACCGAAGTAGGCT.1|P4_LUAD	P4_LUAD
CTCAAGCTCTGTCAATATGTTGAC.1|P4_LUAD	P4_LUAD
CTCAATAGTATTCGTAAACGGGAA.1|P4_LUAD	P4_LUAD
CTCAATAGTGAATCTCAGTAGGCT.1|P4_LUAD	P4_LUAD
CTCACACAGGTTAGACAACGGGAA.1|P4_LUAD	P4_LUAD
CTCACCCTCAACCGCTACTTTAGG.1|P4_LUAD	P4_LUAD
CTCACCCTCAGCGAATAACGGGAA.1|P4_LUAD	P4_LUAD
CTCACCCTCCAAATAGAACGGGAA.1|P4_LUAD	P4_LUAD
CTCAGCTAGCACGTTCAGTAGGCT.1|P4_LUAD	P4_LUAD
CTCAGCTAGGACAACTAGTAGGCT.1|P4_LUAD	P4_LUAD
CTCAGCTAGGAGGCCTAGTAGGCT.1|P4_LUAD	P4_LUAD
CTCAGCTAGGGCACTAATGTTGAC.1|P4_LUAD	P4_LUAD
CTCAGCTAGTGCTGAGACTTTAGG.1|P4_LUAD	P4_LUAD
CTCAGCTAGTTAGTTCAACGGGAA.1|P4_LUAD	P4_LUAD
CTCAGGGCAACAGGCTACTTTAGG.1|P4_LUAD	P4_LUAD
CTCAGGGCAATCGTTCAACGGGAA.1|P4_LUAD	P4_LUAD
CTCAGGGCACGGTTCCACTTTAGG.1|P4_LUAD	P4_LUAD
CTCAGGGCATTTCGACAACGGGAA.1|P4_LUAD	P4_LUAD
CTCATAAGTCTCACTCAACGGGAA.1|P4_LUAD	P4_LUAD
CTCATAAGTTCACCTCATGTTGAC.1|P4_LUAD	P4_LUAD
CTCATGATCAAACTTCAACGGGAA.1|P4_LUAD	P4_LUAD
CTCATGATCCTTATGGACTTTAGG.1|P4_LUAD	P4_LUAD
CTCATGATCGCTTGGTACTTTAGG.1|P4_LUAD	P4_LUAD
CTCATGATCGGTAAACACTTTAGG.1|P4_LUAD	P4_LUAD
CTCATTACACCGGTAGAACGGGAA.1|P4_LUAD	P4_LUAD
CTCATTACACCTTCTCACTTTAGG.1|P4_LUAD	P4_LUAD
CTCATTACATACTTGCACTTTAGG.1|P4_LUAD	P4_LUAD
CTCCATCGTAATAGGTAACGGGAA.1|P4_LUAD	P4_LUAD
CTCCATCGTACTGCCAAACGGGAA.1|P4_LUAD	P4_LUAD
CTCCATCGTATAGTGGAACGGGAA.1|P4_LUAD	P4_LUAD
CTCCATCGTATAGTGGACTTTAGG.1|P4_LUAD	P4_LUAD
CTCCATCGTCTGTCAGATGTTGAC.1|P4_LUAD	P4_LUAD
CTCCATCGTTTCCAAAAACGGGAA.1|P4_LUAD	P4_LUAD
CTCCTAAAGCGAAGAAATGTTGAC.1|P4_LUAD	P4_LUAD
CTCCTAAAGGGCGGTTACTTTAGG.1|P4_LUAD	P4_LUAD
CTCCTAAAGGTGAGAAAGTAGGCT.1|P4_LUAD	P4_LUAD
CTCCTAAAGGTTATGAAACGGGAA.1|P4_LUAD	P4_LUAD
CTCCTAAAGGTTGCTCAACGGGAA.1|P4_LUAD	P4_LUAD
CTCCTAAAGTTTGGTTAACGGGAA.1|P4_LUAD	P4_LUAD
CTCCTCTCAATACCCTAGTAGGCT.1|P4_LUAD	P4_LUAD
CTCCTCTCAATACCCTATGTTGAC.1|P4_LUAD	P4_LUAD
CTCGACCCAAGCCTAAAACGGGAA.1|P4_LUAD	P4_LUAD
CTCGACCCACATTCGTATGTTGAC.1|P4_LUAD	P4_LUAD
CTCGACCCACGGTACGATGTTGAC.1|P4_LUAD	P4_LUAD
CTCGACCCAGGACTACACTTTAGG.1|P4_LUAD	P4_LUAD
CTCGACTAGCTAAACAAACGGGAA.1|P4_LUAD	P4_LUAD
CTCGACTAGGCGAGTCAACGGGAA.1|P4_LUAD	P4_LUAD
CTCGACTAGGCGAGTCACTTTAGG.1|P4_LUAD	P4_LUAD
CTCGACTAGGTAATTGAGTAGGCT.1|P4_LUAD	P4_LUAD
CTCGACTAGTTAGGCGAACGGGAA.1|P4_LUAD	P4_LUAD
CTCGATCAGCAATCGGAACGGGAA.1|P4_LUAD	P4_LUAD
CTCGATCAGCACTAGGATGTTGAC.1|P4_LUAD	P4_LUAD
CTCGATCAGCTATCCAAACGGGAA.1|P4_LUAD	P4_LUAD
CTCGATCAGCTTACCAATGTTGAC.1|P4_LUAD	P4_LUAD
CTCGATCAGTCGTTCAACTTTAGG.1|P4_LUAD	P4_LUAD
CTCGATCAGTTTGCATAGTAGGCT.1|P4_LUAD	P4_LUAD
CTCGATTCAAGCTATGACTTTAGG.1|P4_LUAD	P4_LUAD
CTCGATTCAATTCGGAACTTTAGG.1|P4_LUAD	P4_LUAD
CTCGATTCACCTTCTCAACGGGAA.1|P4_LUAD	P4_LUAD
CTCGATTCAGATTCGAAACGGGAA.1|P4_LUAD	P4_LUAD
CTCGATTCAGGTAGCTAACGGGAA.1|P4_LUAD	P4_LUAD
CTCGATTCATAGGCGTATGTTGAC.1|P4_LUAD	P4_LUAD
CTCGCTTGTCACGATTACTTTAGG.1|P4_LUAD	P4_LUAD
CTCGCTTGTCGAGGCAACTTTAGG.1|P4_LUAD	P4_LUAD
CTCGCTTGTGACCTTGATGTTGAC.1|P4_LUAD	P4_LUAD
CTCGCTTGTGTGAGACACTTTAGG.1|P4_LUAD	P4_LUAD
CTCGCTTGTGTGATGAAGTAGGCT.1|P4_LUAD	P4_LUAD
CTCGCTTGTTGGGCGAACTTTAGG.1|P4_LUAD	P4_LUAD
CTCGTTAAGACCTTGCACTTTAGG.1|P4_LUAD	P4_LUAD
CTCGTTAAGTTATTGCATGTTGAC.1|P4_LUAD	P4_LUAD
CTCTAACCACCTGGTCACTTTAGG.1|P4_LUAD	P4_LUAD
CTCTAACCAGTAAGGGATGTTGAC.1|P4_LUAD	P4_LUAD
CTCTAACCATCATGTCAGTAGGCT.1|P4_LUAD	P4_LUAD
CTCTAAGTCAACATTCACTTTAGG.1|P4_LUAD	P4_LUAD
CTCTAAGTCCGCCACAAACGGGAA.1|P4_LUAD	P4_LUAD
CTCTAAGTCGAACCTCACTTTAGG.1|P4_LUAD	P4_LUAD
CTCTAAGTCGCGAGTAAACGGGAA.1|P4_LUAD	P4_LUAD
CTCTAAGTCGTGATGGAGTAGGCT.1|P4_LUAD	P4_LUAD
CTCTAAGTCGTGATGGATGTTGAC.1|P4_LUAD	P4_LUAD
CTCTCAGCAATAGCTGAGTAGGCT.1|P4_LUAD	P4_LUAD
CTCTCAGCACAACAATACTTTAGG.1|P4_LUAD	P4_LUAD
CTCTCAGCAGGATTATAGTAGGCT.1|P4_LUAD	P4_LUAD
CTCTCAGCATACCTTAAACGGGAA.1|P4_LUAD	P4_LUAD
CTCTCAGCATGCCTCAAGTAGGCT.1|P4_LUAD	P4_LUAD
CTCTCAGCATGCGGATATGTTGAC.1|P4_LUAD	P4_LUAD
CTCTCGACAAAGTGCCACTTTAGG.1|P4_LUAD	P4_LUAD
CTCTCGACAACGTTAGAACGGGAA.1|P4_LUAD	P4_LUAD
CTCTCGACAAGTTAACAGTAGGCT.1|P4_LUAD	P4_LUAD
CTCTCGACAGTAAGGGAGTAGGCT.1|P4_LUAD	P4_LUAD
CTCTTGAAGAGGCGAGAACGGGAA.1|P4_LUAD	P4_LUAD
CTCTTGAAGATGGATCAGTAGGCT.1|P4_LUAD	P4_LUAD
CTCTTGAAGCCTGCCAATGTTGAC.1|P4_LUAD	P4_LUAD
CTCTTGAAGGCGCAACATGTTGAC.1|P4_LUAD	P4_LUAD
CTGAATCGTGATAAACATGTTGAC.1|P4_LUAD	P4_LUAD
CTGAATCGTGCTGAAAAGTAGGCT.1|P4_LUAD	P4_LUAD
CTGAATCGTTTGTCCCACTTTAGG.1|P4_LUAD	P4_LUAD
CTGAATGCAACAAGCCAACGGGAA.1|P4_LUAD	P4_LUAD
CTGAATGCACCAACAAACTTTAGG.1|P4_LUAD	P4_LUAD
CTGAATGCACCACACCACTTTAGG.1|P4_LUAD	P4_LUAD
CTGAATGCACTGACAAACTTTAGG.1|P4_LUAD	P4_LUAD
CTGAATGCAGCTTTCGAACGGGAA.1|P4_LUAD	P4_LUAD
CTGACCAGTAAAGGCCACTTTAGG.1|P4_LUAD	P4_LUAD
CTGACCAGTCCTGAGCAGTAGGCT.1|P4_LUAD	P4_LUAD
CTGACCAGTTGGATAGAGTAGGCT.1|P4_LUAD	P4_LUAD
CTGAGTCTCCCTCGTCATGTTGAC.1|P4_LUAD	P4_LUAD
CTGAGTCTCGAGAGAAATGTTGAC.1|P4_LUAD	P4_LUAD
CTGATCCAGACAACTAAGTAGGCT.1|P4_LUAD	P4_LUAD
CTGATCCAGCATCTATATGTTGAC.1|P4_LUAD	P4_LUAD
CTGATCCAGCCTTAATAGTAGGCT.1|P4_LUAD	P4_LUAD
CTGATCCAGCTAAATGACTTTAGG.1|P4_LUAD	P4_LUAD
CTGATCCAGTAACGTAAACGGGAA.1|P4_LUAD	P4_LUAD
CTGATCCAGTCAACAAAGTAGGCT.1|P4_LUAD	P4_LUAD
CTGATCCAGTGGACCAACTTTAGG.1|P4_LUAD	P4_LUAD
CTGATCCAGTTATGGAAGTAGGCT.1|P4_LUAD	P4_LUAD
CTGATCCAGTTGACGGAACGGGAA.1|P4_LUAD	P4_LUAD
CTGATGACAGCACTAAAACGGGAA.1|P4_LUAD	P4_LUAD
CTGATGACAGGTGACTATGTTGAC.1|P4_LUAD	P4_LUAD
CTGATGACAGTGAGAGACTTTAGG.1|P4_LUAD	P4_LUAD
CTGATTTAGCTAAACAAACGGGAA.1|P4_LUAD	P4_LUAD
CTGATTTAGCTAAGTAAACGGGAA.1|P4_LUAD	P4_LUAD
CTGATTTAGGTATGGTAACGGGAA.1|P4_LUAD	P4_LUAD
CTGATTTAGGTTGTAAAACGGGAA.1|P4_LUAD	P4_LUAD
CTGCAAACAATACCCTAGTAGGCT.1|P4_LUAD	P4_LUAD
CTGCAACTCAAGTTAGAACGGGAA.1|P4_LUAD	P4_LUAD
CTGCAACTCACCAGCTACTTTAGG.1|P4_LUAD	P4_LUAD
CTGCAACTCATTAGTCATGTTGAC.1|P4_LUAD	P4_LUAD
CTGCAACTCCAAACGGAGTAGGCT.1|P4_LUAD	P4_LUAD
CTGGCTGTCACCTGTAAGTAGGCT.1|P4_LUAD	P4_LUAD
CTGGCTGTCCATGATTATGTTGAC.1|P4_LUAD	P4_LUAD
CTGGCTGTCCCATAATACTTTAGG.1|P4_LUAD	P4_LUAD
CTGGCTGTCGTTAGGGATGTTGAC.1|P4_LUAD	P4_LUAD
CTGGCTGTCTATCACGAGTAGGCT.1|P4_LUAD	P4_LUAD
CTGGTCAGTAATCCTAACTTTAGG.1|P4_LUAD	P4_LUAD
CTGGTCAGTTAAGCTCAACGGGAA.1|P4_LUAD	P4_LUAD
CTGGTCAGTTAATGCCAGTAGGCT.1|P4_LUAD	P4_LUAD
CTGGTGAAGAGGTTCGAACGGGAA.1|P4_LUAD	P4_LUAD
CTGGTGAAGCGCGAACAACGGGAA.1|P4_LUAD	P4_LUAD
CTGGTGAAGGTTTCGCAACGGGAA.1|P4_LUAD	P4_LUAD
CTGGTGAAGTTTCGCAACTTTAGG.1|P4_LUAD	P4_LUAD
CTGGTTATCAGCTACCACTTTAGG.1|P4_LUAD	P4_LUAD
CTGGTTATCATTGTACAACGGGAA.1|P4_LUAD	P4_LUAD
CTGGTTATCCAGAACGACTTTAGG.1|P4_LUAD	P4_LUAD
CTGGTTATCCTAAAGAAGTAGGCT.1|P4_LUAD	P4_LUAD
CTGGTTATCCTAAAGAATGTTGAC.1|P4_LUAD	P4_LUAD
CTGGTTATCCTAATCGAACGGGAA.1|P4_LUAD	P4_LUAD
CTGTCATCACACAAATACTTTAGG.1|P4_LUAD	P4_LUAD
CTGTCATCACTAGTAGAACGGGAA.1|P4_LUAD	P4_LUAD
CTGTCATCAGATTCGAATGTTGAC.1|P4_LUAD	P4_LUAD
CTGTCATCATAGACGCAACGGGAA.1|P4_LUAD	P4_LUAD
CTGTGCAGTACCGCACACTTTAGG.1|P4_LUAD	P4_LUAD
CTGTGCAGTGTTTCGGATGTTGAC.1|P4_LUAD	P4_LUAD
CTGTGCAGTTAACGTCAACGGGAA.1|P4_LUAD	P4_LUAD
CTGTGCAGTTTGCATAATGTTGAC.1|P4_LUAD	P4_LUAD
CTGTGGCGTCAATACCACTTTAGG.1|P4_LUAD	P4_LUAD
CTGTGGCGTGATTAGGAACGGGAA.1|P4_LUAD	P4_LUAD
CTGTGGCGTTTACGACACTTTAGG.1|P4_LUAD	P4_LUAD
CTGTGTGGTTAGTAGGATGTTGAC.1|P4_LUAD	P4_LUAD
CTGTGTGGTTCAAGGAATGTTGAC.1|P4_LUAD	P4_LUAD
CTGTTAAGTCGTTGCAAGTAGGCT.1|P4_LUAD	P4_LUAD
CTGTTAAGTGCGATAAATGTTGAC.1|P4_LUAD	P4_LUAD
CTGTTTACAACAGCTAAGTAGGCT.1|P4_LUAD	P4_LUAD
CTGTTTACACGGATACAACGGGAA.1|P4_LUAD	P4_LUAD
CTTAACAGTAGTAGCAATGTTGAC.1|P4_LUAD	P4_LUAD
CTTAACAGTCACTATAAGTAGGCT.1|P4_LUAD	P4_LUAD
CTTAACAGTGTTCCAGACTTTAGG.1|P4_LUAD	P4_LUAD
CTTAACAGTTCATTGAAACGGGAA.1|P4_LUAD	P4_LUAD
CTTAACAGTTCGGTATAACGGGAA.1|P4_LUAD	P4_LUAD
CTTAACGTCAGTAAGCACTTTAGG.1|P4_LUAD	P4_LUAD
CTTAACGTCTATTGGTACTTTAGG.1|P4_LUAD	P4_LUAD
CTTAACGTCTGTGATTAACGGGAA.1|P4_LUAD	P4_LUAD
CTTAAGCGTAACTACCACTTTAGG.1|P4_LUAD	P4_LUAD
CTTAAGCGTCATGATCACTTTAGG.1|P4_LUAD	P4_LUAD
CTTAAGCGTGGCGTAGACTTTAGG.1|P4_LUAD	P4_LUAD
CTTAAGCGTGTGAGACATGTTGAC.1|P4_LUAD	P4_LUAD
CTTAAGCGTTGCGGCTACTTTAGG.1|P4_LUAD	P4_LUAD
CTTAAGGCAACTAAGTAACGGGAA.1|P4_LUAD	P4_LUAD
CTTAAGGCACCGGTAGAGTAGGCT.1|P4_LUAD	P4_LUAD
CTTAAGTTCACTAATCAACGGGAA.1|P4_LUAD	P4_LUAD
CTTAAGTTCACTAGGGAACGGGAA.1|P4_LUAD	P4_LUAD
CTTAAGTTCAGGTTAAAACGGGAA.1|P4_LUAD	P4_LUAD
CTTAAGTTCCAATACTAACGGGAA.1|P4_LUAD	P4_LUAD
CTTAATGGTAATGCGAACTTTAGG.1|P4_LUAD	P4_LUAD
CTTAATGGTACGATTCAACGGGAA.1|P4_LUAD	P4_LUAD
CTTAATGGTATTCGGTATGTTGAC.1|P4_LUAD	P4_LUAD
CTTAATGGTCACTATAAGTAGGCT.1|P4_LUAD	P4_LUAD
CTTAATGGTTCTCAAAAACGGGAA.1|P4_LUAD	P4_LUAD
CTTAATGGTTTCCTGCAGTAGGCT.1|P4_LUAD	P4_LUAD
CTTACCGCAAGGCTTAACTTTAGG.1|P4_LUAD	P4_LUAD
CTTACCGCACAATCGAAACGGGAA.1|P4_LUAD	P4_LUAD
CTTACCGCACTGACTTACTTTAGG.1|P4_LUAD	P4_LUAD
CTTACCGCAGGCTGTGACTTTAGG.1|P4_LUAD	P4_LUAD
CTTACCGCATCCCTCTACTTTAGG.1|P4_LUAD	P4_LUAD
CTTACCGCATCGGGCAAACGGGAA.1|P4_LUAD	P4_LUAD
CTTACCGCATGGGTTAAACGGGAA.1|P4_LUAD	P4_LUAD
CTTACCTTCACAAGCGAACGGGAA.1|P4_LUAD	P4_LUAD
CTTACCTTCACTTGATAACGGGAA.1|P4_LUAD	P4_LUAD
CTTACCTTCGACCGTTAACGGGAA.1|P4_LUAD	P4_LUAD
CTTACCTTCGGCTAAGATGTTGAC.1|P4_LUAD	P4_LUAD
CTTACCTTCTAATGGAAACGGGAA.1|P4_LUAD	P4_LUAD
CTTACTGAGCTATATCAGTAGGCT.1|P4_LUAD	P4_LUAD
CTTACTGAGTGTAATGATGTTGAC.1|P4_LUAD	P4_LUAD
CTTACTGAGTTGCGCTACTTTAGG.1|P4_LUAD	P4_LUAD
CTTAGAAAGATTCATCATGTTGAC.1|P4_LUAD	P4_LUAD
CTTAGAAAGGAGCCGTAACGGGAA.1|P4_LUAD	P4_LUAD
CTTAGAAAGGTCAAGTACTTTAGG.1|P4_LUAD	P4_LUAD
CTTAGAAAGTCTTGCAAACGGGAA.1|P4_LUAD	P4_LUAD
CTTAGAGCAAGGCTTAAACGGGAA.1|P4_LUAD	P4_LUAD
CTTAGAGCACAGCAACACTTTAGG.1|P4_LUAD	P4_LUAD
CTTAGAGCACCACATTACTTTAGG.1|P4_LUAD	P4_LUAD
CTTAGAGCACTGACAAAGTAGGCT.1|P4_LUAD	P4_LUAD
CTTAGAGCACTGACAAATGTTGAC.1|P4_LUAD	P4_LUAD
CTTAGAGCACTTTATGAGTAGGCT.1|P4_LUAD	P4_LUAD
CTTAGAGCAGCACGTGACTTTAGG.1|P4_LUAD	P4_LUAD
CTTAGAGCAGGACTACAACGGGAA.1|P4_LUAD	P4_LUAD
CTTAGAGCATACTTCAAACGGGAA.1|P4_LUAD	P4_LUAD
CTTAGAGCATTGCGCCAGTAGGCT.1|P4_LUAD	P4_LUAD
CTTAGCCAGCCTATATAACGGGAA.1|P4_LUAD	P4_LUAD
CTTAGCCAGGTAATTGAGTAGGCT.1|P4_LUAD	P4_LUAD
CTTAGCCAGGTGAGAAATGTTGAC.1|P4_LUAD	P4_LUAD
CTTAGCGGTCATGAAGAGTAGGCT.1|P4_LUAD	P4_LUAD
CTTAGCTCACGGTTCCAACGGGAA.1|P4_LUAD	P4_LUAD
CTTAGTAGTAGGTTTCATGTTGAC.1|P4_LUAD	P4_LUAD
CTTAGTAGTGCTCCTTATGTTGAC.1|P4_LUAD	P4_LUAD
CTTAGTAGTTTGTGACATGTTGAC.1|P4_LUAD	P4_LUAD
CTTAGTCCAATACCCTAACGGGAA.1|P4_LUAD	P4_LUAD
CTTAGTCCAATACCCTACTTTAGG.1|P4_LUAD	P4_LUAD
CTTAGTCCACCTAACTAACGGGAA.1|P4_LUAD	P4_LUAD
CTTAGTCCACTAGTCTACTTTAGG.1|P4_LUAD	P4_LUAD
CTTAGTCCACTTTACAACTTTAGG.1|P4_LUAD	P4_LUAD
CTTAGTCCAGGTCAACACTTTAGG.1|P4_LUAD	P4_LUAD
CTTAGTCCATACTTGCAACGGGAA.1|P4_LUAD	P4_LUAD
CTTAGTGTCATCAGCCAGTAGGCT.1|P4_LUAD	P4_LUAD
CTTAGTGTCCATAACTATGTTGAC.1|P4_LUAD	P4_LUAD
CTTAGTGTCCCTTTGTATGTTGAC.1|P4_LUAD	P4_LUAD
CTTAGTGTCTATCACGAACGGGAA.1|P4_LUAD	P4_LUAD
CTTATGTAGGCTCCATACTTTAGG.1|P4_LUAD	P4_LUAD
CTTATGTAGTTGCAAAAACGGGAA.1|P4_LUAD	P4_LUAD
CTTATGTAGTTTCGGCAGTAGGCT.1|P4_LUAD	P4_LUAD
CTTCAACCAAGCCAGTAGTAGGCT.1|P4_LUAD	P4_LUAD
CTTCAACCACACTGGGAACGGGAA.1|P4_LUAD	P4_LUAD
CTTCAATAGAAGCATCAACGGGAA.1|P4_LUAD	P4_LUAD
CTTCAATAGACATAGCACTTTAGG.1|P4_LUAD	P4_LUAD
CTTCAATAGACTTAAGAACGGGAA.1|P4_LUAD	P4_LUAD
CTTCAATAGCACTACCAACGGGAA.1|P4_LUAD	P4_LUAD
CTTCAATAGCGAATGTAGTAGGCT.1|P4_LUAD	P4_LUAD
CTTCAATAGGACTTAAAGTAGGCT.1|P4_LUAD	P4_LUAD
CTTCAATAGGCGCAACACTTTAGG.1|P4_LUAD	P4_LUAD
CTTCAATAGGGTTTGGACTTTAGG.1|P4_LUAD	P4_LUAD
CTTCAATAGGTTGCTCACTTTAGG.1|P4_LUAD	P4_LUAD
CTTCAATAGTTGCAGGAGTAGGCT.1|P4_LUAD	P4_LUAD
CTTCCTCCAAGCCTCCACTTTAGG.1|P4_LUAD	P4_LUAD
CTTCCTCCAAGTAAGAAACGGGAA.1|P4_LUAD	P4_LUAD
CTTCCTCCAATCAAACATGTTGAC.1|P4_LUAD	P4_LUAD
CTTCCTCCAATTAGGTAACGGGAA.1|P4_LUAD	P4_LUAD
CTTCGAATCATGCGTCATGTTGAC.1|P4_LUAD	P4_LUAD
CTTCGAATCCGTCAACAACGGGAA.1|P4_LUAD	P4_LUAD
CTTCGAATCGAACCGAACTTTAGG.1|P4_LUAD	P4_LUAD
CTTCGAATCTATCACGATGTTGAC.1|P4_LUAD	P4_LUAD
CTTCGCCTCACTATGTACTTTAGG.1|P4_LUAD	P4_LUAD
CTTCGCCTCATGCGTCAGTAGGCT.1|P4_LUAD	P4_LUAD
CTTCGCCTCCTCAAGCACTTTAGG.1|P4_LUAD	P4_LUAD
CTTCGCCTCCTTTGGAAGTAGGCT.1|P4_LUAD	P4_LUAD
CTTCGCCTCGAGGCACACTTTAGG.1|P4_LUAD	P4_LUAD
CTTGAACGTCTTACTTAACGGGAA.1|P4_LUAD	P4_LUAD
CTTGAACGTTAGTGAGACTTTAGG.1|P4_LUAD	P4_LUAD
CTTGAACGTTCGATGTACTTTAGG.1|P4_LUAD	P4_LUAD
CTTGACTCAAGGGTCTAACGGGAA.1|P4_LUAD	P4_LUAD
CTTGACTCACGTAGTAAACGGGAA.1|P4_LUAD	P4_LUAD
CTTGACTCAGCCAGCAATGTTGAC.1|P4_LUAD	P4_LUAD
CTTGACTCAGGCAACTATGTTGAC.1|P4_LUAD	P4_LUAD
CTTGACTCATAAGCCAAACGGGAA.1|P4_LUAD	P4_LUAD
CTTGAGGAGACGCATGACTTTAGG.1|P4_LUAD	P4_LUAD
CTTGAGGAGGAAACCTAACGGGAA.1|P4_LUAD	P4_LUAD
CTTGAGGAGGAAACCTACTTTAGG.1|P4_LUAD	P4_LUAD
CTTGAGGAGGTTCGAGAACGGGAA.1|P4_LUAD	P4_LUAD
CTTGATGTCAATTGGAAACGGGAA.1|P4_LUAD	P4_LUAD
CTTGATGTCATAGGTAAACGGGAA.1|P4_LUAD	P4_LUAD
CTTGATGTCCCTCATTACTTTAGG.1|P4_LUAD	P4_LUAD
CTTGATGTCTCACTAGAACGGGAA.1|P4_LUAD	P4_LUAD
CTTGATTAGTGATGGTAGTAGGCT.1|P4_LUAD	P4_LUAD
CTTGCACAGGCTTTATAGTAGGCT.1|P4_LUAD	P4_LUAD
CTTGCACAGGGATTTAAGTAGGCT.1|P4_LUAD	P4_LUAD
CTTGCGCCAACAGCTAAACGGGAA.1|P4_LUAD	P4_LUAD
CTTGCGCCAATGAATCATGTTGAC.1|P4_LUAD	P4_LUAD
CTTGCGCCACCGGTAGACTTTAGG.1|P4_LUAD	P4_LUAD
CTTGCGCCACGTAAATAACGGGAA.1|P4_LUAD	P4_LUAD
CTTGCGCCAGGTAGCTATGTTGAC.1|P4_LUAD	P4_LUAD
CTTGCGCCATCCACCAATGTTGAC.1|P4_LUAD	P4_LUAD
CTTGCGCCATTACACCAGTAGGCT.1|P4_LUAD	P4_LUAD
CTTGCTGCAACTAGTGATGTTGAC.1|P4_LUAD	P4_LUAD
CTTGCTGCAATGGGAGAGTAGGCT.1|P4_LUAD	P4_LUAD
CTTGCTGCATGGGTTAATGTTGAC.1|P4_LUAD	P4_LUAD
CTTGGTTCAAGATAAGAACGGGAA.1|P4_LUAD	P4_LUAD
CTTGGTTCAAGCTATGAACGGGAA.1|P4_LUAD	P4_LUAD
CTTGGTTCACCTATCGATGTTGAC.1|P4_LUAD	P4_LUAD
CTTGGTTCACTATGGAAACGGGAA.1|P4_LUAD	P4_LUAD
CTTGGTTCAGTTGCCCACTTTAGG.1|P4_LUAD	P4_LUAD
CTTGGTTCATGTTTCAATGTTGAC.1|P4_LUAD	P4_LUAD
CTTGTGATCAAGCTCCATGTTGAC.1|P4_LUAD	P4_LUAD
CTTGTGATCAATCGCCAGTAGGCT.1|P4_LUAD	P4_LUAD
CTTGTGATCACTAGGGACTTTAGG.1|P4_LUAD	P4_LUAD
CTTGTGATCATAATCCATGTTGAC.1|P4_LUAD	P4_LUAD
CTTGTGATCATAGGCGACTTTAGG.1|P4_LUAD	P4_LUAD
CTTGTGATCCAACAGGAACGGGAA.1|P4_LUAD	P4_LUAD
CTTGTGATCCTCACGGACTTTAGG.1|P4_LUAD	P4_LUAD
CTTGTGATCTAACTACAACGGGAA.1|P4_LUAD	P4_LUAD
CTTGTGATCTTGAAAGAGTAGGCT.1|P4_LUAD	P4_LUAD
CTTGTGTCAAACAATCACTTTAGG.1|P4_LUAD	P4_LUAD
CTTGTGTCAAGCCTAAAGTAGGCT.1|P4_LUAD	P4_LUAD
CTTGTGTCAATACCCTAACGGGAA.1|P4_LUAD	P4_LUAD
CTTGTGTCACTGACTTATGTTGAC.1|P4_LUAD	P4_LUAD
CTTGTGTCATTGCCTGACTTTAGG.1|P4_LUAD	P4_LUAD
CTTTAACAGCTCAAGGAACGGGAA.1|P4_LUAD	P4_LUAD
CTTTAACAGGGATTTAAACGGGAA.1|P4_LUAD	P4_LUAD
CTTTAAGGTACTGCCAACTTTAGG.1|P4_LUAD	P4_LUAD
CTTTAAGGTAGGAGGAAACGGGAA.1|P4_LUAD	P4_LUAD
CTTTAAGGTCAGTGCCATGTTGAC.1|P4_LUAD	P4_LUAD
CTTTAAGGTCGGTTTGAACGGGAA.1|P4_LUAD	P4_LUAD
CTTTAAGGTGCACTATAACGGGAA.1|P4_LUAD	P4_LUAD
CTTTAAGGTGCACTATACTTTAGG.1|P4_LUAD	P4_LUAD
CTTTAAGGTTGAGTCTATGTTGAC.1|P4_LUAD	P4_LUAD
CTTTAGGTCACTAGGGAACGGGAA.1|P4_LUAD	P4_LUAD
CTTTAGGTCATCAAGAACTTTAGG.1|P4_LUAD	P4_LUAD
CTTTAGGTCGAAACTAAACGGGAA.1|P4_LUAD	P4_LUAD
CTTTAGGTCGCTTGACAACGGGAA.1|P4_LUAD	P4_LUAD
CTTTAGTAGATATTGGAGTAGGCT.1|P4_LUAD	P4_LUAD
CTTTAGTAGCTAACTTACTTTAGG.1|P4_LUAD	P4_LUAD
CTTTAGTAGGTTAGTAATGTTGAC.1|P4_LUAD	P4_LUAD
CTTTAGTAGTCGAAGTAGTAGGCT.1|P4_LUAD	P4_LUAD
CTTTCATGTAAGTCGAAGTAGGCT.1|P4_LUAD	P4_LUAD
CTTTCATGTAGCCAAAACTTTAGG.1|P4_LUAD	P4_LUAD
CTTTCATGTCGAATCTAGTAGGCT.1|P4_LUAD	P4_LUAD
CTTTCATGTCGCAATTACTTTAGG.1|P4_LUAD	P4_LUAD
CTTTCATGTCGTAACTAACGGGAA.1|P4_LUAD	P4_LUAD
CTTTCATGTCGTAACTACTTTAGG.1|P4_LUAD	P4_LUAD
CTTTCATGTGAAGCACACTTTAGG.1|P4_LUAD	P4_LUAD
CTTTCATGTTAACGAGACTTTAGG.1|P4_LUAD	P4_LUAD
CTTTCATGTTATGAGGAGTAGGCT.1|P4_LUAD	P4_LUAD
CTTTCATGTTGGAGCGACTTTAGG.1|P4_LUAD	P4_LUAD
CTTTCATGTTGTTCCCAACGGGAA.1|P4_LUAD	P4_LUAD
CTTTCGTTCCGGCTCAAGTAGGCT.1|P4_LUAD	P4_LUAD
CTTTCGTTCGACCCATAACGGGAA.1|P4_LUAD	P4_LUAD
CTTTCGTTCGATATAGACTTTAGG.1|P4_LUAD	P4_LUAD
CTTTCTATCATGACAAACTTTAGG.1|P4_LUAD	P4_LUAD
CTTTCTATCGCAGCAAATGTTGAC.1|P4_LUAD	P4_LUAD
CTTTCTATCGCTCAGTAGTAGGCT.1|P4_LUAD	P4_LUAD
CTTTCTATCTAACTACAACGGGAA.1|P4_LUAD	P4_LUAD
CTTTCTATCTATTGGTATGTTGAC.1|P4_LUAD	P4_LUAD
CTTTGGATCACAAATGACTTTAGG.1|P4_LUAD	P4_LUAD
CTTTGGATCCAGCTTAATGTTGAC.1|P4_LUAD	P4_LUAD
CTTTGGTCAAGGCCATACTTTAGG.1|P4_LUAD	P4_LUAD
CTTTGGTCAAGTGCACACTTTAGG.1|P4_LUAD	P4_LUAD
CTTTGGTCAATAACCGAACGGGAA.1|P4_LUAD	P4_LUAD
CTTTGGTCAGTTGCCCAACGGGAA.1|P4_LUAD	P4_LUAD
GAAATACGTCAACATCACTTTAGG.1|P4_LUAD	P4_LUAD
GAACAATGTCCATCAGAACGGGAA.1|P4_LUAD	P4_LUAD
GAACAATGTCGCAACCACTTTAGG.1|P4_LUAD	P4_LUAD
GAACAATGTGTGACCCAACGGGAA.1|P4_LUAD	P4_LUAD
GAACAATGTGTTTCGGATGTTGAC.1|P4_LUAD	P4_LUAD
GAACAATGTTAGTTTGAACGGGAA.1|P4_LUAD	P4_LUAD
GAACAGGCAACAGGGAAACGGGAA.1|P4_LUAD	P4_LUAD
GAACAGGCAACCTCGCAACGGGAA.1|P4_LUAD	P4_LUAD
GAACGAAAGAAGGTCTAGTAGGCT.1|P4_LUAD	P4_LUAD
GAACGGCTCAAGGGTTAACGGGAA.1|P4_LUAD	P4_LUAD
GAACTTAAGAGCAAGAAGTAGGCT.1|P4_LUAD	P4_LUAD
GAACTTAAGCACGCAAACTTTAGG.1|P4_LUAD	P4_LUAD
GAACTTAAGCTGATGGACTTTAGG.1|P4_LUAD	P4_LUAD
GAACTTAAGCTTATCGACTTTAGG.1|P4_LUAD	P4_LUAD
GAACTTAAGGATGGTTAACGGGAA.1|P4_LUAD	P4_LUAD
GAACTTAAGGGAGGATAACGGGAA.1|P4_LUAD	P4_LUAD
GAACTTAAGTTTCGCAATGTTGAC.1|P4_LUAD	P4_LUAD
GAACTTGCAAGCCTCCAACGGGAA.1|P4_LUAD	P4_LUAD
GAACTTGCACTTTACAACTTTAGG.1|P4_LUAD	P4_LUAD
GAACTTGCATTAGCGAAGTAGGCT.1|P4_LUAD	P4_LUAD
GAAGAATAGATAGCTAAACGGGAA.1|P4_LUAD	P4_LUAD
GAAGAATAGATTGAGCACTTTAGG.1|P4_LUAD	P4_LUAD
GAAGAATAGGCGATATACTTTAGG.1|P4_LUAD	P4_LUAD
GAAGAATAGTAAAGGGATGTTGAC.1|P4_LUAD	P4_LUAD
GAAGAATAGTCGAAGTAACGGGAA.1|P4_LUAD	P4_LUAD
GAAGCACGTCAGGGCAAACGGGAA.1|P4_LUAD	P4_LUAD
GAAGCCATCAATGTGAACTTTAGG.1|P4_LUAD	P4_LUAD
GAAGCCATCCTTAGATATGTTGAC.1|P4_LUAD	P4_LUAD
GAAGCCATCGTGATGGAACGGGAA.1|P4_LUAD	P4_LUAD
GAAGCCATCTTTGGATACTTTAGG.1|P4_LUAD	P4_LUAD
GAAGGATCAACTTAGGATGTTGAC.1|P4_LUAD	P4_LUAD
GAAGGATCAAGAAATGAACGGGAA.1|P4_LUAD	P4_LUAD
GAAGGATCAATTGAACAACGGGAA.1|P4_LUAD	P4_LUAD
GAAGGATCACCACACCAGTAGGCT.1|P4_LUAD	P4_LUAD
GAAGGATCAGAGGCTTACTTTAGG.1|P4_LUAD	P4_LUAD
GAAGGCTGTGCGGAATACTTTAGG.1|P4_LUAD	P4_LUAD
GAAGGCTGTGCTGATTACTTTAGG.1|P4_LUAD	P4_LUAD
GAAGGGTAGGTTCGAGATGTTGAC.1|P4_LUAD	P4_LUAD
GAAGGGTAGTCATGAAAGTAGGCT.1|P4_LUAD	P4_LUAD
GAAGTATGTAACTAGGAGTAGGCT.1|P4_LUAD	P4_LUAD
GAAGTATGTAATGTCCACTTTAGG.1|P4_LUAD	P4_LUAD
GAAGTATGTACGGGCAAGTAGGCT.1|P4_LUAD	P4_LUAD
GAAGTATGTGGATGCGAACGGGAA.1|P4_LUAD	P4_LUAD
GAAGTATGTGTCCTTCAGTAGGCT.1|P4_LUAD	P4_LUAD
GAAGTATGTTTGTTGAATGTTGAC.1|P4_LUAD	P4_LUAD
GAATAACGTAAGCTAGATGTTGAC.1|P4_LUAD	P4_LUAD
GAATAACGTATTGCGTAACGGGAA.1|P4_LUAD	P4_LUAD
GAATAACGTCAAAGATATGTTGAC.1|P4_LUAD	P4_LUAD
GAATAACGTCATCATAATGTTGAC.1|P4_LUAD	P4_LUAD
GAATAACGTCTATCTTACTTTAGG.1|P4_LUAD	P4_LUAD
GAATAACGTTTATCGAAACGGGAA.1|P4_LUAD	P4_LUAD
GAATAACGTTTGTTGAAACGGGAA.1|P4_LUAD	P4_LUAD
GAATAACGTTTGTTGAACTTTAGG.1|P4_LUAD	P4_LUAD
GAATCACAGATGGATCATGTTGAC.1|P4_LUAD	P4_LUAD
GAATCACAGCGAGGGAAACGGGAA.1|P4_LUAD	P4_LUAD
GAATCACAGTCACTATAACGGGAA.1|P4_LUAD	P4_LUAD
GAATCACAGTCATAAGATGTTGAC.1|P4_LUAD	P4_LUAD
GAATCAGGTAATTGCCAACGGGAA.1|P4_LUAD	P4_LUAD
GAATCAGGTCAGGATAATGTTGAC.1|P4_LUAD	P4_LUAD
GAATCGAGTCAAACTCAGTAGGCT.1|P4_LUAD	P4_LUAD
GAATCGAGTTGCTCCTAGTAGGCT.1|P4_LUAD	P4_LUAD
GAATCGGTCAAGTTTCAGTAGGCT.1|P4_LUAD	P4_LUAD
GAATCGGTCACAGCCTATGTTGAC.1|P4_LUAD	P4_LUAD
GAATCGGTCCGCCACAACTTTAGG.1|P4_LUAD	P4_LUAD
GAATCTAAGACCATGGACTTTAGG.1|P4_LUAD	P4_LUAD
GAATCTAAGCGGCTTTACTTTAGG.1|P4_LUAD	P4_LUAD
GAATCTAAGGATCCCTATGTTGAC.1|P4_LUAD	P4_LUAD
GAATCTAAGTTATCCGATGTTGAC.1|P4_LUAD	P4_LUAD
GAATGACTCAATGTGAACTTTAGG.1|P4_LUAD	P4_LUAD
GAATGACTCCTTTCGTATGTTGAC.1|P4_LUAD	P4_LUAD
GAATGACTCGAGCTAGAGTAGGCT.1|P4_LUAD	P4_LUAD
GAATGCGTCAGCATGGACTTTAGG.1|P4_LUAD	P4_LUAD
GAATGCGTCATGCGGAATGTTGAC.1|P4_LUAD	P4_LUAD
GAATGCGTCCAACATTAACGGGAA.1|P4_LUAD	P4_LUAD
GAATGCGTCCTTATGGATGTTGAC.1|P4_LUAD	P4_LUAD
GAATGCGTCGTTCGTAATGTTGAC.1|P4_LUAD	P4_LUAD
GAATGGTTCGATTATCAGTAGGCT.1|P4_LUAD	P4_LUAD
GAATGGTTCTAAATCCACTTTAGG.1|P4_LUAD	P4_LUAD
GAATGGTTCTATTCGGATGTTGAC.1|P4_LUAD	P4_LUAD
GAATGTCAGACTCAAAACTTTAGG.1|P4_LUAD	P4_LUAD
GAATGTCAGGGAGGCAAACGGGAA.1|P4_LUAD	P4_LUAD
GAATGTCAGGTAAGCTATGTTGAC.1|P4_LUAD	P4_LUAD
GAATGTCAGTCTAACTATGTTGAC.1|P4_LUAD	P4_LUAD
GAATGTCAGTTATTGCACTTTAGG.1|P4_LUAD	P4_LUAD
GAATTGATCAACCGGAAACGGGAA.1|P4_LUAD	P4_LUAD
GAATTGATCACAAAGCAACGGGAA.1|P4_LUAD	P4_LUAD
GAATTGATCACCTTTCATGTTGAC.1|P4_LUAD	P4_LUAD
GAATTGATCCCAGTACACTTTAGG.1|P4_LUAD	P4_LUAD
GAATTGATCGAACCGAAACGGGAA.1|P4_LUAD	P4_LUAD
GAATTGATCGCGAGTAATGTTGAC.1|P4_LUAD	P4_LUAD
GAATTGATCGGGACTAATGTTGAC.1|P4_LUAD	P4_LUAD
GAATTGATCTTACTCCACTTTAGG.1|P4_LUAD	P4_LUAD
GACAAACTCATCCCAAAGTAGGCT.1|P4_LUAD	P4_LUAD
GACAAACTCCTTTGTCACTTTAGG.1|P4_LUAD	P4_LUAD
GACAAACTCGCATTTGATGTTGAC.1|P4_LUAD	P4_LUAD
GACAAACTCGGGACTAAACGGGAA.1|P4_LUAD	P4_LUAD
GACAAACTCTGTGACCAACGGGAA.1|P4_LUAD	P4_LUAD
GACAACTAGACGCATGAACGGGAA.1|P4_LUAD	P4_LUAD
GACAACTAGATTGCAAATGTTGAC.1|P4_LUAD	P4_LUAD
GACAACTAGCAAACCGAACGGGAA.1|P4_LUAD	P4_LUAD
GACAACTAGCAAACCGACTTTAGG.1|P4_LUAD	P4_LUAD
GACAACTAGGGTTTCCAACGGGAA.1|P4_LUAD	P4_LUAD
GACAACTAGTTATGGAAGTAGGCT.1|P4_LUAD	P4_LUAD
GACAATATCATGAATGACTTTAGG.1|P4_LUAD	P4_LUAD
GACAATATCCATCCTTAGTAGGCT.1|P4_LUAD	P4_LUAD
GACAATATCCGCCATGATGTTGAC.1|P4_LUAD	P4_LUAD
GACAATATCCTTATGGACTTTAGG.1|P4_LUAD	P4_LUAD
GACAATATCGATATAGAACGGGAA.1|P4_LUAD	P4_LUAD
GACAGGCTCAATCCTGAGTAGGCT.1|P4_LUAD	P4_LUAD
GACAGGCTCAATTGGAAGTAGGCT.1|P4_LUAD	P4_LUAD
GACAGGCTCAGGCCTTAGTAGGCT.1|P4_LUAD	P4_LUAD
GACAGGCTCATCCCAAAACGGGAA.1|P4_LUAD	P4_LUAD
GACAGGCTCATTTAGCAACGGGAA.1|P4_LUAD	P4_LUAD
GACAGGCTCGAGGCACACTTTAGG.1|P4_LUAD	P4_LUAD
GACAGGCTCGCACACTATGTTGAC.1|P4_LUAD	P4_LUAD
GACAGGCTCGCGTTACACTTTAGG.1|P4_LUAD	P4_LUAD
GACAGGGAGACTAATGATGTTGAC.1|P4_LUAD	P4_LUAD
GACAGGGAGCTTCCTTAACGGGAA.1|P4_LUAD	P4_LUAD
GACAGGGAGTACGGGCACTTTAGG.1|P4_LUAD	P4_LUAD
GACAGTTAGATTGAGCACTTTAGG.1|P4_LUAD	P4_LUAD
GACAGTTAGCAGCCAAAACGGGAA.1|P4_LUAD	P4_LUAD
GACAGTTAGGAACCATATGTTGAC.1|P4_LUAD	P4_LUAD
GACAGTTAGGAAGCAAAACGGGAA.1|P4_LUAD	P4_LUAD
GACAGTTAGTAAGCACATGTTGAC.1|P4_LUAD	P4_LUAD
GACAGTTAGTGCTGAGATGTTGAC.1|P4_LUAD	P4_LUAD
GACAGTTAGTTAGTTCAGTAGGCT.1|P4_LUAD	P4_LUAD
GACATAATCAGCGATGACTTTAGG.1|P4_LUAD	P4_LUAD
GACATAATCATAACCTAACGGGAA.1|P4_LUAD	P4_LUAD
GACATAATCTGTGCACACTTTAGG.1|P4_LUAD	P4_LUAD
GACATCCTCAGCACGAATGTTGAC.1|P4_LUAD	P4_LUAD
GACATCCTCATGGAACACTTTAGG.1|P4_LUAD	P4_LUAD
GACATCCTCGCGGAACAACGGGAA.1|P4_LUAD	P4_LUAD
GACATTAAGGACTTGGATGTTGAC.1|P4_LUAD	P4_LUAD
GACATTAAGGCGCAGTAGTAGGCT.1|P4_LUAD	P4_LUAD
GACATTAAGTTGGCCTAACGGGAA.1|P4_LUAD	P4_LUAD
GACATTCGTATTCGTAAACGGGAA.1|P4_LUAD	P4_LUAD
GACATTCGTATTCGTAACTTTAGG.1|P4_LUAD	P4_LUAD
GACATTCGTGACCTTGACTTTAGG.1|P4_LUAD	P4_LUAD
GACATTCGTGGTTATCAGTAGGCT.1|P4_LUAD	P4_LUAD
GACATTCGTTTACCGGATGTTGAC.1|P4_LUAD	P4_LUAD
GACATTGCAACCTTGTAACGGGAA.1|P4_LUAD	P4_LUAD
GACATTGCATTCAGGAACTTTAGG.1|P4_LUAD	P4_LUAD
GACCAAGTCAGCCCTGACTTTAGG.1|P4_LUAD	P4_LUAD
GACCAAGTCCCTGGTGACTTTAGG.1|P4_LUAD	P4_LUAD
GACCAAGTCCTAAATCAGTAGGCT.1|P4_LUAD	P4_LUAD
GACCAAGTCGATTATCAACGGGAA.1|P4_LUAD	P4_LUAD
GACCAAGTCTCACAATACTTTAGG.1|P4_LUAD	P4_LUAD
GACCAATAGAAACTCAAACGGGAA.1|P4_LUAD	P4_LUAD
GACCAATAGACCATTTACTTTAGG.1|P4_LUAD	P4_LUAD
GACCAATAGCCCGTTGAGTAGGCT.1|P4_LUAD	P4_LUAD
GACCAATAGGCACTAGAACGGGAA.1|P4_LUAD	P4_LUAD
GACCAATAGGCTTATTAACGGGAA.1|P4_LUAD	P4_LUAD
GACCAATAGGCTTATTACTTTAGG.1|P4_LUAD	P4_LUAD
GACCAATAGTCTGTGCAGTAGGCT.1|P4_LUAD	P4_LUAD
GACCAGGGTAAATAGCACTTTAGG.1|P4_LUAD	P4_LUAD
GACCAGGGTCAGGGCAAGTAGGCT.1|P4_LUAD	P4_LUAD
GACCAGGGTTCACTCCACTTTAGG.1|P4_LUAD	P4_LUAD
GACCCAAAGCGAGGGAACTTTAGG.1|P4_LUAD	P4_LUAD
GACCCAAAGTAACTTCAACGGGAA.1|P4_LUAD	P4_LUAD
GACCCAAAGTCACACCAGTAGGCT.1|P4_LUAD	P4_LUAD
GACCCAAAGTCATTCGAGTAGGCT.1|P4_LUAD	P4_LUAD
GACCCAAAGTTTGAGAATGTTGAC.1|P4_LUAD	P4_LUAD
GACCGTGCACTTTACAAACGGGAA.1|P4_LUAD	P4_LUAD
GACCGTGCAGGAATAAACTTTAGG.1|P4_LUAD	P4_LUAD
GACCGTGCATACTTGCAGTAGGCT.1|P4_LUAD	P4_LUAD
GACCGTGCATGCCTCAATGTTGAC.1|P4_LUAD	P4_LUAD
GACCTCAGTCCTGAGCATGTTGAC.1|P4_LUAD	P4_LUAD
GACCTCAGTCTCAGCAAACGGGAA.1|P4_LUAD	P4_LUAD
GACCTCAGTTAATCCAACTTTAGG.1|P4_LUAD	P4_LUAD
GACCTGAAGCTCAAGGACTTTAGG.1|P4_LUAD	P4_LUAD
GACCTGAAGCTCATTGAACGGGAA.1|P4_LUAD	P4_LUAD
GACCTGAAGCTCATTGACTTTAGG.1|P4_LUAD	P4_LUAD
GACCTGAAGGGATGAAAACGGGAA.1|P4_LUAD	P4_LUAD
GACCTTCAGGTTAGCGATGTTGAC.1|P4_LUAD	P4_LUAD
GACGAGGAGAACCTCCACTTTAGG.1|P4_LUAD	P4_LUAD
GACGAGGAGCATCTATAACGGGAA.1|P4_LUAD	P4_LUAD
GACGAGGAGCATCTATACTTTAGG.1|P4_LUAD	P4_LUAD
GACGAGGAGGTCACAGATGTTGAC.1|P4_LUAD	P4_LUAD
GACGCAATCACAAACAATGTTGAC.1|P4_LUAD	P4_LUAD
GACGCAATCATCAAGAACTTTAGG.1|P4_LUAD	P4_LUAD
GACGCAATCCCAAATTAGTAGGCT.1|P4_LUAD	P4_LUAD
GACGCAATCCCGCTGAATGTTGAC.1|P4_LUAD	P4_LUAD
GACGCAATCGGGATGCATGTTGAC.1|P4_LUAD	P4_LUAD
GACGCAATCTTGAAGAATGTTGAC.1|P4_LUAD	P4_LUAD
GACGTAAGTAACCCATAGTAGGCT.1|P4_LUAD	P4_LUAD
GACGTAAGTAATAGGTACTTTAGG.1|P4_LUAD	P4_LUAD
GACGTAAGTTAGTGGAATGTTGAC.1|P4_LUAD	P4_LUAD
GACTAAATCACCACACACTTTAGG.1|P4_LUAD	P4_LUAD
GACTAAATCAGCACAGAACGGGAA.1|P4_LUAD	P4_LUAD
GACTAAATCATTGAGAAACGGGAA.1|P4_LUAD	P4_LUAD
GACTAAATCGAAATGCACTTTAGG.1|P4_LUAD	P4_LUAD
GACTAAATCGCGGATAACTTTAGG.1|P4_LUAD	P4_LUAD
GACTAAATCGGTTCACATGTTGAC.1|P4_LUAD	P4_LUAD
GACTAACAGAGGCGGAACTTTAGG.1|P4_LUAD	P4_LUAD
GACTAACAGCCCGTTGATGTTGAC.1|P4_LUAD	P4_LUAD
GACTAACAGCTTGAGGACTTTAGG.1|P4_LUAD	P4_LUAD
GACTAAGGTCATCCTCATGTTGAC.1|P4_LUAD	P4_LUAD
GACTAAGGTCGAAGGTACTTTAGG.1|P4_LUAD	P4_LUAD
GACTAGTAGCGAGCTAATGTTGAC.1|P4_LUAD	P4_LUAD
GACTAGTAGGAGGCCTACTTTAGG.1|P4_LUAD	P4_LUAD
GACTAGTAGGATCCAGACTTTAGG.1|P4_LUAD	P4_LUAD
GACTCAACAAGTAAGAAACGGGAA.1|P4_LUAD	P4_LUAD
GACTCAACAAGTGCACATGTTGAC.1|P4_LUAD	P4_LUAD
GACTGAGTCAGCATGGATGTTGAC.1|P4_LUAD	P4_LUAD
GACTGAGTCATTAGCTAGTAGGCT.1|P4_LUAD	P4_LUAD
GACTGAGTCCAAACGGACTTTAGG.1|P4_LUAD	P4_LUAD
GACTGAGTCGTTAACTATGTTGAC.1|P4_LUAD	P4_LUAD
GACTTAAAGCATTTCGAACGGGAA.1|P4_LUAD	P4_LUAD
GACTTAAAGCCTATATAACGGGAA.1|P4_LUAD	P4_LUAD
GACTTAAAGGATCCCTAGTAGGCT.1|P4_LUAD	P4_LUAD
GACTTAAAGTGAGGAAACTTTAGG.1|P4_LUAD	P4_LUAD
GACTTAAAGTTAGGCGAACGGGAA.1|P4_LUAD	P4_LUAD
GACTTAAAGTTAGGGTAGTAGGCT.1|P4_LUAD	P4_LUAD
GACTTACGTAATCCTAAACGGGAA.1|P4_LUAD	P4_LUAD
GACTTACGTAATGTCCACTTTAGG.1|P4_LUAD	P4_LUAD
GACTTACGTACGTCCAACTTTAGG.1|P4_LUAD	P4_LUAD
GACTTACGTTGTCCAGATGTTGAC.1|P4_LUAD	P4_LUAD
GACTTACGTTGTGAGAAACGGGAA.1|P4_LUAD	P4_LUAD
GACTTACGTTGTGAGAACTTTAGG.1|P4_LUAD	P4_LUAD
GACTTCGGTCAGGGCAATGTTGAC.1|P4_LUAD	P4_LUAD
GACTTCGGTGGATGGTATGTTGAC.1|P4_LUAD	P4_LUAD
GACTTGCTCACGGACAACTTTAGG.1|P4_LUAD	P4_LUAD
GACTTGCTCCCATAGCAGTAGGCT.1|P4_LUAD	P4_LUAD
GACTTGCTCGCTTGGTAGTAGGCT.1|P4_LUAD	P4_LUAD
GACTTTGTCGAGGCGTACTTTAGG.1|P4_LUAD	P4_LUAD
GAGACCCAGAAGCAAGAACGGGAA.1|P4_LUAD	P4_LUAD
GAGACCCAGACTTAAGATGTTGAC.1|P4_LUAD	P4_LUAD
GAGACCCAGTGAATCAAGTAGGCT.1|P4_LUAD	P4_LUAD
GAGACCCAGTTACATCAGTAGGCT.1|P4_LUAD	P4_LUAD
GAGATACTCAACCGGAAACGGGAA.1|P4_LUAD	P4_LUAD
GAGATACTCCCGCTGAACTTTAGG.1|P4_LUAD	P4_LUAD
GAGATACTCGATGAACACTTTAGG.1|P4_LUAD	P4_LUAD
GAGCAAGCACATTGAGAGTAGGCT.1|P4_LUAD	P4_LUAD
GAGCAAGCACTGTCATAACGGGAA.1|P4_LUAD	P4_LUAD
GAGCAAGCAGCCTGAGACTTTAGG.1|P4_LUAD	P4_LUAD
GAGCAAGCAGTGAGGAAACGGGAA.1|P4_LUAD	P4_LUAD
GAGCAAGCATCACAGAAGTAGGCT.1|P4_LUAD	P4_LUAD
GAGCATGTCAATGTGAACTTTAGG.1|P4_LUAD	P4_LUAD
GAGCATGTCCAGGAATAACGGGAA.1|P4_LUAD	P4_LUAD
GAGCATGTCCTTGTTCACTTTAGG.1|P4_LUAD	P4_LUAD
GAGCATGTCGATTCTGAACGGGAA.1|P4_LUAD	P4_LUAD
GAGCATGTCTCCATCTACTTTAGG.1|P4_LUAD	P4_LUAD
GAGCATGTCTGGGAATAGTAGGCT.1|P4_LUAD	P4_LUAD
GAGCCATCACAATCGAAACGGGAA.1|P4_LUAD	P4_LUAD
GAGCCATCACAGCCAGACTTTAGG.1|P4_LUAD	P4_LUAD
GAGCCATCACCTAACTAACGGGAA.1|P4_LUAD	P4_LUAD
GAGCCATCACGGGCTAATGTTGAC.1|P4_LUAD	P4_LUAD
GAGCCATCAGGATTATAGTAGGCT.1|P4_LUAD	P4_LUAD
GAGCCATCAGTTATGGACTTTAGG.1|P4_LUAD	P4_LUAD
GAGCCATCATCACGAAAACGGGAA.1|P4_LUAD	P4_LUAD
GAGCCTGCAATATGGTATGTTGAC.1|P4_LUAD	P4_LUAD
GAGCCTGCACTCAGTTATGTTGAC.1|P4_LUAD	P4_LUAD
GAGCCTGCAGCAAGCTACTTTAGG.1|P4_LUAD	P4_LUAD
GAGCCTGCATCCCAATACTTTAGG.1|P4_LUAD	P4_LUAD
GAGCCTTTCAATTTGCAGTAGGCT.1|P4_LUAD	P4_LUAD
GAGCCTTTCAGGAGCCAACGGGAA.1|P4_LUAD	P4_LUAD
GAGCCTTTCCAATAGAAGTAGGCT.1|P4_LUAD	P4_LUAD
GAGCCTTTCCTGGTTAATGTTGAC.1|P4_LUAD	P4_LUAD
GAGCCTTTCGGCTAAGACTTTAGG.1|P4_LUAD	P4_LUAD
GAGCCTTTCGGGCAACATGTTGAC.1|P4_LUAD	P4_LUAD
GAGCCTTTCGGTAACGAGTAGGCT.1|P4_LUAD	P4_LUAD
GAGCCTTTCGTCAACCACTTTAGG.1|P4_LUAD	P4_LUAD
GAGCCTTTCTCAGCACACTTTAGG.1|P4_LUAD	P4_LUAD
GAGCTAGTCAATTTGCAACGGGAA.1|P4_LUAD	P4_LUAD
GAGCTAGTCACTAATCATGTTGAC.1|P4_LUAD	P4_LUAD
GAGCTAGTCGAAGTTAATGTTGAC.1|P4_LUAD	P4_LUAD
GAGCTAGTCTCAAGAAAACGGGAA.1|P4_LUAD	P4_LUAD
GAGCTAGTCTCACTAGAACGGGAA.1|P4_LUAD	P4_LUAD
GAGCTATAGAGGCGGAAACGGGAA.1|P4_LUAD	P4_LUAD
GAGCTATAGGTTTCCAATGTTGAC.1|P4_LUAD	P4_LUAD
GAGCTATAGTTGCGCTAACGGGAA.1|P4_LUAD	P4_LUAD
GAGCTGGGTAGCCCGTACTTTAGG.1|P4_LUAD	P4_LUAD
GAGCTGGGTCCCTCTGAGTAGGCT.1|P4_LUAD	P4_LUAD
GAGCTGGGTCGCAACCACTTTAGG.1|P4_LUAD	P4_LUAD
GAGCTTGAGCTATCCAACTTTAGG.1|P4_LUAD	P4_LUAD
GAGCTTGAGGCTAGATACTTTAGG.1|P4_LUAD	P4_LUAD
GAGCTTGAGGCTGTGAATGTTGAC.1|P4_LUAD	P4_LUAD
GAGCTTGAGTGTCCACAACGGGAA.1|P4_LUAD	P4_LUAD
GAGCTTTGTAGCTTTAAGTAGGCT.1|P4_LUAD	P4_LUAD
GAGCTTTGTGGTTCGCACTTTAGG.1|P4_LUAD	P4_LUAD
GAGCTTTGTTGCGCTAAGTAGGCT.1|P4_LUAD	P4_LUAD
GAGGAGTAGACTATTCAACGGGAA.1|P4_LUAD	P4_LUAD
GAGGAGTAGTAACGTAAACGGGAA.1|P4_LUAD	P4_LUAD
GAGGATGCAAACCGGTACTTTAGG.1|P4_LUAD	P4_LUAD
GAGGATGCAACCTGTTAACGGGAA.1|P4_LUAD	P4_LUAD
GAGGATGCAGCTCGAGATGTTGAC.1|P4_LUAD	P4_LUAD
GAGGATGCATCGAACAAACGGGAA.1|P4_LUAD	P4_LUAD
GAGGCAACATAGACGCACTTTAGG.1|P4_LUAD	P4_LUAD
GAGGCAACATCACAGAACTTTAGG.1|P4_LUAD	P4_LUAD
GAGGCAACATCCGGAGAGTAGGCT.1|P4_LUAD	P4_LUAD
GAGGGAGTCCCGTTCCAACGGGAA.1|P4_LUAD	P4_LUAD
GAGGGAGTCGGCTAAGAACGGGAA.1|P4_LUAD	P4_LUAD
GAGGTCCAGAGGATGAATGTTGAC.1|P4_LUAD	P4_LUAD
GAGGTCCAGCCATCACACTTTAGG.1|P4_LUAD	P4_LUAD
GAGGTCCAGCGCTCCAAACGGGAA.1|P4_LUAD	P4_LUAD
GAGGTCCAGGATGCATAACGGGAA.1|P4_LUAD	P4_LUAD
GAGGTCCAGTCATAAGAGTAGGCT.1|P4_LUAD	P4_LUAD
GAGGTTTAGAGGAGTAACTTTAGG.1|P4_LUAD	P4_LUAD
GAGGTTTAGAGGTTTAACTTTAGG.1|P4_LUAD	P4_LUAD
GAGGTTTAGCATCTATAGTAGGCT.1|P4_LUAD	P4_LUAD
GAGGTTTAGGCGAGAGAACGGGAA.1|P4_LUAD	P4_LUAD
GAGGTTTAGTCGAAGTAACGGGAA.1|P4_LUAD	P4_LUAD
GAGGTTTAGTTTGCTGAACGGGAA.1|P4_LUAD	P4_LUAD
GAGTAACTCAGTAGCGAACGGGAA.1|P4_LUAD	P4_LUAD
GAGTAACTCGCGTTCGAACGGGAA.1|P4_LUAD	P4_LUAD
GAGTAATGTAATAGGTATGTTGAC.1|P4_LUAD	P4_LUAD
GAGTAATGTCAATGTCAGTAGGCT.1|P4_LUAD	P4_LUAD
GAGTAATGTGCTCCTTAGTAGGCT.1|P4_LUAD	P4_LUAD
GAGTAATGTGTGGCTCAGTAGGCT.1|P4_LUAD	P4_LUAD
GAGTAATGTTGGGCGAATGTTGAC.1|P4_LUAD	P4_LUAD
GAGTATGGTAAGGTTGATGTTGAC.1|P4_LUAD	P4_LUAD
GAGTATGGTGCTTCTCACTTTAGG.1|P4_LUAD	P4_LUAD
GAGTATGGTGTTGCTGAACGGGAA.1|P4_LUAD	P4_LUAD
GAGTATGGTGTTTGGTAACGGGAA.1|P4_LUAD	P4_LUAD
GAGTATGGTTTGTTGAAGTAGGCT.1|P4_LUAD	P4_LUAD
GAGTGACGTACGTTACAGTAGGCT.1|P4_LUAD	P4_LUAD
GAGTGACGTCCGGGTTATGTTGAC.1|P4_LUAD	P4_LUAD
GAGTGACGTCCTGACAAACGGGAA.1|P4_LUAD	P4_LUAD
GAGTGACGTTGTTTAGAGTAGGCT.1|P4_LUAD	P4_LUAD
GAGTGCGGTAATTTCGACTTTAGG.1|P4_LUAD	P4_LUAD
GAGTGCGGTCCTGAGCACTTTAGG.1|P4_LUAD	P4_LUAD
GAGTGCGGTGGTTACTACTTTAGG.1|P4_LUAD	P4_LUAD
GAGTGCGGTGGTTCTGATGTTGAC.1|P4_LUAD	P4_LUAD
GAGTGCGGTTAGACTCACTTTAGG.1|P4_LUAD	P4_LUAD
GAGTGCGGTTAGCGCCATGTTGAC.1|P4_LUAD	P4_LUAD
GAGTTACAGAAGTAGGAACGGGAA.1|P4_LUAD	P4_LUAD
GAGTTACAGCTTAGTTAGTAGGCT.1|P4_LUAD	P4_LUAD
GAGTTACAGTCAATAGAGTAGGCT.1|P4_LUAD	P4_LUAD
GAGTTACAGTTACAGAAACGGGAA.1|P4_LUAD	P4_LUAD
GAGTTACAGTTTCGGCACTTTAGG.1|P4_LUAD	P4_LUAD
GATAAAGCAGCTACCCACTTTAGG.1|P4_LUAD	P4_LUAD
GATAAAGCATAGCCGGACTTTAGG.1|P4_LUAD	P4_LUAD
GATAGGTTCACGTTATAACGGGAA.1|P4_LUAD	P4_LUAD
GATAGGTTCGCGGAACACTTTAGG.1|P4_LUAD	P4_LUAD
GATATGATCAGGGCACAGTAGGCT.1|P4_LUAD	P4_LUAD
GATATGATCCTGGTTAAACGGGAA.1|P4_LUAD	P4_LUAD
GATATGATCCTTAGGCACTTTAGG.1|P4_LUAD	P4_LUAD
GATATGATCTATCTGGACTTTAGG.1|P4_LUAD	P4_LUAD
GATCAAATCATTGCATACTTTAGG.1|P4_LUAD	P4_LUAD
GATCAAATCCTAAAGAAACGGGAA.1|P4_LUAD	P4_LUAD
GATCACACATAAGCCAACTTTAGG.1|P4_LUAD	P4_LUAD
GATCACACATTGCGCCAGTAGGCT.1|P4_LUAD	P4_LUAD
GATCACACATTGTGAGAACGGGAA.1|P4_LUAD	P4_LUAD
GATCACACATTTCATGACTTTAGG.1|P4_LUAD	P4_LUAD
GATCACACATTTCTTCATGTTGAC.1|P4_LUAD	P4_LUAD
GATCATAAGCAATCCCACTTTAGG.1|P4_LUAD	P4_LUAD
GATCATAAGGCAATCGACTTTAGG.1|P4_LUAD	P4_LUAD
GATCATAAGGGAGGATAACGGGAA.1|P4_LUAD	P4_LUAD
GATCATAAGGTCGAGCACTTTAGG.1|P4_LUAD	P4_LUAD
GATCATAAGTCAATGAATGTTGAC.1|P4_LUAD	P4_LUAD
GATCATAAGTCAGGCAAGTAGGCT.1|P4_LUAD	P4_LUAD
GATCATAAGTCATGAAAACGGGAA.1|P4_LUAD	P4_LUAD
GATCATAAGTGTTTGTATGTTGAC.1|P4_LUAD	P4_LUAD
GATCATAAGTTGCGGAAGTAGGCT.1|P4_LUAD	P4_LUAD
GATCATGCAAGGCGTTAGTAGGCT.1|P4_LUAD	P4_LUAD
GATCATGCAATTAGCGAACGGGAA.1|P4_LUAD	P4_LUAD
GATCATGCACAACATGATGTTGAC.1|P4_LUAD	P4_LUAD
GATCATGCATTTAGCCAGTAGGCT.1|P4_LUAD	P4_LUAD
GATCGATAGACAACACACTTTAGG.1|P4_LUAD	P4_LUAD
GATCGATAGACTGAGTATGTTGAC.1|P4_LUAD	P4_LUAD
GATCGATAGCTCAACCAGTAGGCT.1|P4_LUAD	P4_LUAD
GATCTTAGTAGCCAAAAACGGGAA.1|P4_LUAD	P4_LUAD
GATCTTAGTAGGAGGAACTTTAGG.1|P4_LUAD	P4_LUAD
GATCTTAGTAGTAACGACTTTAGG.1|P4_LUAD	P4_LUAD
GATCTTAGTATGGTGAAGTAGGCT.1|P4_LUAD	P4_LUAD
GATCTTAGTCTTTATCAGTAGGCT.1|P4_LUAD	P4_LUAD
GATCTTAGTGTGGCTCAACGGGAA.1|P4_LUAD	P4_LUAD
GATGACAGTAACCCATACTTTAGG.1|P4_LUAD	P4_LUAD
GATGACAGTGAATCTCACTTTAGG.1|P4_LUAD	P4_LUAD
GATGACAGTGCTTCGAACTTTAGG.1|P4_LUAD	P4_LUAD
GATGACAGTGGCGTAGAGTAGGCT.1|P4_LUAD	P4_LUAD
GATGACAGTTAACGTCAACGGGAA.1|P4_LUAD	P4_LUAD
GATGACAGTTCATTGAATGTTGAC.1|P4_LUAD	P4_LUAD
GATGACAGTTGCCTGAACTTTAGG.1|P4_LUAD	P4_LUAD
GATGCAAGTAAGCGTAAGTAGGCT.1|P4_LUAD	P4_LUAD
GATGCAAGTACCTAGTACTTTAGG.1|P4_LUAD	P4_LUAD
GATGCAAGTCCATCAGAACGGGAA.1|P4_LUAD	P4_LUAD
GATGCAAGTGCACTATAACGGGAA.1|P4_LUAD	P4_LUAD
GATGCAAGTTAAGTCCATGTTGAC.1|P4_LUAD	P4_LUAD
GATGCAAGTTTCTAAGACTTTAGG.1|P4_LUAD	P4_LUAD
GATGCACCAACGACTAAACGGGAA.1|P4_LUAD	P4_LUAD
GATGCACCAATTGCGAACTTTAGG.1|P4_LUAD	P4_LUAD
GATGCACCATAAGCTGAACGGGAA.1|P4_LUAD	P4_LUAD
GATGCCCGTTGCTCCTAGTAGGCT.1|P4_LUAD	P4_LUAD
GATGGACGTAACTACCATGTTGAC.1|P4_LUAD	P4_LUAD
GATGGACGTCAGTGCCAACGGGAA.1|P4_LUAD	P4_LUAD
GATGGACGTGACCTATACTTTAGG.1|P4_LUAD	P4_LUAD
GATGGACGTGCTCATGAGTAGGCT.1|P4_LUAD	P4_LUAD
GATGGACGTGTTTCGGAACGGGAA.1|P4_LUAD	P4_LUAD
GATGGACGTTGCTGTGACTTTAGG.1|P4_LUAD	P4_LUAD
GATGGAGCAATGAGCCATGTTGAC.1|P4_LUAD	P4_LUAD
GATGGAGCACCATCATAACGGGAA.1|P4_LUAD	P4_LUAD
GATGGAGCAGAGGCTTATGTTGAC.1|P4_LUAD	P4_LUAD
GATGGAGCATTGAGATACTTTAGG.1|P4_LUAD	P4_LUAD
GATGGCCAGCAAGACTATGTTGAC.1|P4_LUAD	P4_LUAD
GATGGCCAGGAGTCATACTTTAGG.1|P4_LUAD	P4_LUAD
GATGGCCAGGTATAGCATGTTGAC.1|P4_LUAD	P4_LUAD
GATGGCCAGTCGAAACAACGGGAA.1|P4_LUAD	P4_LUAD
GATGGCCAGTTTACCGACTTTAGG.1|P4_LUAD	P4_LUAD
GATGGCTCAAGGCGTTACTTTAGG.1|P4_LUAD	P4_LUAD
GATGGCTCAAGTGCACAACGGGAA.1|P4_LUAD	P4_LUAD
GATGGCTCACGTAAATATGTTGAC.1|P4_LUAD	P4_LUAD
GATGGCTCAGCAAGCTAGTAGGCT.1|P4_LUAD	P4_LUAD
GATGGCTCAGGGATGAAACGGGAA.1|P4_LUAD	P4_LUAD
GATGGCTCAGGTATTGAGTAGGCT.1|P4_LUAD	P4_LUAD
GATGGCTCAGTTATGGAGTAGGCT.1|P4_LUAD	P4_LUAD
GATGGCTCATGGCCGAATGTTGAC.1|P4_LUAD	P4_LUAD
GATGGTAGTAAGAATCAGTAGGCT.1|P4_LUAD	P4_LUAD
GATGGTAGTAGGAGGAAGTAGGCT.1|P4_LUAD	P4_LUAD
GATGGTAGTGCGGCTTATGTTGAC.1|P4_LUAD	P4_LUAD
GATTAACCAACCCTATAGTAGGCT.1|P4_LUAD	P4_LUAD
GATTAACCAATGAAGAACTTTAGG.1|P4_LUAD	P4_LUAD
GATTAACCATTGCCGCATGTTGAC.1|P4_LUAD	P4_LUAD
GATTACCGTCAATGTCAACGGGAA.1|P4_LUAD	P4_LUAD
GATTACCGTGCTGATTAACGGGAA.1|P4_LUAD	P4_LUAD
GATTAGTCAACAGAGGAGTAGGCT.1|P4_LUAD	P4_LUAD
GATTAGTCAAGTTCCTAGTAGGCT.1|P4_LUAD	P4_LUAD
GATTAGTCAGATAGCCAGTAGGCT.1|P4_LUAD	P4_LUAD
GATTAGTCAGATTCGAAACGGGAA.1|P4_LUAD	P4_LUAD
GATTAGTCAGATTCGAACTTTAGG.1|P4_LUAD	P4_LUAD
GATTATCTCACAAACAACTTTAGG.1|P4_LUAD	P4_LUAD
GATTATCTCACATTACAACGGGAA.1|P4_LUAD	P4_LUAD
GATTATCTCACATTACACTTTAGG.1|P4_LUAD	P4_LUAD
GATTATCTCACTGTCAACTTTAGG.1|P4_LUAD	P4_LUAD
GATTATCTCAGCCTTAATGTTGAC.1|P4_LUAD	P4_LUAD
GATTATCTCATTGAAGAACGGGAA.1|P4_LUAD	P4_LUAD
GATTATCTCCACAATTACTTTAGG.1|P4_LUAD	P4_LUAD
GATTATCTCCCTTTGTAACGGGAA.1|P4_LUAD	P4_LUAD
GATTATCTCGTCCATAATGTTGAC.1|P4_LUAD	P4_LUAD
GATTCAGCAACCGGATATGTTGAC.1|P4_LUAD	P4_LUAD
GATTCAGCAAGAACAAAGTAGGCT.1|P4_LUAD	P4_LUAD
GATTCAGCATCATGTCATGTTGAC.1|P4_LUAD	P4_LUAD
GATTCAGCATGTTTCAACTTTAGG.1|P4_LUAD	P4_LUAD
GATTCCCAGCTCGATCAACGGGAA.1|P4_LUAD	P4_LUAD
GATTCGCTCGCGAGTAAACGGGAA.1|P4_LUAD	P4_LUAD
GATTCGCTCTTTAAGCAGTAGGCT.1|P4_LUAD	P4_LUAD
GATTGACAGAGGCGGAATGTTGAC.1|P4_LUAD	P4_LUAD
GATTGACAGGATTAGCAACGGGAA.1|P4_LUAD	P4_LUAD
GATTGACAGTAACGGTAGTAGGCT.1|P4_LUAD	P4_LUAD
GATTGATCACTTTACAAACGGGAA.1|P4_LUAD	P4_LUAD
GATTGATCACTTTACAACTTTAGG.1|P4_LUAD	P4_LUAD
GATTGCACAAACAAGAAGTAGGCT.1|P4_LUAD	P4_LUAD
GATTGCACAAGACATTACTTTAGG.1|P4_LUAD	P4_LUAD
GATTGCACAGCTACCCAACGGGAA.1|P4_LUAD	P4_LUAD
GATTGCACAGCTAGACATGTTGAC.1|P4_LUAD	P4_LUAD
GATTGCACATCAGGTAAACGGGAA.1|P4_LUAD	P4_LUAD
GATTGCTGTAGACTGAATGTTGAC.1|P4_LUAD	P4_LUAD
GATTGCTGTCCGCTAAACTTTAGG.1|P4_LUAD	P4_LUAD
GATTGCTGTGTCCAGCAACGGGAA.1|P4_LUAD	P4_LUAD
GATTGCTGTGTTGCTGAGTAGGCT.1|P4_LUAD	P4_LUAD
GATTGGCCAACCGTGGAGTAGGCT.1|P4_LUAD	P4_LUAD
GATTGGCCAAGGAATAATGTTGAC.1|P4_LUAD	P4_LUAD
GATTGGCCAATACCCTAGTAGGCT.1|P4_LUAD	P4_LUAD
GATTGGCCACTGACAAACTTTAGG.1|P4_LUAD	P4_LUAD
GATTGGCCACTGTCATACTTTAGG.1|P4_LUAD	P4_LUAD
GATTGGCCATGAAGCCAACGGGAA.1|P4_LUAD	P4_LUAD
GATTGTGCACCAACAAAACGGGAA.1|P4_LUAD	P4_LUAD
GATTGTGCAGCAATTGAGTAGGCT.1|P4_LUAD	P4_LUAD
GATTGTGCAGGGATGAAGTAGGCT.1|P4_LUAD	P4_LUAD
GATTGTGCATCCGGAGATGTTGAC.1|P4_LUAD	P4_LUAD
GATTGTGCATTGCCGCAGTAGGCT.1|P4_LUAD	P4_LUAD
GATTTGAAGGATTATGAACGGGAA.1|P4_LUAD	P4_LUAD
GATTTGAAGTTACCTGACTTTAGG.1|P4_LUAD	P4_LUAD
GATTTGAAGTTATCCGATGTTGAC.1|P4_LUAD	P4_LUAD
GCAAACCCAAACTTCCACTTTAGG.1|P4_LUAD	P4_LUAD
GCAAACCCAGGTATATACTTTAGG.1|P4_LUAD	P4_LUAD
GCAAACTAGAACCTAAACTTTAGG.1|P4_LUAD	P4_LUAD
GCAAACTAGACCATTTACTTTAGG.1|P4_LUAD	P4_LUAD
GCAAACTAGCCCGTTGATGTTGAC.1|P4_LUAD	P4_LUAD
GCAAACTAGCGAATGTACTTTAGG.1|P4_LUAD	P4_LUAD
GCAAACTAGGGTCTAGAACGGGAA.1|P4_LUAD	P4_LUAD
GCAAACTAGTAAACCAACTTTAGG.1|P4_LUAD	P4_LUAD
GCAAATATCAACTGGGAACGGGAA.1|P4_LUAD	P4_LUAD
GCAAATATCACAATGAATGTTGAC.1|P4_LUAD	P4_LUAD
GCAAATATCACGAACGACTTTAGG.1|P4_LUAD	P4_LUAD
GCAAATATCATTGAGAATGTTGAC.1|P4_LUAD	P4_LUAD
GCAAATATCTAACCTGACTTTAGG.1|P4_LUAD	P4_LUAD
GCAAATGGTCATCCCTAACGGGAA.1|P4_LUAD	P4_LUAD
GCAAATGGTTGCATCGAACGGGAA.1|P4_LUAD	P4_LUAD
GCAAATGGTTGGATGAAGTAGGCT.1|P4_LUAD	P4_LUAD
GCAAATTCAACCGTGGACTTTAGG.1|P4_LUAD	P4_LUAD
GCAAATTCACCAGCCTAACGGGAA.1|P4_LUAD	P4_LUAD
GCAAATTCACGAACGTACTTTAGG.1|P4_LUAD	P4_LUAD
GCAAATTCATGGCGCAAGTAGGCT.1|P4_LUAD	P4_LUAD
GCAACGGGTATTCGACACTTTAGG.1|P4_LUAD	P4_LUAD
GCAACGGGTTAAGCCTAACGGGAA.1|P4_LUAD	P4_LUAD
GCAACGGGTTCACCAGACTTTAGG.1|P4_LUAD	P4_LUAD
GCAACGGGTTGGCCACACTTTAGG.1|P4_LUAD	P4_LUAD
GCAACTTGTAACGTGAATGTTGAC.1|P4_LUAD	P4_LUAD
GCAACTTGTACGAATGAGTAGGCT.1|P4_LUAD	P4_LUAD
GCAACTTGTGTTTCGGATGTTGAC.1|P4_LUAD	P4_LUAD
GCAACTTGTTAACGTCATGTTGAC.1|P4_LUAD	P4_LUAD
GCAACTTGTTTGCTCCAACGGGAA.1|P4_LUAD	P4_LUAD
GCAAGAAAGGGTTATAAACGGGAA.1|P4_LUAD	P4_LUAD
GCAAGAAAGTAAGTGCAACGGGAA.1|P4_LUAD	P4_LUAD
GCAAGCCAGCTTAGTTATGTTGAC.1|P4_LUAD	P4_LUAD
GCAAGCCAGCTTATCGACTTTAGG.1|P4_LUAD	P4_LUAD
GCAAGGCTCACAGCCTAGTAGGCT.1|P4_LUAD	P4_LUAD
GCAAGGCTCGAGAGAAATGTTGAC.1|P4_LUAD	P4_LUAD
GCAAGGCTCGAGGCGTACTTTAGG.1|P4_LUAD	P4_LUAD
GCAAGGCTCGGTACGAATGTTGAC.1|P4_LUAD	P4_LUAD
GCAAGGCTCTGCAACCATGTTGAC.1|P4_LUAD	P4_LUAD
GCAAGGTGTAAATAGCACTTTAGG.1|P4_LUAD	P4_LUAD
GCAAGGTGTCCAGCTAAGTAGGCT.1|P4_LUAD	P4_LUAD
GCAAGGTGTGAACGACACTTTAGG.1|P4_LUAD	P4_LUAD
GCAAGGTGTGTCCAATATGTTGAC.1|P4_LUAD	P4_LUAD
GCAAGGTGTGTGAGACACTTTAGG.1|P4_LUAD	P4_LUAD
GCAAGGTGTTTATCGAAACGGGAA.1|P4_LUAD	P4_LUAD
GCAAGTTAGCAGCCAAATGTTGAC.1|P4_LUAD	P4_LUAD
GCAAGTTAGCGCGAACATGTTGAC.1|P4_LUAD	P4_LUAD
GCAAGTTAGCTTATCGAACGGGAA.1|P4_LUAD	P4_LUAD
GCAAGTTAGTAATGGCAACGGGAA.1|P4_LUAD	P4_LUAD
GCAATTAAGACTTAAGACTTTAGG.1|P4_LUAD	P4_LUAD
GCAATTAAGATAGCTAAACGGGAA.1|P4_LUAD	P4_LUAD
GCAATTAAGATGGATCATGTTGAC.1|P4_LUAD	P4_LUAD
GCAATTAAGCCTATATACTTTAGG.1|P4_LUAD	P4_LUAD
GCAATTAAGGTTCATTAGTAGGCT.1|P4_LUAD	P4_LUAD
GCACAAAGTGACCTATACTTTAGG.1|P4_LUAD	P4_LUAD
GCACAAAGTTCACCTCAACGGGAA.1|P4_LUAD	P4_LUAD
GCACAACCAATCAAACACTTTAGG.1|P4_LUAD	P4_LUAD
GCACAACCAATTCGGAAACGGGAA.1|P4_LUAD	P4_LUAD
GCACAACCAGAAACTTACTTTAGG.1|P4_LUAD	P4_LUAD
GCACACCGTAGCCACCAGTAGGCT.1|P4_LUAD	P4_LUAD
GCACAGCAGGACAAAGAGTAGGCT.1|P4_LUAD	P4_LUAD
GCACAGCAGGCCCATTAACGGGAA.1|P4_LUAD	P4_LUAD
GCACAGCAGTTACAGAAGTAGGCT.1|P4_LUAD	P4_LUAD
GCACCAAAGCCAGAGCACTTTAGG.1|P4_LUAD	P4_LUAD
GCACCAAAGGCGGATCACTTTAGG.1|P4_LUAD	P4_LUAD
GCACCAAAGGGTTAACACTTTAGG.1|P4_LUAD	P4_LUAD
GCACGAATCACATTACACTTTAGG.1|P4_LUAD	P4_LUAD
GCACGAATCATGAGGTAACGGGAA.1|P4_LUAD	P4_LUAD
GCACGAATCCTAAATCAGTAGGCT.1|P4_LUAD	P4_LUAD
GCACGAATCTTGAAGAACTTTAGG.1|P4_LUAD	P4_LUAD
GCACTAACAAGAACAAAACGGGAA.1|P4_LUAD	P4_LUAD
GCACTAACAATGGGAGACTTTAGG.1|P4_LUAD	P4_LUAD
GCACTAACACACAAATACTTTAGG.1|P4_LUAD	P4_LUAD
GCACTAACACAGGCTGAGTAGGCT.1|P4_LUAD	P4_LUAD
GCACTAACAGCAATTGACTTTAGG.1|P4_LUAD	P4_LUAD
GCACTAACATGCGCAGATGTTGAC.1|P4_LUAD	P4_LUAD
GCACTCAGTAGTAGCAAACGGGAA.1|P4_LUAD	P4_LUAD
GCACTCAGTTGGTTACACTTTAGG.1|P4_LUAD	P4_LUAD
GCACTCAGTTGTCATAAACGGGAA.1|P4_LUAD	P4_LUAD
GCACTCAGTTTCCTGCACTTTAGG.1|P4_LUAD	P4_LUAD
GCACTTGGTACGATTCAGTAGGCT.1|P4_LUAD	P4_LUAD
GCACTTGGTGCTGCACAGTAGGCT.1|P4_LUAD	P4_LUAD
GCACTTGGTGGTTCGCACTTTAGG.1|P4_LUAD	P4_LUAD
GCACTTGGTGTCCAGCACTTTAGG.1|P4_LUAD	P4_LUAD
GCAGCAATCACTAATCATGTTGAC.1|P4_LUAD	P4_LUAD
GCAGCAATCGCAGGACAGTAGGCT.1|P4_LUAD	P4_LUAD
GCAGCTAAGAGGTTTAACTTTAGG.1|P4_LUAD	P4_LUAD
GCAGCTAAGCACGGTAAGTAGGCT.1|P4_LUAD	P4_LUAD
GCAGCTAAGCTACGTCACTTTAGG.1|P4_LUAD	P4_LUAD
GCAGGCTAGACTATTCATGTTGAC.1|P4_LUAD	P4_LUAD
GCAGGCTAGCCTCTAAAACGGGAA.1|P4_LUAD	P4_LUAD
GCAGGCTAGGCGGATCACTTTAGG.1|P4_LUAD	P4_LUAD
GCAGGCTAGGTATTTCAACGGGAA.1|P4_LUAD	P4_LUAD
GCAGGCTAGGTTGTAAATGTTGAC.1|P4_LUAD	P4_LUAD
GCAGGCTAGTCCTCAAAACGGGAA.1|P4_LUAD	P4_LUAD
GCAGGTTCAACCTCGCAACGGGAA.1|P4_LUAD	P4_LUAD
GCAGGTTCAATACCCTACTTTAGG.1|P4_LUAD	P4_LUAD
GCAGGTTCAATACCCTATGTTGAC.1|P4_LUAD	P4_LUAD
GCAGGTTCAATGGCCGATGTTGAC.1|P4_LUAD	P4_LUAD
GCAGTACCAATGAGCCAGTAGGCT.1|P4_LUAD	P4_LUAD
GCAGTACCATCAAGTGATGTTGAC.1|P4_LUAD	P4_LUAD
GCAGTACCATTTAGCCATGTTGAC.1|P4_LUAD	P4_LUAD
GCAGTTTGTGCAGCTCAACGGGAA.1|P4_LUAD	P4_LUAD
GCAGTTTGTTTCAGGTAGTAGGCT.1|P4_LUAD	P4_LUAD
GCATAAATCACAACAAAACGGGAA.1|P4_LUAD	P4_LUAD
GCATAAATCATGAATGATGTTGAC.1|P4_LUAD	P4_LUAD
GCATAAATCCGGATAGAGTAGGCT.1|P4_LUAD	P4_LUAD
GCATAAATCGAGCTAGAACGGGAA.1|P4_LUAD	P4_LUAD
GCATAAATCTAGCGGAAGTAGGCT.1|P4_LUAD	P4_LUAD
GCATAATCAAAGCTCAAGTAGGCT.1|P4_LUAD	P4_LUAD
GCATAATCACGCCACTATGTTGAC.1|P4_LUAD	P4_LUAD
GCATAATCAGGCTGTGACTTTAGG.1|P4_LUAD	P4_LUAD
GCATCACTCACGTTATAACGGGAA.1|P4_LUAD	P4_LUAD
GCATCACTCAGGGCACACTTTAGG.1|P4_LUAD	P4_LUAD
GCATCACTCCAATGAAATGTTGAC.1|P4_LUAD	P4_LUAD
GCATCACTCCGTTAGCACTTTAGG.1|P4_LUAD	P4_LUAD
GCATCACTCGCAGGACACTTTAGG.1|P4_LUAD	P4_LUAD
GCATCTATCACCAGCTACTTTAGG.1|P4_LUAD	P4_LUAD
GCATCTATCAGGGATTACTTTAGG.1|P4_LUAD	P4_LUAD
GCATCTATCCACAATTATGTTGAC.1|P4_LUAD	P4_LUAD
GCATCTATCGATATTCAACGGGAA.1|P4_LUAD	P4_LUAD
GCATCTATCGGTACCTATGTTGAC.1|P4_LUAD	P4_LUAD
GCATCTATCTTCGCCCAGTAGGCT.1|P4_LUAD	P4_LUAD
GCATGAGTCAATTTGCATGTTGAC.1|P4_LUAD	P4_LUAD
GCATGAGTCAGCCCTGAACGGGAA.1|P4_LUAD	P4_LUAD
GCATGAGTCAGTTAGAACTTTAGG.1|P4_LUAD	P4_LUAD
GCATGAGTCATTACCGACTTTAGG.1|P4_LUAD	P4_LUAD
GCATGAGTCCGCTATAAACGGGAA.1|P4_LUAD	P4_LUAD
GCATGAGTCCTCAAGCACTTTAGG.1|P4_LUAD	P4_LUAD
GCATGAGTCTCACCGGAGTAGGCT.1|P4_LUAD	P4_LUAD
GCATGAGTCTTAATGCATGTTGAC.1|P4_LUAD	P4_LUAD
GCATGCAAGCAATCGGATGTTGAC.1|P4_LUAD	P4_LUAD
GCATGCAAGGATGGTTACTTTAGG.1|P4_LUAD	P4_LUAD
GCATGCAAGTCAAACAATGTTGAC.1|P4_LUAD	P4_LUAD
GCATGCAAGTCAATGAAGTAGGCT.1|P4_LUAD	P4_LUAD
GCATGCAAGTCACCTAATGTTGAC.1|P4_LUAD	P4_LUAD
GCATGCAAGTCTGTGCAACGGGAA.1|P4_LUAD	P4_LUAD
GCATGCTTCACCCTCCACTTTAGG.1|P4_LUAD	P4_LUAD
GCATGCTTCCAAATAGATGTTGAC.1|P4_LUAD	P4_LUAD
GCATGCTTCCAACTATACTTTAGG.1|P4_LUAD	P4_LUAD
GCATGCTTCCACTAATATGTTGAC.1|P4_LUAD	P4_LUAD
GCATGCTTCCTTATGGATGTTGAC.1|P4_LUAD	P4_LUAD
GCATGGATCAAACTTCAGTAGGCT.1|P4_LUAD	P4_LUAD
GCATGGATCAACCTCAACTTTAGG.1|P4_LUAD	P4_LUAD
GCATGGATCGACTCACATGTTGAC.1|P4_LUAD	P4_LUAD
GCATGGATCTTCAAGTACTTTAGG.1|P4_LUAD	P4_LUAD
GCATTACGTCAATGTCAGTAGGCT.1|P4_LUAD	P4_LUAD
GCATTACGTCTAACCGACTTTAGG.1|P4_LUAD	P4_LUAD
GCATTCATCAGGTAACAGTAGGCT.1|P4_LUAD	P4_LUAD
GCATTCATCCATTAACAACGGGAA.1|P4_LUAD	P4_LUAD
GCATTCATCGATATAGACTTTAGG.1|P4_LUAD	P4_LUAD
GCATTCATCTTGAAAGACTTTAGG.1|P4_LUAD	P4_LUAD
GCATTGTGTCCTTCGTACTTTAGG.1|P4_LUAD	P4_LUAD
GCATTGTGTGCTCCAAATGTTGAC.1|P4_LUAD	P4_LUAD
GCATTGTGTGGCTTTGATGTTGAC.1|P4_LUAD	P4_LUAD
GCATTGTGTGTTTCGGAGTAGGCT.1|P4_LUAD	P4_LUAD
GCATTTAGTACGATTCATGTTGAC.1|P4_LUAD	P4_LUAD
GCATTTAGTGGCGTAGATGTTGAC.1|P4_LUAD	P4_LUAD
GCATTTAGTGTGTCGCAGTAGGCT.1|P4_LUAD	P4_LUAD
GCATTTAGTGTTAGAGAGTAGGCT.1|P4_LUAD	P4_LUAD
GCATTTGTCAATTTGCAACGGGAA.1|P4_LUAD	P4_LUAD
GCATTTGTCACCTGTAACTTTAGG.1|P4_LUAD	P4_LUAD
GCATTTGTCATTATGCACTTTAGG.1|P4_LUAD	P4_LUAD
GCATTTGTCCACAACCATGTTGAC.1|P4_LUAD	P4_LUAD
GCATTTGTCCGCAATCATGTTGAC.1|P4_LUAD	P4_LUAD
GCATTTGTCCTCCCACACTTTAGG.1|P4_LUAD	P4_LUAD
GCATTTGTCGAGGCGTAACGGGAA.1|P4_LUAD	P4_LUAD
GCATTTGTCGGTAACGACTTTAGG.1|P4_LUAD	P4_LUAD
GCCAACAAGACATAGCACTTTAGG.1|P4_LUAD	P4_LUAD
GCCAACAAGCTCGACTATGTTGAC.1|P4_LUAD	P4_LUAD
GCCAACAAGGTTGGGCATGTTGAC.1|P4_LUAD	P4_LUAD
GCCAACAAGTCGAAGTATGTTGAC.1|P4_LUAD	P4_LUAD
GCCAATACAAATAGGAACTTTAGG.1|P4_LUAD	P4_LUAD
GCCAATACAACAGGGAAACGGGAA.1|P4_LUAD	P4_LUAD
GCCAATACACAGCCAGAGTAGGCT.1|P4_LUAD	P4_LUAD
GCCAATACATAACCAGACTTTAGG.1|P4_LUAD	P4_LUAD
GCCACAAAGCAAACCGAACGGGAA.1|P4_LUAD	P4_LUAD
GCCACAAAGCGATAACAACGGGAA.1|P4_LUAD	P4_LUAD
GCCACAAAGCGCTAGAATGTTGAC.1|P4_LUAD	P4_LUAD
GCCAGTTTCCCTCGTCAACGGGAA.1|P4_LUAD	P4_LUAD
GCCAGTTTCGCTATATATGTTGAC.1|P4_LUAD	P4_LUAD
GCCAGTTTCTATGCATACTTTAGG.1|P4_LUAD	P4_LUAD
GCCATAACATCAAGTGAACGGGAA.1|P4_LUAD	P4_LUAD
GCCATAACATGACATGACTTTAGG.1|P4_LUAD	P4_LUAD
GCCATAGAGACTCAAAACTTTAGG.1|P4_LUAD	P4_LUAD
GCCATAGAGATGCCTCATGTTGAC.1|P4_LUAD	P4_LUAD
GCCATAGAGCAAAGCTATGTTGAC.1|P4_LUAD	P4_LUAD
GCCATAGAGGCTAGATAACGGGAA.1|P4_LUAD	P4_LUAD
GCCATAGAGTAGCTAAACTTTAGG.1|P4_LUAD	P4_LUAD
GCCATCAGTCGTTCGAATGTTGAC.1|P4_LUAD	P4_LUAD
GCCATCAGTTGGCGAGACTTTAGG.1|P4_LUAD	P4_LUAD
GCCATCAGTTGTCATAATGTTGAC.1|P4_LUAD	P4_LUAD
GCCATTTCAAAGCCTAAACGGGAA.1|P4_LUAD	P4_LUAD
GCCATTTCAAGGGTCTACTTTAGG.1|P4_LUAD	P4_LUAD
GCCATTTCACACAAATAACGGGAA.1|P4_LUAD	P4_LUAD
GCCCAATTCAGCACGAACTTTAGG.1|P4_LUAD	P4_LUAD
GCCCAATTCAGTCTATACTTTAGG.1|P4_LUAD	P4_LUAD
GCCCAATTCTCACCGGACTTTAGG.1|P4_LUAD	P4_LUAD
GCCCAGTGTCATGAAGATGTTGAC.1|P4_LUAD	P4_LUAD
GCCCAGTGTGAACCAAAACGGGAA.1|P4_LUAD	P4_LUAD
GCCCAGTGTGTCCTTCATGTTGAC.1|P4_LUAD	P4_LUAD
GCCCAGTGTGTTAGTCACTTTAGG.1|P4_LUAD	P4_LUAD
GCCCATAGTAAGCGTAAACGGGAA.1|P4_LUAD	P4_LUAD
GCCCATAGTCCGGGTTACTTTAGG.1|P4_LUAD	P4_LUAD
GCCCATAGTTGTTTGAAGTAGGCT.1|P4_LUAD	P4_LUAD
GCCCATTAGGCACAATATGTTGAC.1|P4_LUAD	P4_LUAD
GCCCATTAGGTCAAGTACTTTAGG.1|P4_LUAD	P4_LUAD
GCCCATTAGGTTAGACATGTTGAC.1|P4_LUAD	P4_LUAD
GCCCTCAAGCACTAGGACTTTAGG.1|P4_LUAD	P4_LUAD
GCCCTCAAGGATGGTTAACGGGAA.1|P4_LUAD	P4_LUAD
GCCCTCAAGGCACTAGAACGGGAA.1|P4_LUAD	P4_LUAD
GCCCTCAAGGCGCAACAACGGGAA.1|P4_LUAD	P4_LUAD
GCCCTCAAGTCGAAGTAGTAGGCT.1|P4_LUAD	P4_LUAD
GCCCTGATCAATGTTCAACGGGAA.1|P4_LUAD	P4_LUAD
GCCCTGATCAGGTAGTAGTAGGCT.1|P4_LUAD	P4_LUAD
GCCCTGATCAGGTAGTATGTTGAC.1|P4_LUAD	P4_LUAD
GCCCTTGAGGATGTTAAACGGGAA.1|P4_LUAD	P4_LUAD
GCCCTTTGTACGAATGACTTTAGG.1|P4_LUAD	P4_LUAD
GCCCTTTGTATCCGCAACTTTAGG.1|P4_LUAD	P4_LUAD
GCCCTTTGTCATGCATATGTTGAC.1|P4_LUAD	P4_LUAD
GCCCTTTGTTAAGTCCATGTTGAC.1|P4_LUAD	P4_LUAD
GCCCTTTGTTTGGCCAACTTTAGG.1|P4_LUAD	P4_LUAD
GCCGCTTCAACAGCTAACTTTAGG.1|P4_LUAD	P4_LUAD
GCCGCTTCAGCACGTGAGTAGGCT.1|P4_LUAD	P4_LUAD
GCCGCTTCATACTTCAAGTAGGCT.1|P4_LUAD	P4_LUAD
GCCGCTTCATGGCTAAAACGGGAA.1|P4_LUAD	P4_LUAD
GCCGTGACAAACGGTCACTTTAGG.1|P4_LUAD	P4_LUAD
GCCGTGACACATTGAGAGTAGGCT.1|P4_LUAD	P4_LUAD
GCCGTGACAGCTAAGCACTTTAGG.1|P4_LUAD	P4_LUAD
GCCTAATGTAACTTGCATGTTGAC.1|P4_LUAD	P4_LUAD
GCCTAATGTACACCCAAACGGGAA.1|P4_LUAD	P4_LUAD
GCCTCATAGATAACCAAACGGGAA.1|P4_LUAD	P4_LUAD
GCCTCATAGATAACGCACTTTAGG.1|P4_LUAD	P4_LUAD
GCCTCATAGCAACATAAACGGGAA.1|P4_LUAD	P4_LUAD
GCCTCATAGCACCTTAATGTTGAC.1|P4_LUAD	P4_LUAD
GCCTCATAGGTTCCGTATGTTGAC.1|P4_LUAD	P4_LUAD
GCCTCATAGTAAAGGGATGTTGAC.1|P4_LUAD	P4_LUAD
GCCTCATAGTATGGTAAACGGGAA.1|P4_LUAD	P4_LUAD
GCCTCATAGTCAACAAAACGGGAA.1|P4_LUAD	P4_LUAD
GCCTCATAGTCGAAGTATGTTGAC.1|P4_LUAD	P4_LUAD
GCCTCATAGTCTAACTATGTTGAC.1|P4_LUAD	P4_LUAD
GCCTCGATCAGTAGGTAACGGGAA.1|P4_LUAD	P4_LUAD
GCCTCGATCATGCGTCAACGGGAA.1|P4_LUAD	P4_LUAD
GCCTCGATCCATTAACATGTTGAC.1|P4_LUAD	P4_LUAD
GCCTCGATCGATTAAGATGTTGAC.1|P4_LUAD	P4_LUAD
GCCTCGATCGTCCCGAAGTAGGCT.1|P4_LUAD	P4_LUAD
GCCTCGATCTACTACGACTTTAGG.1|P4_LUAD	P4_LUAD
GCCTCGATCTTAATGCACTTTAGG.1|P4_LUAD	P4_LUAD
GCCTGAGCAACTATCCACTTTAGG.1|P4_LUAD	P4_LUAD
GCCTGAGCAATTGAACACTTTAGG.1|P4_LUAD	P4_LUAD
GCCTGAGCAGAAAGGTATGTTGAC.1|P4_LUAD	P4_LUAD
GCCTGAGCATATCGCTAGTAGGCT.1|P4_LUAD	P4_LUAD
GCCTGCATCAGTTAGAACTTTAGG.1|P4_LUAD	P4_LUAD
GCCTGCATCGAGGCACACTTTAGG.1|P4_LUAD	P4_LUAD
GCCTGCATCTTAATGCACTTTAGG.1|P4_LUAD	P4_LUAD
GCGAACGGTCAATTCAAACGGGAA.1|P4_LUAD	P4_LUAD
GCGAACGGTTGCTCCTATGTTGAC.1|P4_LUAD	P4_LUAD
GCGAATGTCAGCGAATATGTTGAC.1|P4_LUAD	P4_LUAD
GCGAATGTCAGCGGGTAACGGGAA.1|P4_LUAD	P4_LUAD
GCGAATGTCGCCTCGAAACGGGAA.1|P4_LUAD	P4_LUAD
GCGAATGTCGGGATGCACTTTAGG.1|P4_LUAD	P4_LUAD
GCGAATGTCTAATCACATGTTGAC.1|P4_LUAD	P4_LUAD
GCGAGCTAGATTCCCAATGTTGAC.1|P4_LUAD	P4_LUAD
GCGAGCTAGCAAACTAAACGGGAA.1|P4_LUAD	P4_LUAD
GCGAGCTAGCATCTATAACGGGAA.1|P4_LUAD	P4_LUAD
GCGAGCTAGGCAAGTTAACGGGAA.1|P4_LUAD	P4_LUAD
GCGAGCTAGTTACTCGATGTTGAC.1|P4_LUAD	P4_LUAD
GCGAGGTTCATAACCTACTTTAGG.1|P4_LUAD	P4_LUAD
GCGAGGTTCCTGCAACACTTTAGG.1|P4_LUAD	P4_LUAD
GCGAGGTTCGATTGAAAGTAGGCT.1|P4_LUAD	P4_LUAD
GCGATAAGTGCTTCTCATGTTGAC.1|P4_LUAD	P4_LUAD
GCGATAAGTGTTAGAGACTTTAGG.1|P4_LUAD	P4_LUAD
GCGATAAGTTAATCCAATGTTGAC.1|P4_LUAD	P4_LUAD
GCGATAAGTTAGGTAGATGTTGAC.1|P4_LUAD	P4_LUAD
GCGATAAGTTCGGTATACTTTAGG.1|P4_LUAD	P4_LUAD
GCGATAAGTTTCCTCAAACGGGAA.1|P4_LUAD	P4_LUAD
GCGATAAGTTTCCTCAACTTTAGG.1|P4_LUAD	P4_LUAD
GCGATTGAGATAACCAAACGGGAA.1|P4_LUAD	P4_LUAD
GCGATTGAGCAGCCAAACTTTAGG.1|P4_LUAD	P4_LUAD
GCGATTGAGGATCCAGATGTTGAC.1|P4_LUAD	P4_LUAD
GCGCAACAGATGGATCACTTTAGG.1|P4_LUAD	P4_LUAD
GCGCAACAGATGGATCAGTAGGCT.1|P4_LUAD	P4_LUAD
GCGCAACAGCATGTGGAACGGGAA.1|P4_LUAD	P4_LUAD
GCGCAACAGCCCTGATACTTTAGG.1|P4_LUAD	P4_LUAD
GCGCAACAGGTTTCCAAGTAGGCT.1|P4_LUAD	P4_LUAD
GCGCAACAGTACGGGCAACGGGAA.1|P4_LUAD	P4_LUAD
GCGCAACAGTTGACGGACTTTAGG.1|P4_LUAD	P4_LUAD
GCGCAAGGTAGCTTGTACTTTAGG.1|P4_LUAD	P4_LUAD
GCGCAAGGTTCAAGCTATGTTGAC.1|P4_LUAD	P4_LUAD
GCGCAAGGTTGCATCGAGTAGGCT.1|P4_LUAD	P4_LUAD
GCGCAAGGTTTGACTAACTTTAGG.1|P4_LUAD	P4_LUAD
GCGCAATCAAATATGCAACGGGAA.1|P4_LUAD	P4_LUAD
GCGCAATCAAGCTCAAAGTAGGCT.1|P4_LUAD	P4_LUAD
GCGCAATCACATAGATATGTTGAC.1|P4_LUAD	P4_LUAD
GCGCAATCACCACATTAACGGGAA.1|P4_LUAD	P4_LUAD
GCGCAATCATGACCAAATGTTGAC.1|P4_LUAD	P4_LUAD
GCGCACACAACTTCGTATGTTGAC.1|P4_LUAD	P4_LUAD
GCGCACACACGTGCTCACTTTAGG.1|P4_LUAD	P4_LUAD
GCGCACACACTATGGAACTTTAGG.1|P4_LUAD	P4_LUAD
GCGCACACATAAGCCAAGTAGGCT.1|P4_LUAD	P4_LUAD
GCGCACACATTTCATGATGTTGAC.1|P4_LUAD	P4_LUAD
GCGCCTATCACAGGGCAACGGGAA.1|P4_LUAD	P4_LUAD
GCGCCTATCACAGGGCACTTTAGG.1|P4_LUAD	P4_LUAD
GCGCCTATCACGAACGAACGGGAA.1|P4_LUAD	P4_LUAD
GCGCCTATCAGCTACCATGTTGAC.1|P4_LUAD	P4_LUAD
GCGCCTATCCAGCTTAAACGGGAA.1|P4_LUAD	P4_LUAD
GCGCTAAAGCCATCGTACTTTAGG.1|P4_LUAD	P4_LUAD
GCGCTAAAGCCTGCCAAACGGGAA.1|P4_LUAD	P4_LUAD
GCGCTACGTAAACCCTAACGGGAA.1|P4_LUAD	P4_LUAD
GCGCTACGTAAACTGGACTTTAGG.1|P4_LUAD	P4_LUAD
GCGCTACGTAGCGCGAACTTTAGG.1|P4_LUAD	P4_LUAD
GCGCTACGTTGGAGCGATGTTGAC.1|P4_LUAD	P4_LUAD
GCGCTTAGTAATTTCGACTTTAGG.1|P4_LUAD	P4_LUAD
GCGCTTAGTATTACCAACTTTAGG.1|P4_LUAD	P4_LUAD
GCGCTTAGTCCACAATACTTTAGG.1|P4_LUAD	P4_LUAD
GCGCTTAGTCGAGGCAATGTTGAC.1|P4_LUAD	P4_LUAD
GCGCTTAGTTAAGGCAATGTTGAC.1|P4_LUAD	P4_LUAD
GCGCTTAGTTCATTAGACTTTAGG.1|P4_LUAD	P4_LUAD
GCGGATTCAAAGAACAAACGGGAA.1|P4_LUAD	P4_LUAD
GCGGATTCAAGTGGCTACTTTAGG.1|P4_LUAD	P4_LUAD
GCGGATTCAGCTCGCTAGTAGGCT.1|P4_LUAD	P4_LUAD
GCGGATTCATACCTTAACTTTAGG.1|P4_LUAD	P4_LUAD
GCGGATTCATTTCGCGACTTTAGG.1|P4_LUAD	P4_LUAD
GCGGGTTAGCAGGTCAAACGGGAA.1|P4_LUAD	P4_LUAD
GCGGGTTAGCAGGTCAACTTTAGG.1|P4_LUAD	P4_LUAD
GCGGGTTAGCATTTCGATGTTGAC.1|P4_LUAD	P4_LUAD
GCGGGTTAGGCGAGTCAACGGGAA.1|P4_LUAD	P4_LUAD
GCGGGTTAGGGAGGATACTTTAGG.1|P4_LUAD	P4_LUAD
GCGGGTTAGTCTTGCAAGTAGGCT.1|P4_LUAD	P4_LUAD
GCGGTAATCAACCGCTACTTTAGG.1|P4_LUAD	P4_LUAD
GCGGTAATCACCACACACTTTAGG.1|P4_LUAD	P4_LUAD
GCGGTAATCATTGAGAAGTAGGCT.1|P4_LUAD	P4_LUAD
GCGGTAATCCAGAAACAACGGGAA.1|P4_LUAD	P4_LUAD
GCGGTAATCCATAAAGATGTTGAC.1|P4_LUAD	P4_LUAD
GCGGTAATCGAAGGCCAGTAGGCT.1|P4_LUAD	P4_LUAD
GCGGTAATCGAAGGCCATGTTGAC.1|P4_LUAD	P4_LUAD
GCGGTAATCGAGCTAGATGTTGAC.1|P4_LUAD	P4_LUAD
GCGGTAATCTCAAGAAAACGGGAA.1|P4_LUAD	P4_LUAD
GCGGTAATCTCAAGAAACTTTAGG.1|P4_LUAD	P4_LUAD
GCGGTAATCTGTCAGCATGTTGAC.1|P4_LUAD	P4_LUAD
GCGGTTCGTAAGCGTAAACGGGAA.1|P4_LUAD	P4_LUAD
GCGGTTCGTACGAACAAACGGGAA.1|P4_LUAD	P4_LUAD
GCGGTTCGTCAGTGCCATGTTGAC.1|P4_LUAD	P4_LUAD
GCGTGTTTCAATCCTGAACGGGAA.1|P4_LUAD	P4_LUAD
GCGTGTTTCATAATGGAACGGGAA.1|P4_LUAD	P4_LUAD
GCGTGTTTCCGGATAGACTTTAGG.1|P4_LUAD	P4_LUAD
GCGTGTTTCCTTGTTCAGTAGGCT.1|P4_LUAD	P4_LUAD
GCGTGTTTCGAGGCGTAACGGGAA.1|P4_LUAD	P4_LUAD
GCGTGTTTCGCGCATTATGTTGAC.1|P4_LUAD	P4_LUAD
GCGTGTTTCTAAGTCTATGTTGAC.1|P4_LUAD	P4_LUAD
GCGTTACTCAAGGTACAACGGGAA.1|P4_LUAD	P4_LUAD
GCGTTACTCAAGTTAGACTTTAGG.1|P4_LUAD	P4_LUAD
GCGTTACTCAGCGAATAGTAGGCT.1|P4_LUAD	P4_LUAD
GCGTTACTCCCTGGATAGTAGGCT.1|P4_LUAD	P4_LUAD
GCGTTACTCCTTTGAGAGTAGGCT.1|P4_LUAD	P4_LUAD
GCGTTACTCGCCTCTCATGTTGAC.1|P4_LUAD	P4_LUAD
GCGTTATGTAATGGATACTTTAGG.1|P4_LUAD	P4_LUAD
GCGTTATGTTAGTGAGACTTTAGG.1|P4_LUAD	P4_LUAD
GCGTTTGGTCAATTGCACTTTAGG.1|P4_LUAD	P4_LUAD
GCGTTTGGTGCTCCAAAACGGGAA.1|P4_LUAD	P4_LUAD
GCTAAATCAACAGCACACTTTAGG.1|P4_LUAD	P4_LUAD
GCTAAATCAACCCTATAACGGGAA.1|P4_LUAD	P4_LUAD
GCTAAATCAATGTGGCAGTAGGCT.1|P4_LUAD	P4_LUAD
GCTAAATCATTAGTGGAACGGGAA.1|P4_LUAD	P4_LUAD
GCTAACCTCAATCCTGAACGGGAA.1|P4_LUAD	P4_LUAD
GCTAACCTCAATTGGAACTTTAGG.1|P4_LUAD	P4_LUAD
GCTAACCTCCGTGACTACTTTAGG.1|P4_LUAD	P4_LUAD
GCTAACCTCGCAACGAAACGGGAA.1|P4_LUAD	P4_LUAD
GCTAACCTCTGCAACCACTTTAGG.1|P4_LUAD	P4_LUAD
GCTAACGAGCGAAGCCACTTTAGG.1|P4_LUAD	P4_LUAD
GCTAACGAGGCCTCTGACTTTAGG.1|P4_LUAD	P4_LUAD
GCTAACGAGGGCACTAATGTTGAC.1|P4_LUAD	P4_LUAD
GCTAACGAGTACCAGGAACGGGAA.1|P4_LUAD	P4_LUAD
GCTAACTGTCGTTATAAGTAGGCT.1|P4_LUAD	P4_LUAD
GCTAACTGTGATTACCAGTAGGCT.1|P4_LUAD	P4_LUAD
GCTAACTGTTCGGTCAACTTTAGG.1|P4_LUAD	P4_LUAD
GCTAATAAGGCCATGAATGTTGAC.1|P4_LUAD	P4_LUAD
GCTAATAAGGGTTATAACTTTAGG.1|P4_LUAD	P4_LUAD
GCTAATAAGTGTTTCGATGTTGAC.1|P4_LUAD	P4_LUAD
GCTAATAAGTTTACCGAACGGGAA.1|P4_LUAD	P4_LUAD
GCTACAACAACCCTATATGTTGAC.1|P4_LUAD	P4_LUAD
GCTACAACAGGTCAACAACGGGAA.1|P4_LUAD	P4_LUAD
GCTACAACATCGTTCGAGTAGGCT.1|P4_LUAD	P4_LUAD
GCTACTATCACGAACGAGTAGGCT.1|P4_LUAD	P4_LUAD
GCTACTATCCCTCGCTAGTAGGCT.1|P4_LUAD	P4_LUAD
GCTACTATCCTCCCACAACGGGAA.1|P4_LUAD	P4_LUAD
GCTAGACCAACAGCACACTTTAGG.1|P4_LUAD	P4_LUAD
GCTAGACCAGCGGATTACTTTAGG.1|P4_LUAD	P4_LUAD
GCTAGACCAGGCTATAAACGGGAA.1|P4_LUAD	P4_LUAD
GCTAGATAGGACTTGGAACGGGAA.1|P4_LUAD	P4_LUAD
GCTAGATAGGTATTTCAACGGGAA.1|P4_LUAD	P4_LUAD
GCTAGATAGGTGAGAAAACGGGAA.1|P4_LUAD	P4_LUAD
GCTAGTCTCCGCCATGATGTTGAC.1|P4_LUAD	P4_LUAD
GCTAGTCTCGGGACTAAGTAGGCT.1|P4_LUAD	P4_LUAD
GCTAGTCTCTTAAGCTAACGGGAA.1|P4_LUAD	P4_LUAD
GCTAGTCTCTTAAGCTACTTTAGG.1|P4_LUAD	P4_LUAD
GCTATAAAGCATTACTACTTTAGG.1|P4_LUAD	P4_LUAD
GCTATAAAGGTTGCAGACTTTAGG.1|P4_LUAD	P4_LUAD
GCTATCCAGACTGAGTATGTTGAC.1|P4_LUAD	P4_LUAD
GCTATCCAGAGGCGTCAGTAGGCT.1|P4_LUAD	P4_LUAD
GCTATCCAGCAAGTTAATGTTGAC.1|P4_LUAD	P4_LUAD
GCTATCCAGCGAAGTTAGTAGGCT.1|P4_LUAD	P4_LUAD
GCTATCCAGGAAACCTACTTTAGG.1|P4_LUAD	P4_LUAD
GCTATCCAGGGTTGCAAACGGGAA.1|P4_LUAD	P4_LUAD
GCTATCCAGGTAATTGAACGGGAA.1|P4_LUAD	P4_LUAD
GCTATCCAGGTGAATCATGTTGAC.1|P4_LUAD	P4_LUAD
GCTATGCTCAAGCTCCATGTTGAC.1|P4_LUAD	P4_LUAD
GCTATGCTCCAGAAACACTTTAGG.1|P4_LUAD	P4_LUAD
GCTATGCTCCATAAAGACTTTAGG.1|P4_LUAD	P4_LUAD
GCTATGCTCCGCAACTATGTTGAC.1|P4_LUAD	P4_LUAD
GCTATGCTCGATTCTGATGTTGAC.1|P4_LUAD	P4_LUAD
GCTATGCTCGTCCATAATGTTGAC.1|P4_LUAD	P4_LUAD
GCTATGCTCTAATTGCAGTAGGCT.1|P4_LUAD	P4_LUAD
GCTATTAGTAATAGGTAGTAGGCT.1|P4_LUAD	P4_LUAD
GCTATTAGTAATAGGTATGTTGAC.1|P4_LUAD	P4_LUAD
GCTATTAGTCTTTATCAACGGGAA.1|P4_LUAD	P4_LUAD
GCTATTAGTGATCCTGACTTTAGG.1|P4_LUAD	P4_LUAD
GCTATTAGTGGATGGTAACGGGAA.1|P4_LUAD	P4_LUAD
GCTATTGTCCTTTGAGAACGGGAA.1|P4_LUAD	P4_LUAD
GCTATTGTCGATTGAAAGTAGGCT.1|P4_LUAD	P4_LUAD
GCTATTGTCTGGAAACAGTAGGCT.1|P4_LUAD	P4_LUAD
GCTCAATGTAATCCGTAACGGGAA.1|P4_LUAD	P4_LUAD
GCTCAATGTACTAACCATGTTGAC.1|P4_LUAD	P4_LUAD
GCTCAATGTATGTTGCATGTTGAC.1|P4_LUAD	P4_LUAD
GCTCACCCAAATAAGGACTTTAGG.1|P4_LUAD	P4_LUAD
GCTCACCCAACCTTGTATGTTGAC.1|P4_LUAD	P4_LUAD
GCTCACCCATTTGGAGATGTTGAC.1|P4_LUAD	P4_LUAD
GCTCACTAGCCATCGTATGTTGAC.1|P4_LUAD	P4_LUAD
GCTCACTAGCCTGCCAACTTTAGG.1|P4_LUAD	P4_LUAD
GCTCACTAGGCAAGCCAACGGGAA.1|P4_LUAD	P4_LUAD
GCTCAGGCAAGTTAACACTTTAGG.1|P4_LUAD	P4_LUAD
GCTCAGGCATGCAATGATGTTGAC.1|P4_LUAD	P4_LUAD
GCTCAGGCATTGACTCACTTTAGG.1|P4_LUAD	P4_LUAD
GCTCCATAGGAGGATAACTTTAGG.1|P4_LUAD	P4_LUAD
GCTCCATAGTTTCGCAAACGGGAA.1|P4_LUAD	P4_LUAD
GCTCCTGAGGTGAGGGAGTAGGCT.1|P4_LUAD	P4_LUAD
GCTCCTGAGTAAGCTAACTTTAGG.1|P4_LUAD	P4_LUAD
GCTCCTGAGTAGCGCAACTTTAGG.1|P4_LUAD	P4_LUAD
GCTCCTGAGTCAATGAAACGGGAA.1|P4_LUAD	P4_LUAD
GCTCGCTCAATGGGAGAACGGGAA.1|P4_LUAD	P4_LUAD
GCTGAAAGTAGGTGACATGTTGAC.1|P4_LUAD	P4_LUAD
GCTGAAAGTCTCAGCAAACGGGAA.1|P4_LUAD	P4_LUAD
GCTGAAAGTGTGTTACACTTTAGG.1|P4_LUAD	P4_LUAD
GCTGAATAGTACCCACAACGGGAA.1|P4_LUAD	P4_LUAD
GCTGAATAGTCACCTAAACGGGAA.1|P4_LUAD	P4_LUAD
GCTGAATAGTCGAAACAACGGGAA.1|P4_LUAD	P4_LUAD
GCTGACTTCCGAATTTACTTTAGG.1|P4_LUAD	P4_LUAD
GCTGACTTCGAGGCACACTTTAGG.1|P4_LUAD	P4_LUAD
GCTGACTTCGTTCGTAAACGGGAA.1|P4_LUAD	P4_LUAD
GCTGACTTCTAGCCTAAACGGGAA.1|P4_LUAD	P4_LUAD
GCTGATGAGACAACTAAGTAGGCT.1|P4_LUAD	P4_LUAD
GCTGATGAGATAATCGAACGGGAA.1|P4_LUAD	P4_LUAD
GCTGATGAGCGCGAACACTTTAGG.1|P4_LUAD	P4_LUAD
GCTGATGAGCTAAACAAGTAGGCT.1|P4_LUAD	P4_LUAD
GCTGATGAGGATGAAGACTTTAGG.1|P4_LUAD	P4_LUAD
GCTGATGAGGTTAGGTATGTTGAC.1|P4_LUAD	P4_LUAD
GCTGATGAGGTTCTTGACTTTAGG.1|P4_LUAD	P4_LUAD
GCTGATGAGTCACCTAAGTAGGCT.1|P4_LUAD	P4_LUAD
GCTGATGAGTTAACAGATGTTGAC.1|P4_LUAD	P4_LUAD
GCTGCTCCACATACCTACTTTAGG.1|P4_LUAD	P4_LUAD
GCTGGATCACGCAATAAACGGGAA.1|P4_LUAD	P4_LUAD
GCTGGATCACTAGTCTAACGGGAA.1|P4_LUAD	P4_LUAD
GCTGGATCAGCACGTGATGTTGAC.1|P4_LUAD	P4_LUAD
GCTGGATCATTCGGTTAACGGGAA.1|P4_LUAD	P4_LUAD
GCTGGGTAGCCACTCGACTTTAGG.1|P4_LUAD	P4_LUAD
GCTGGGTAGCGCCTTGATGTTGAC.1|P4_LUAD	P4_LUAD
GCTGGGTAGGTCAAACACTTTAGG.1|P4_LUAD	P4_LUAD
GCTGGGTAGTGTGAGTAACGGGAA.1|P4_LUAD	P4_LUAD
GCTGGTAAGAAAGGCAACTTTAGG.1|P4_LUAD	P4_LUAD
GCTGGTAAGACGCATGACTTTAGG.1|P4_LUAD	P4_LUAD
GCTGGTAAGCACGTTCAACGGGAA.1|P4_LUAD	P4_LUAD
GCTGGTAAGGTGTCCTAACGGGAA.1|P4_LUAD	P4_LUAD
GCTGGTAAGGTGTCCTATGTTGAC.1|P4_LUAD	P4_LUAD
GCTGGTAAGTCATAAGATGTTGAC.1|P4_LUAD	P4_LUAD
GCTGGTAAGTTGACCCACTTTAGG.1|P4_LUAD	P4_LUAD
GCTGGTAAGTTTCCAGAACGGGAA.1|P4_LUAD	P4_LUAD
GCTGTAACAAGCTATGAGTAGGCT.1|P4_LUAD	P4_LUAD
GCTGTAACAAGGTGCTACTTTAGG.1|P4_LUAD	P4_LUAD
GCTGTAACATTGTACCATGTTGAC.1|P4_LUAD	P4_LUAD
GCTGTCAGTCGAATCTATGTTGAC.1|P4_LUAD	P4_LUAD
GCTGTCAGTGGACCCTAGTAGGCT.1|P4_LUAD	P4_LUAD
GCTGTCAGTTAAGCCTACTTTAGG.1|P4_LUAD	P4_LUAD
GCTGTCAGTTAAGCTCATGTTGAC.1|P4_LUAD	P4_LUAD
GCTGTCAGTTCGGTCAAACGGGAA.1|P4_LUAD	P4_LUAD
GCTGTCAGTTGTCCAGACTTTAGG.1|P4_LUAD	P4_LUAD
GCTGTTGGTGCAGCTCAGTAGGCT.1|P4_LUAD	P4_LUAD
GCTGTTGGTTAGTTTGACTTTAGG.1|P4_LUAD	P4_LUAD
GCTTACATCATCGATTACTTTAGG.1|P4_LUAD	P4_LUAD
GCTTACATCTCAAACTACTTTAGG.1|P4_LUAD	P4_LUAD
GCTTAGCTCAAACTTCACTTTAGG.1|P4_LUAD	P4_LUAD
GCTTAGCTCCTGTTCTAACGGGAA.1|P4_LUAD	P4_LUAD
GCTTAGGAGCGTGCTTACTTTAGG.1|P4_LUAD	P4_LUAD
GCTTAGGAGCTAAGTAATGTTGAC.1|P4_LUAD	P4_LUAD
GCTTAGGAGGGTTGGCATGTTGAC.1|P4_LUAD	P4_LUAD
GCTTATTAGCTAGCCTATGTTGAC.1|P4_LUAD	P4_LUAD
GCTTATTAGTTTGAGAAACGGGAA.1|P4_LUAD	P4_LUAD
GCTTCATCACTCAAAGATGTTGAC.1|P4_LUAD	P4_LUAD
GCTTCATCAGCTTAAGAACGGGAA.1|P4_LUAD	P4_LUAD
GCTTCATCAGGCTATAACTTTAGG.1|P4_LUAD	P4_LUAD
GCTTCATCATCAAGCAAGTAGGCT.1|P4_LUAD	P4_LUAD
GCTTCGGTCAACCAAAAACGGGAA.1|P4_LUAD	P4_LUAD
GCTTCGGTCCTCACTTAACGGGAA.1|P4_LUAD	P4_LUAD
GCTTCTAAGATAGCCGAACGGGAA.1|P4_LUAD	P4_LUAD
GCTTGAACAACTAGTGAACGGGAA.1|P4_LUAD	P4_LUAD
GCTTGAACAACTTAGGACTTTAGG.1|P4_LUAD	P4_LUAD
GCTTGAACAAGCTTTCATGTTGAC.1|P4_LUAD	P4_LUAD
GCTTGAACATCCGGAGAACGGGAA.1|P4_LUAD	P4_LUAD
GCTTGATGTAACCCATAACGGGAA.1|P4_LUAD	P4_LUAD
GCTTGATGTAATCCTAATGTTGAC.1|P4_LUAD	P4_LUAD
GCTTGATGTCAAACTCAGTAGGCT.1|P4_LUAD	P4_LUAD
GCTTGCGTCAAAGGCTATGTTGAC.1|P4_LUAD	P4_LUAD
GCTTGCGTCACAAAGCACTTTAGG.1|P4_LUAD	P4_LUAD
GCTTGCGTCAGCGAATATGTTGAC.1|P4_LUAD	P4_LUAD
GCTTGCGTCATGGATAAACGGGAA.1|P4_LUAD	P4_LUAD
GCTTGCGTCCGAATTTAACGGGAA.1|P4_LUAD	P4_LUAD
GCTTGCGTCCGTCCAGAACGGGAA.1|P4_LUAD	P4_LUAD
GCTTGCGTCCGTTAGCAGTAGGCT.1|P4_LUAD	P4_LUAD
GCTTGCGTCCTGCAACAACGGGAA.1|P4_LUAD	P4_LUAD
GCTTGCGTCCTTAGATATGTTGAC.1|P4_LUAD	P4_LUAD
GCTTGCGTCGATTAAGAACGGGAA.1|P4_LUAD	P4_LUAD
GCTTGCGTCGTAACCCACTTTAGG.1|P4_LUAD	P4_LUAD
GCTTGCGTCTAAGTCTATGTTGAC.1|P4_LUAD	P4_LUAD
GCTTGGTTCCAATACTATGTTGAC.1|P4_LUAD	P4_LUAD
GCTTGGTTCTCAAACTACTTTAGG.1|P4_LUAD	P4_LUAD
GCTTGTTCACATAGATAGTAGGCT.1|P4_LUAD	P4_LUAD
GCTTGTTCACTAACGAAACGGGAA.1|P4_LUAD	P4_LUAD
GCTTGTTCATAAGTCGACTTTAGG.1|P4_LUAD	P4_LUAD
GCTTTCAAGAAACCCGAGTAGGCT.1|P4_LUAD	P4_LUAD
GCTTTCAAGAATGGGAATGTTGAC.1|P4_LUAD	P4_LUAD
GCTTTCAAGCTCGATCACTTTAGG.1|P4_LUAD	P4_LUAD
GCTTTGTCAGCGATCGATGTTGAC.1|P4_LUAD	P4_LUAD
GGAAATTGTAATGGATAGTAGGCT.1|P4_LUAD	P4_LUAD
GGAAATTGTCCTCACTAGTAGGCT.1|P4_LUAD	P4_LUAD
GGAAATTGTGACCTTGAGTAGGCT.1|P4_LUAD	P4_LUAD
GGAAATTGTTGTGAGAACTTTAGG.1|P4_LUAD	P4_LUAD
GGAAATTGTTTACCGGATGTTGAC.1|P4_LUAD	P4_LUAD
GGAACAAAGCACGTTCACTTTAGG.1|P4_LUAD	P4_LUAD
GGAACAAAGTACCCACATGTTGAC.1|P4_LUAD	P4_LUAD
GGAACCGGTCAACTACATGTTGAC.1|P4_LUAD	P4_LUAD
GGAACCGGTGATAAACAACGGGAA.1|P4_LUAD	P4_LUAD
GGAACCGGTGCTGAAAAGTAGGCT.1|P4_LUAD	P4_LUAD
GGAACCGGTTTGACTAATGTTGAC.1|P4_LUAD	P4_LUAD
GGAACCTCAAACTGGCAACGGGAA.1|P4_LUAD	P4_LUAD
GGAACCTCAAGGCTTAAGTAGGCT.1|P4_LUAD	P4_LUAD
GGAACCTCATATAGGTAACGGGAA.1|P4_LUAD	P4_LUAD
GGAACCTCATGTTTCAACTTTAGG.1|P4_LUAD	P4_LUAD
GGAACCTCATTTATCGACTTTAGG.1|P4_LUAD	P4_LUAD
GGAACTAGTGGTTAAGAACGGGAA.1|P4_LUAD	P4_LUAD
GGAACTAGTGGTTCGCATGTTGAC.1|P4_LUAD	P4_LUAD
GGAACTAGTTAGTGGAATGTTGAC.1|P4_LUAD	P4_LUAD
GGAAGCCTCAAGCGATATGTTGAC.1|P4_LUAD	P4_LUAD
GGAAGCCTCACGAACGATGTTGAC.1|P4_LUAD	P4_LUAD
GGAAGCCTCCCTGGATACTTTAGG.1|P4_LUAD	P4_LUAD
GGAAGCCTCCGGATAGAGTAGGCT.1|P4_LUAD	P4_LUAD
GGAAGCCTCCTCACTTACTTTAGG.1|P4_LUAD	P4_LUAD
GGAAGCCTCGCGAGTAACTTTAGG.1|P4_LUAD	P4_LUAD
GGAAGCCTCGTAACTTAGTAGGCT.1|P4_LUAD	P4_LUAD
GGAAGTAAGCAAACTAATGTTGAC.1|P4_LUAD	P4_LUAD
GGAAGTTTCACAGGGCAACGGGAA.1|P4_LUAD	P4_LUAD
GGAAGTTTCAGGAGCCAGTAGGCT.1|P4_LUAD	P4_LUAD
GGAAGTTTCATGACCCACTTTAGG.1|P4_LUAD	P4_LUAD
GGAAGTTTCCTTTCTAAACGGGAA.1|P4_LUAD	P4_LUAD
GGAAGTTTCGCCACATATGTTGAC.1|P4_LUAD	P4_LUAD
GGAAGTTTCGCTCAGTAACGGGAA.1|P4_LUAD	P4_LUAD
GGAAGTTTCTGGAAACAACGGGAA.1|P4_LUAD	P4_LUAD
GGAATAACAACCTCGCATGTTGAC.1|P4_LUAD	P4_LUAD
GGAATAACACGGGCTAAACGGGAA.1|P4_LUAD	P4_LUAD
GGAATAACAGCACGTGAACGGGAA.1|P4_LUAD	P4_LUAD
GGAATCTAGATGCTAAATGTTGAC.1|P4_LUAD	P4_LUAD
GGAATCTAGGGTGGGAAGTAGGCT.1|P4_LUAD	P4_LUAD
GGAATCTAGGTCACAGAACGGGAA.1|P4_LUAD	P4_LUAD
GGACATAGTAGCCATTAGTAGGCT.1|P4_LUAD	P4_LUAD
GGACATAGTGCAGCTCAGTAGGCT.1|P4_LUAD	P4_LUAD
GGACATAGTGTGACCCAGTAGGCT.1|P4_LUAD	P4_LUAD
GGACATAGTTGCGGCTACTTTAGG.1|P4_LUAD	P4_LUAD
GGACATCCAATCATCCACTTTAGG.1|P4_LUAD	P4_LUAD
GGACATCCAGCTTAAGACTTTAGG.1|P4_LUAD	P4_LUAD
GGACATCCATAAGCCAAACGGGAA.1|P4_LUAD	P4_LUAD
GGACATCCATACTGAGACTTTAGG.1|P4_LUAD	P4_LUAD
GGACCAGGTCCCTCTGATGTTGAC.1|P4_LUAD	P4_LUAD
GGACCAGGTGGACACGAACGGGAA.1|P4_LUAD	P4_LUAD
GGACCAGGTTCGATGTAGTAGGCT.1|P4_LUAD	P4_LUAD
GGACCAGGTTGTGAGAAGTAGGCT.1|P4_LUAD	P4_LUAD
GGACCCACAACGACTAACTTTAGG.1|P4_LUAD	P4_LUAD
GGACCCACAAGGTTATATGTTGAC.1|P4_LUAD	P4_LUAD
GGACCCACATCATCACACTTTAGG.1|P4_LUAD	P4_LUAD
GGACCTTTCCAAACAAATGTTGAC.1|P4_LUAD	P4_LUAD
GGACCTTTCCTCAATGAGTAGGCT.1|P4_LUAD	P4_LUAD
GGACCTTTCTAGCGGAAGTAGGCT.1|P4_LUAD	P4_LUAD
GGACTTACAACCTCGCATGTTGAC.1|P4_LUAD	P4_LUAD
GGACTTACACTCCCTTATGTTGAC.1|P4_LUAD	P4_LUAD
GGACTTACAGGCTGTGACTTTAGG.1|P4_LUAD	P4_LUAD
GGACTTACATAGCCGGACTTTAGG.1|P4_LUAD	P4_LUAD
GGAGCATGTCACCAGCAGTAGGCT.1|P4_LUAD	P4_LUAD
GGAGCATGTGCGGCAAACTTTAGG.1|P4_LUAD	P4_LUAD
GGAGCATGTGCTCCAAAACGGGAA.1|P4_LUAD	P4_LUAD
GGAGCATGTGTTAGTCACTTTAGG.1|P4_LUAD	P4_LUAD
GGAGCATGTTCAAGGAAACGGGAA.1|P4_LUAD	P4_LUAD
GGAGCATGTTGGTTACAACGGGAA.1|P4_LUAD	P4_LUAD
GGAGCATGTTGTTGTAAACGGGAA.1|P4_LUAD	P4_LUAD
GGAGCGAAGACGCATGAACGGGAA.1|P4_LUAD	P4_LUAD
GGAGCGAAGAGGCGAGAGTAGGCT.1|P4_LUAD	P4_LUAD
GGAGCTATCATTGAAGACTTTAGG.1|P4_LUAD	P4_LUAD
GGAGCTATCCTAAGGGAACGGGAA.1|P4_LUAD	P4_LUAD
GGAGCTATCCTCAATGAACGGGAA.1|P4_LUAD	P4_LUAD
GGAGCTATCGACCGTTATGTTGAC.1|P4_LUAD	P4_LUAD
GGAGCTATCGCCACATATGTTGAC.1|P4_LUAD	P4_LUAD
GGAGCTATCTAACTACAACGGGAA.1|P4_LUAD	P4_LUAD
GGAGGATAGAAACTCAACTTTAGG.1|P4_LUAD	P4_LUAD
GGAGGATAGGAACCATACTTTAGG.1|P4_LUAD	P4_LUAD
GGAGGATAGGAAGCAAACTTTAGG.1|P4_LUAD	P4_LUAD
GGAGGATAGGTAATTGACTTTAGG.1|P4_LUAD	P4_LUAD
GGAGGATAGTAACGTAAGTAGGCT.1|P4_LUAD	P4_LUAD
GGAGGATAGTCATGAAATGTTGAC.1|P4_LUAD	P4_LUAD
GGAGGTACACTCAAAGAGTAGGCT.1|P4_LUAD	P4_LUAD
GGAGTCATCAGTCTATACTTTAGG.1|P4_LUAD	P4_LUAD
GGAGTCATCCTAAATCAACGGGAA.1|P4_LUAD	P4_LUAD
GGAGTCATCGCTCAGTATGTTGAC.1|P4_LUAD	P4_LUAD
GGAGTCATCGGTACGAACTTTAGG.1|P4_LUAD	P4_LUAD
GGAGTCGGTATTTGTGAACGGGAA.1|P4_LUAD	P4_LUAD
GGAGTCGGTCCATAGTACTTTAGG.1|P4_LUAD	P4_LUAD
GGAGTCGGTGGGTGTGAACGGGAA.1|P4_LUAD	P4_LUAD
GGAGTCGGTTAAGGCAACTTTAGG.1|P4_LUAD	P4_LUAD
GGAGTCTCAAACTTCCAACGGGAA.1|P4_LUAD	P4_LUAD
GGAGTCTCACGTTACTAGTAGGCT.1|P4_LUAD	P4_LUAD
GGAGTCTCAGCACTAAATGTTGAC.1|P4_LUAD	P4_LUAD
GGAGTCTCATTTGGCTAACGGGAA.1|P4_LUAD	P4_LUAD
GGATAATGTCCATCAGATGTTGAC.1|P4_LUAD	P4_LUAD
GGATAATGTCCTCATCACTTTAGG.1|P4_LUAD	P4_LUAD
GGATAATGTTTATCGAACTTTAGG.1|P4_LUAD	P4_LUAD
GGATAGGCAAGGGTCTAGTAGGCT.1|P4_LUAD	P4_LUAD
GGATAGGCACCATACTAACGGGAA.1|P4_LUAD	P4_LUAD
GGATAGGCATTTGCTAACTTTAGG.1|P4_LUAD	P4_LUAD
GGATATTCAAACACGCAGTAGGCT.1|P4_LUAD	P4_LUAD
GGATATTCAACCCTATACTTTAGG.1|P4_LUAD	P4_LUAD
GGATATTCACGGATACAACGGGAA.1|P4_LUAD	P4_LUAD
GGATATTCACTCCCAAAACGGGAA.1|P4_LUAD	P4_LUAD
GGATCCGCATTGAAGTAACGGGAA.1|P4_LUAD	P4_LUAD
GGATGGCTCCTAAAGAACTTTAGG.1|P4_LUAD	P4_LUAD
GGATGGCTCGAGGTTGAACGGGAA.1|P4_LUAD	P4_LUAD
GGATGGCTCTCAGCACAGTAGGCT.1|P4_LUAD	P4_LUAD
GGATGTCCAATGAAGAAACGGGAA.1|P4_LUAD	P4_LUAD
GGATGTCCACAGGCTGAACGGGAA.1|P4_LUAD	P4_LUAD
GGATGTCCACCGGCAAACTTTAGG.1|P4_LUAD	P4_LUAD
GGATGTCCAGGTATTGATGTTGAC.1|P4_LUAD	P4_LUAD
GGATGTCCATACTTGCAACGGGAA.1|P4_LUAD	P4_LUAD
GGATGTCCATCAGGTAATGTTGAC.1|P4_LUAD	P4_LUAD
GGATGTCCATGACCAAAGTAGGCT.1|P4_LUAD	P4_LUAD
GGATGTCCATTAGTGGACTTTAGG.1|P4_LUAD	P4_LUAD
GGATTATCAATGTGGCAACGGGAA.1|P4_LUAD	P4_LUAD
GGATTGAGTATAGCGAAGTAGGCT.1|P4_LUAD	P4_LUAD
GGATTGAGTTAGGCTTAACGGGAA.1|P4_LUAD	P4_LUAD
GGATTGAGTTTCAGGTACTTTAGG.1|P4_LUAD	P4_LUAD
GGATTGAGTTTGTCCCATGTTGAC.1|P4_LUAD	P4_LUAD
GGATTGCCACGGGCTAATGTTGAC.1|P4_LUAD	P4_LUAD
GGATTGCCATACTTCAATGTTGAC.1|P4_LUAD	P4_LUAD
GGATTGGTCCGCCTCTAACGGGAA.1|P4_LUAD	P4_LUAD
GGATTGGTCGTCCATAAACGGGAA.1|P4_LUAD	P4_LUAD
GGATTGGTCGTGATTTACTTTAGG.1|P4_LUAD	P4_LUAD
GGCAAATTCCCTCGCTACTTTAGG.1|P4_LUAD	P4_LUAD
GGCAAATTCCTGAGGAACTTTAGG.1|P4_LUAD	P4_LUAD
GGCAAATTCGATTATCACTTTAGG.1|P4_LUAD	P4_LUAD
GGCAAATTCGCTTGGTACTTTAGG.1|P4_LUAD	P4_LUAD
GGCAAATTCTTTAAGCATGTTGAC.1|P4_LUAD	P4_LUAD
GGCAACATCAGCGGGTAACGGGAA.1|P4_LUAD	P4_LUAD
GGCAACATCGAACCTCACTTTAGG.1|P4_LUAD	P4_LUAD
GGCAACATCGAAGGCCAGTAGGCT.1|P4_LUAD	P4_LUAD
GGCAAGCTCATTGCATACTTTAGG.1|P4_LUAD	P4_LUAD
GGCAAGCTCCGCAACTACTTTAGG.1|P4_LUAD	P4_LUAD
GGCAAGCTCCGTCAACAACGGGAA.1|P4_LUAD	P4_LUAD
GGCAAGCTCGCAACGAAGTAGGCT.1|P4_LUAD	P4_LUAD
GGCAATAGTTAGCGCCACTTTAGG.1|P4_LUAD	P4_LUAD
GGCAATCCAACAAGCCAACGGGAA.1|P4_LUAD	P4_LUAD
GGCAATCCAAGTGGCTAGTAGGCT.1|P4_LUAD	P4_LUAD
GGCAATCCACGGTACGAACGGGAA.1|P4_LUAD	P4_LUAD
GGCACAATCACATTACAACGGGAA.1|P4_LUAD	P4_LUAD
GGCACAATCAGGCCAAAACGGGAA.1|P4_LUAD	P4_LUAD
GGCACGTAGACTAACAAACGGGAA.1|P4_LUAD	P4_LUAD
GGCACGTAGCCTCTAAAACGGGAA.1|P4_LUAD	P4_LUAD
GGCACGTAGGGCACTAACTTTAGG.1|P4_LUAD	P4_LUAD
GGCACGTAGTTTGCATAACGGGAA.1|P4_LUAD	P4_LUAD
GGCACTAAGCATTTCGAGTAGGCT.1|P4_LUAD	P4_LUAD
GGCACTAAGCCATCACATGTTGAC.1|P4_LUAD	P4_LUAD
GGCACTAAGCCTCTAAACTTTAGG.1|P4_LUAD	P4_LUAD
GGCACTAAGGAACTTAACTTTAGG.1|P4_LUAD	P4_LUAD
GGCACTAAGGCAGGCTATGTTGAC.1|P4_LUAD	P4_LUAD
GGCAGGTTCAGTTAGAATGTTGAC.1|P4_LUAD	P4_LUAD
GGCAGGTTCCTCCCACACTTTAGG.1|P4_LUAD	P4_LUAD
GGCAGGTTCTGTCAGCAACGGGAA.1|P4_LUAD	P4_LUAD
GGCATGATCAGCCTTAAACGGGAA.1|P4_LUAD	P4_LUAD
GGCATGATCATTTAGCACTTTAGG.1|P4_LUAD	P4_LUAD
GGCATGATCCATCCAAACTTTAGG.1|P4_LUAD	P4_LUAD
GGCATGATCGAAGCATAACGGGAA.1|P4_LUAD	P4_LUAD
GGCATGATCGTCAACCAGTAGGCT.1|P4_LUAD	P4_LUAD
GGCATGATCTGTCAGCACTTTAGG.1|P4_LUAD	P4_LUAD
GGCATGTCAACCGTAAATGTTGAC.1|P4_LUAD	P4_LUAD
GGCATGTCAATGGGAGATGTTGAC.1|P4_LUAD	P4_LUAD
GGCATGTCACTCAAAGAACGGGAA.1|P4_LUAD	P4_LUAD
GGCATGTCAGGCTATAAGTAGGCT.1|P4_LUAD	P4_LUAD
GGCATGTCAGGCTATAATGTTGAC.1|P4_LUAD	P4_LUAD
GGCATTACAACCTGTTAACGGGAA.1|P4_LUAD	P4_LUAD
GGCATTACAGACTCAAATGTTGAC.1|P4_LUAD	P4_LUAD
GGCATTACATGCGGATAACGGGAA.1|P4_LUAD	P4_LUAD
GGCATTTGTATGTTGCACTTTAGG.1|P4_LUAD	P4_LUAD
GGCATTTGTTAGCGCCAGTAGGCT.1|P4_LUAD	P4_LUAD
GGCATTTGTTGTTGGTACTTTAGG.1|P4_LUAD	P4_LUAD
GGCCAAATCAAACTTCACTTTAGG.1|P4_LUAD	P4_LUAD
GGCCAAATCAGCCCTGAACGGGAA.1|P4_LUAD	P4_LUAD
GGCCAAATCCAAATTCAGTAGGCT.1|P4_LUAD	P4_LUAD
GGCCAAATCGATATGAATGTTGAC.1|P4_LUAD	P4_LUAD
GGCCAGTAGAGCAAGAATGTTGAC.1|P4_LUAD	P4_LUAD
GGCCAGTAGCAACATAAACGGGAA.1|P4_LUAD	P4_LUAD
GGCCAGTAGCGCAAGCAACGGGAA.1|P4_LUAD	P4_LUAD
GGCCAGTAGGTTGGGCATGTTGAC.1|P4_LUAD	P4_LUAD
GGCCAGTAGTTTCAGTATGTTGAC.1|P4_LUAD	P4_LUAD
GGCCATCGTGATTAGGAACGGGAA.1|P4_LUAD	P4_LUAD
GGCCATCGTGTTCCAGATGTTGAC.1|P4_LUAD	P4_LUAD
GGCCATTTCCGGACAAAGTAGGCT.1|P4_LUAD	P4_LUAD
GGCCATTTCGCCACATATGTTGAC.1|P4_LUAD	P4_LUAD
GGCCGTTGTGAACGTAATGTTGAC.1|P4_LUAD	P4_LUAD
GGCCTAAAGACAACACATGTTGAC.1|P4_LUAD	P4_LUAD
GGCCTAAAGATGATTGATGTTGAC.1|P4_LUAD	P4_LUAD
GGCCTAAAGCATTTCGATGTTGAC.1|P4_LUAD	P4_LUAD
GGCCTAAAGCCTGCCAAGTAGGCT.1|P4_LUAD	P4_LUAD
GGCCTAAAGCTAGCCTACTTTAGG.1|P4_LUAD	P4_LUAD
GGCCTAAAGTCAAACAAACGGGAA.1|P4_LUAD	P4_LUAD
GGCCTATTCATCACATAGTAGGCT.1|P4_LUAD	P4_LUAD
GGCCTATTCCCTCATTAACGGGAA.1|P4_LUAD	P4_LUAD
GGCCTATTCTGTGCACACTTTAGG.1|P4_LUAD	P4_LUAD
GGCCTTTAGACAACACAGTAGGCT.1|P4_LUAD	P4_LUAD
GGCCTTTAGACAAGCTAACGGGAA.1|P4_LUAD	P4_LUAD
GGCCTTTAGTCAATAGAACGGGAA.1|P4_LUAD	P4_LUAD
GGCCTTTAGTGCCCTGACTTTAGG.1|P4_LUAD	P4_LUAD
GGCGAAACAACTGTTCACTTTAGG.1|P4_LUAD	P4_LUAD
GGCGAAACAAGCCACGAGTAGGCT.1|P4_LUAD	P4_LUAD
GGCGAAACACTCAGTTAGTAGGCT.1|P4_LUAD	P4_LUAD
GGCGAAACAGCCTGAGACTTTAGG.1|P4_LUAD	P4_LUAD
GGCGAAACAGCGATCGATGTTGAC.1|P4_LUAD	P4_LUAD
GGCGAAACAGCTCGAGATGTTGAC.1|P4_LUAD	P4_LUAD
GGCGAAACAGGCTATAAACGGGAA.1|P4_LUAD	P4_LUAD
GGCGAAACAGGTATATAACGGGAA.1|P4_LUAD	P4_LUAD
GGCGAAACATTGAACGAACGGGAA.1|P4_LUAD	P4_LUAD
GGCGAAACATTGTACCACTTTAGG.1|P4_LUAD	P4_LUAD
GGCGAAACATTTCATGAACGGGAA.1|P4_LUAD	P4_LUAD
GGCGAAACATTTGGAGAGTAGGCT.1|P4_LUAD	P4_LUAD
GGCGAATGTCGCAACCACTTTAGG.1|P4_LUAD	P4_LUAD
GGCGAATGTGATCCTGATGTTGAC.1|P4_LUAD	P4_LUAD
GGCGAATGTGCGGCAAATGTTGAC.1|P4_LUAD	P4_LUAD
GGCGAATGTTAAGCCTACTTTAGG.1|P4_LUAD	P4_LUAD
GGCGATTCAAACCGTAACTTTAGG.1|P4_LUAD	P4_LUAD
GGCGATTCAAACGGTCAACGGGAA.1|P4_LUAD	P4_LUAD
GGCGATTCACGGGCTAATGTTGAC.1|P4_LUAD	P4_LUAD
GGCGATTCATAACCGAAACGGGAA.1|P4_LUAD	P4_LUAD
GGCGATTCATAAGCCAACTTTAGG.1|P4_LUAD	P4_LUAD
GGCGATTCATGTGGGTACTTTAGG.1|P4_LUAD	P4_LUAD
GGCGCAAGTACAAACGAGTAGGCT.1|P4_LUAD	P4_LUAD
GGCGCAAGTCACACCAAACGGGAA.1|P4_LUAD	P4_LUAD
GGCGCAAGTTAGTGCTACTTTAGG.1|P4_LUAD	P4_LUAD
GGCGCTTGTACGGTTTACTTTAGG.1|P4_LUAD	P4_LUAD
GGCGCTTGTGGACACGAACGGGAA.1|P4_LUAD	P4_LUAD
GGCGCTTGTGGTTCTGAACGGGAA.1|P4_LUAD	P4_LUAD
GGCGCTTGTTAGTCTAATGTTGAC.1|P4_LUAD	P4_LUAD
GGCGCTTGTTGTTTAGACTTTAGG.1|P4_LUAD	P4_LUAD
GGCGTAATCACCCTGGAACGGGAA.1|P4_LUAD	P4_LUAD
GGCGTAATCAGGAGCCATGTTGAC.1|P4_LUAD	P4_LUAD
GGCGTAATCAGGGATTACTTTAGG.1|P4_LUAD	P4_LUAD
GGCGTAATCATGGTCCAACGGGAA.1|P4_LUAD	P4_LUAD
GGCGTAATCCAATAGAATGTTGAC.1|P4_LUAD	P4_LUAD
GGCGTAATCCATAGAAAACGGGAA.1|P4_LUAD	P4_LUAD
GGCGTAATCCTTTCGTATGTTGAC.1|P4_LUAD	P4_LUAD
GGCGTAATCGGCTAAGATGTTGAC.1|P4_LUAD	P4_LUAD
GGCGTAATCGGTTCCGATGTTGAC.1|P4_LUAD	P4_LUAD
GGCGTAATCTAATGGAAGTAGGCT.1|P4_LUAD	P4_LUAD
GGCGTAATCTTCGCTTACTTTAGG.1|P4_LUAD	P4_LUAD
GGCTAATAGGGATTTAACTTTAGG.1|P4_LUAD	P4_LUAD
GGCTATTGTAAGCTAGATGTTGAC.1|P4_LUAD	P4_LUAD
GGCTATTGTATGTTGCACTTTAGG.1|P4_LUAD	P4_LUAD
GGCTATTGTCATGCATACTTTAGG.1|P4_LUAD	P4_LUAD
GGCTATTGTCCTTAGGAACGGGAA.1|P4_LUAD	P4_LUAD
GGCTATTGTCGTAATCACTTTAGG.1|P4_LUAD	P4_LUAD
GGCTCAAAGCTGATGGAGTAGGCT.1|P4_LUAD	P4_LUAD
GGCTGAGGTCAATACCAACGGGAA.1|P4_LUAD	P4_LUAD
GGCTGAGGTTCATTGAAGTAGGCT.1|P4_LUAD	P4_LUAD
GGCTGATCAACATGATATGTTGAC.1|P4_LUAD	P4_LUAD
GGCTGATCACGATTAGACTTTAGG.1|P4_LUAD	P4_LUAD
GGCTGATCAGATAGCCACTTTAGG.1|P4_LUAD	P4_LUAD
GGCTGATCAGATTCGAAACGGGAA.1|P4_LUAD	P4_LUAD
GGCTGATCATGCGCCTAACGGGAA.1|P4_LUAD	P4_LUAD
GGCTGGTAGAAAGGCAAGTAGGCT.1|P4_LUAD	P4_LUAD
GGCTGGTAGAAGGTTCATGTTGAC.1|P4_LUAD	P4_LUAD
GGCTGGTAGGCGAGAGATGTTGAC.1|P4_LUAD	P4_LUAD
GGCTGGTAGGCTTAGGACTTTAGG.1|P4_LUAD	P4_LUAD
GGCTGGTAGGTCAATAAACGGGAA.1|P4_LUAD	P4_LUAD
GGCTGGTAGGTTGGGCAGTAGGCT.1|P4_LUAD	P4_LUAD
GGCTGGTAGTCAAACAATGTTGAC.1|P4_LUAD	P4_LUAD
GGCTGGTAGTTAGTTCACTTTAGG.1|P4_LUAD	P4_LUAD
GGCTGTGCAAACCGGTACTTTAGG.1|P4_LUAD	P4_LUAD
GGCTGTGCAAGTAAGAAACGGGAA.1|P4_LUAD	P4_LUAD
GGCTGTGCATAAGCCAACTTTAGG.1|P4_LUAD	P4_LUAD
GGCTTAACACATTGAGATGTTGAC.1|P4_LUAD	P4_LUAD
GGCTTAACACTTCGATAACGGGAA.1|P4_LUAD	P4_LUAD
GGCTTAACATGCCTCAATGTTGAC.1|P4_LUAD	P4_LUAD
GGCTTAGAGAAGTACCATGTTGAC.1|P4_LUAD	P4_LUAD
GGCTTAGAGAGAGCAAACTTTAGG.1|P4_LUAD	P4_LUAD
GGCTTAGAGATATTGGAACGGGAA.1|P4_LUAD	P4_LUAD
GGCTTAGAGCGAATGTAACGGGAA.1|P4_LUAD	P4_LUAD
GGCTTAGAGGATCCCTAACGGGAA.1|P4_LUAD	P4_LUAD
GGCTTAGAGGATGAAGAGTAGGCT.1|P4_LUAD	P4_LUAD
GGCTTAGAGTCTACCAACTTTAGG.1|P4_LUAD	P4_LUAD
GGCTTATGTAAACCCTAGTAGGCT.1|P4_LUAD	P4_LUAD
GGCTTATGTACAGCAAAACGGGAA.1|P4_LUAD	P4_LUAD
GGCTTATGTACAGCAAACTTTAGG.1|P4_LUAD	P4_LUAD
GGCTTATGTCAAAGATATGTTGAC.1|P4_LUAD	P4_LUAD
GGCTTATGTCCCTCATACTTTAGG.1|P4_LUAD	P4_LUAD
GGCTTATGTTACTCCCACTTTAGG.1|P4_LUAD	P4_LUAD
GGCTTATGTTCCGGGTAACGGGAA.1|P4_LUAD	P4_LUAD
GGCTTATGTTCGATGTATGTTGAC.1|P4_LUAD	P4_LUAD
GGCTTATGTTGAGGACATGTTGAC.1|P4_LUAD	P4_LUAD
GGCTTGAAGAACCTAAACTTTAGG.1|P4_LUAD	P4_LUAD
GGCTTGAAGACTTAAGAACGGGAA.1|P4_LUAD	P4_LUAD
GGCTTGAAGATTGAGCAACGGGAA.1|P4_LUAD	P4_LUAD
GGCTTGAAGCCTTAATAGTAGGCT.1|P4_LUAD	P4_LUAD
GGCTTGAAGGCGAGAGACTTTAGG.1|P4_LUAD	P4_LUAD
GGCTTGAAGTAACGGTACTTTAGG.1|P4_LUAD	P4_LUAD
GGCTTGCGTATGTTTGACTTTAGG.1|P4_LUAD	P4_LUAD
GGCTTGCGTCAACATCAACGGGAA.1|P4_LUAD	P4_LUAD
GGCTTGCGTTAACGAGACTTTAGG.1|P4_LUAD	P4_LUAD
GGCTTGCGTTTCGCCTACTTTAGG.1|P4_LUAD	P4_LUAD
GGCTTGTTCCAATGAAACTTTAGG.1|P4_LUAD	P4_LUAD
GGCTTGTTCGTCCATAAACGGGAA.1|P4_LUAD	P4_LUAD
GGCTTGTTCTCAAGAAACTTTAGG.1|P4_LUAD	P4_LUAD
GGGAAGTAGACTCCTAAACGGGAA.1|P4_LUAD	P4_LUAD
GGGAAGTAGAGCCGGTAACGGGAA.1|P4_LUAD	P4_LUAD
GGGAAGTAGCAAGACTACTTTAGG.1|P4_LUAD	P4_LUAD
GGGAAGTAGCTAAACAATGTTGAC.1|P4_LUAD	P4_LUAD
GGGAAGTAGCTAACTTACTTTAGG.1|P4_LUAD	P4_LUAD
GGGAAGTAGGTAAGTCATGTTGAC.1|P4_LUAD	P4_LUAD
GGGAAGTAGGTATGGTAACGGGAA.1|P4_LUAD	P4_LUAD
GGGACAACAAAGTGCCAACGGGAA.1|P4_LUAD	P4_LUAD
GGGACAACAACGTTAGAACGGGAA.1|P4_LUAD	P4_LUAD
GGGACAACAATGAATCATGTTGAC.1|P4_LUAD	P4_LUAD
GGGACAACAATTGAACACTTTAGG.1|P4_LUAD	P4_LUAD
GGGACAACACGGTCGAACTTTAGG.1|P4_LUAD	P4_LUAD
GGGACAACAGATAGCCAACGGGAA.1|P4_LUAD	P4_LUAD
GGGACTCAGGGTTTCCACTTTAGG.1|P4_LUAD	P4_LUAD
GGGAGTCTCGTTGCACAGTAGGCT.1|P4_LUAD	P4_LUAD
GGGAGTGAGGAACCATACTTTAGG.1|P4_LUAD	P4_LUAD
GGGAGTGAGGAACCTGACTTTAGG.1|P4_LUAD	P4_LUAD
GGGAGTGAGGCTACTCAGTAGGCT.1|P4_LUAD	P4_LUAD
GGGAGTGAGTGGACCAACTTTAGG.1|P4_LUAD	P4_LUAD
GGGATAAAGAAGGTCTATGTTGAC.1|P4_LUAD	P4_LUAD
GGGATAAAGGCTGGTAAGTAGGCT.1|P4_LUAD	P4_LUAD
GGGATAAAGTGATTTCATGTTGAC.1|P4_LUAD	P4_LUAD
GGGATATTCATTTAGCATGTTGAC.1|P4_LUAD	P4_LUAD
GGGATATTCCCACATAACTTTAGG.1|P4_LUAD	P4_LUAD
GGGATATTCCTAAGGGAACGGGAA.1|P4_LUAD	P4_LUAD
GGGATGACAAACCGGTATGTTGAC.1|P4_LUAD	P4_LUAD
GGGATGACAAACCGTAACTTTAGG.1|P4_LUAD	P4_LUAD
GGGATGGAGGTCGAGCAGTAGGCT.1|P4_LUAD	P4_LUAD
GGGATTTAGTTACCTGAACGGGAA.1|P4_LUAD	P4_LUAD
GGGATTTAGTTAGGCGAACGGGAA.1|P4_LUAD	P4_LUAD
GGGCAATGTAATAGGTAGTAGGCT.1|P4_LUAD	P4_LUAD
GGGCAATGTCCTTCGTAACGGGAA.1|P4_LUAD	P4_LUAD
GGGCAATGTCTTTATCAACGGGAA.1|P4_LUAD	P4_LUAD
GGGCAATGTTGCACTGATGTTGAC.1|P4_LUAD	P4_LUAD
GGGCTAATCAAGGTCGAGTAGGCT.1|P4_LUAD	P4_LUAD
GGGCTAATCAATCGCCACTTTAGG.1|P4_LUAD	P4_LUAD
GGGCTAATCACGTTCAAGTAGGCT.1|P4_LUAD	P4_LUAD
GGGCTAATCACTCGCGACTTTAGG.1|P4_LUAD	P4_LUAD
GGGCTAATCGCTCAGTACTTTAGG.1|P4_LUAD	P4_LUAD
GGGCTAATCGGGCAACAGTAGGCT.1|P4_LUAD	P4_LUAD
GGGCTTAAGATGAAGGAGTAGGCT.1|P4_LUAD	P4_LUAD
GGGCTTAAGCAGCTAGACTTTAGG.1|P4_LUAD	P4_LUAD
GGGCTTAAGCTCAACCAACGGGAA.1|P4_LUAD	P4_LUAD
GGGCTTAAGTTGGCCTATGTTGAC.1|P4_LUAD	P4_LUAD
GGGTGAGAGAGCAATCAACGGGAA.1|P4_LUAD	P4_LUAD
GGGTGAGAGATTGAGCACTTTAGG.1|P4_LUAD	P4_LUAD
GGGTGAGAGCTTTACGAGTAGGCT.1|P4_LUAD	P4_LUAD
GGGTGAGAGTTAGTTCATGTTGAC.1|P4_LUAD	P4_LUAD
GGGTGGAAGACAACACACTTTAGG.1|P4_LUAD	P4_LUAD
GGGTGGAAGATGCCTCACTTTAGG.1|P4_LUAD	P4_LUAD
GGGTGGAAGTTAGGGTACTTTAGG.1|P4_LUAD	P4_LUAD
GGGTGGAAGTTGCAGGAGTAGGCT.1|P4_LUAD	P4_LUAD
GGGTTAGTCAGGTTGGAACGGGAA.1|P4_LUAD	P4_LUAD
GGGTTAGTCCCTGGTGACTTTAGG.1|P4_LUAD	P4_LUAD
GGGTTAGTCCTTAGATAACGGGAA.1|P4_LUAD	P4_LUAD
GGGTTAGTCTGTCAGCAACGGGAA.1|P4_LUAD	P4_LUAD
GGGTTAGTCTTCGCTTAACGGGAA.1|P4_LUAD	P4_LUAD
GGGTTATAGAATGGCTATGTTGAC.1|P4_LUAD	P4_LUAD
GGGTTATAGAGCAATCAACGGGAA.1|P4_LUAD	P4_LUAD
GGGTTATAGGCAATCGAGTAGGCT.1|P4_LUAD	P4_LUAD
GGGTTATAGGCTTTATAGTAGGCT.1|P4_LUAD	P4_LUAD
GGGTTATAGTCGCATCAACGGGAA.1|P4_LUAD	P4_LUAD
GGGTTATAGTTATCCGAACGGGAA.1|P4_LUAD	P4_LUAD
GGGTTGGGTCCGTGACACTTTAGG.1|P4_LUAD	P4_LUAD
GGGTTTCTCAACCTATATGTTGAC.1|P4_LUAD	P4_LUAD
GGGTTTCTCATGCGTCATGTTGAC.1|P4_LUAD	P4_LUAD
GGGTTTCTCCAACTTGAGTAGGCT.1|P4_LUAD	P4_LUAD
GGGTTTCTCCATCCAAATGTTGAC.1|P4_LUAD	P4_LUAD
GGGTTTCTCGCGAGTAAACGGGAA.1|P4_LUAD	P4_LUAD
GGGTTTCTCGGCTAGAACTTTAGG.1|P4_LUAD	P4_LUAD
GGGTTTCTCGTTCAATAACGGGAA.1|P4_LUAD	P4_LUAD
GGGTTTCTCTGCCATAAGTAGGCT.1|P4_LUAD	P4_LUAD
GGGTTTCTCTTTGGATAACGGGAA.1|P4_LUAD	P4_LUAD
GGTAACCCAACAAGCCAACGGGAA.1|P4_LUAD	P4_LUAD
GGTAACCCAAGCTAATAACGGGAA.1|P4_LUAD	P4_LUAD
GGTAACCCACCACAAAACTTTAGG.1|P4_LUAD	P4_LUAD
GGTAACCCAGGCAACTAGTAGGCT.1|P4_LUAD	P4_LUAD
GGTAACCCAGGTTTCTATGTTGAC.1|P4_LUAD	P4_LUAD
GGTAACCCATGGGTTAAACGGGAA.1|P4_LUAD	P4_LUAD
GGTAAGGCAAACACGCACTTTAGG.1|P4_LUAD	P4_LUAD
GGTAAGGCAAAGACCCAACGGGAA.1|P4_LUAD	P4_LUAD
GGTAAGGCAACTGTTCACTTTAGG.1|P4_LUAD	P4_LUAD
GGTAAGGCAATCAAACATGTTGAC.1|P4_LUAD	P4_LUAD
GGTAAGGCAGCCTATTACTTTAGG.1|P4_LUAD	P4_LUAD
GGTAAGGCATAACCGAACTTTAGG.1|P4_LUAD	P4_LUAD
GGTAAGGCATTTCGACACTTTAGG.1|P4_LUAD	P4_LUAD
GGTAATGGTCAACATCAACGGGAA.1|P4_LUAD	P4_LUAD
GGTAATGGTGAACGACAACGGGAA.1|P4_LUAD	P4_LUAD
GGTACCGCAAGTTAACATGTTGAC.1|P4_LUAD	P4_LUAD
GGTACCGCATAGGCGTACTTTAGG.1|P4_LUAD	P4_LUAD
GGTACCGCATTACTCAAACGGGAA.1|P4_LUAD	P4_LUAD
GGTACGTCAGCACTAAATGTTGAC.1|P4_LUAD	P4_LUAD
GGTACGTCATCCGGAGACTTTAGG.1|P4_LUAD	P4_LUAD
GGTACGTCATTACTCAATGTTGAC.1|P4_LUAD	P4_LUAD
GGTACTGAGACAACTAAGTAGGCT.1|P4_LUAD	P4_LUAD
GGTACTGAGGCTTAGGATGTTGAC.1|P4_LUAD	P4_LUAD
GGTAGTTAGCGAGCTAACTTTAGG.1|P4_LUAD	P4_LUAD
GGTAGTTAGGCACTAGATGTTGAC.1|P4_LUAD	P4_LUAD
GGTAGTTAGTTATCCGATGTTGAC.1|P4_LUAD	P4_LUAD
GGTCACGCACCTAAAGAGTAGGCT.1|P4_LUAD	P4_LUAD
GGTCACGCAGCAAGCTATGTTGAC.1|P4_LUAD	P4_LUAD
GGTCACGCAGCTCGAGAGTAGGCT.1|P4_LUAD	P4_LUAD
GGTCATTGTAACCGCCATGTTGAC.1|P4_LUAD	P4_LUAD
GGTCATTGTACTTCAAATGTTGAC.1|P4_LUAD	P4_LUAD
GGTCATTGTCAAAGATAACGGGAA.1|P4_LUAD	P4_LUAD
GGTCATTGTCACGATTACTTTAGG.1|P4_LUAD	P4_LUAD
GGTCATTGTTTCCTGCAACGGGAA.1|P4_LUAD	P4_LUAD
GGTCCGTGTACCTTAAAACGGGAA.1|P4_LUAD	P4_LUAD
GGTCCGTGTAGCTTGTATGTTGAC.1|P4_LUAD	P4_LUAD
GGTCCGTGTTAGTGGAAGTAGGCT.1|P4_LUAD	P4_LUAD
GGTCCGTGTTATGTGCATGTTGAC.1|P4_LUAD	P4_LUAD
GGTCTAACAAGAAATGAACGGGAA.1|P4_LUAD	P4_LUAD
GGTCTAACACCTATCGATGTTGAC.1|P4_LUAD	P4_LUAD
GGTCTAACATCCGGAGACTTTAGG.1|P4_LUAD	P4_LUAD
GGTGAACGTCCATAGTAGTAGGCT.1|P4_LUAD	P4_LUAD
GGTGAAGCACTAACTCAGTAGGCT.1|P4_LUAD	P4_LUAD
GGTGAAGCATGCGCAGACTTTAGG.1|P4_LUAD	P4_LUAD
GGTGATTAGATAACCAAACGGGAA.1|P4_LUAD	P4_LUAD
GGTGCACAGCTCAAGGACTTTAGG.1|P4_LUAD	P4_LUAD
GGTGCACAGGTGGATTACTTTAGG.1|P4_LUAD	P4_LUAD
GGTGCACAGTGCTGAGATGTTGAC.1|P4_LUAD	P4_LUAD
GGTGCTGCACCTCGACACTTTAGG.1|P4_LUAD	P4_LUAD
GGTGCTGCATACCTTAAACGGGAA.1|P4_LUAD	P4_LUAD
GGTGCTGCATATAGGTACTTTAGG.1|P4_LUAD	P4_LUAD
GGTGCTTTCAACTGTTAACGGGAA.1|P4_LUAD	P4_LUAD
GGTGCTTTCAGCCTTAACTTTAGG.1|P4_LUAD	P4_LUAD
GGTGCTTTCAGGTAACAACGGGAA.1|P4_LUAD	P4_LUAD
GGTGCTTTCATAACCTAGTAGGCT.1|P4_LUAD	P4_LUAD
GGTGCTTTCATTTAGCACTTTAGG.1|P4_LUAD	P4_LUAD
GGTGCTTTCGGTACCTACTTTAGG.1|P4_LUAD	P4_LUAD
GGTGGATGTACGGGCAAGTAGGCT.1|P4_LUAD	P4_LUAD
GGTGGATGTCACGATTAGTAGGCT.1|P4_LUAD	P4_LUAD
GGTGGATGTGGTTCGCATGTTGAC.1|P4_LUAD	P4_LUAD
GGTGTCGCACAACATGACTTTAGG.1|P4_LUAD	P4_LUAD
GGTGTCGCACCTAAAGAGTAGGCT.1|P4_LUAD	P4_LUAD
GGTGTCGCATCACGAAAGTAGGCT.1|P4_LUAD	P4_LUAD
GGTGTCGCATCCGTCAAGTAGGCT.1|P4_LUAD	P4_LUAD
GGTGTGATCCATAGGGAACGGGAA.1|P4_LUAD	P4_LUAD
GGTGTGATCGTTCAATACTTTAGG.1|P4_LUAD	P4_LUAD
GGTGTGATCGTTCGTAAACGGGAA.1|P4_LUAD	P4_LUAD
GGTGTGCAGGCGATATATGTTGAC.1|P4_LUAD	P4_LUAD
GGTGTTACAATCATCCATGTTGAC.1|P4_LUAD	P4_LUAD
GGTGTTACACTAACGAATGTTGAC.1|P4_LUAD	P4_LUAD
GGTGTTACAGCACCTCAACGGGAA.1|P4_LUAD	P4_LUAD
GGTGTTTGTAAGTCGAAGTAGGCT.1|P4_LUAD	P4_LUAD
GGTGTTTGTATTGGGAATGTTGAC.1|P4_LUAD	P4_LUAD
GGTGTTTGTGTGTTACACTTTAGG.1|P4_LUAD	P4_LUAD
GGTGTTTGTTAACCACAACGGGAA.1|P4_LUAD	P4_LUAD
GGTGTTTGTTAACCACACTTTAGG.1|P4_LUAD	P4_LUAD
GGTGTTTGTTAAGGCAAACGGGAA.1|P4_LUAD	P4_LUAD
GGTGTTTGTTAGAGGCAGTAGGCT.1|P4_LUAD	P4_LUAD
GGTGTTTGTTTGTAGCAACGGGAA.1|P4_LUAD	P4_LUAD
GGTTAAATCATGGATAAACGGGAA.1|P4_LUAD	P4_LUAD
GGTTAAATCGATTCTGAGTAGGCT.1|P4_LUAD	P4_LUAD
GGTTAATCAGCGATCGATGTTGAC.1|P4_LUAD	P4_LUAD
GGTTAGTAGACCATGGATGTTGAC.1|P4_LUAD	P4_LUAD
GGTTAGTAGCACGCAAATGTTGAC.1|P4_LUAD	P4_LUAD
GGTTAGTAGGAACCTGAACGGGAA.1|P4_LUAD	P4_LUAD
GGTTAGTAGGAGTCATAACGGGAA.1|P4_LUAD	P4_LUAD
GGTTAGTAGTGTGATAACTTTAGG.1|P4_LUAD	P4_LUAD
GGTTCACTCAAGGGTTATGTTGAC.1|P4_LUAD	P4_LUAD
GGTTCACTCAGCACAGAACGGGAA.1|P4_LUAD	P4_LUAD
GGTTGACCAACTAAACACTTTAGG.1|P4_LUAD	P4_LUAD
GGTTGACCAAGCCACGACTTTAGG.1|P4_LUAD	P4_LUAD
GGTTGACCAATGTTCCATGTTGAC.1|P4_LUAD	P4_LUAD
GGTTGACCAGTTGCCCACTTTAGG.1|P4_LUAD	P4_LUAD
GGTTGAGTCGATATTCAACGGGAA.1|P4_LUAD	P4_LUAD
GGTTGAGTCGATATTCACTTTAGG.1|P4_LUAD	P4_LUAD
GGTTGAGTCGGCTAAGACTTTAGG.1|P4_LUAD	P4_LUAD
GGTTGAGTCGGTAACGAACGGGAA.1|P4_LUAD	P4_LUAD
GGTTGAGTCTATGCATATGTTGAC.1|P4_LUAD	P4_LUAD
GGTTGAGTCTTAATGCAGTAGGCT.1|P4_LUAD	P4_LUAD
GGTTTAAAGCAACTTTATGTTGAC.1|P4_LUAD	P4_LUAD
GGTTTAAAGCCATCGTATGTTGAC.1|P4_LUAD	P4_LUAD
GGTTTAAAGGCAAGCCACTTTAGG.1|P4_LUAD	P4_LUAD
GGTTTAAAGTCAGGCAAGTAGGCT.1|P4_LUAD	P4_LUAD
GGTTTACGTACCTCAGACTTTAGG.1|P4_LUAD	P4_LUAD
GGTTTACGTGACATGAACTTTAGG.1|P4_LUAD	P4_LUAD
GGTTTACGTGCGCAAGAGTAGGCT.1|P4_LUAD	P4_LUAD
GGTTTACGTTGTCATAATGTTGAC.1|P4_LUAD	P4_LUAD
GGTTTACGTTTGCAACAACGGGAA.1|P4_LUAD	P4_LUAD
GGTTTAGCAACTAAACAACGGGAA.1|P4_LUAD	P4_LUAD
GGTTTAGCAACTAAACACTTTAGG.1|P4_LUAD	P4_LUAD
GGTTTAGCACTATGGAAACGGGAA.1|P4_LUAD	P4_LUAD
GGTTTAGCATAACCAGATGTTGAC.1|P4_LUAD	P4_LUAD
GGTTTAGCATATAGGTATGTTGAC.1|P4_LUAD	P4_LUAD
GGTTTATTCAAAGGCTACTTTAGG.1|P4_LUAD	P4_LUAD
GGTTTATTCAGCGGGTACTTTAGG.1|P4_LUAD	P4_LUAD
GGTTTATTCCATCCAAAACGGGAA.1|P4_LUAD	P4_LUAD
GGTTTATTCCCATAGCATGTTGAC.1|P4_LUAD	P4_LUAD
GGTTTATTCGTCAACCAACGGGAA.1|P4_LUAD	P4_LUAD
GGTTTATTCGTTCAATATGTTGAC.1|P4_LUAD	P4_LUAD
GGTTTCCAGTGTGATAATGTTGAC.1|P4_LUAD	P4_LUAD
GGTTTCTCAAAGGTAAACTTTAGG.1|P4_LUAD	P4_LUAD
GGTTTCTCAACAGATTACTTTAGG.1|P4_LUAD	P4_LUAD
GGTTTCTCAAGCCAGTAACGGGAA.1|P4_LUAD	P4_LUAD
GGTTTCTCAAGCCTAAATGTTGAC.1|P4_LUAD	P4_LUAD
GGTTTCTCACGGTACGAGTAGGCT.1|P4_LUAD	P4_LUAD
GGTTTGACAGATAGCCACTTTAGG.1|P4_LUAD	P4_LUAD
GGTTTGACAGCTAGCGAGTAGGCT.1|P4_LUAD	P4_LUAD
GGTTTGACATACTTGCAACGGGAA.1|P4_LUAD	P4_LUAD
GGTTTGTGTAAAGGCCAACGGGAA.1|P4_LUAD	P4_LUAD
GGTTTGTGTCCCTCATATGTTGAC.1|P4_LUAD	P4_LUAD
GGTTTGTGTGACACAAATGTTGAC.1|P4_LUAD	P4_LUAD
GGTTTGTGTTAATGCCAACGGGAA.1|P4_LUAD	P4_LUAD
GGTTTGTGTTGCGGGAAGTAGGCT.1|P4_LUAD	P4_LUAD
GTAAACCAGCCAAACGAGTAGGCT.1|P4_LUAD	P4_LUAD
GTAAACCAGGATGCATACTTTAGG.1|P4_LUAD	P4_LUAD
GTAAACCAGGTTCCGTAGTAGGCT.1|P4_LUAD	P4_LUAD
GTAAACCAGTAAGCTAACTTTAGG.1|P4_LUAD	P4_LUAD
GTAAACCAGTGAGTCGACTTTAGG.1|P4_LUAD	P4_LUAD
GTAAACGGTAGCCCGTACTTTAGG.1|P4_LUAD	P4_LUAD
GTAAACGGTTTGAGCTACTTTAGG.1|P4_LUAD	P4_LUAD
GTAAAGCTCAATACAGAGTAGGCT.1|P4_LUAD	P4_LUAD
GTAAAGCTCAATACAGATGTTGAC.1|P4_LUAD	P4_LUAD
GTAAAGCTCCTAATCGAACGGGAA.1|P4_LUAD	P4_LUAD
GTAAAGCTCGAAACTAAGTAGGCT.1|P4_LUAD	P4_LUAD
GTAAAGCTCGCCTAGTATGTTGAC.1|P4_LUAD	P4_LUAD
GTAAAGCTCGGGCAGTACTTTAGG.1|P4_LUAD	P4_LUAD
GTAAAGCTCGGTACAGACTTTAGG.1|P4_LUAD	P4_LUAD
GTAAAGCTCTATGGCCACTTTAGG.1|P4_LUAD	P4_LUAD
GTAAAGCTCTTGATCGATGTTGAC.1|P4_LUAD	P4_LUAD
GTAAAGGAGATAACCAACTTTAGG.1|P4_LUAD	P4_LUAD
GTAACCACATCACGAAATGTTGAC.1|P4_LUAD	P4_LUAD
GTAACCACATTAGCGAACTTTAGG.1|P4_LUAD	P4_LUAD
GTAACCTGTATGGTAGACTTTAGG.1|P4_LUAD	P4_LUAD
GTAACCTGTGAACCAAATGTTGAC.1|P4_LUAD	P4_LUAD
GTAACCTGTGACATTCACTTTAGG.1|P4_LUAD	P4_LUAD
GTAACCTGTGATGCAAAACGGGAA.1|P4_LUAD	P4_LUAD
GTAACCTGTTAGGTGAAACGGGAA.1|P4_LUAD	P4_LUAD
GTAACGGTCAAGGGTTACTTTAGG.1|P4_LUAD	P4_LUAD
GTAACGGTCACGTTCAAGTAGGCT.1|P4_LUAD	P4_LUAD
GTAACGGTCCATTAGTACTTTAGG.1|P4_LUAD	P4_LUAD
GTAACGGTCGCATTTGACTTTAGG.1|P4_LUAD	P4_LUAD
GTAAGAACAAATAACCAACGGGAA.1|P4_LUAD	P4_LUAD
GTAAGAACAATCAAGTAGTAGGCT.1|P4_LUAD	P4_LUAD
GTAAGGTTCCAAACAAACTTTAGG.1|P4_LUAD	P4_LUAD
GTAAGGTTCCAAACAAATGTTGAC.1|P4_LUAD	P4_LUAD
GTAAGGTTCTAGCCTAAGTAGGCT.1|P4_LUAD	P4_LUAD
GTAAGGTTCTGTGACCACTTTAGG.1|P4_LUAD	P4_LUAD
GTAATCCGTCAATCGTAACGGGAA.1|P4_LUAD	P4_LUAD
GTAATCCGTCACTAGTACTTTAGG.1|P4_LUAD	P4_LUAD
GTAATCCGTCGAGGCAACTTTAGG.1|P4_LUAD	P4_LUAD
GTAATCCGTGCACAAAAACGGGAA.1|P4_LUAD	P4_LUAD
GTAATCCGTTGCATCGAACGGGAA.1|P4_LUAD	P4_LUAD
GTAATCCGTTTAGTTGATGTTGAC.1|P4_LUAD	P4_LUAD
GTAATGGGTCAGGATAACTTTAGG.1|P4_LUAD	P4_LUAD
GTAATGGGTCGAAGGTAACGGGAA.1|P4_LUAD	P4_LUAD
GTAATGGGTGGACCCTAGTAGGCT.1|P4_LUAD	P4_LUAD
GTAATGGGTTAACGAGAACGGGAA.1|P4_LUAD	P4_LUAD
GTAATGGGTTGTTCCCAACGGGAA.1|P4_LUAD	P4_LUAD
GTACCTATCAGGCCAAATGTTGAC.1|P4_LUAD	P4_LUAD
GTACCTATCCTGGAAGACTTTAGG.1|P4_LUAD	P4_LUAD
GTACCTATCCTGGAAGAGTAGGCT.1|P4_LUAD	P4_LUAD
GTACCTATCGATATTCAACGGGAA.1|P4_LUAD	P4_LUAD
GTACGCAAGGAACCGCAGTAGGCT.1|P4_LUAD	P4_LUAD
GTACGCAAGGACAAAGACTTTAGG.1|P4_LUAD	P4_LUAD
GTACGCAAGGAGGATAAGTAGGCT.1|P4_LUAD	P4_LUAD
GTACGCAAGGCCATGAAACGGGAA.1|P4_LUAD	P4_LUAD
GTACGCAAGTAATGGCACTTTAGG.1|P4_LUAD	P4_LUAD
GTACTGACAAACCGGTAACGGGAA.1|P4_LUAD	P4_LUAD
GTACTGACAAGCTCAAACTTTAGG.1|P4_LUAD	P4_LUAD
GTACTGACAGACTCAAAGTAGGCT.1|P4_LUAD	P4_LUAD
GTACTGACAGCCTTCAAACGGGAA.1|P4_LUAD	P4_LUAD
GTACTGACAGGTATATAACGGGAA.1|P4_LUAD	P4_LUAD
GTACTGACAGGTATATACTTTAGG.1|P4_LUAD	P4_LUAD
GTACTGACATGTGGCGAACGGGAA.1|P4_LUAD	P4_LUAD
GTACTTAGTCGTTCGAACTTTAGG.1|P4_LUAD	P4_LUAD
GTACTTAGTCTGTCAGAACGGGAA.1|P4_LUAD	P4_LUAD
GTACTTAGTCTTACTTAACGGGAA.1|P4_LUAD	P4_LUAD
GTACTTAGTGAGAAGGATGTTGAC.1|P4_LUAD	P4_LUAD
GTACTTAGTTTATGGCAGTAGGCT.1|P4_LUAD	P4_LUAD
GTAGCCCGTATTTACGAGTAGGCT.1|P4_LUAD	P4_LUAD
GTAGCCCGTGAGTAATATGTTGAC.1|P4_LUAD	P4_LUAD
GTAGCCCGTGCGGCTTACTTTAGG.1|P4_LUAD	P4_LUAD
GTAGCCCGTGTTAGAGAACGGGAA.1|P4_LUAD	P4_LUAD
GTAGCCCGTTACCGTGATGTTGAC.1|P4_LUAD	P4_LUAD
GTAGCCCGTTAGACTCAGTAGGCT.1|P4_LUAD	P4_LUAD
GTAGGCGGTATTGCGTAACGGGAA.1|P4_LUAD	P4_LUAD
GTAGGCGGTCGAAGTAAACGGGAA.1|P4_LUAD	P4_LUAD
GTAGGCGGTGATGCAAACTTTAGG.1|P4_LUAD	P4_LUAD
GTAGGCGGTTAGTTTGATGTTGAC.1|P4_LUAD	P4_LUAD
GTAGGCGGTTTGCAACATGTTGAC.1|P4_LUAD	P4_LUAD
GTAGTAGGTACCTCAGATGTTGAC.1|P4_LUAD	P4_LUAD
GTAGTAGGTCCATAGTAGTAGGCT.1|P4_LUAD	P4_LUAD
GTAGTAGGTTCACCAGAACGGGAA.1|P4_LUAD	P4_LUAD
GTAGTAGGTTGCACTGAACGGGAA.1|P4_LUAD	P4_LUAD
GTAGTCCTCAACTGTTATGTTGAC.1|P4_LUAD	P4_LUAD
GTAGTCCTCAAGGTGTAACGGGAA.1|P4_LUAD	P4_LUAD
GTAGTCCTCCACAATTACTTTAGG.1|P4_LUAD	P4_LUAD
GTAGTCCTCCGTCAACACTTTAGG.1|P4_LUAD	P4_LUAD
GTAGTCCTCCTCCCACAGTAGGCT.1|P4_LUAD	P4_LUAD
GTAGTCCTCGTCAATTATGTTGAC.1|P4_LUAD	P4_LUAD
GTAGTCCTCTATGCATACTTTAGG.1|P4_LUAD	P4_LUAD
GTAGTCCTCTATTGGTATGTTGAC.1|P4_LUAD	P4_LUAD
GTATACTTCAAGATGCAGTAGGCT.1|P4_LUAD	P4_LUAD
GTATACTTCAAGGTCGAACGGGAA.1|P4_LUAD	P4_LUAD
GTATACTTCAGGCCTTACTTTAGG.1|P4_LUAD	P4_LUAD
GTATACTTCAGTAGCGATGTTGAC.1|P4_LUAD	P4_LUAD
GTATGGGTCAGTCTATAGTAGGCT.1|P4_LUAD	P4_LUAD
GTATGGGTCCATTAGTAACGGGAA.1|P4_LUAD	P4_LUAD
GTATGGGTCGCGCATTAACGGGAA.1|P4_LUAD	P4_LUAD
GTATGGGTCTAATCGTACTTTAGG.1|P4_LUAD	P4_LUAD
GTATGTAAGACTAATGATGTTGAC.1|P4_LUAD	P4_LUAD
GTATGTAAGCATTTCGAACGGGAA.1|P4_LUAD	P4_LUAD
GTATGTAAGGCTGGTAAACGGGAA.1|P4_LUAD	P4_LUAD
GTATGTAAGGTTCTTGACTTTAGG.1|P4_LUAD	P4_LUAD
GTATGTAAGTTTGCATATGTTGAC.1|P4_LUAD	P4_LUAD
GTATTACTCACAACAAACTTTAGG.1|P4_LUAD	P4_LUAD
GTATTACTCCAAAGGTATGTTGAC.1|P4_LUAD	P4_LUAD
GTATTACTCCGCCCAAAGTAGGCT.1|P4_LUAD	P4_LUAD
GTATTACTCCTTTCTAAACGGGAA.1|P4_LUAD	P4_LUAD
GTATTACTCTTTGGTGATGTTGAC.1|P4_LUAD	P4_LUAD
GTATTCGTCAGCATGGACTTTAGG.1|P4_LUAD	P4_LUAD
GTATTCGTCATGGATAACTTTAGG.1|P4_LUAD	P4_LUAD
GTATTCGTCCAAAGACAACGGGAA.1|P4_LUAD	P4_LUAD
GTATTCGTCCATTAACACTTTAGG.1|P4_LUAD	P4_LUAD
GTATTCGTCGCAACGAAGTAGGCT.1|P4_LUAD	P4_LUAD
GTATTCGTCGCAACGAATGTTGAC.1|P4_LUAD	P4_LUAD
GTATTCGTCGCTTGACACTTTAGG.1|P4_LUAD	P4_LUAD
GTATTCGTCTAGCCTAACTTTAGG.1|P4_LUAD	P4_LUAD
GTCAAAGGTGGGAACTAGTAGGCT.1|P4_LUAD	P4_LUAD
GTCAAAGGTTGTTCCCACTTTAGG.1|P4_LUAD	P4_LUAD
GTCAACTGTATCCGCAATGTTGAC.1|P4_LUAD	P4_LUAD
GTCAACTGTGTCCAGCACTTTAGG.1|P4_LUAD	P4_LUAD
GTCAAGCCAGGGCTATAACGGGAA.1|P4_LUAD	P4_LUAD
GTCACAACACATGAATAACGGGAA.1|P4_LUAD	P4_LUAD
GTCACAACAGATTGCAATGTTGAC.1|P4_LUAD	P4_LUAD
GTCACAACATTAGCGAACTTTAGG.1|P4_LUAD	P4_LUAD
GTCACACTCAATGTTCACTTTAGG.1|P4_LUAD	P4_LUAD
GTCACACTCCCGTTCCATGTTGAC.1|P4_LUAD	P4_LUAD
GTCACACTCGAACGTGATGTTGAC.1|P4_LUAD	P4_LUAD
GTCACTCAGATGGATCACTTTAGG.1|P4_LUAD	P4_LUAD
GTCACTCAGCATCTATATGTTGAC.1|P4_LUAD	P4_LUAD
GTCACTCAGGAGGATAACTTTAGG.1|P4_LUAD	P4_LUAD
GTCACTCAGTGCCCTGACTTTAGG.1|P4_LUAD	P4_LUAD
GTCACTCAGTTTCACGAACGGGAA.1|P4_LUAD	P4_LUAD
GTCAGTGAGACCAGGCATGTTGAC.1|P4_LUAD	P4_LUAD
GTCAGTGAGATAACCAAGTAGGCT.1|P4_LUAD	P4_LUAD
GTCAGTGAGCTGGGTAACTTTAGG.1|P4_LUAD	P4_LUAD
GTCAGTGAGGCTGGTAAACGGGAA.1|P4_LUAD	P4_LUAD
GTCAGTGAGGTGTCCTATGTTGAC.1|P4_LUAD	P4_LUAD
GTCAGTGAGTAACGGTAACGGGAA.1|P4_LUAD	P4_LUAD
GTCATAAAGCTTTACGATGTTGAC.1|P4_LUAD	P4_LUAD
GTCATAAAGGTTACTTAACGGGAA.1|P4_LUAD	P4_LUAD
GTCATAAAGTACGGGCAGTAGGCT.1|P4_LUAD	P4_LUAD
GTCATCCAGAATGGCTACTTTAGG.1|P4_LUAD	P4_LUAD
GTCATCCAGACAAGCTAGTAGGCT.1|P4_LUAD	P4_LUAD
GTCATCCAGACCTTTGAACGGGAA.1|P4_LUAD	P4_LUAD
GTCATCCAGAGGCGAGAACGGGAA.1|P4_LUAD	P4_LUAD
GTCATCCAGGCCCATTAACGGGAA.1|P4_LUAD	P4_LUAD
GTCATCCAGGCTTAAAACTTTAGG.1|P4_LUAD	P4_LUAD
GTCATCCAGGGCACTAAACGGGAA.1|P4_LUAD	P4_LUAD
GTCATCCAGTTTCACGACTTTAGG.1|P4_LUAD	P4_LUAD
GTCATTAGTCACTAGTAACGGGAA.1|P4_LUAD	P4_LUAD
GTCATTAGTCACTAGTACTTTAGG.1|P4_LUAD	P4_LUAD
GTCATTAGTGCGTACCAACGGGAA.1|P4_LUAD	P4_LUAD
GTCATTGTCAAGGGTTAACGGGAA.1|P4_LUAD	P4_LUAD
GTCATTGTCACGTTCAATGTTGAC.1|P4_LUAD	P4_LUAD
GTCATTGTCAGCCCTGAGTAGGCT.1|P4_LUAD	P4_LUAD
GTCATTGTCAGCTACCACTTTAGG.1|P4_LUAD	P4_LUAD
GTCATTGTCCTTTAGGACTTTAGG.1|P4_LUAD	P4_LUAD
GTCCAAACAAGGAATAACTTTAGG.1|P4_LUAD	P4_LUAD
GTCCAAACAATCCACTATGTTGAC.1|P4_LUAD	P4_LUAD
GTCCAAACACCTAAAGAGTAGGCT.1|P4_LUAD	P4_LUAD
GTCCAAACACTTTGTAACTTTAGG.1|P4_LUAD	P4_LUAD
GTCCAAACAGCCTTCAAACGGGAA.1|P4_LUAD	P4_LUAD
GTCCAAACATTCCTTTACTTTAGG.1|P4_LUAD	P4_LUAD
GTCCCTCTCTCACTAGAACGGGAA.1|P4_LUAD	P4_LUAD
GTCCCTGAGATGCTAAATGTTGAC.1|P4_LUAD	P4_LUAD
GTCCCTGAGGTTGTGGACTTTAGG.1|P4_LUAD	P4_LUAD
GTCCGTAGTCAACTACATGTTGAC.1|P4_LUAD	P4_LUAD
GTCCGTAGTCACAGAAAGTAGGCT.1|P4_LUAD	P4_LUAD
GTCCGTAGTCGGTTATATGTTGAC.1|P4_LUAD	P4_LUAD
GTCCGTAGTGCTCCAAATGTTGAC.1|P4_LUAD	P4_LUAD
GTCCGTAGTTAGTGAGAACGGGAA.1|P4_LUAD	P4_LUAD
GTCCGTTAGAGCAAGAAACGGGAA.1|P4_LUAD	P4_LUAD
GTCCGTTAGCCCTGATAACGGGAA.1|P4_LUAD	P4_LUAD
GTCCGTTAGGCTGGTAAGTAGGCT.1|P4_LUAD	P4_LUAD
GTCCGTTAGTTGCGGAACTTTAGG.1|P4_LUAD	P4_LUAD
GTCCTCACAACAAGCCATGTTGAC.1|P4_LUAD	P4_LUAD
GTCCTGAGTACACCCAAACGGGAA.1|P4_LUAD	P4_LUAD
GTCCTGAGTACTTAGCATGTTGAC.1|P4_LUAD	P4_LUAD
GTCCTGAGTCGTTCTCAGTAGGCT.1|P4_LUAD	P4_LUAD
GTCCTGAGTGCATCGCATGTTGAC.1|P4_LUAD	P4_LUAD
GTCCTGAGTTCCGCAAAGTAGGCT.1|P4_LUAD	P4_LUAD
GTCCTGAGTTGGAGCGAACGGGAA.1|P4_LUAD	P4_LUAD
GTCCTTAAGATGCCTCAGTAGGCT.1|P4_LUAD	P4_LUAD
GTCGATTGTATGTTTGAGTAGGCT.1|P4_LUAD	P4_LUAD
GTCGATTGTATTGACCAACGGGAA.1|P4_LUAD	P4_LUAD
GTCGATTGTGGTGCAGAGTAGGCT.1|P4_LUAD	P4_LUAD
GTCGGTTTCCATAGAAACTTTAGG.1|P4_LUAD	P4_LUAD
GTCGGTTTCGAGGCGTACTTTAGG.1|P4_LUAD	P4_LUAD
GTCGGTTTCTCAAGAAACTTTAGG.1|P4_LUAD	P4_LUAD
GTCGGTTTCTTGAAAGACTTTAGG.1|P4_LUAD	P4_LUAD
GTCGGTTTCTTGAATCACTTTAGG.1|P4_LUAD	P4_LUAD
GTCGTTATCAAGCCAGATGTTGAC.1|P4_LUAD	P4_LUAD
GTCGTTATCGCCTCTCATGTTGAC.1|P4_LUAD	P4_LUAD
GTCGTTATCGTAACCCACTTTAGG.1|P4_LUAD	P4_LUAD
GTCGTTATCGTTCGTAATGTTGAC.1|P4_LUAD	P4_LUAD
GTCTTGCAGAACCTCCAACGGGAA.1|P4_LUAD	P4_LUAD
GTCTTGCAGCTAGATAAGTAGGCT.1|P4_LUAD	P4_LUAD
GTCTTGCAGGAGCCGTATGTTGAC.1|P4_LUAD	P4_LUAD
GTGAAACTCGATTGGGACTTTAGG.1|P4_LUAD	P4_LUAD
GTGAAACTCTATCACGAACGGGAA.1|P4_LUAD	P4_LUAD
GTGAAACTCTATCACGACTTTAGG.1|P4_LUAD	P4_LUAD
GTGAGTTAGAGGAGTAAACGGGAA.1|P4_LUAD	P4_LUAD
GTGAGTTAGGCACTAGACTTTAGG.1|P4_LUAD	P4_LUAD
GTGAGTTAGGCGCAACAACGGGAA.1|P4_LUAD	P4_LUAD
GTGCAAGTCACAAAGCATGTTGAC.1|P4_LUAD	P4_LUAD
GTGCAAGTCCGTCAACACTTTAGG.1|P4_LUAD	P4_LUAD
GTGCAAGTCGACCGTTATGTTGAC.1|P4_LUAD	P4_LUAD
GTGCAAGTCGTGATGGAGTAGGCT.1|P4_LUAD	P4_LUAD
GTGCCTTAGCCACTCGAACGGGAA.1|P4_LUAD	P4_LUAD
GTGCCTTAGGCGCGATAACGGGAA.1|P4_LUAD	P4_LUAD
GTGCCTTAGTAGCCTCAGTAGGCT.1|P4_LUAD	P4_LUAD
GTGCGGTAGACTTAAGACTTTAGG.1|P4_LUAD	P4_LUAD
GTGCGGTAGCAAGTTAACTTTAGG.1|P4_LUAD	P4_LUAD
GTGCGGTAGTCAACTTATGTTGAC.1|P4_LUAD	P4_LUAD
GTGCTCAGTAGTAACGAACGGGAA.1|P4_LUAD	P4_LUAD
GTGCTCAGTGGTTCGCATGTTGAC.1|P4_LUAD	P4_LUAD
GTGCTCAGTTAGGTGAAGTAGGCT.1|P4_LUAD	P4_LUAD
GTGCTCAGTTCGATGTAACGGGAA.1|P4_LUAD	P4_LUAD
GTGCTCAGTTCTCAAAAACGGGAA.1|P4_LUAD	P4_LUAD
GTGCTTATCCGAATTTAACGGGAA.1|P4_LUAD	P4_LUAD
GTGCTTATCGTGATTTAGTAGGCT.1|P4_LUAD	P4_LUAD
GTGGAAGCAGGAATAAATGTTGAC.1|P4_LUAD	P4_LUAD
GTGGAAGCATCACGCCAACGGGAA.1|P4_LUAD	P4_LUAD
GTGGAAGCATTGCGCCAACGGGAA.1|P4_LUAD	P4_LUAD
GTGGACATCACTGTCAAGTAGGCT.1|P4_LUAD	P4_LUAD
GTGGACATCATAACCTATGTTGAC.1|P4_LUAD	P4_LUAD
GTGGACATCCAGCTACACTTTAGG.1|P4_LUAD	P4_LUAD
GTGGACATCCGTCCAGAGTAGGCT.1|P4_LUAD	P4_LUAD
GTGGACATCCTCACTTATGTTGAC.1|P4_LUAD	P4_LUAD
GTGGACATCGCAACGAATGTTGAC.1|P4_LUAD	P4_LUAD
GTGGACATCTGGTCTAAACGGGAA.1|P4_LUAD	P4_LUAD
GTGGACCAGAGCCGGTAACGGGAA.1|P4_LUAD	P4_LUAD
GTGGACCAGCAGGTCAACTTTAGG.1|P4_LUAD	P4_LUAD
GTGGACCAGCGAAGCCAGTAGGCT.1|P4_LUAD	P4_LUAD
GTGGACCAGGGCACTAACTTTAGG.1|P4_LUAD	P4_LUAD
GTGGATTAGAATGGGAAACGGGAA.1|P4_LUAD	P4_LUAD
GTGGATTAGCCATTTGAGTAGGCT.1|P4_LUAD	P4_LUAD
GTGGATTAGTTTCGGCAACGGGAA.1|P4_LUAD	P4_LUAD
GTGGCGAGTAGCCTTGAACGGGAA.1|P4_LUAD	P4_LUAD
GTGGCGAGTGGTGCAGAGTAGGCT.1|P4_LUAD	P4_LUAD
GTGGCGAGTGGTGCAGATGTTGAC.1|P4_LUAD	P4_LUAD
GTGGCGAGTTTCCACCAACGGGAA.1|P4_LUAD	P4_LUAD
GTGGCGAGTTTGTTGAAACGGGAA.1|P4_LUAD	P4_LUAD
GTGGCGTAGACTCCTAATGTTGAC.1|P4_LUAD	P4_LUAD
GTGGCGTAGCGAGCTAATGTTGAC.1|P4_LUAD	P4_LUAD
GTGGCGTAGGCTACTCACTTTAGG.1|P4_LUAD	P4_LUAD
GTGGCGTAGTCATAAGAGTAGGCT.1|P4_LUAD	P4_LUAD
GTGGCGTAGTTTGGTTAGTAGGCT.1|P4_LUAD	P4_LUAD
GTGGCTAAGAAGTACCATGTTGAC.1|P4_LUAD	P4_LUAD
GTGGCTAAGCTTGAAAACTTTAGG.1|P4_LUAD	P4_LUAD
GTGGCTAAGGCAAGCCAGTAGGCT.1|P4_LUAD	P4_LUAD
GTGGCTAAGGCTGGTAAGTAGGCT.1|P4_LUAD	P4_LUAD
GTGGCTAAGGTTCTTGATGTTGAC.1|P4_LUAD	P4_LUAD
GTGGGAACAAGCGATCACTTTAGG.1|P4_LUAD	P4_LUAD
GTGGGAACACGTGCTCACTTTAGG.1|P4_LUAD	P4_LUAD
GTGGGAACACTCAAAGACTTTAGG.1|P4_LUAD	P4_LUAD
GTGGGAACAGTTATCCACTTTAGG.1|P4_LUAD	P4_LUAD
GTGGTTACAAGTTTCCACTTTAGG.1|P4_LUAD	P4_LUAD
GTGGTTACAGGAGCAAACTTTAGG.1|P4_LUAD	P4_LUAD
GTGGTTACAGGCCTCTACTTTAGG.1|P4_LUAD	P4_LUAD
GTGGTTACAGGTTTCTACTTTAGG.1|P4_LUAD	P4_LUAD
GTGGTTACATGCGGATAGTAGGCT.1|P4_LUAD	P4_LUAD
GTGGTTCTCGAGGCGTACTTTAGG.1|P4_LUAD	P4_LUAD
GTGTGAGTCACCATATACTTTAGG.1|P4_LUAD	P4_LUAD
GTGTGAGTCAGGCATGAGTAGGCT.1|P4_LUAD	P4_LUAD
GTGTGAGTCGCCTCGAACTTTAGG.1|P4_LUAD	P4_LUAD
GTGTGAGTCGTTAACTAGTAGGCT.1|P4_LUAD	P4_LUAD
GTGTGCGCAAACGGTCATGTTGAC.1|P4_LUAD	P4_LUAD
GTGTGCGCACTAAGCAAACGGGAA.1|P4_LUAD	P4_LUAD
GTGTGCGCAGGTGACTACTTTAGG.1|P4_LUAD	P4_LUAD
GTGTGCGCATTTATCGATGTTGAC.1|P4_LUAD	P4_LUAD
GTGTTAAAGCGCTTACAACGGGAA.1|P4_LUAD	P4_LUAD
GTGTTAAAGGTCAATAAGTAGGCT.1|P4_LUAD	P4_LUAD
GTGTTAAAGTCAAACAATGTTGAC.1|P4_LUAD	P4_LUAD
GTTAACCGTCCACAATACTTTAGG.1|P4_LUAD	P4_LUAD
GTTAACCGTCCATAGTATGTTGAC.1|P4_LUAD	P4_LUAD
GTTAACCGTGCACTATATGTTGAC.1|P4_LUAD	P4_LUAD
GTTAACCGTTAGTGCTAACGGGAA.1|P4_LUAD	P4_LUAD
GTTAACTTCCTGCCAGAGTAGGCT.1|P4_LUAD	P4_LUAD
GTTAACTTCGAGAGAAATGTTGAC.1|P4_LUAD	P4_LUAD
GTTAACTTCTAGCCTAAACGGGAA.1|P4_LUAD	P4_LUAD
GTTAAGGGTACCTCAGATGTTGAC.1|P4_LUAD	P4_LUAD
GTTAAGGGTATTGGGAAACGGGAA.1|P4_LUAD	P4_LUAD
GTTAAGGGTGTTTGGTACTTTAGG.1|P4_LUAD	P4_LUAD
GTTAATGAGATGCCTCACTTTAGG.1|P4_LUAD	P4_LUAD
GTTAATGAGCCTAGTCACTTTAGG.1|P4_LUAD	P4_LUAD
GTTAATGAGGACTTGGACTTTAGG.1|P4_LUAD	P4_LUAD
GTTAATGAGGCAAGCCACTTTAGG.1|P4_LUAD	P4_LUAD
GTTACCGGTGTTAGTCACTTTAGG.1|P4_LUAD	P4_LUAD
GTTACCGGTTTCCAAAAGTAGGCT.1|P4_LUAD	P4_LUAD
GTTACCGGTTTGTGACAACGGGAA.1|P4_LUAD	P4_LUAD
GTTAGAATCAGGTAGTACTTTAGG.1|P4_LUAD	P4_LUAD
GTTAGAATCAGGTCGAATGTTGAC.1|P4_LUAD	P4_LUAD
GTTAGAATCCAAAGACACTTTAGG.1|P4_LUAD	P4_LUAD
GTTAGAATCCTTAGATAACGGGAA.1|P4_LUAD	P4_LUAD
GTTAGAATCGCCTAACACTTTAGG.1|P4_LUAD	P4_LUAD
GTTAGAATCTGGCCCAAACGGGAA.1|P4_LUAD	P4_LUAD
GTTAGCGAGACCAGGCAACGGGAA.1|P4_LUAD	P4_LUAD
GTTAGCGAGCTTCTAGACTTTAGG.1|P4_LUAD	P4_LUAD
GTTAGCGAGGCGCATAACTTTAGG.1|P4_LUAD	P4_LUAD
GTTAGCGAGGGCCTTTATGTTGAC.1|P4_LUAD	P4_LUAD
GTTAGCGAGTTGCAGGAGTAGGCT.1|P4_LUAD	P4_LUAD
GTTAGGCCAGCAAGCTAGTAGGCT.1|P4_LUAD	P4_LUAD
GTTAGGCCATATCGCTAACGGGAA.1|P4_LUAD	P4_LUAD
GTTAGTCGTAGCCACCATGTTGAC.1|P4_LUAD	P4_LUAD
GTTAGTCGTAGGTTTCATGTTGAC.1|P4_LUAD	P4_LUAD
GTTAGTCGTGCGTACCAGTAGGCT.1|P4_LUAD	P4_LUAD
GTTAGTCGTGGTGAGTATGTTGAC.1|P4_LUAD	P4_LUAD
GTTATCTAGGACAAAGACTTTAGG.1|P4_LUAD	P4_LUAD
GTTATCTAGGCACTAGACTTTAGG.1|P4_LUAD	P4_LUAD
GTTATCTAGGGCCTTTAACGGGAA.1|P4_LUAD	P4_LUAD
GTTATCTAGGTTGCAGAGTAGGCT.1|P4_LUAD	P4_LUAD
GTTATCTAGTGTCCACAACGGGAA.1|P4_LUAD	P4_LUAD
GTTATTGGTCTTTATCACTTTAGG.1|P4_LUAD	P4_LUAD
GTTATTGGTTGGATAGAGTAGGCT.1|P4_LUAD	P4_LUAD
GTTATTGGTTGTGAGAATGTTGAC.1|P4_LUAD	P4_LUAD
GTTATTGGTTTAGTTGAACGGGAA.1|P4_LUAD	P4_LUAD
GTTATTGGTTTCGCCTATGTTGAC.1|P4_LUAD	P4_LUAD
GTTCACCAGCCGCTATATGTTGAC.1|P4_LUAD	P4_LUAD
GTTCACCAGGTAGTTAACTTTAGG.1|P4_LUAD	P4_LUAD
GTTCACCAGGTCTTTGAACGGGAA.1|P4_LUAD	P4_LUAD
GTTCACCAGTCTGTGCACTTTAGG.1|P4_LUAD	P4_LUAD
GTTCACCAGTTGGATAAACGGGAA.1|P4_LUAD	P4_LUAD
GTTCACCAGTTTGCTGAGTAGGCT.1|P4_LUAD	P4_LUAD
GTTCATCCAATAACCGACTTTAGG.1|P4_LUAD	P4_LUAD
GTTCATCCACTCAATCACTTTAGG.1|P4_LUAD	P4_LUAD
GTTCATTAGACTATTCATGTTGAC.1|P4_LUAD	P4_LUAD
GTTCATTAGAGCAACTATGTTGAC.1|P4_LUAD	P4_LUAD
GTTCATTAGCAGGTCAATGTTGAC.1|P4_LUAD	P4_LUAD
GTTCATTAGGGTTGCAAGTAGGCT.1|P4_LUAD	P4_LUAD
GTTCATTAGGTATTTCAGTAGGCT.1|P4_LUAD	P4_LUAD
GTTCCAGGTTGTTTAGAACGGGAA.1|P4_LUAD	P4_LUAD
GTTCCATCAAACCTGAATGTTGAC.1|P4_LUAD	P4_LUAD
GTTCCATCAAATAGGAATGTTGAC.1|P4_LUAD	P4_LUAD
GTTCCATCACTAACAGAACGGGAA.1|P4_LUAD	P4_LUAD
GTTCCATCATCCCTCTAGTAGGCT.1|P4_LUAD	P4_LUAD
GTTCCATCATGCTCCAATGTTGAC.1|P4_LUAD	P4_LUAD
GTTCCATCATTGAACGACTTTAGG.1|P4_LUAD	P4_LUAD
GTTCGATGTGATAAACACTTTAGG.1|P4_LUAD	P4_LUAD
GTTCGATGTTTAACCAAACGGGAA.1|P4_LUAD	P4_LUAD
GTTCGCGTCAACCTATAACGGGAA.1|P4_LUAD	P4_LUAD
GTTCGCGTCAAGGTGTAACGGGAA.1|P4_LUAD	P4_LUAD
GTTCGCGTCCATAGAAATGTTGAC.1|P4_LUAD	P4_LUAD
GTTCGCGTCGCCTGCAAACGGGAA.1|P4_LUAD	P4_LUAD
GTTCGGGCAATCGTTCAACGGGAA.1|P4_LUAD	P4_LUAD
GTTCGGGCAATTAGCGAGTAGGCT.1|P4_LUAD	P4_LUAD
GTTCGGGCACTAGTAGAACGGGAA.1|P4_LUAD	P4_LUAD
GTTCGTTCAATCAAGTAACGGGAA.1|P4_LUAD	P4_LUAD
GTTCGTTCACATGAATACTTTAGG.1|P4_LUAD	P4_LUAD
GTTCGTTCATTGCCGCACTTTAGG.1|P4_LUAD	P4_LUAD
GTTCTGTCAAAGGGATAGTAGGCT.1|P4_LUAD	P4_LUAD
GTTCTGTCACCTTCTCATGTTGAC.1|P4_LUAD	P4_LUAD
GTTCTGTCACGTAAATACTTTAGG.1|P4_LUAD	P4_LUAD
GTTCTGTCATCACGCCACTTTAGG.1|P4_LUAD	P4_LUAD
GTTGAATCAAGGCGTTAGTAGGCT.1|P4_LUAD	P4_LUAD
GTTGAATCATTTGGAGAGTAGGCT.1|P4_LUAD	P4_LUAD
GTTGAGCCAAGTGGCTAACGGGAA.1|P4_LUAD	P4_LUAD
GTTGAGCCACCATCATAGTAGGCT.1|P4_LUAD	P4_LUAD
GTTGAGGTCAATGTTCAACGGGAA.1|P4_LUAD	P4_LUAD
GTTGAGGTCAGGGCACAACGGGAA.1|P4_LUAD	P4_LUAD
GTTGAGGTCCATAGGGACTTTAGG.1|P4_LUAD	P4_LUAD
GTTGAGGTCTGTGATTAACGGGAA.1|P4_LUAD	P4_LUAD
GTTGCATGTGTGACCCAACGGGAA.1|P4_LUAD	P4_LUAD
GTTGCATGTTAGGTGAATGTTGAC.1|P4_LUAD	P4_LUAD
GTTGCGCGTACGTTCGAACGGGAA.1|P4_LUAD	P4_LUAD
GTTGCGCGTCGTAATCACTTTAGG.1|P4_LUAD	P4_LUAD
GTTGCGCGTGCACTATAACGGGAA.1|P4_LUAD	P4_LUAD
GTTGCGCGTGTGAGACATGTTGAC.1|P4_LUAD	P4_LUAD
GTTGCGCGTTCCGGGTATGTTGAC.1|P4_LUAD	P4_LUAD
GTTGGATAGGATGTTAAACGGGAA.1|P4_LUAD	P4_LUAD
GTTGGATAGTGATTTCAGTAGGCT.1|P4_LUAD	P4_LUAD
GTTGGATAGTTACTCGACTTTAGG.1|P4_LUAD	P4_LUAD
GTTGGATAGTTTGCTGATGTTGAC.1|P4_LUAD	P4_LUAD
GTTGGGTCAACCCTATATGTTGAC.1|P4_LUAD	P4_LUAD
GTTGGGTCAATAGAGAATGTTGAC.1|P4_LUAD	P4_LUAD
GTTGGGTCAGCCTGAGACTTTAGG.1|P4_LUAD	P4_LUAD
GTTGGGTCAGCTCATTATGTTGAC.1|P4_LUAD	P4_LUAD
GTTGGGTCAGCTTAAGACTTTAGG.1|P4_LUAD	P4_LUAD
GTTGGGTCAGGTATTGATGTTGAC.1|P4_LUAD	P4_LUAD
GTTGTAAAGCCTATATACTTTAGG.1|P4_LUAD	P4_LUAD
GTTGTAAAGCTGGACAACTTTAGG.1|P4_LUAD	P4_LUAD
GTTGTAAAGTGGACCAATGTTGAC.1|P4_LUAD	P4_LUAD
GTTGTAAAGTTTGACTATGTTGAC.1|P4_LUAD	P4_LUAD
GTTGTCCAGAAGTACCACTTTAGG.1|P4_LUAD	P4_LUAD
GTTGTCCAGATTGAGCAACGGGAA.1|P4_LUAD	P4_LUAD
GTTGTCCAGTTAGTTCATGTTGAC.1|P4_LUAD	P4_LUAD
GTTGTGACAAGATAAGACTTTAGG.1|P4_LUAD	P4_LUAD
GTTGTGACAAGTGGCTAACGGGAA.1|P4_LUAD	P4_LUAD
GTTGTGACACAATAGTATGTTGAC.1|P4_LUAD	P4_LUAD
GTTGTGACATCACTCGACTTTAGG.1|P4_LUAD	P4_LUAD
GTTGTGACATCGATAGATGTTGAC.1|P4_LUAD	P4_LUAD
GTTGTTCCATCAGGACACTTTAGG.1|P4_LUAD	P4_LUAD
GTTGTTGTCACAACAAACTTTAGG.1|P4_LUAD	P4_LUAD
GTTGTTGTCCAACTTGACTTTAGG.1|P4_LUAD	P4_LUAD
GTTGTTGTCGTAAAGCACTTTAGG.1|P4_LUAD	P4_LUAD
GTTGTTGTCTATTGACACTTTAGG.1|P4_LUAD	P4_LUAD
GTTTACGTCAAACCAAAGTAGGCT.1|P4_LUAD	P4_LUAD
GTTTACGTCACCATATACTTTAGG.1|P4_LUAD	P4_LUAD
GTTTACGTCCAATTACACTTTAGG.1|P4_LUAD	P4_LUAD
GTTTACGTCGAGAGAAATGTTGAC.1|P4_LUAD	P4_LUAD
GTTTACGTCGCGGATAAGTAGGCT.1|P4_LUAD	P4_LUAD
GTTTACGTCGGTTCACATGTTGAC.1|P4_LUAD	P4_LUAD
GTTTACGTCGTTATGTAACGGGAA.1|P4_LUAD	P4_LUAD
GTTTACGTCGTTCGTAAACGGGAA.1|P4_LUAD	P4_LUAD
GTTTAGCGTAATCCTAATGTTGAC.1|P4_LUAD	P4_LUAD
GTTTAGCGTGCTCATGATGTTGAC.1|P4_LUAD	P4_LUAD
GTTTAGCGTGTGAGACAGTAGGCT.1|P4_LUAD	P4_LUAD
GTTTAGCGTTAACGTCAACGGGAA.1|P4_LUAD	P4_LUAD
GTTTAGCGTTAGCGCCAGTAGGCT.1|P4_LUAD	P4_LUAD
GTTTAGCGTTCGGTATAGTAGGCT.1|P4_LUAD	P4_LUAD
GTTTAGTTCATCGATTAACGGGAA.1|P4_LUAD	P4_LUAD
GTTTAGTTCGTGATGGAACGGGAA.1|P4_LUAD	P4_LUAD
GTTTATCAGACTCAAAACTTTAGG.1|P4_LUAD	P4_LUAD
GTTTATCAGCGAGGGAACTTTAGG.1|P4_LUAD	P4_LUAD
GTTTATCAGGATCCAGATGTTGAC.1|P4_LUAD	P4_LUAD
GTTTATCAGTAAGCTAAGTAGGCT.1|P4_LUAD	P4_LUAD
GTTTATCAGTCTAATCATGTTGAC.1|P4_LUAD	P4_LUAD
GTTTCACCAACCTCGCAACGGGAA.1|P4_LUAD	P4_LUAD
GTTTCACCAAGGAATAACTTTAGG.1|P4_LUAD	P4_LUAD
GTTTCACCAAGGCCTGATGTTGAC.1|P4_LUAD	P4_LUAD
GTTTCACCACTCAGTTATGTTGAC.1|P4_LUAD	P4_LUAD
GTTTGAGCATGGATTGAGTAGGCT.1|P4_LUAD	P4_LUAD
GTTTGCATCCTCTAAGATGTTGAC.1|P4_LUAD	P4_LUAD
GTTTGCATCCTTTGGAAACGGGAA.1|P4_LUAD	P4_LUAD
GTTTGCATCGCGGAACACTTTAGG.1|P4_LUAD	P4_LUAD
GTTTGCATCGCGTTCGAGTAGGCT.1|P4_LUAD	P4_LUAD
GTTTGGACAAGAACAAACTTTAGG.1|P4_LUAD	P4_LUAD
GTTTGGACACGTAATGACTTTAGG.1|P4_LUAD	P4_LUAD
GTTTGGACAGATTGCAATGTTGAC.1|P4_LUAD	P4_LUAD
GTTTGGGAGCTGATGGAACGGGAA.1|P4_LUAD	P4_LUAD
GTTTGGGAGGCCTCTGACTTTAGG.1|P4_LUAD	P4_LUAD
GTTTGGGAGTTGCAGGATGTTGAC.1|P4_LUAD	P4_LUAD
GTTTGGTGTCAATGTCATGTTGAC.1|P4_LUAD	P4_LUAD
GTTTGGTGTCCAATACAGTAGGCT.1|P4_LUAD	P4_LUAD
GTTTGGTGTGAAGCACACTTTAGG.1|P4_LUAD	P4_LUAD
GTTTGGTGTGGATGGTAGTAGGCT.1|P4_LUAD	P4_LUAD
GTTTGGTGTTCAAGGAAGTAGGCT.1|P4_LUAD	P4_LUAD
GTTTGGTGTTCAAGGAATGTTGAC.1|P4_LUAD	P4_LUAD
GTTTGGTGTTTGTAGCATGTTGAC.1|P4_LUAD	P4_LUAD
GTTTGTAGTAACTAGGAACGGGAA.1|P4_LUAD	P4_LUAD
GTTTGTAGTAATCCTAATGTTGAC.1|P4_LUAD	P4_LUAD
GTTTGTAGTAATTTCGATGTTGAC.1|P4_LUAD	P4_LUAD
GTTTGTAGTTCAAGCTATGTTGAC.1|P4_LUAD	P4_LUAD
GTTTGTAGTTGGGTTTACTTTAGG.1|P4_LUAD	P4_LUAD
GTTTGTCCAGCCCTTAAACGGGAA.1|P4_LUAD	P4_LUAD
GTTTGTCCAGGACTACATGTTGAC.1|P4_LUAD	P4_LUAD
TAAACCCGTCCTTATTAACGGGAA.1|P4_LUAD	P4_LUAD
TAAACCCGTGATGCAAACTTTAGG.1|P4_LUAD	P4_LUAD
TAAACCCGTGCCCTTTAACGGGAA.1|P4_LUAD	P4_LUAD
TAAACCCGTTAAGCTCATGTTGAC.1|P4_LUAD	P4_LUAD
TAAACGGGTGATTAGGAGTAGGCT.1|P4_LUAD	P4_LUAD
TAAACGGGTTAGCGGGAACGGGAA.1|P4_LUAD	P4_LUAD
TAAACGGGTTGAGTCTAACGGGAA.1|P4_LUAD	P4_LUAD
TAAACTGAGCAAATCAACTTTAGG.1|P4_LUAD	P4_LUAD
TAAACTGAGCCTGGTTACTTTAGG.1|P4_LUAD	P4_LUAD
TAAACTGAGCTAAGTAATGTTGAC.1|P4_LUAD	P4_LUAD
TAAACTGAGGAACTTAAACGGGAA.1|P4_LUAD	P4_LUAD
TAAACTGAGGAGGATAACTTTAGG.1|P4_LUAD	P4_LUAD
TAAACTGAGGTAATTGATGTTGAC.1|P4_LUAD	P4_LUAD
TAAACTGAGGTATGGTATGTTGAC.1|P4_LUAD	P4_LUAD
TAAACTGAGTGATGGTACTTTAGG.1|P4_LUAD	P4_LUAD
TAAAGCCAGCCCTGATATGTTGAC.1|P4_LUAD	P4_LUAD
TAAAGCCAGCGAGCTAACTTTAGG.1|P4_LUAD	P4_LUAD
TAAAGCCAGCTTATCGAGTAGGCT.1|P4_LUAD	P4_LUAD
TAAAGGCTCACTGTCAACTTTAGG.1|P4_LUAD	P4_LUAD
TAAAGGCTCCAATACTATGTTGAC.1|P4_LUAD	P4_LUAD
TAAAGGCTCCGGATAGAACGGGAA.1|P4_LUAD	P4_LUAD
TAAAGGCTCGGGACTAAACGGGAA.1|P4_LUAD	P4_LUAD
TAAAGGGAGCAGGTCAAACGGGAA.1|P4_LUAD	P4_LUAD
TAAAGGGAGGAACCATACTTTAGG.1|P4_LUAD	P4_LUAD
TAAAGGGAGGATGAAGATGTTGAC.1|P4_LUAD	P4_LUAD
TAAAGGGAGTAATGGCAGTAGGCT.1|P4_LUAD	P4_LUAD
TAAATCGAGGCTGGTAACTTTAGG.1|P4_LUAD	P4_LUAD
TAAATCGAGTGTGAGTACTTTAGG.1|P4_LUAD	P4_LUAD
TAACACGCAAAGACCCAGTAGGCT.1|P4_LUAD	P4_LUAD
TAACACGCACCTACTGATGTTGAC.1|P4_LUAD	P4_LUAD
TAACACGCAGCGATCGAGTAGGCT.1|P4_LUAD	P4_LUAD
TAACACGCAGGATCCGAACGGGAA.1|P4_LUAD	P4_LUAD
TAACACGCATTGACTCACTTTAGG.1|P4_LUAD	P4_LUAD
TAACAGGGTCGGTTATACTTTAGG.1|P4_LUAD	P4_LUAD
TAACAGGGTCGGTTTGACTTTAGG.1|P4_LUAD	P4_LUAD
TAACAGGGTGCCCTTTACTTTAGG.1|P4_LUAD	P4_LUAD
TAACAGGGTTCGGTATATGTTGAC.1|P4_LUAD	P4_LUAD
TAACCAAAGCTTGAAAAGTAGGCT.1|P4_LUAD	P4_LUAD
TAACCAAAGGCAATCGAGTAGGCT.1|P4_LUAD	P4_LUAD
TAACCAAAGGCAGGCTATGTTGAC.1|P4_LUAD	P4_LUAD
TAACCAAAGGTAATTGACTTTAGG.1|P4_LUAD	P4_LUAD
TAACCACGTCCTTATTAGTAGGCT.1|P4_LUAD	P4_LUAD
TAACCACGTGACCTATATGTTGAC.1|P4_LUAD	P4_LUAD
TAACCACGTGCTGATTAACGGGAA.1|P4_LUAD	P4_LUAD
TAACCACGTGGTTCTGATGTTGAC.1|P4_LUAD	P4_LUAD
TAACCGCTCAACCTATAACGGGAA.1|P4_LUAD	P4_LUAD
TAACCGCTCACCTTTCACTTTAGG.1|P4_LUAD	P4_LUAD
TAACCGCTCCTAAATCACTTTAGG.1|P4_LUAD	P4_LUAD
TAACCGTGTAACGGGTAACGGGAA.1|P4_LUAD	P4_LUAD
TAACCGTGTGCTCATGAGTAGGCT.1|P4_LUAD	P4_LUAD
TAACCGTGTGGCCCATAGTAGGCT.1|P4_LUAD	P4_LUAD
TAACCGTGTTGCACGCACTTTAGG.1|P4_LUAD	P4_LUAD
TAACCTGTCAACTGGGACTTTAGG.1|P4_LUAD	P4_LUAD
TAACCTGTCACCACACAACGGGAA.1|P4_LUAD	P4_LUAD
TAACCTGTCATTAGTCATGTTGAC.1|P4_LUAD	P4_LUAD
TAACCTGTCCAACATTAGTAGGCT.1|P4_LUAD	P4_LUAD
TAACCTGTCGACCGTTAGTAGGCT.1|P4_LUAD	P4_LUAD
TAACCTTAGCAAGACTAGTAGGCT.1|P4_LUAD	P4_LUAD
TAACCTTAGCAGCCAAAACGGGAA.1|P4_LUAD	P4_LUAD
TAACCTTAGGTCACTCAACGGGAA.1|P4_LUAD	P4_LUAD
TAACCTTAGTTACATCAACGGGAA.1|P4_LUAD	P4_LUAD
TAACGAATCCAGAACGATGTTGAC.1|P4_LUAD	P4_LUAD
TAACGAATCCGCACCAATGTTGAC.1|P4_LUAD	P4_LUAD
TAACGAATCCTCACGGAGTAGGCT.1|P4_LUAD	P4_LUAD
TAACGAATCTCAAACTACTTTAGG.1|P4_LUAD	P4_LUAD
TAACGAATCTGTGACCAGTAGGCT.1|P4_LUAD	P4_LUAD
TAACGCCTCAGTAGCGATGTTGAC.1|P4_LUAD	P4_LUAD
TAACGCCTCAGTCTATAACGGGAA.1|P4_LUAD	P4_LUAD
TAACGCCTCATTGAGAACTTTAGG.1|P4_LUAD	P4_LUAD
TAACGCCTCCGCCCAAAACGGGAA.1|P4_LUAD	P4_LUAD
TAACGCCTCTACTACGACTTTAGG.1|P4_LUAD	P4_LUAD
TAACGCCTCTTTAAGCATGTTGAC.1|P4_LUAD	P4_LUAD
TAACGTTTCGAAGCATACTTTAGG.1|P4_LUAD	P4_LUAD
TAACGTTTCGGTACCTAACGGGAA.1|P4_LUAD	P4_LUAD
TAACGTTTCTAGTTACATGTTGAC.1|P4_LUAD	P4_LUAD
TAACGTTTCTGGCCATACTTTAGG.1|P4_LUAD	P4_LUAD
TAACTGTTCCGCCTCTACTTTAGG.1|P4_LUAD	P4_LUAD
TAACTGTTCCTTGAGCACTTTAGG.1|P4_LUAD	P4_LUAD
TAACTGTTCTGGCCATATGTTGAC.1|P4_LUAD	P4_LUAD
TAACTTGGTACTTCAAATGTTGAC.1|P4_LUAD	P4_LUAD
TAACTTGGTCGGTTTGACTTTAGG.1|P4_LUAD	P4_LUAD
TAACTTGGTTAAGCTCAACGGGAA.1|P4_LUAD	P4_LUAD
TAACTTGGTTAGCATCAGTAGGCT.1|P4_LUAD	P4_LUAD
TAAGAAGCAAACTGGCAACGGGAA.1|P4_LUAD	P4_LUAD
TAAGAAGCACTTTATGATGTTGAC.1|P4_LUAD	P4_LUAD
TAAGAAGCATTGTGAGAACGGGAA.1|P4_LUAD	P4_LUAD
TAAGAAGCATTTGGGAATGTTGAC.1|P4_LUAD	P4_LUAD
TAAGCTAAGACCAGGCAACGGGAA.1|P4_LUAD	P4_LUAD
TAAGCTAAGAGCAACTAACGGGAA.1|P4_LUAD	P4_LUAD
TAAGCTAAGGCACTAGAACGGGAA.1|P4_LUAD	P4_LUAD
TAAGCTAAGGGTTTCCAGTAGGCT.1|P4_LUAD	P4_LUAD
TAAGCTAAGGTAATTGACTTTAGG.1|P4_LUAD	P4_LUAD
TAAGCTAAGGTTGCAGAACGGGAA.1|P4_LUAD	P4_LUAD
TAAGCTAAGTCACCTAAACGGGAA.1|P4_LUAD	P4_LUAD
TAAGCTAAGTCATCATAACGGGAA.1|P4_LUAD	P4_LUAD
TAAGCTAAGTTAGTTCATGTTGAC.1|P4_LUAD	P4_LUAD
TAAGCTTTCAAACCGGAGTAGGCT.1|P4_LUAD	P4_LUAD
TAAGCTTTCAAGGGCCATGTTGAC.1|P4_LUAD	P4_LUAD
TAAGCTTTCAGGAGCCATGTTGAC.1|P4_LUAD	P4_LUAD
TAAGCTTTCGATTCTGACTTTAGG.1|P4_LUAD	P4_LUAD
TAAGCTTTCGCCTGCAAGTAGGCT.1|P4_LUAD	P4_LUAD
TAAGGCTAGAAGTAGGAGTAGGCT.1|P4_LUAD	P4_LUAD
TAAGGCTAGCGAAGCCACTTTAGG.1|P4_LUAD	P4_LUAD
TAAGGCTAGTTTCAGTACTTTAGG.1|P4_LUAD	P4_LUAD
TAAGGTTCAACGTTAGAACGGGAA.1|P4_LUAD	P4_LUAD
TAAGGTTCAAGCCTAAAGTAGGCT.1|P4_LUAD	P4_LUAD
TAAGGTTCAAGTTGCAAGTAGGCT.1|P4_LUAD	P4_LUAD
TAAGGTTCAGATAGCCAGTAGGCT.1|P4_LUAD	P4_LUAD
TAAGGTTCATAGCGCGAACGGGAA.1|P4_LUAD	P4_LUAD
TAAGTACCAAACCGGTACTTTAGG.1|P4_LUAD	P4_LUAD
TAAGTACCAAACTTCCAACGGGAA.1|P4_LUAD	P4_LUAD
TAAGTACCAACAGATTAACGGGAA.1|P4_LUAD	P4_LUAD
TAAGTACCAAGTTGCAAACGGGAA.1|P4_LUAD	P4_LUAD
TAAGTACCAATGGATTAGTAGGCT.1|P4_LUAD	P4_LUAD
TAAGTACCAGAATGAAACTTTAGG.1|P4_LUAD	P4_LUAD
TAAGTACCAGCTCGCTACTTTAGG.1|P4_LUAD	P4_LUAD
TAAGTACCATATGGTGAACGGGAA.1|P4_LUAD	P4_LUAD
TAATAGCCAACCCTATACTTTAGG.1|P4_LUAD	P4_LUAD
TAATAGCCAGACTCAAATGTTGAC.1|P4_LUAD	P4_LUAD
TAATAGCCAGCAATTGAACGGGAA.1|P4_LUAD	P4_LUAD
TAATAGCCATGTGGGTAACGGGAA.1|P4_LUAD	P4_LUAD
TAATAGCCATTCAACCAACGGGAA.1|P4_LUAD	P4_LUAD
TAATAGGTCACAGGATACTTTAGG.1|P4_LUAD	P4_LUAD
TAATAGGTCCTCAAGCAACGGGAA.1|P4_LUAD	P4_LUAD
TAATAGGTCGATTATCACTTTAGG.1|P4_LUAD	P4_LUAD
TAATAGGTCGCGCATTAACGGGAA.1|P4_LUAD	P4_LUAD
TAATAGGTCTATTGCGAACGGGAA.1|P4_LUAD	P4_LUAD
TAATAGGTCTCACCTTAACGGGAA.1|P4_LUAD	P4_LUAD
TAATGCGCAACAGGCTAGTAGGCT.1|P4_LUAD	P4_LUAD
TAATGCGCAAGGAATAATGTTGAC.1|P4_LUAD	P4_LUAD
TAATGCGCACCTGGTCAACGGGAA.1|P4_LUAD	P4_LUAD
TAATGCGCATAACCAGAGTAGGCT.1|P4_LUAD	P4_LUAD
TAATGTGAGCCCTGATATGTTGAC.1|P4_LUAD	P4_LUAD
TAATGTGAGGCTAGATATGTTGAC.1|P4_LUAD	P4_LUAD
TAATGTGAGGCTTTATATGTTGAC.1|P4_LUAD	P4_LUAD
TAATGTGAGGTTCATTACTTTAGG.1|P4_LUAD	P4_LUAD
TAATGTGAGTGAGTCGAACGGGAA.1|P4_LUAD	P4_LUAD
TACAAACCATAGCCGGAACGGGAA.1|P4_LUAD	P4_LUAD
TACAACAAGACGCATGAACGGGAA.1|P4_LUAD	P4_LUAD
TACAACAAGATAACGCACTTTAGG.1|P4_LUAD	P4_LUAD
TACAACAAGCCTGCCAACTTTAGG.1|P4_LUAD	P4_LUAD
TACAACAAGGAAGGTAAACGGGAA.1|P4_LUAD	P4_LUAD
TACAATGAGATTGAGCAACGGGAA.1|P4_LUAD	P4_LUAD
TACAATGAGCTTACTGAGTAGGCT.1|P4_LUAD	P4_LUAD
TACAATGAGGATCCAGATGTTGAC.1|P4_LUAD	P4_LUAD
TACAATGAGGCTAGATAGTAGGCT.1|P4_LUAD	P4_LUAD
TACAATGAGTAAAGGGATGTTGAC.1|P4_LUAD	P4_LUAD
TACACCGGTCAATTCAATGTTGAC.1|P4_LUAD	P4_LUAD
TACACCGGTCACGATTAACGGGAA.1|P4_LUAD	P4_LUAD
TACACCGGTGCTTCGAATGTTGAC.1|P4_LUAD	P4_LUAD
TACACCGGTGTAATGGAGTAGGCT.1|P4_LUAD	P4_LUAD
TACACCGGTTAGTTTGAACGGGAA.1|P4_LUAD	P4_LUAD
TACAGAATCATGCCTAAACGGGAA.1|P4_LUAD	P4_LUAD
TACAGAATCGGTACGAACTTTAGG.1|P4_LUAD	P4_LUAD
TACAGGTAGCTTACTGACTTTAGG.1|P4_LUAD	P4_LUAD
TACAGGTAGGCGCGATAGTAGGCT.1|P4_LUAD	P4_LUAD
TACAGGTAGGGTTAACATGTTGAC.1|P4_LUAD	P4_LUAD
TACAGGTAGGTTGTGGAACGGGAA.1|P4_LUAD	P4_LUAD
TACAGGTAGTATGGTAACTTTAGG.1|P4_LUAD	P4_LUAD
TACAGGTAGTTAGGCGACTTTAGG.1|P4_LUAD	P4_LUAD
TACATACTCATGATGAAACGGGAA.1|P4_LUAD	P4_LUAD
TACATACTCCATAGGGAACGGGAA.1|P4_LUAD	P4_LUAD
TACATACTCCTAAAGAACTTTAGG.1|P4_LUAD	P4_LUAD
TACATACTCGATATAGACTTTAGG.1|P4_LUAD	P4_LUAD
TACCAGCTCACATTCGACTTTAGG.1|P4_LUAD	P4_LUAD
TACCAGCTCATGCCTAATGTTGAC.1|P4_LUAD	P4_LUAD
TACCAGCTCCGCCATGAACGGGAA.1|P4_LUAD	P4_LUAD
TACCAGCTCGACTCACACTTTAGG.1|P4_LUAD	P4_LUAD
TACCAGCTCGCTTGCGACTTTAGG.1|P4_LUAD	P4_LUAD
TACCAGCTCTTTAGCGAACGGGAA.1|P4_LUAD	P4_LUAD
TACCATCCAAGGCGTTAGTAGGCT.1|P4_LUAD	P4_LUAD
TACCATCCAGTTATGGACTTTAGG.1|P4_LUAD	P4_LUAD
TACCATCCATCAGGTAATGTTGAC.1|P4_LUAD	P4_LUAD
TACCCGGTCAATTTGCAACGGGAA.1|P4_LUAD	P4_LUAD
TACCCGGTCAGCACGAAGTAGGCT.1|P4_LUAD	P4_LUAD
TACCCGGTCATCCAGCACTTTAGG.1|P4_LUAD	P4_LUAD
TACCCGGTCCTTTAGGATGTTGAC.1|P4_LUAD	P4_LUAD
TACCCGGTCGACCCATAACGGGAA.1|P4_LUAD	P4_LUAD
TACCGAACATACTTGCATGTTGAC.1|P4_LUAD	P4_LUAD
TACCGCCCACGTAGTAACTTTAGG.1|P4_LUAD	P4_LUAD
TACCGCCCATACTGAGAACGGGAA.1|P4_LUAD	P4_LUAD
TACCGCCCATTCATGCATGTTGAC.1|P4_LUAD	P4_LUAD
TACCGCCCATTGCCCAACTTTAGG.1|P4_LUAD	P4_LUAD
TACCGGCGTGATGCAAAACGGGAA.1|P4_LUAD	P4_LUAD
TACCGGCGTGATTAGGACTTTAGG.1|P4_LUAD	P4_LUAD
TACCGGCGTTAGTGCTAGTAGGCT.1|P4_LUAD	P4_LUAD
TACCGGCGTTCACTCCATGTTGAC.1|P4_LUAD	P4_LUAD
TACCGGGCAAAGCTCAAGTAGGCT.1|P4_LUAD	P4_LUAD
TACCGGGCAACTTAGGACTTTAGG.1|P4_LUAD	P4_LUAD
TACCGGGCAAGGGTCTAGTAGGCT.1|P4_LUAD	P4_LUAD
TACCGGGCACGGTAACATGTTGAC.1|P4_LUAD	P4_LUAD
TACCGGGCAGCAAGCTATGTTGAC.1|P4_LUAD	P4_LUAD
TACCGGGCATTCCTTTACTTTAGG.1|P4_LUAD	P4_LUAD
TACCGTTCAACCGTAAAACGGGAA.1|P4_LUAD	P4_LUAD
TACCGTTCACATACCTAACGGGAA.1|P4_LUAD	P4_LUAD
TACCGTTCACGTAAATAGTAGGCT.1|P4_LUAD	P4_LUAD
TACCTGCAGAAGTACCATGTTGAC.1|P4_LUAD	P4_LUAD
TACCTGCAGCCATCACAACGGGAA.1|P4_LUAD	P4_LUAD
TACCTGCAGGCTGTGAACTTTAGG.1|P4_LUAD	P4_LUAD
TACCTGCAGTTACACTATGTTGAC.1|P4_LUAD	P4_LUAD
TACCTTTGTACGGTTTACTTTAGG.1|P4_LUAD	P4_LUAD
TACCTTTGTAGCTTGTAGTAGGCT.1|P4_LUAD	P4_LUAD
TACCTTTGTCAATTCAAACGGGAA.1|P4_LUAD	P4_LUAD
TACCTTTGTTAAGCCTAGTAGGCT.1|P4_LUAD	P4_LUAD
TACCTTTGTTTGGCCAACTTTAGG.1|P4_LUAD	P4_LUAD
TACGCAACAAATACCGAGTAGGCT.1|P4_LUAD	P4_LUAD
TACGCAACAAGCTCAAATGTTGAC.1|P4_LUAD	P4_LUAD
TACGCAACAAGTTCCTAACGGGAA.1|P4_LUAD	P4_LUAD
TACGCAACAATCAAACAGTAGGCT.1|P4_LUAD	P4_LUAD
TACGCAACAGCTCGAGAGTAGGCT.1|P4_LUAD	P4_LUAD
TACGCAACATTAGCGAAACGGGAA.1|P4_LUAD	P4_LUAD
TACGCAACATTAGCGAACTTTAGG.1|P4_LUAD	P4_LUAD
TACGCCTAGCCTGGTTAGTAGGCT.1|P4_LUAD	P4_LUAD
TACGCCTAGGAGCCGTACTTTAGG.1|P4_LUAD	P4_LUAD
TACGCCTAGGATCCAGAACGGGAA.1|P4_LUAD	P4_LUAD
TACGCCTAGTGCCCTGAACGGGAA.1|P4_LUAD	P4_LUAD
TACGCCTAGTGCCCTGACTTTAGG.1|P4_LUAD	P4_LUAD
TACGGACCAACAGGCTATGTTGAC.1|P4_LUAD	P4_LUAD
TACGGACCAGCTTAAGAACGGGAA.1|P4_LUAD	P4_LUAD
TACGGACCATCATGCTACTTTAGG.1|P4_LUAD	P4_LUAD
TACGGACCATTACACCAACGGGAA.1|P4_LUAD	P4_LUAD
TACGGGCAGGTCAAGTAGTAGGCT.1|P4_LUAD	P4_LUAD
TACGGGTCAATTGCGAAGTAGGCT.1|P4_LUAD	P4_LUAD
TACGGGTCACTTTGTAATGTTGAC.1|P4_LUAD	P4_LUAD
TACGGGTCATCACGAAAACGGGAA.1|P4_LUAD	P4_LUAD
TACGTCCAGGAAACCTAACGGGAA.1|P4_LUAD	P4_LUAD
TACGTCCAGTAAACCAACTTTAGG.1|P4_LUAD	P4_LUAD
TACGTTAGTCAACATCAACGGGAA.1|P4_LUAD	P4_LUAD
TACGTTAGTCCACAATATGTTGAC.1|P4_LUAD	P4_LUAD
TACGTTAGTGCGTACCATGTTGAC.1|P4_LUAD	P4_LUAD
TACGTTAGTGCTTCGAACTTTAGG.1|P4_LUAD	P4_LUAD
TACGTTAGTGGATGCGAGTAGGCT.1|P4_LUAD	P4_LUAD
TACGTTAGTGGTTACTAACGGGAA.1|P4_LUAD	P4_LUAD
TACGTTAGTGTCCTTCAACGGGAA.1|P4_LUAD	P4_LUAD
TACGTTCCAATACCCTACTTTAGG.1|P4_LUAD	P4_LUAD
TACTAGTTCACGTTCAATGTTGAC.1|P4_LUAD	P4_LUAD
TACTAGTTCATGCCTAACTTTAGG.1|P4_LUAD	P4_LUAD
TACTAGTTCCATAGAAACTTTAGG.1|P4_LUAD	P4_LUAD
TACTAGTTCCCAGACTAACGGGAA.1|P4_LUAD	P4_LUAD
TACTAGTTCCTTGTTCAACGGGAA.1|P4_LUAD	P4_LUAD
TACTAGTTCTCGCCTCAACGGGAA.1|P4_LUAD	P4_LUAD
TACTCACCACATAGATACTTTAGG.1|P4_LUAD	P4_LUAD
TACTCACCATACTGAGAACGGGAA.1|P4_LUAD	P4_LUAD
TACTCACCATTGGGTAACTTTAGG.1|P4_LUAD	P4_LUAD
TACTTTCGTATAGTGGACTTTAGG.1|P4_LUAD	P4_LUAD
TAGAAACGTCATGCATATGTTGAC.1|P4_LUAD	P4_LUAD
TAGAAACGTTAATCCAAACGGGAA.1|P4_LUAD	P4_LUAD
TAGAAACGTTAGGCTTAACGGGAA.1|P4_LUAD	P4_LUAD
TAGAAACGTTTGGCCAAGTAGGCT.1|P4_LUAD	P4_LUAD
TAGAAAGCAAGCTATGATGTTGAC.1|P4_LUAD	P4_LUAD
TAGAAAGCAGGGCTATAGTAGGCT.1|P4_LUAD	P4_LUAD
TAGAAAGCATGAGCTAAACGGGAA.1|P4_LUAD	P4_LUAD
TAGAGGCGTAGCCACCATGTTGAC.1|P4_LUAD	P4_LUAD
TAGAGGCGTCCTTCTAACTTTAGG.1|P4_LUAD	P4_LUAD
TAGAGGTTCAATTTGCACTTTAGG.1|P4_LUAD	P4_LUAD
TAGAGGTTCCAGCTTAAACGGGAA.1|P4_LUAD	P4_LUAD
TAGAGGTTCTGGAACGATGTTGAC.1|P4_LUAD	P4_LUAD
TAGCAAATCACCCTCCACTTTAGG.1|P4_LUAD	P4_LUAD
TAGCAAATCATCCAGCACTTTAGG.1|P4_LUAD	P4_LUAD
TAGCAAATCCATAAAGACTTTAGG.1|P4_LUAD	P4_LUAD
TAGCAAGGTGGATGCGATGTTGAC.1|P4_LUAD	P4_LUAD
TAGCAAGGTTTGAGCTACTTTAGG.1|P4_LUAD	P4_LUAD
TAGCAGGTCGATATTCAGTAGGCT.1|P4_LUAD	P4_LUAD
TAGCAGGTCTATTGACAACGGGAA.1|P4_LUAD	P4_LUAD
TAGCCAGAGCATCTTGAACGGGAA.1|P4_LUAD	P4_LUAD
TAGCCAGAGTCTGTGCAACGGGAA.1|P4_LUAD	P4_LUAD
TAGCCCGTCAAGTTAGAACGGGAA.1|P4_LUAD	P4_LUAD
TAGCCCGTCCCGCTGAAACGGGAA.1|P4_LUAD	P4_LUAD
TAGCCCGTCCTTTGGAACTTTAGG.1|P4_LUAD	P4_LUAD
TAGCCCGTCGATATAGACTTTAGG.1|P4_LUAD	P4_LUAD
TAGCCCGTCGCGAGTAAACGGGAA.1|P4_LUAD	P4_LUAD
TAGCCCGTCGGCTAGAACTTTAGG.1|P4_LUAD	P4_LUAD
TAGCCCGTCTATGCATATGTTGAC.1|P4_LUAD	P4_LUAD
TAGCCCGTCTGTGACCAACGGGAA.1|P4_LUAD	P4_LUAD
TAGCCTATCGGTACAGACTTTAGG.1|P4_LUAD	P4_LUAD
TAGCCTATCTGTCAATAGTAGGCT.1|P4_LUAD	P4_LUAD
TAGCCTGGTGGATGCGAACGGGAA.1|P4_LUAD	P4_LUAD
TAGCCTTCATCCGTCAACTTTAGG.1|P4_LUAD	P4_LUAD
TAGCCTTCATTGGACAAACGGGAA.1|P4_LUAD	P4_LUAD
TAGCGCGCAAGGTGTCACTTTAGG.1|P4_LUAD	P4_LUAD
TAGCGCGCAATCCACTAGTAGGCT.1|P4_LUAD	P4_LUAD
TAGCGCGCAATTAGCGAACGGGAA.1|P4_LUAD	P4_LUAD
TAGCGCGCACCTAAGAATGTTGAC.1|P4_LUAD	P4_LUAD
TAGCGCGCATTCCTTTAGTAGGCT.1|P4_LUAD	P4_LUAD
TAGCGGATCACCAGGAAACGGGAA.1|P4_LUAD	P4_LUAD
TAGCGGATCGCCTCGAAACGGGAA.1|P4_LUAD	P4_LUAD
TAGCGGATCGTAGTTTATGTTGAC.1|P4_LUAD	P4_LUAD
TAGCGGTCAAGCCTCCATGTTGAC.1|P4_LUAD	P4_LUAD
TAGCGGTCAATGGATTACTTTAGG.1|P4_LUAD	P4_LUAD
TAGCGGTCATTACACCATGTTGAC.1|P4_LUAD	P4_LUAD
TAGCTAAAGAATGGGAACTTTAGG.1|P4_LUAD	P4_LUAD
TAGCTAAAGGAAACCTAACGGGAA.1|P4_LUAD	P4_LUAD
TAGCTAAAGGAAACCTACTTTAGG.1|P4_LUAD	P4_LUAD
TAGCTAAAGGAAGCCCAACGGGAA.1|P4_LUAD	P4_LUAD
TAGCTAAAGTAGCTAAATGTTGAC.1|P4_LUAD	P4_LUAD
TAGCTAAAGTCGTTCAATGTTGAC.1|P4_LUAD	P4_LUAD
TAGCTACGTCCTTATTAGTAGGCT.1|P4_LUAD	P4_LUAD
TAGCTGCTCAATCCTGATGTTGAC.1|P4_LUAD	P4_LUAD
TAGCTGCTCCTGGAAGAACGGGAA.1|P4_LUAD	P4_LUAD
TAGCTGCTCCTTATGGAGTAGGCT.1|P4_LUAD	P4_LUAD
TAGCTTCCAATAGAGAAGTAGGCT.1|P4_LUAD	P4_LUAD
TAGCTTCCATAACCGAATGTTGAC.1|P4_LUAD	P4_LUAD
TAGCTTGTCAACTTGTAACGGGAA.1|P4_LUAD	P4_LUAD
TAGCTTGTCATCGATTAACGGGAA.1|P4_LUAD	P4_LUAD
TAGCTTGTCGCCTATAAGTAGGCT.1|P4_LUAD	P4_LUAD
TAGCTTTAGAGGATGAACTTTAGG.1|P4_LUAD	P4_LUAD
TAGCTTTAGCACGGTAAACGGGAA.1|P4_LUAD	P4_LUAD
TAGGAGGCAACAGAGGAACGGGAA.1|P4_LUAD	P4_LUAD
TAGGAGGCAAGCCAGTATGTTGAC.1|P4_LUAD	P4_LUAD
TAGGAGGCAAGGAATAACTTTAGG.1|P4_LUAD	P4_LUAD
TAGGAGGCAAGTTTCCACTTTAGG.1|P4_LUAD	P4_LUAD
TAGGAGGCACACTAAGACTTTAGG.1|P4_LUAD	P4_LUAD
TAGGAGGCATTCCTTTACTTTAGG.1|P4_LUAD	P4_LUAD
TAGGCGCAGGATCCCTAGTAGGCT.1|P4_LUAD	P4_LUAD
TAGGCGCAGGCGCAGTACTTTAGG.1|P4_LUAD	P4_LUAD
TAGGCTGAGCTGATTTATGTTGAC.1|P4_LUAD	P4_LUAD
TAGGCTGAGGCTCCATACTTTAGG.1|P4_LUAD	P4_LUAD
TAGGCTGAGGTAATGCAGTAGGCT.1|P4_LUAD	P4_LUAD
TAGGCTGAGGTTAGGTACTTTAGG.1|P4_LUAD	P4_LUAD
TAGGCTGAGTATGGGTATGTTGAC.1|P4_LUAD	P4_LUAD
TAGGCTTGTCCGTGACAACGGGAA.1|P4_LUAD	P4_LUAD
TAGGCTTGTGGTTCTGAGTAGGCT.1|P4_LUAD	P4_LUAD
TAGGTCGAGCCCGTTGACTTTAGG.1|P4_LUAD	P4_LUAD
TAGGTCGAGCGAATACATGTTGAC.1|P4_LUAD	P4_LUAD
TAGGTCGAGCTATCGCAACGGGAA.1|P4_LUAD	P4_LUAD
TAGGTTAAGGACTTGGACTTTAGG.1|P4_LUAD	P4_LUAD
TAGGTTCGTGCGGCTTAACGGGAA.1|P4_LUAD	P4_LUAD
TAGGTTCGTTAAGGATAACGGGAA.1|P4_LUAD	P4_LUAD
TAGGTTCGTTAAGGATACTTTAGG.1|P4_LUAD	P4_LUAD
TAGGTTGCAAAGACCCAGTAGGCT.1|P4_LUAD	P4_LUAD
TAGGTTGCAGAGGCTTACTTTAGG.1|P4_LUAD	P4_LUAD
TAGGTTGCAGCCATTTATGTTGAC.1|P4_LUAD	P4_LUAD
TAGTAGTCACCATCCAATGTTGAC.1|P4_LUAD	P4_LUAD
TAGTAGTCAGGTATATACTTTAGG.1|P4_LUAD	P4_LUAD
TAGTAGTCATACTGAGACTTTAGG.1|P4_LUAD	P4_LUAD
TAGTCCTCAACTAAGTAACGGGAA.1|P4_LUAD	P4_LUAD
TAGTCCTCATCCAAGAAACGGGAA.1|P4_LUAD	P4_LUAD
TAGTCCTCATGTGGCGAACGGGAA.1|P4_LUAD	P4_LUAD
TAGTCTCCAACTTAGGATGTTGAC.1|P4_LUAD	P4_LUAD
TAGTCTCCACCGTTTGAACGGGAA.1|P4_LUAD	P4_LUAD
TAGTCTCCATGTTTCAAACGGGAA.1|P4_LUAD	P4_LUAD
TAGTGAGGTACTTCCCACTTTAGG.1|P4_LUAD	P4_LUAD
TAGTGAGGTTAGGTGAAGTAGGCT.1|P4_LUAD	P4_LUAD
TAGTGATCAAATCACGACTTTAGG.1|P4_LUAD	P4_LUAD
TAGTGATCACCAGCTCATGTTGAC.1|P4_LUAD	P4_LUAD
TAGTGATCACTCCCTTAACGGGAA.1|P4_LUAD	P4_LUAD
TAGTGCACAAGATAAGATGTTGAC.1|P4_LUAD	P4_LUAD
TAGTGCACAAGGTGCTACTTTAGG.1|P4_LUAD	P4_LUAD
TAGTGCACAGTTATCCATGTTGAC.1|P4_LUAD	P4_LUAD
TAGTGCACATCGGGCAATGTTGAC.1|P4_LUAD	P4_LUAD
TAGTGCACATGTGGCGAGTAGGCT.1|P4_LUAD	P4_LUAD
TAGTGCACATTGAAGTATGTTGAC.1|P4_LUAD	P4_LUAD
TAGTGCTGTAAACTGGACTTTAGG.1|P4_LUAD	P4_LUAD
TAGTGCTGTCGCAACCACTTTAGG.1|P4_LUAD	P4_LUAD
TAGTGCTGTTTAACCAATGTTGAC.1|P4_LUAD	P4_LUAD
TAGTGGCCACGTAGTAAACGGGAA.1|P4_LUAD	P4_LUAD
TAGTGGCCACTCCCTTACTTTAGG.1|P4_LUAD	P4_LUAD
TAGTGGCCAGGCGAAAAGTAGGCT.1|P4_LUAD	P4_LUAD
TAGTGGCCAGTTAAACATGTTGAC.1|P4_LUAD	P4_LUAD
TAGTGGCCAGTTATGGACTTTAGG.1|P4_LUAD	P4_LUAD
TAGTGTGCAATGTTCCATGTTGAC.1|P4_LUAD	P4_LUAD
TAGTGTGCACAACATGAGTAGGCT.1|P4_LUAD	P4_LUAD
TAGTGTGCAGGAGCAAATGTTGAC.1|P4_LUAD	P4_LUAD
TAGTGTGCAGGCTATAACTTTAGG.1|P4_LUAD	P4_LUAD
TAGTTACTCACCTGTAAGTAGGCT.1|P4_LUAD	P4_LUAD
TAGTTACTCCCATAATATGTTGAC.1|P4_LUAD	P4_LUAD
TAGTTACTCCCTTTGTAGTAGGCT.1|P4_LUAD	P4_LUAD
TAGTTACTCGCTCAGTAACGGGAA.1|P4_LUAD	P4_LUAD
TAGTTACTCTAATCGTACTTTAGG.1|P4_LUAD	P4_LUAD
TAGTTGAAGTTACCCAACTTTAGG.1|P4_LUAD	P4_LUAD
TAGTTGCGTATTGGGAACTTTAGG.1|P4_LUAD	P4_LUAD
TAGTTGCGTCGAAGTAAGTAGGCT.1|P4_LUAD	P4_LUAD
TAGTTGCGTCTGTCAGAGTAGGCT.1|P4_LUAD	P4_LUAD
TAGTTGTTCACCCTGGAACGGGAA.1|P4_LUAD	P4_LUAD
TAGTTGTTCCTTATGGACTTTAGG.1|P4_LUAD	P4_LUAD
TAGTTTCAGACCATGGAACGGGAA.1|P4_LUAD	P4_LUAD
TAGTTTCAGATATTGGAACGGGAA.1|P4_LUAD	P4_LUAD
TAGTTTCAGATGCCTCACTTTAGG.1|P4_LUAD	P4_LUAD
TAGTTTCAGCAGGTCAAACGGGAA.1|P4_LUAD	P4_LUAD
TAGTTTCAGCAGGTCAACTTTAGG.1|P4_LUAD	P4_LUAD
TAGTTTGGTACCTCAGAGTAGGCT.1|P4_LUAD	P4_LUAD
TAGTTTGGTGCTCATGAGTAGGCT.1|P4_LUAD	P4_LUAD
TAGTTTGGTTCCAGCAACTTTAGG.1|P4_LUAD	P4_LUAD
TATAACGAGATGCTAAAGTAGGCT.1|P4_LUAD	P4_LUAD
TATAACGAGCGAATACATGTTGAC.1|P4_LUAD	P4_LUAD
TATAACGAGTTGGATAACTTTAGG.1|P4_LUAD	P4_LUAD
TATACCTAGCCACTCGACTTTAGG.1|P4_LUAD	P4_LUAD
TATACCTAGCGCTCCAAACGGGAA.1|P4_LUAD	P4_LUAD
TATACCTAGCGGGACTATGTTGAC.1|P4_LUAD	P4_LUAD
TATATCCAGATTGAGCAACGGGAA.1|P4_LUAD	P4_LUAD
TATATCCAGCCATCACATGTTGAC.1|P4_LUAD	P4_LUAD
TATATCCAGCTAAATGAGTAGGCT.1|P4_LUAD	P4_LUAD
TATATCCAGCTCAACCACTTTAGG.1|P4_LUAD	P4_LUAD
TATATCCAGCTCGATCAACGGGAA.1|P4_LUAD	P4_LUAD
TATATCCAGGAAACTCATGTTGAC.1|P4_LUAD	P4_LUAD
TATATCCAGGAGGATAATGTTGAC.1|P4_LUAD	P4_LUAD
TATATCCAGGCCTTCGACTTTAGG.1|P4_LUAD	P4_LUAD
TATATGCTCAATTTGCACTTTAGG.1|P4_LUAD	P4_LUAD
TATATGCTCACTAATCAACGGGAA.1|P4_LUAD	P4_LUAD
TATATGCTCTAGCCTAATGTTGAC.1|P4_LUAD	P4_LUAD
TATCCTGAGACATAGCAACGGGAA.1|P4_LUAD	P4_LUAD
TATCCTGAGACTCAAAAACGGGAA.1|P4_LUAD	P4_LUAD
TATCCTGAGCACGGTAACTTTAGG.1|P4_LUAD	P4_LUAD
TATCCTGAGCATCTTGAACGGGAA.1|P4_LUAD	P4_LUAD
TATCCTGAGCGAATCGAACGGGAA.1|P4_LUAD	P4_LUAD
TATCCTGAGGTAGTTAACTTTAGG.1|P4_LUAD	P4_LUAD
TATCCTGAGTACCAGGACTTTAGG.1|P4_LUAD	P4_LUAD
TATCCTGAGTTACCCAAGTAGGCT.1|P4_LUAD	P4_LUAD
TATCGAGCAACGACTAAGTAGGCT.1|P4_LUAD	P4_LUAD
TATCGAGCACATACCTACTTTAGG.1|P4_LUAD	P4_LUAD
TATCGAGCACCATCCAATGTTGAC.1|P4_LUAD	P4_LUAD
TATCGAGCAGGATTGCACTTTAGG.1|P4_LUAD	P4_LUAD
TATCGAGCATCCACCAATGTTGAC.1|P4_LUAD	P4_LUAD
TATCGAGCATTTATCGAACGGGAA.1|P4_LUAD	P4_LUAD
TATCGAGCATTTCGACACTTTAGG.1|P4_LUAD	P4_LUAD
TATCGATTCAGCCCTGACTTTAGG.1|P4_LUAD	P4_LUAD
TATCGATTCATGCGGAAACGGGAA.1|P4_LUAD	P4_LUAD
TATCGATTCGAGCTAGATGTTGAC.1|P4_LUAD	P4_LUAD
TATCGATTCTCACCGGATGTTGAC.1|P4_LUAD	P4_LUAD
TATCGATTCTGTGATTACTTTAGG.1|P4_LUAD	P4_LUAD
TATCGATTCTGTGCACACTTTAGG.1|P4_LUAD	P4_LUAD
TATCGCATCACAGCCTAACGGGAA.1|P4_LUAD	P4_LUAD
TATCGCATCACATTCGAGTAGGCT.1|P4_LUAD	P4_LUAD
TATCGCATCCATCCGGACTTTAGG.1|P4_LUAD	P4_LUAD
TATCGCATCCGTGACTACTTTAGG.1|P4_LUAD	P4_LUAD
TATCGCTCACACTGGGACTTTAGG.1|P4_LUAD	P4_LUAD
TATCGCTCATCCACCAAACGGGAA.1|P4_LUAD	P4_LUAD
TATCGCTCATGCTCCAAACGGGAA.1|P4_LUAD	P4_LUAD
TATCTTGCAAGACATTAACGGGAA.1|P4_LUAD	P4_LUAD
TATCTTGCACAATGGCAACGGGAA.1|P4_LUAD	P4_LUAD
TATCTTGCATTAGCGAACTTTAGG.1|P4_LUAD	P4_LUAD
TATGACTTCACAGATAATGTTGAC.1|P4_LUAD	P4_LUAD
TATGACTTCACCTAATACTTTAGG.1|P4_LUAD	P4_LUAD
TATGACTTCACTAGGGACTTTAGG.1|P4_LUAD	P4_LUAD
TATGACTTCATGACCCAACGGGAA.1|P4_LUAD	P4_LUAD
TATGACTTCATTGAAGAACGGGAA.1|P4_LUAD	P4_LUAD
TATGACTTCCAAATAGACTTTAGG.1|P4_LUAD	P4_LUAD
TATGACTTCCTAATCGACTTTAGG.1|P4_LUAD	P4_LUAD
TATGAGCAGCAGGCTAACTTTAGG.1|P4_LUAD	P4_LUAD
TATGAGCAGCTTAGTTACTTTAGG.1|P4_LUAD	P4_LUAD
TATGAGCAGGACACGCACTTTAGG.1|P4_LUAD	P4_LUAD
TATGAGCAGGCTTAGGACTTTAGG.1|P4_LUAD	P4_LUAD
TATGAGGGTAACCTTAAACGGGAA.1|P4_LUAD	P4_LUAD
TATGAGGGTAACTAGGAGTAGGCT.1|P4_LUAD	P4_LUAD
TATGAGGGTGACACAAACTTTAGG.1|P4_LUAD	P4_LUAD
TATGAGGGTTAAGCCTACTTTAGG.1|P4_LUAD	P4_LUAD
TATGATGAGCTTAGTTAACGGGAA.1|P4_LUAD	P4_LUAD
TATGATGAGGCGATATAACGGGAA.1|P4_LUAD	P4_LUAD
TATGATGAGTTGGATAATGTTGAC.1|P4_LUAD	P4_LUAD
TATGCATTCCCTCAAAAACGGGAA.1|P4_LUAD	P4_LUAD
TATGCATTCGCTATATAGTAGGCT.1|P4_LUAD	P4_LUAD
TATGCATTCGTGATTTAACGGGAA.1|P4_LUAD	P4_LUAD
TATGCATTCTATCACGATGTTGAC.1|P4_LUAD	P4_LUAD
TATGCATTCTGGCCCAACTTTAGG.1|P4_LUAD	P4_LUAD
TATGCATTCTTTAAGCACTTTAGG.1|P4_LUAD	P4_LUAD
TATGGGAGTATTCGTAAACGGGAA.1|P4_LUAD	P4_LUAD
TATGGGAGTCACGATTATGTTGAC.1|P4_LUAD	P4_LUAD
TATGGGAGTGCATCGCACTTTAGG.1|P4_LUAD	P4_LUAD
TATGGGAGTGGTTATCAGTAGGCT.1|P4_LUAD	P4_LUAD
TATGGGAGTTAATTCGATGTTGAC.1|P4_LUAD	P4_LUAD
TATGGGAGTTCAAGGAAGTAGGCT.1|P4_LUAD	P4_LUAD
TATGGGAGTTGTTGGTATGTTGAC.1|P4_LUAD	P4_LUAD
TATGGTAAGACTAATGAGTAGGCT.1|P4_LUAD	P4_LUAD
TATGGTAAGAGGAGGTACTTTAGG.1|P4_LUAD	P4_LUAD
TATGGTAAGCACGGTAACTTTAGG.1|P4_LUAD	P4_LUAD
TATGGTAAGGAACCTGAACGGGAA.1|P4_LUAD	P4_LUAD
TATGGTAAGGCGAGTCACTTTAGG.1|P4_LUAD	P4_LUAD
TATGGTAAGTGATTTCAACGGGAA.1|P4_LUAD	P4_LUAD
TATGGTGCAAACTGGCAGTAGGCT.1|P4_LUAD	P4_LUAD
TATGGTGCAATAACCGACTTTAGG.1|P4_LUAD	P4_LUAD
TATGGTGCAGCGATCGATGTTGAC.1|P4_LUAD	P4_LUAD
TATGGTGCAGCTCGCTAGTAGGCT.1|P4_LUAD	P4_LUAD
TATGGTGCATAGCCTTATGTTGAC.1|P4_LUAD	P4_LUAD
TATGGTGCATCCCTCTACTTTAGG.1|P4_LUAD	P4_LUAD
TATGTCCCAACCTTGTATGTTGAC.1|P4_LUAD	P4_LUAD
TATGTCCCAAGGGTCTATGTTGAC.1|P4_LUAD	P4_LUAD
TATGTCCCACCTAAAGACTTTAGG.1|P4_LUAD	P4_LUAD
TATGTTGGTAAGTCGAATGTTGAC.1|P4_LUAD	P4_LUAD
TATGTTGGTCAAAGGCACTTTAGG.1|P4_LUAD	P4_LUAD
TATGTTGGTCGAGGCAAGTAGGCT.1|P4_LUAD	P4_LUAD
TATGTTGGTCGTTGCAATGTTGAC.1|P4_LUAD	P4_LUAD
TATGTTGGTGATGCAAATGTTGAC.1|P4_LUAD	P4_LUAD
TATGTTGGTTGAGCTTAACGGGAA.1|P4_LUAD	P4_LUAD
TATTACCAGAGCAATCATGTTGAC.1|P4_LUAD	P4_LUAD
TATTACCAGCAATCGGACTTTAGG.1|P4_LUAD	P4_LUAD
TATTACCAGGAACCTGATGTTGAC.1|P4_LUAD	P4_LUAD
TATTACCAGGCTTATTATGTTGAC.1|P4_LUAD	P4_LUAD
TATTAGGAGAGGAAATAACGGGAA.1|P4_LUAD	P4_LUAD
TATTAGGAGGCCTCTGACTTTAGG.1|P4_LUAD	P4_LUAD
TATTAGGAGGTCACTCAGTAGGCT.1|P4_LUAD	P4_LUAD
TATTCCTGTGTCCAGCATGTTGAC.1|P4_LUAD	P4_LUAD
TATTCGGTCAAGCGATATGTTGAC.1|P4_LUAD	P4_LUAD
TATTCGGTCAGCACGAATGTTGAC.1|P4_LUAD	P4_LUAD
TATTCGGTCGAGCTAGAGTAGGCT.1|P4_LUAD	P4_LUAD
TATTCGGTCGGTAACGAGTAGGCT.1|P4_LUAD	P4_LUAD
TATTCGGTCGGTTATTATGTTGAC.1|P4_LUAD	P4_LUAD
TATTGACTCATTTAGCACTTTAGG.1|P4_LUAD	P4_LUAD
TATTGACTCGAAGGCCAACGGGAA.1|P4_LUAD	P4_LUAD
TATTGACTCGCTCAGTAACGGGAA.1|P4_LUAD	P4_LUAD
TATTGACTCGCTTCAAAGTAGGCT.1|P4_LUAD	P4_LUAD
TATTGCAGTAGCGCGAACTTTAGG.1|P4_LUAD	P4_LUAD
TATTGCAGTGACCTATATGTTGAC.1|P4_LUAD	P4_LUAD
TATTGCAGTTTGTCCCATGTTGAC.1|P4_LUAD	P4_LUAD
TATTGCCCAATAGAAGACTTTAGG.1|P4_LUAD	P4_LUAD
TATTGCCCACCTACTGAACGGGAA.1|P4_LUAD	P4_LUAD
TATTGGCGTGCACTATATGTTGAC.1|P4_LUAD	P4_LUAD
TATTGGCGTGGTTATCACTTTAGG.1|P4_LUAD	P4_LUAD
TATTGGCGTTACTTCTATGTTGAC.1|P4_LUAD	P4_LUAD
TATTGGGCACATAAACATGTTGAC.1|P4_LUAD	P4_LUAD
TATTGGGCACGCAATAACTTTAGG.1|P4_LUAD	P4_LUAD
TATTGGGCACGGTCGAATGTTGAC.1|P4_LUAD	P4_LUAD
TATTGGGCAGCCTTCAAGTAGGCT.1|P4_LUAD	P4_LUAD
TATTGGGCATCATGTCAACGGGAA.1|P4_LUAD	P4_LUAD
TATTTGCAGAGCAAGAAACGGGAA.1|P4_LUAD	P4_LUAD
TATTTGCAGCAACATAATGTTGAC.1|P4_LUAD	P4_LUAD
TATTTGCAGCAAGTTAATGTTGAC.1|P4_LUAD	P4_LUAD
TATTTGCAGCGCAAGCACTTTAGG.1|P4_LUAD	P4_LUAD
TATTTGCAGGTAGTTAAACGGGAA.1|P4_LUAD	P4_LUAD
TCAAACCGTCATTACAACTTTAGG.1|P4_LUAD	P4_LUAD
TCAAACCGTCGTAAAGATGTTGAC.1|P4_LUAD	P4_LUAD
TCAAACCGTTATGAGGACTTTAGG.1|P4_LUAD	P4_LUAD
TCAAACCGTTCCGGGTAGTAGGCT.1|P4_LUAD	P4_LUAD
TCAACAAAGGTTGCTCATGTTGAC.1|P4_LUAD	P4_LUAD
TCAACAAAGTAATGGCAGTAGGCT.1|P4_LUAD	P4_LUAD
TCAACAAAGTGTCCACAACGGGAA.1|P4_LUAD	P4_LUAD
TCAACAAAGTTAGTTCACTTTAGG.1|P4_LUAD	P4_LUAD
TCAACATTCACAGCCTACTTTAGG.1|P4_LUAD	P4_LUAD
TCAACATTCAGCGATGATGTTGAC.1|P4_LUAD	P4_LUAD
TCAACATTCATGGTCCAGTAGGCT.1|P4_LUAD	P4_LUAD
TCAACATTCCACTAATACTTTAGG.1|P4_LUAD	P4_LUAD
TCAACATTCTATGCATACTTTAGG.1|P4_LUAD	P4_LUAD
TCAACCATCCAGGAATACTTTAGG.1|P4_LUAD	P4_LUAD
TCAACCATCCATCCTTACTTTAGG.1|P4_LUAD	P4_LUAD
TCAACCATCCTCACTTACTTTAGG.1|P4_LUAD	P4_LUAD
TCAACCGGTAGTAACGATGTTGAC.1|P4_LUAD	P4_LUAD
TCAACCGGTCCTCCTGACTTTAGG.1|P4_LUAD	P4_LUAD
TCAACCGGTCGAAGTAAGTAGGCT.1|P4_LUAD	P4_LUAD
TCAACCGGTCGTTCTCAACGGGAA.1|P4_LUAD	P4_LUAD
TCAACTAGTAACGGGTAGTAGGCT.1|P4_LUAD	P4_LUAD
TCAACTAGTAATGCCTAGTAGGCT.1|P4_LUAD	P4_LUAD
TCAACTAGTAGTAGCAAACGGGAA.1|P4_LUAD	P4_LUAD
TCAACTAGTCAAGCTTAACGGGAA.1|P4_LUAD	P4_LUAD
TCAACTAGTCGAGGCAAGTAGGCT.1|P4_LUAD	P4_LUAD
TCAACTGTCGCTATATACTTTAGG.1|P4_LUAD	P4_LUAD
TCAAGCGAGGTTCCGTAGTAGGCT.1|P4_LUAD	P4_LUAD
TCAAGCGAGTGCCCTGAACGGGAA.1|P4_LUAD	P4_LUAD
TCAAGGTAGAGCCGGTATGTTGAC.1|P4_LUAD	P4_LUAD
TCAAGGTAGGATGGTTAACGGGAA.1|P4_LUAD	P4_LUAD
TCAAGGTAGGGTTAACAGTAGGCT.1|P4_LUAD	P4_LUAD
TCAAGGTAGTATCGCCATGTTGAC.1|P4_LUAD	P4_LUAD
TCAAGTGCAGGCTATAATGTTGAC.1|P4_LUAD	P4_LUAD
TCAAGTGCATAAGCCAATGTTGAC.1|P4_LUAD	P4_LUAD
TCAAGTGCATCCCTCTAACGGGAA.1|P4_LUAD	P4_LUAD
TCAAGTTTCAACTTGTACTTTAGG.1|P4_LUAD	P4_LUAD
TCAAGTTTCACTTGATAACGGGAA.1|P4_LUAD	P4_LUAD
TCAAGTTTCTGCCATAATGTTGAC.1|P4_LUAD	P4_LUAD
TCAATCTAGATTCCCAAGTAGGCT.1|P4_LUAD	P4_LUAD
TCAATCTAGCGCTCCAAACGGGAA.1|P4_LUAD	P4_LUAD
TCAATCTAGCTGGACAATGTTGAC.1|P4_LUAD	P4_LUAD
TCAATCTAGGCGCAGTACTTTAGG.1|P4_LUAD	P4_LUAD
TCAATCTAGGTAATTGAACGGGAA.1|P4_LUAD	P4_LUAD
TCAATCTAGGTAATTGACTTTAGG.1|P4_LUAD	P4_LUAD
TCAATGGCACTTTGTAAACGGGAA.1|P4_LUAD	P4_LUAD
TCAATGGCACTTTGTAACTTTAGG.1|P4_LUAD	P4_LUAD
TCAATGGCAGCTCATTAACGGGAA.1|P4_LUAD	P4_LUAD
TCAATGTTCAACTGTTACTTTAGG.1|P4_LUAD	P4_LUAD
TCAATGTTCCTGATCAATGTTGAC.1|P4_LUAD	P4_LUAD
TCAATGTTCGTTAACTACTTTAGG.1|P4_LUAD	P4_LUAD
TCAATTGGTGGAAGCTAGTAGGCT.1|P4_LUAD	P4_LUAD
TCAATTGGTGTCCAATAACGGGAA.1|P4_LUAD	P4_LUAD
TCACAAGCAAATACCGATGTTGAC.1|P4_LUAD	P4_LUAD
TCACAAGCAGAGAGCAACTTTAGG.1|P4_LUAD	P4_LUAD
TCACAAGCATATTTCGAACGGGAA.1|P4_LUAD	P4_LUAD
TCACAAGCATCGGGCAACTTTAGG.1|P4_LUAD	P4_LUAD
TCACAAGCATGACATGAACGGGAA.1|P4_LUAD	P4_LUAD
TCACCAATCAACCGCTACTTTAGG.1|P4_LUAD	P4_LUAD
TCACCAATCAGGCAATACTTTAGG.1|P4_LUAD	P4_LUAD
TCACCAATCCAGAACGAACGGGAA.1|P4_LUAD	P4_LUAD
TCACCAATCCTAAAGAAACGGGAA.1|P4_LUAD	P4_LUAD
TCACCAATCGGTACAGAGTAGGCT.1|P4_LUAD	P4_LUAD
TCACCAATCTCACCTTACTTTAGG.1|P4_LUAD	P4_LUAD
TCACCATCAAGTGCACATGTTGAC.1|P4_LUAD	P4_LUAD
TCACCATCAAGTTGGCAGTAGGCT.1|P4_LUAD	P4_LUAD
TCACCATCAATCCACTAACGGGAA.1|P4_LUAD	P4_LUAD
TCACCATCATCCCTCTAGTAGGCT.1|P4_LUAD	P4_LUAD
TCACCATCATGCGCCTAACGGGAA.1|P4_LUAD	P4_LUAD
TCACCCACAAATACCGAACGGGAA.1|P4_LUAD	P4_LUAD
TCACCCACACGGTACGAGTAGGCT.1|P4_LUAD	P4_LUAD
TCACCCACATCACGAAAACGGGAA.1|P4_LUAD	P4_LUAD
TCACCCTGTAGTAGGCAACGGGAA.1|P4_LUAD	P4_LUAD
TCACCCTGTAGTAGGCACTTTAGG.1|P4_LUAD	P4_LUAD
TCACCTAAGCTCGATCACTTTAGG.1|P4_LUAD	P4_LUAD
TCACCTAAGGCGGATCACTTTAGG.1|P4_LUAD	P4_LUAD
TCACCTAAGGGTTAACAACGGGAA.1|P4_LUAD	P4_LUAD
TCACCTAAGTGTCCACACTTTAGG.1|P4_LUAD	P4_LUAD
TCACGTTCAAAGCTCAAGTAGGCT.1|P4_LUAD	P4_LUAD
TCACGTTCAATTAGCGACTTTAGG.1|P4_LUAD	P4_LUAD
TCACGTTCACAATCGAAACGGGAA.1|P4_LUAD	P4_LUAD
TCACGTTCACTAACAGATGTTGAC.1|P4_LUAD	P4_LUAD
TCACGTTCATGCGGATATGTTGAC.1|P4_LUAD	P4_LUAD
TCACTCGCACAACAATACTTTAGG.1|P4_LUAD	P4_LUAD
TCACTCGCATTTCATGAACGGGAA.1|P4_LUAD	P4_LUAD
TCACTGTCAACTGTTCATGTTGAC.1|P4_LUAD	P4_LUAD
TCACTGTCAATTCGGAACTTTAGG.1|P4_LUAD	P4_LUAD
TCACTGTCACACCCACAGTAGGCT.1|P4_LUAD	P4_LUAD
TCACTGTCACGAACGTATGTTGAC.1|P4_LUAD	P4_LUAD
TCACTGTCAGGAGCAAAGTAGGCT.1|P4_LUAD	P4_LUAD
TCACTGTCAGGCTATAAGTAGGCT.1|P4_LUAD	P4_LUAD
TCACTGTCATAGACGCACTTTAGG.1|P4_LUAD	P4_LUAD
TCACTTTGTTGGCCACAACGGGAA.1|P4_LUAD	P4_LUAD
TCACTTTGTTGGCGAGAACGGGAA.1|P4_LUAD	P4_LUAD
TCAGCCAGTACGAATGACTTTAGG.1|P4_LUAD	P4_LUAD
TCAGCCAGTCATGCATAACGGGAA.1|P4_LUAD	P4_LUAD
TCAGCCAGTCGAAGGTATGTTGAC.1|P4_LUAD	P4_LUAD
TCAGCCAGTCGTAATCAGTAGGCT.1|P4_LUAD	P4_LUAD
TCAGCCAGTGGACACGAACGGGAA.1|P4_LUAD	P4_LUAD
TCAGGCAAGAGGTTCGACTTTAGG.1|P4_LUAD	P4_LUAD
TCAGGCAAGCATTACTATGTTGAC.1|P4_LUAD	P4_LUAD
TCAGGCAAGGTATAGCACTTTAGG.1|P4_LUAD	P4_LUAD
TCAGGCAAGGTGAATCACTTTAGG.1|P4_LUAD	P4_LUAD
TCAGGCAAGTGCTGAGACTTTAGG.1|P4_LUAD	P4_LUAD
TCAGGCTTCAAGGGCCACTTTAGG.1|P4_LUAD	P4_LUAD
TCAGGCTTCAATCCTGACTTTAGG.1|P4_LUAD	P4_LUAD
TCAGGCTTCATGAATGACTTTAGG.1|P4_LUAD	P4_LUAD
TCAGGCTTCCAATGAAAACGGGAA.1|P4_LUAD	P4_LUAD
TCAGGCTTCCGAAAGTACTTTAGG.1|P4_LUAD	P4_LUAD
TCAGGCTTCCGGATAGAACGGGAA.1|P4_LUAD	P4_LUAD
TCAGGCTTCCTGATCAATGTTGAC.1|P4_LUAD	P4_LUAD
TCAGGCTTCGACCGTTAACGGGAA.1|P4_LUAD	P4_LUAD
TCAGGGATCACATTCGAGTAGGCT.1|P4_LUAD	P4_LUAD
TCAGGGATCATTTGCGACTTTAGG.1|P4_LUAD	P4_LUAD
TCAGGGATCCGTCCAGAGTAGGCT.1|P4_LUAD	P4_LUAD
TCAGGGATCGTTCAATATGTTGAC.1|P4_LUAD	P4_LUAD
TCAGGTTGTATAGCGAATGTTGAC.1|P4_LUAD	P4_LUAD
TCAGGTTGTTAAGTCCAGTAGGCT.1|P4_LUAD	P4_LUAD
TCAGGTTGTTAATGCCACTTTAGG.1|P4_LUAD	P4_LUAD
TCAGGTTGTTAGGTGAACTTTAGG.1|P4_LUAD	P4_LUAD
TCAGGTTGTTCATTAGACTTTAGG.1|P4_LUAD	P4_LUAD
TCAGTAAAGACCTTGCACTTTAGG.1|P4_LUAD	P4_LUAD
TCAGTAAAGAGGCGGAACTTTAGG.1|P4_LUAD	P4_LUAD
TCAGTAAAGCCATCACAGTAGGCT.1|P4_LUAD	P4_LUAD
TCAGTAAAGGCGAGAGAGTAGGCT.1|P4_LUAD	P4_LUAD
TCAGTAAAGGTGAGTTAACGGGAA.1|P4_LUAD	P4_LUAD
TCAGTAAAGTGATGGTAACGGGAA.1|P4_LUAD	P4_LUAD
TCATAGGCACGGTCGAAACGGGAA.1|P4_LUAD	P4_LUAD
TCATAGGCATGACATGACTTTAGG.1|P4_LUAD	P4_LUAD
TCATAGGCATTACTTGAGTAGGCT.1|P4_LUAD	P4_LUAD
TCATAGGCATTGACTCAGTAGGCT.1|P4_LUAD	P4_LUAD
TCATAGGCATTTGGGAATGTTGAC.1|P4_LUAD	P4_LUAD
TCATCAGTCAACCGCTACTTTAGG.1|P4_LUAD	P4_LUAD
TCATCAGTCACCCTCCATGTTGAC.1|P4_LUAD	P4_LUAD
TCATCAGTCCTTTGAGACTTTAGG.1|P4_LUAD	P4_LUAD
TCATCAGTCGACTTGCACTTTAGG.1|P4_LUAD	P4_LUAD
TCATGAAAGGCTGGTAACTTTAGG.1|P4_LUAD	P4_LUAD
TCATGAAAGGTCACAGATGTTGAC.1|P4_LUAD	P4_LUAD
TCATGAAAGGTTATGAACTTTAGG.1|P4_LUAD	P4_LUAD
TCATGAAAGTCAATAGAACGGGAA.1|P4_LUAD	P4_LUAD
TCATGAGCAAGAAATGAACGGGAA.1|P4_LUAD	P4_LUAD
TCATGCCAGAAGGTCTATGTTGAC.1|P4_LUAD	P4_LUAD
TCATGCCAGCGAAGCCATGTTGAC.1|P4_LUAD	P4_LUAD
TCATGCCAGGGAGGATATGTTGAC.1|P4_LUAD	P4_LUAD
TCATGCCAGTGTGAGTAACGGGAA.1|P4_LUAD	P4_LUAD
TCATGCCAGTTGCAGGAGTAGGCT.1|P4_LUAD	P4_LUAD
TCATGGTGTATGTTGCATGTTGAC.1|P4_LUAD	P4_LUAD
TCATGGTGTATGTTTGACTTTAGG.1|P4_LUAD	P4_LUAD
TCATGGTGTCATTTAGAACGGGAA.1|P4_LUAD	P4_LUAD
TCATGGTGTTACTTCTACTTTAGG.1|P4_LUAD	P4_LUAD
TCATTACAGGATTATGATGTTGAC.1|P4_LUAD	P4_LUAD
TCATTACAGTAGCCTCAACGGGAA.1|P4_LUAD	P4_LUAD
TCATTACAGTGAGTTAACTTTAGG.1|P4_LUAD	P4_LUAD
TCATTTGCACCAGCTCAACGGGAA.1|P4_LUAD	P4_LUAD
TCATTTGCATAAGTCGACTTTAGG.1|P4_LUAD	P4_LUAD
TCCAAGTGTCACCAGCAACGGGAA.1|P4_LUAD	P4_LUAD
TCCAAGTGTGCCCTTTACTTTAGG.1|P4_LUAD	P4_LUAD
TCCAAGTGTGCGGTTCAGTAGGCT.1|P4_LUAD	P4_LUAD
TCCAATAGTACCGTTGACTTTAGG.1|P4_LUAD	P4_LUAD
TCCAATAGTCCTCCTGAACGGGAA.1|P4_LUAD	P4_LUAD
TCCAATAGTGAACCAAATGTTGAC.1|P4_LUAD	P4_LUAD
TCCAATAGTTAAGTCCAGTAGGCT.1|P4_LUAD	P4_LUAD
TCCACCCTCCATAAAGAGTAGGCT.1|P4_LUAD	P4_LUAD
TCCACCCTCCATTAGTACTTTAGG.1|P4_LUAD	P4_LUAD
TCCACCCTCTATTGACACTTTAGG.1|P4_LUAD	P4_LUAD
TCCACCTGTGACACAAACTTTAGG.1|P4_LUAD	P4_LUAD
TCCACCTGTTTCTAAGAACGGGAA.1|P4_LUAD	P4_LUAD
TCCACTAAGACAAGCTAACGGGAA.1|P4_LUAD	P4_LUAD
TCCACTAAGCGAATCGAACGGGAA.1|P4_LUAD	P4_LUAD
TCCACTAAGGGCAGTCAGTAGGCT.1|P4_LUAD	P4_LUAD
TCCACTAAGGTTGTGGACTTTAGG.1|P4_LUAD	P4_LUAD
TCCAGCTAGAAAGGCAAGTAGGCT.1|P4_LUAD	P4_LUAD
TCCAGCTAGAAGGTTCAACGGGAA.1|P4_LUAD	P4_LUAD
TCCAGCTAGCACGGTAAACGGGAA.1|P4_LUAD	P4_LUAD
TCCAGCTAGGAGTCATATGTTGAC.1|P4_LUAD	P4_LUAD
TCCAGCTAGGTAAGTCAACGGGAA.1|P4_LUAD	P4_LUAD
TCCAGCTAGGTCGAGCAGTAGGCT.1|P4_LUAD	P4_LUAD
TCCAGGAAGCCATCGTATGTTGAC.1|P4_LUAD	P4_LUAD
TCCAGGAAGTTTGAGAACTTTAGG.1|P4_LUAD	P4_LUAD
TCCATTACAATCAAACACTTTAGG.1|P4_LUAD	P4_LUAD
TCCATTACACAATCGAAACGGGAA.1|P4_LUAD	P4_LUAD
TCCATTTGTGATGCAAATGTTGAC.1|P4_LUAD	P4_LUAD
TCCATTTGTGTTTGCGACTTTAGG.1|P4_LUAD	P4_LUAD
TCCATTTGTTGTGAGAACTTTAGG.1|P4_LUAD	P4_LUAD
TCCCATAAGGCCATTCAGTAGGCT.1|P4_LUAD	P4_LUAD
TCCCATAAGTAAAGGGACTTTAGG.1|P4_LUAD	P4_LUAD
TCCCGCAAGAAGCAAGATGTTGAC.1|P4_LUAD	P4_LUAD
TCCCGCAAGCAAACCGATGTTGAC.1|P4_LUAD	P4_LUAD
TCCCGCAAGCAGGTCAAACGGGAA.1|P4_LUAD	P4_LUAD
TCCCGCAAGCGCAAGCATGTTGAC.1|P4_LUAD	P4_LUAD
TCCCGCAAGCGCCTTGAACGGGAA.1|P4_LUAD	P4_LUAD
TCCCGCAAGGTAGACTACTTTAGG.1|P4_LUAD	P4_LUAD
TCCCGCAAGGTTGCAGATGTTGAC.1|P4_LUAD	P4_LUAD
TCCCGCAAGTTACAGAAGTAGGCT.1|P4_LUAD	P4_LUAD
TCCCGTTGTGCGTACCACTTTAGG.1|P4_LUAD	P4_LUAD
TCCCGTTGTTTCACCCACTTTAGG.1|P4_LUAD	P4_LUAD
TCCCTTTAGATGATTGAACGGGAA.1|P4_LUAD	P4_LUAD
TCCCTTTAGATGATTGACTTTAGG.1|P4_LUAD	P4_LUAD
TCCCTTTAGCCATCACAACGGGAA.1|P4_LUAD	P4_LUAD
TCCCTTTAGGTCAAACATGTTGAC.1|P4_LUAD	P4_LUAD
TCCCTTTAGGTTGTAAAACGGGAA.1|P4_LUAD	P4_LUAD
TCCCTTTAGTGATGGTAACGGGAA.1|P4_LUAD	P4_LUAD
TCCCTTTAGTGTAATGAACGGGAA.1|P4_LUAD	P4_LUAD
TCCGAATGTCAAACTCAACGGGAA.1|P4_LUAD	P4_LUAD
TCCGAATGTCATGAAGATGTTGAC.1|P4_LUAD	P4_LUAD
TCCGGAGCAACCTCGCAGTAGGCT.1|P4_LUAD	P4_LUAD
TCCGGAGCACCGGTAGATGTTGAC.1|P4_LUAD	P4_LUAD
TCCGGAGCACCTTACGAGTAGGCT.1|P4_LUAD	P4_LUAD
TCCGGAGCAGCACCTCAGTAGGCT.1|P4_LUAD	P4_LUAD
TCCGGAGCATCCACCAACTTTAGG.1|P4_LUAD	P4_LUAD
TCCGGAGCATGCGCCTACTTTAGG.1|P4_LUAD	P4_LUAD
TCCGTTAAGAGGATAGAGTAGGCT.1|P4_LUAD	P4_LUAD
TCCGTTAAGCCGCTATACTTTAGG.1|P4_LUAD	P4_LUAD
TCCGTTAAGGCACTAGAGTAGGCT.1|P4_LUAD	P4_LUAD
TCCGTTAAGTACCCACAACGGGAA.1|P4_LUAD	P4_LUAD
TCCGTTAAGTCACTATACTTTAGG.1|P4_LUAD	P4_LUAD
TCCTAAGTCAGCGATGAGTAGGCT.1|P4_LUAD	P4_LUAD
TCCTAAGTCCAGCTACATGTTGAC.1|P4_LUAD	P4_LUAD
TCCTAAGTCGCCTGCAAACGGGAA.1|P4_LUAD	P4_LUAD
TCCTAAGTCGGTAATAAGTAGGCT.1|P4_LUAD	P4_LUAD
TCCTAAGTCGGTAATAATGTTGAC.1|P4_LUAD	P4_LUAD
TCCTGGTAGCAGGCTAAGTAGGCT.1|P4_LUAD	P4_LUAD
TCCTGGTAGCAGGCTAATGTTGAC.1|P4_LUAD	P4_LUAD
TCCTGGTAGGTAATGCAACGGGAA.1|P4_LUAD	P4_LUAD
TCCTGGTAGTGGCTTCAGTAGGCT.1|P4_LUAD	P4_LUAD
TCCTTATGTAGCTATCACTTTAGG.1|P4_LUAD	P4_LUAD
TCCTTATGTCAAGCTTAACGGGAA.1|P4_LUAD	P4_LUAD
TCCTTATGTGGAAGCTATGTTGAC.1|P4_LUAD	P4_LUAD
TCCTTATGTTGGCGAGAGTAGGCT.1|P4_LUAD	P4_LUAD
TCCTTCTAGCACGTTCAACGGGAA.1|P4_LUAD	P4_LUAD
TCCTTCTAGGTTAGACATGTTGAC.1|P4_LUAD	P4_LUAD
TCCTTGAAGGCTGTGAACTTTAGG.1|P4_LUAD	P4_LUAD
TCCTTGAAGTCCTGCGAGTAGGCT.1|P4_LUAD	P4_LUAD
TCCTTGAAGTCGCATCATGTTGAC.1|P4_LUAD	P4_LUAD
TCCTTGAAGTTATGGAATGTTGAC.1|P4_LUAD	P4_LUAD
TCCTTTCAGACTGAGTAGTAGGCT.1|P4_LUAD	P4_LUAD
TCCTTTCAGCGCTACTATGTTGAC.1|P4_LUAD	P4_LUAD
TCCTTTCAGCTTACTGACTTTAGG.1|P4_LUAD	P4_LUAD
TCCTTTCAGTAAGCTAATGTTGAC.1|P4_LUAD	P4_LUAD
TCGAACCTCCTCAAGCACTTTAGG.1|P4_LUAD	P4_LUAD
TCGAAGGTCAGCGATGAACGGGAA.1|P4_LUAD	P4_LUAD
TCGAAGGTCATAATCCACTTTAGG.1|P4_LUAD	P4_LUAD
TCGAAGGTCGCACACTAACGGGAA.1|P4_LUAD	P4_LUAD
TCGAAGGTCTCAGCTAATGTTGAC.1|P4_LUAD	P4_LUAD
TCGAAGTAGAGCAATCAACGGGAA.1|P4_LUAD	P4_LUAD
TCGAAGTAGAGGATAGACTTTAGG.1|P4_LUAD	P4_LUAD
TCGAAGTAGCCTAAGGATGTTGAC.1|P4_LUAD	P4_LUAD
TCGAAGTAGGTCTTTGATGTTGAC.1|P4_LUAD	P4_LUAD
TCGAAGTAGGTGAGGGAACGGGAA.1|P4_LUAD	P4_LUAD
TCGACTCAGAAGGTTCAACGGGAA.1|P4_LUAD	P4_LUAD
TCGACTCAGAGCAATCACTTTAGG.1|P4_LUAD	P4_LUAD
TCGACTCAGGAACTTAAGTAGGCT.1|P4_LUAD	P4_LUAD
TCGACTCAGTCTTGCAAACGGGAA.1|P4_LUAD	P4_LUAD
TCGACTCAGTGATGGTATGTTGAC.1|P4_LUAD	P4_LUAD
TCGATAAAGCCCTGATAGTAGGCT.1|P4_LUAD	P4_LUAD
TCGATAAAGGTTAGTAACTTTAGG.1|P4_LUAD	P4_LUAD
TCGATAAAGTATGGTAACTTTAGG.1|P4_LUAD	P4_LUAD
TCGATAAAGTCAGGCAATGTTGAC.1|P4_LUAD	P4_LUAD
TCGATAAAGTTATTGCATGTTGAC.1|P4_LUAD	P4_LUAD
TCGATATTCAATCCTGATGTTGAC.1|P4_LUAD	P4_LUAD
TCGATATTCACTGTCAATGTTGAC.1|P4_LUAD	P4_LUAD
TCGATATTCGGTTATTAACGGGAA.1|P4_LUAD	P4_LUAD
TCGATATTCTAGTTACATGTTGAC.1|P4_LUAD	P4_LUAD
TCGATGACAAACCGGTAGTAGGCT.1|P4_LUAD	P4_LUAD
TCGATGACAAATGACTAACGGGAA.1|P4_LUAD	P4_LUAD
TCGATGACAACCTCGCACTTTAGG.1|P4_LUAD	P4_LUAD
TCGATGACACCACACCAACGGGAA.1|P4_LUAD	P4_LUAD
TCGATGACATCAAGTGAACGGGAA.1|P4_LUAD	P4_LUAD
TCGCATTCAGGAATAAAACGGGAA.1|P4_LUAD	P4_LUAD
TCGCCTCTCAGGCTGAATGTTGAC.1|P4_LUAD	P4_LUAD
TCGCCTCTCATTATGCACTTTAGG.1|P4_LUAD	P4_LUAD
TCGCCTCTCGCATTTGAGTAGGCT.1|P4_LUAD	P4_LUAD
TCGCCTCTCTAATGGAAACGGGAA.1|P4_LUAD	P4_LUAD
TCGCGCATCAAGGTCGAACGGGAA.1|P4_LUAD	P4_LUAD
TCGCGCATCCGTCCAGATGTTGAC.1|P4_LUAD	P4_LUAD
TCGCGCATCGCCTCTCACTTTAGG.1|P4_LUAD	P4_LUAD
TCGCGCATCGCGTTCGACTTTAGG.1|P4_LUAD	P4_LUAD
TCGCGCATCGCTCAACATGTTGAC.1|P4_LUAD	P4_LUAD
TCGCGCATCGGTACAGAGTAGGCT.1|P4_LUAD	P4_LUAD
TCGCGCATCGGTCAAGATGTTGAC.1|P4_LUAD	P4_LUAD
TCGCGCATCTCAAACTACTTTAGG.1|P4_LUAD	P4_LUAD
TCGCGCTCAACATAGTAACGGGAA.1|P4_LUAD	P4_LUAD
TCGCGCTCACCGGCAAAGTAGGCT.1|P4_LUAD	P4_LUAD
TCGCGCTCACCTCGACATGTTGAC.1|P4_LUAD	P4_LUAD
TCGCGCTCACTATGTCAACGGGAA.1|P4_LUAD	P4_LUAD
TCGCGCTCATCCGGAGACTTTAGG.1|P4_LUAD	P4_LUAD
TCGCGGACAACCTTGTACTTTAGG.1|P4_LUAD	P4_LUAD
TCGCGGACACTAGTAGATGTTGAC.1|P4_LUAD	P4_LUAD
TCGCGGACATTTGGCTACTTTAGG.1|P4_LUAD	P4_LUAD
TCGCTCGAGAAAGGCAATGTTGAC.1|P4_LUAD	P4_LUAD
TCGCTCGAGAACCTCCAACGGGAA.1|P4_LUAD	P4_LUAD
TCGCTCGAGGTTAGTAAGTAGGCT.1|P4_LUAD	P4_LUAD
TCGCTCGAGTCGAAACACTTTAGG.1|P4_LUAD	P4_LUAD
TCGCTTGCAAGTTTCCAACGGGAA.1|P4_LUAD	P4_LUAD
TCGCTTGCAGTTAAACAACGGGAA.1|P4_LUAD	P4_LUAD
TCGCTTGCATAAGTCGAACGGGAA.1|P4_LUAD	P4_LUAD
TCGCTTGCATAGGCGTACTTTAGG.1|P4_LUAD	P4_LUAD
TCGGCCATCAGTAGGTAACGGGAA.1|P4_LUAD	P4_LUAD
TCGGCCATCATGCGTCACTTTAGG.1|P4_LUAD	P4_LUAD
TCGGCCATCCATGATTACTTTAGG.1|P4_LUAD	P4_LUAD
TCGGCCATCGAAGCATAACGGGAA.1|P4_LUAD	P4_LUAD
TCGGCCATCGACTTTGATGTTGAC.1|P4_LUAD	P4_LUAD
TCGGCCATCGGTTCACATGTTGAC.1|P4_LUAD	P4_LUAD
TCGGCCATCTATGCATAACGGGAA.1|P4_LUAD	P4_LUAD
TCGGCTAGTAAAGCGCACTTTAGG.1|P4_LUAD	P4_LUAD
TCGGCTAGTCATTATGAACGGGAA.1|P4_LUAD	P4_LUAD
TCGGCTAGTCGTAATCAACGGGAA.1|P4_LUAD	P4_LUAD
TCGGCTAGTGCGCATCAGTAGGCT.1|P4_LUAD	P4_LUAD
TCGGCTAGTGGATGCGACTTTAGG.1|P4_LUAD	P4_LUAD
TCGGCTAGTTCACCAGAACGGGAA.1|P4_LUAD	P4_LUAD
TCGGCTAGTTCACCAGACTTTAGG.1|P4_LUAD	P4_LUAD
TCGGCTAGTTCGATGTAACGGGAA.1|P4_LUAD	P4_LUAD
TCGGCTAGTTTGTTTCAACGGGAA.1|P4_LUAD	P4_LUAD
TCGGTTATCACAGGGCAACGGGAA.1|P4_LUAD	P4_LUAD
TCGGTTATCCAGATAAAACGGGAA.1|P4_LUAD	P4_LUAD
TCGGTTATCCGTCCAGAACGGGAA.1|P4_LUAD	P4_LUAD
TCGTCAATCAATTGGAATGTTGAC.1|P4_LUAD	P4_LUAD
TCGTCAATCACTATACAGTAGGCT.1|P4_LUAD	P4_LUAD
TCGTCAATCGAACCGAATGTTGAC.1|P4_LUAD	P4_LUAD
TCGTCCCTCGACTCACAACGGGAA.1|P4_LUAD	P4_LUAD
TCGTTAAGTACCGTTGAGTAGGCT.1|P4_LUAD	P4_LUAD
TCGTTAAGTATGGTAGAACGGGAA.1|P4_LUAD	P4_LUAD
TCGTTAAGTCGCAATTAGTAGGCT.1|P4_LUAD	P4_LUAD
TCGTTAAGTCGCAATTATGTTGAC.1|P4_LUAD	P4_LUAD
TCGTTAAGTGACCTTGAACGGGAA.1|P4_LUAD	P4_LUAD
TCGTTATAGACAAGCTAGTAGGCT.1|P4_LUAD	P4_LUAD
TCGTTATAGACCATTTACTTTAGG.1|P4_LUAD	P4_LUAD
TCGTTATAGATAACTGACTTTAGG.1|P4_LUAD	P4_LUAD
TCGTTATAGGAGGCCTAGTAGGCT.1|P4_LUAD	P4_LUAD
TCGTTATAGTACCCACAACGGGAA.1|P4_LUAD	P4_LUAD
TCGTTATAGTACGGGCACTTTAGG.1|P4_LUAD	P4_LUAD
TCGTTATAGTCAATGAACTTTAGG.1|P4_LUAD	P4_LUAD
TCGTTATAGTGATCAAACTTTAGG.1|P4_LUAD	P4_LUAD
TCGTTCGCAACCATTCATGTTGAC.1|P4_LUAD	P4_LUAD
TCGTTCGCACTAGCGGACTTTAGG.1|P4_LUAD	P4_LUAD
TCGTTGCAGCTTACTGAGTAGGCT.1|P4_LUAD	P4_LUAD
TCGTTGCAGGAAGGTAACTTTAGG.1|P4_LUAD	P4_LUAD
TCGTTGCAGGCAATCGACTTTAGG.1|P4_LUAD	P4_LUAD
TCGTTGCAGGTGCACAAACGGGAA.1|P4_LUAD	P4_LUAD
TCGTTGCAGTCGAAACAACGGGAA.1|P4_LUAD	P4_LUAD
TCTAACAGTCTACCAGATGTTGAC.1|P4_LUAD	P4_LUAD
TCTAACAGTGACCTATACTTTAGG.1|P4_LUAD	P4_LUAD
TCTAACCCAACAGGCTATGTTGAC.1|P4_LUAD	P4_LUAD
TCTAACCCACATAGATACTTTAGG.1|P4_LUAD	P4_LUAD
TCTAACCCAGCCATTTAACGGGAA.1|P4_LUAD	P4_LUAD
TCTAACCCAGTTAAACAACGGGAA.1|P4_LUAD	P4_LUAD
TCTAACCCATTGCCCAAGTAGGCT.1|P4_LUAD	P4_LUAD
TCTAAGGCAACAAGTTAGTAGGCT.1|P4_LUAD	P4_LUAD
TCTAAGGCAACGACTAATGTTGAC.1|P4_LUAD	P4_LUAD
TCTAAGGCAAGATGCCACTTTAGG.1|P4_LUAD	P4_LUAD
TCTAAGGCAAGGAATAACTTTAGG.1|P4_LUAD	P4_LUAD
TCTAAGGCATCGATAGAACGGGAA.1|P4_LUAD	P4_LUAD
TCTAAGTTCACCAGGAACTTTAGG.1|P4_LUAD	P4_LUAD
TCTAAGTTCCGGATAGACTTTAGG.1|P4_LUAD	P4_LUAD
TCTAATCAGAAAGGCAAACGGGAA.1|P4_LUAD	P4_LUAD
TCTAATCAGGCGCAACAACGGGAA.1|P4_LUAD	P4_LUAD
TCTAATCAGGTAGTTAATGTTGAC.1|P4_LUAD	P4_LUAD
TCTAATCAGGTCACTCATGTTGAC.1|P4_LUAD	P4_LUAD
TCTAATGGTTCGGTCAATGTTGAC.1|P4_LUAD	P4_LUAD
TCTACCTTCAACTGTTAACGGGAA.1|P4_LUAD	P4_LUAD
TCTACCTTCACCATATATGTTGAC.1|P4_LUAD	P4_LUAD
TCTACCTTCACTATACAACGGGAA.1|P4_LUAD	P4_LUAD
TCTACCTTCCAGGAATACTTTAGG.1|P4_LUAD	P4_LUAD
TCTACCTTCCGCAATCAGTAGGCT.1|P4_LUAD	P4_LUAD
TCTACCTTCGAGAGAAAACGGGAA.1|P4_LUAD	P4_LUAD
TCTACCTTCGAGCTAGAGTAGGCT.1|P4_LUAD	P4_LUAD
TCTACCTTCGGTAACGATGTTGAC.1|P4_LUAD	P4_LUAD
TCTACCTTCGTTCAATAACGGGAA.1|P4_LUAD	P4_LUAD
TCTACCTTCTACTACGAACGGGAA.1|P4_LUAD	P4_LUAD
TCTACCTTCTATCTGGACTTTAGG.1|P4_LUAD	P4_LUAD
TCTACCTTCTTGAGGGAACGGGAA.1|P4_LUAD	P4_LUAD
TCTAGTTAGAAGGTCTACTTTAGG.1|P4_LUAD	P4_LUAD
TCTAGTTAGGCTCCATAGTAGGCT.1|P4_LUAD	P4_LUAD
TCTAGTTAGTCATAAGATGTTGAC.1|P4_LUAD	P4_LUAD
TCTAGTTAGTTGCAAAAACGGGAA.1|P4_LUAD	P4_LUAD
TCTATCGAGCAATCGGATGTTGAC.1|P4_LUAD	P4_LUAD
TCTATCGAGCTATCGCACTTTAGG.1|P4_LUAD	P4_LUAD
TCTATCGAGGAAACTCAACGGGAA.1|P4_LUAD	P4_LUAD
TCTATCGAGGTAATGCATGTTGAC.1|P4_LUAD	P4_LUAD
TCTATCGAGGTTTCCAAGTAGGCT.1|P4_LUAD	P4_LUAD
TCTATCGAGTGGCTTCACTTTAGG.1|P4_LUAD	P4_LUAD
TCTATGAGTTACCGTGATGTTGAC.1|P4_LUAD	P4_LUAD
TCTATGAGTTAGCGGGATGTTGAC.1|P4_LUAD	P4_LUAD
TCTATGAGTTGACCCAAGTAGGCT.1|P4_LUAD	P4_LUAD
TCTATTGCAAGCCTAAAACGGGAA.1|P4_LUAD	P4_LUAD
TCTATTGCACCGGCAAAGTAGGCT.1|P4_LUAD	P4_LUAD
TCTATTGCATCATGCTACTTTAGG.1|P4_LUAD	P4_LUAD
TCTATTGCATCCGTCAAACGGGAA.1|P4_LUAD	P4_LUAD
TCTATTGCATGTGGCGACTTTAGG.1|P4_LUAD	P4_LUAD
TCTCAATAGACTAACAAACGGGAA.1|P4_LUAD	P4_LUAD
TCTCAATAGCTAAACAATGTTGAC.1|P4_LUAD	P4_LUAD
TCTCAATAGCTTACCAAACGGGAA.1|P4_LUAD	P4_LUAD
TCTCAATAGCTTACCAACTTTAGG.1|P4_LUAD	P4_LUAD
TCTCAATAGCTTGATTAACGGGAA.1|P4_LUAD	P4_LUAD
TCTCAATAGGACAACTAGTAGGCT.1|P4_LUAD	P4_LUAD
TCTCAATAGTGTTTCGATGTTGAC.1|P4_LUAD	P4_LUAD
TCTCGCCTCAACCGCTAGTAGGCT.1|P4_LUAD	P4_LUAD
TCTCGCCTCCACAACCAACGGGAA.1|P4_LUAD	P4_LUAD
TCTCGCCTCGTTGCACATGTTGAC.1|P4_LUAD	P4_LUAD
TCTCTATGTCAACTACACTTTAGG.1|P4_LUAD	P4_LUAD
TCTCTATGTCACTATAAACGGGAA.1|P4_LUAD	P4_LUAD
TCTCTATGTTAATGCCACTTTAGG.1|P4_LUAD	P4_LUAD
TCTGCCACAAAGTGCCACTTTAGG.1|P4_LUAD	P4_LUAD
TCTGCCACAAGTCGCGAACGGGAA.1|P4_LUAD	P4_LUAD
TCTGCCACAAGTTCCTACTTTAGG.1|P4_LUAD	P4_LUAD
TCTGCCACATCCCAATAACGGGAA.1|P4_LUAD	P4_LUAD
TCTGGAACAAGAACAAATGTTGAC.1|P4_LUAD	P4_LUAD
TCTGGAACAGTGAGAGAACGGGAA.1|P4_LUAD	P4_LUAD
TCTGGAACATTGAACGACTTTAGG.1|P4_LUAD	P4_LUAD
TCTGGCCCACCTATCGACTTTAGG.1|P4_LUAD	P4_LUAD
TCTGGCCCATGCAATGATGTTGAC.1|P4_LUAD	P4_LUAD
TCTGGGCGTCAACAAGAGTAGGCT.1|P4_LUAD	P4_LUAD
TCTGGGCGTCTACCTCACTTTAGG.1|P4_LUAD	P4_LUAD
TCTGGGCGTTTGTCAAAACGGGAA.1|P4_LUAD	P4_LUAD
TCTGTGATCATGAATGATGTTGAC.1|P4_LUAD	P4_LUAD
TCTGTGATCGTGATTTAGTAGGCT.1|P4_LUAD	P4_LUAD
TCTGTGATCTCACAATACTTTAGG.1|P4_LUAD	P4_LUAD
TCTGTGCAGTCTTGCAAGTAGGCT.1|P4_LUAD	P4_LUAD
TCTGTGCAGTGAGTCGACTTTAGG.1|P4_LUAD	P4_LUAD
TCTGTGCAGTTTGCTGACTTTAGG.1|P4_LUAD	P4_LUAD
TCTTAAGGTAATGGATAACGGGAA.1|P4_LUAD	P4_LUAD
TCTTAAGGTACCGTTGAACGGGAA.1|P4_LUAD	P4_LUAD
TCTTAAGGTATGTTGCACTTTAGG.1|P4_LUAD	P4_LUAD
TCTTAAGGTCGTTCTCAACGGGAA.1|P4_LUAD	P4_LUAD
TCTTAAGGTGGATGCGACTTTAGG.1|P4_LUAD	P4_LUAD
TCTTACTGTGACCTGCAACGGGAA.1|P4_LUAD	P4_LUAD
TCTTACTGTGTTCCAGATGTTGAC.1|P4_LUAD	P4_LUAD
TCTTAGGTCCATGATTACTTTAGG.1|P4_LUAD	P4_LUAD
TCTTCATGTAACGGGTAGTAGGCT.1|P4_LUAD	P4_LUAD
TCTTCATGTAGTAGCAACTTTAGG.1|P4_LUAD	P4_LUAD
TCTTCATGTAGTAGGCATGTTGAC.1|P4_LUAD	P4_LUAD
TCTTCATGTCCATAGTAACGGGAA.1|P4_LUAD	P4_LUAD
TCTTCATGTGCGGCTTACTTTAGG.1|P4_LUAD	P4_LUAD
TCTTCATGTTAAGGCAACTTTAGG.1|P4_LUAD	P4_LUAD
TCTTCATGTTTGCATAACTTTAGG.1|P4_LUAD	P4_LUAD
TCTTGACCAGCACTAAAACGGGAA.1|P4_LUAD	P4_LUAD
TCTTGACCATTACACCAACGGGAA.1|P4_LUAD	P4_LUAD
TCTTGACCATTCGGTTAGTAGGCT.1|P4_LUAD	P4_LUAD
TCTTGCTTCAAGTTTCAACGGGAA.1|P4_LUAD	P4_LUAD
TCTTGCTTCGCCTGCAAACGGGAA.1|P4_LUAD	P4_LUAD
TCTTGCTTCGTCAACCATGTTGAC.1|P4_LUAD	P4_LUAD
TCTTGGATCGAAGCATACTTTAGG.1|P4_LUAD	P4_LUAD
TCTTGGATCGCCTAGTATGTTGAC.1|P4_LUAD	P4_LUAD
TCTTGGATCTGGTCTAACTTTAGG.1|P4_LUAD	P4_LUAD
TCTTTAGCAGGCTGTGACTTTAGG.1|P4_LUAD	P4_LUAD
TCTTTAGCATCAATCCAACGGGAA.1|P4_LUAD	P4_LUAD
TCTTTGGAGACAGACTACTTTAGG.1|P4_LUAD	P4_LUAD
TCTTTGGAGATGAACCACTTTAGG.1|P4_LUAD	P4_LUAD
TCTTTGGAGCCATCACAACGGGAA.1|P4_LUAD	P4_LUAD
TCTTTGGAGGACAACTAACGGGAA.1|P4_LUAD	P4_LUAD
TCTTTGGAGGCTGTGAATGTTGAC.1|P4_LUAD	P4_LUAD
TCTTTGGAGTTACAGAAACGGGAA.1|P4_LUAD	P4_LUAD
TCTTTGTGTATTCGACATGTTGAC.1|P4_LUAD	P4_LUAD
TCTTTGTGTCCTGACAACTTTAGG.1|P4_LUAD	P4_LUAD
TGAAACTCAACCGTGGACTTTAGG.1|P4_LUAD	P4_LUAD
TGAAACTCAATAACCGATGTTGAC.1|P4_LUAD	P4_LUAD
TGAAACTCACGGATACAACGGGAA.1|P4_LUAD	P4_LUAD
TGAAACTCATTGGACAACTTTAGG.1|P4_LUAD	P4_LUAD
TGAAAGGAGCCATAAAACTTTAGG.1|P4_LUAD	P4_LUAD
TGAAAGGAGGCCATGAAGTAGGCT.1|P4_LUAD	P4_LUAD
TGAAAGGAGTGATGGTATGTTGAC.1|P4_LUAD	P4_LUAD
TGAACAGGTAAAGGCCAACGGGAA.1|P4_LUAD	P4_LUAD
TGAACAGGTAATCCTAATGTTGAC.1|P4_LUAD	P4_LUAD
TGAACCACATTTGGCTATGTTGAC.1|P4_LUAD	P4_LUAD
TGAACCTGTAACTACCAACGGGAA.1|P4_LUAD	P4_LUAD
TGAACCTGTACGAATGAACGGGAA.1|P4_LUAD	P4_LUAD
TGAACCTGTAGGTGACACTTTAGG.1|P4_LUAD	P4_LUAD
TGAACCTGTATCCGCAAACGGGAA.1|P4_LUAD	P4_LUAD
TGAACCTGTCCTCCATAACGGGAA.1|P4_LUAD	P4_LUAD
TGAACCTGTGGTTAAGATGTTGAC.1|P4_LUAD	P4_LUAD
TGAACCTGTGTGAGACAGTAGGCT.1|P4_LUAD	P4_LUAD
TGAAGGAAGCTTGATTACTTTAGG.1|P4_LUAD	P4_LUAD
TGAAGGAAGGATGTTAAACGGGAA.1|P4_LUAD	P4_LUAD
TGAAGGAAGGCGAGTCACTTTAGG.1|P4_LUAD	P4_LUAD
TGAAGGAAGGGTTATAATGTTGAC.1|P4_LUAD	P4_LUAD
TGAAGGAAGTCATTCGAGTAGGCT.1|P4_LUAD	P4_LUAD
TGAAGGAAGTTGGCCTATGTTGAC.1|P4_LUAD	P4_LUAD
TGAATAGTCAGCCCTGACTTTAGG.1|P4_LUAD	P4_LUAD
TGAATAGTCAGTAAGCAGTAGGCT.1|P4_LUAD	P4_LUAD
TGAATAGTCGCGAGTAAACGGGAA.1|P4_LUAD	P4_LUAD
TGAATCGCAAGCCTAAATGTTGAC.1|P4_LUAD	P4_LUAD
TGAATCGCAGCTAAGCACTTTAGG.1|P4_LUAD	P4_LUAD
TGAATCGCATGACATGAACGGGAA.1|P4_LUAD	P4_LUAD
TGAATCGCATGGCGCAAACGGGAA.1|P4_LUAD	P4_LUAD
TGAATCTTCATGGAACAACGGGAA.1|P4_LUAD	P4_LUAD
TGAATCTTCGGGCAACATGTTGAC.1|P4_LUAD	P4_LUAD
TGAATCTTCTCACAATAACGGGAA.1|P4_LUAD	P4_LUAD
TGAATGTCAATTGAACACTTTAGG.1|P4_LUAD	P4_LUAD
TGAATGTCACGAACGTATGTTGAC.1|P4_LUAD	P4_LUAD
TGAATGTCACTAACAGACTTTAGG.1|P4_LUAD	P4_LUAD
TGACAACAGAGGATGAATGTTGAC.1|P4_LUAD	P4_LUAD
TGACAACAGTGTGAGTAGTAGGCT.1|P4_LUAD	P4_LUAD
TGACATAAGACTAATGACTTTAGG.1|P4_LUAD	P4_LUAD
TGACATAAGGTTTCCAATGTTGAC.1|P4_LUAD	P4_LUAD
TGACATAAGTGATTTCAACGGGAA.1|P4_LUAD	P4_LUAD
TGACATGCACGTAATGAGTAGGCT.1|P4_LUAD	P4_LUAD
TGACATGCAGTTGCCCATGTTGAC.1|P4_LUAD	P4_LUAD
TGACCTATCAAGGTACACTTTAGG.1|P4_LUAD	P4_LUAD
TGACCTATCAGGAGCCATGTTGAC.1|P4_LUAD	P4_LUAD
TGACCTATCCATAGAAATGTTGAC.1|P4_LUAD	P4_LUAD
TGACCTATCGATTATCAACGGGAA.1|P4_LUAD	P4_LUAD
TGACCTGGTCAATACCAGTAGGCT.1|P4_LUAD	P4_LUAD
TGACCTGGTGACATGAACTTTAGG.1|P4_LUAD	P4_LUAD
TGACCTGGTTTCACCCACTTTAGG.1|P4_LUAD	P4_LUAD
TGACCTTCAGCACCTCAACGGGAA.1|P4_LUAD	P4_LUAD
TGACGAAGTATAGCGAAACGGGAA.1|P4_LUAD	P4_LUAD
TGACGAAGTATTACCAACTTTAGG.1|P4_LUAD	P4_LUAD
TGACGAAGTGCTTCGAAACGGGAA.1|P4_LUAD	P4_LUAD
TGACGAAGTTAGTGCTATGTTGAC.1|P4_LUAD	P4_LUAD
TGACGGATCAACCTATAACGGGAA.1|P4_LUAD	P4_LUAD
TGACGGATCAGGCATGACTTTAGG.1|P4_LUAD	P4_LUAD
TGACGTACAATAGAGAAACGGGAA.1|P4_LUAD	P4_LUAD
TGACGTACAATCATCCACTTTAGG.1|P4_LUAD	P4_LUAD
TGACTACGTAAGCGTAATGTTGAC.1|P4_LUAD	P4_LUAD
TGACTACGTAAGGCCGATGTTGAC.1|P4_LUAD	P4_LUAD
TGACTACGTAATGCGAACTTTAGG.1|P4_LUAD	P4_LUAD
TGACTACGTACCTCAGACTTTAGG.1|P4_LUAD	P4_LUAD
TGACTACGTCATCCTCACTTTAGG.1|P4_LUAD	P4_LUAD
TGACTACGTCGTAAAGATGTTGAC.1|P4_LUAD	P4_LUAD
TGACTACGTTAGCTCGACTTTAGG.1|P4_LUAD	P4_LUAD
TGACTATTCATAATGGAGTAGGCT.1|P4_LUAD	P4_LUAD
TGAGACTAGTATCGCCACTTTAGG.1|P4_LUAD	P4_LUAD
TGAGCGATCGTCAATTAACGGGAA.1|P4_LUAD	P4_LUAD
TGAGCGGGTAAGCGTAAACGGGAA.1|P4_LUAD	P4_LUAD
TGAGCGGGTCAAACTCAACGGGAA.1|P4_LUAD	P4_LUAD
TGAGCGGGTGCTCCAAAGTAGGCT.1|P4_LUAD	P4_LUAD
TGAGCGGGTGTGAGTAAGTAGGCT.1|P4_LUAD	P4_LUAD
TGAGCGGGTTAATGCCAGTAGGCT.1|P4_LUAD	P4_LUAD
TGAGCGGGTTAGTCTAAGTAGGCT.1|P4_LUAD	P4_LUAD
TGAGCGGGTTGACCCAACTTTAGG.1|P4_LUAD	P4_LUAD
TGAGCGGGTTGTGAGAAGTAGGCT.1|P4_LUAD	P4_LUAD
TGAGCTTGTACTTCAAAACGGGAA.1|P4_LUAD	P4_LUAD
TGAGCTTGTCAAAGATACTTTAGG.1|P4_LUAD	P4_LUAD
TGAGGCGGTATGTGAGACTTTAGG.1|P4_LUAD	P4_LUAD
TGAGGCGGTATTGGGAAACGGGAA.1|P4_LUAD	P4_LUAD
TGAGGCGGTATTTCGAACTTTAGG.1|P4_LUAD	P4_LUAD
TGAGGCGGTCAATACCATGTTGAC.1|P4_LUAD	P4_LUAD
TGAGGCGGTCCCTCTGACTTTAGG.1|P4_LUAD	P4_LUAD
TGAGGCGGTGGAAGCTAGTAGGCT.1|P4_LUAD	P4_LUAD
TGAGGCGGTTAAGCTCAACGGGAA.1|P4_LUAD	P4_LUAD
TGAGGTAGTAAGCGTAAACGGGAA.1|P4_LUAD	P4_LUAD
TGAGGTAGTAGCTTGTAACGGGAA.1|P4_LUAD	P4_LUAD
TGAGGTAGTTGTTCCCAACGGGAA.1|P4_LUAD	P4_LUAD
TGAGGTCCAACGTTAGATGTTGAC.1|P4_LUAD	P4_LUAD
TGAGGTCCAGGCTATAAACGGGAA.1|P4_LUAD	P4_LUAD
TGAGGTCCAGTTATGGAACGGGAA.1|P4_LUAD	P4_LUAD
TGAGTCGAGACAAAGGATGTTGAC.1|P4_LUAD	P4_LUAD
TGAGTCGAGACTATTCAACGGGAA.1|P4_LUAD	P4_LUAD
TGAGTCGAGAGGCGGAATGTTGAC.1|P4_LUAD	P4_LUAD
TGAGTCGAGATAACTGATGTTGAC.1|P4_LUAD	P4_LUAD
TGAGTCGAGTCCTGCGAGTAGGCT.1|P4_LUAD	P4_LUAD
TGAGTCTGTACCGTTGACTTTAGG.1|P4_LUAD	P4_LUAD
TGAGTCTGTGCGGCTTATGTTGAC.1|P4_LUAD	P4_LUAD
TGAGTCTGTGGCTCACACTTTAGG.1|P4_LUAD	P4_LUAD
TGAGTGAGTGATAAACAACGGGAA.1|P4_LUAD	P4_LUAD
TGAGTGAGTTGTTGGTATGTTGAC.1|P4_LUAD	P4_LUAD
TGAGTGAGTTTGCAACAGTAGGCT.1|P4_LUAD	P4_LUAD
TGATCTTAGGACAAGAACTTTAGG.1|P4_LUAD	P4_LUAD
TGATCTTAGGCGCAGTACTTTAGG.1|P4_LUAD	P4_LUAD
TGATCTTAGGGTGGGAACTTTAGG.1|P4_LUAD	P4_LUAD
TGATCTTAGGTAACTAAACGGGAA.1|P4_LUAD	P4_LUAD
TGATGGCCATAGCGCGACTTTAGG.1|P4_LUAD	P4_LUAD
TGATGGCCATTTCTTCACTTTAGG.1|P4_LUAD	P4_LUAD
TGATTACTCGATATAGAACGGGAA.1|P4_LUAD	P4_LUAD
TGATTACTCTATGCATATGTTGAC.1|P4_LUAD	P4_LUAD
TGATTCAGTACGGGCAACTTTAGG.1|P4_LUAD	P4_LUAD
TGATTCAGTCGAAGTAAACGGGAA.1|P4_LUAD	P4_LUAD
TGATTCAGTGGTGAGTAACGGGAA.1|P4_LUAD	P4_LUAD
TGATTGCGTGACATTCACTTTAGG.1|P4_LUAD	P4_LUAD
TGATTGCGTGATAAACATGTTGAC.1|P4_LUAD	P4_LUAD
TGATTGCGTGGATGCGATGTTGAC.1|P4_LUAD	P4_LUAD
TGATTGTTCATTGTACAGTAGGCT.1|P4_LUAD	P4_LUAD
TGATTGTTCTAGCCTAATGTTGAC.1|P4_LUAD	P4_LUAD
TGATTTGGTATTTCGAATGTTGAC.1|P4_LUAD	P4_LUAD
TGCAAATCACCTAAAGATGTTGAC.1|P4_LUAD	P4_LUAD
TGCAAATCACTAACAGACTTTAGG.1|P4_LUAD	P4_LUAD
TGCAAGCCAAAGGTAAAGTAGGCT.1|P4_LUAD	P4_LUAD
TGCAAGCCAACTTGTCACTTTAGG.1|P4_LUAD	P4_LUAD
TGCAAGCCAAGAAATGAACGGGAA.1|P4_LUAD	P4_LUAD
TGCAAGCCACCTAACTAGTAGGCT.1|P4_LUAD	P4_LUAD
TGCAAGCCAGGCTATAAGTAGGCT.1|P4_LUAD	P4_LUAD
TGCAAGCCAGTGAGGAACTTTAGG.1|P4_LUAD	P4_LUAD
TGCAAGCCATCACTCGAACGGGAA.1|P4_LUAD	P4_LUAD
TGCAATAAGGGATTTAACTTTAGG.1|P4_LUAD	P4_LUAD
TGCACACTCAGCACCTATGTTGAC.1|P4_LUAD	P4_LUAD
TGCACACTCCATCCTTAACGGGAA.1|P4_LUAD	P4_LUAD
TGCAGGATCAGGGATTAACGGGAA.1|P4_LUAD	P4_LUAD
TGCAGGATCCTAATCGAGTAGGCT.1|P4_LUAD	P4_LUAD
TGCAGGTCACTCAGTTAACGGGAA.1|P4_LUAD	P4_LUAD
TGCAGGTCATTCCTGGAGTAGGCT.1|P4_LUAD	P4_LUAD
TGCATCCAGCCTGCCAATGTTGAC.1|P4_LUAD	P4_LUAD
TGCATCCAGCTTACCAACTTTAGG.1|P4_LUAD	P4_LUAD
TGCATCCAGGGTTACGAGTAGGCT.1|P4_LUAD	P4_LUAD
TGCATGACACAACATGAACGGGAA.1|P4_LUAD	P4_LUAD
TGCATTAGTAATTTCGAACGGGAA.1|P4_LUAD	P4_LUAD
TGCATTAGTAATTTCGACTTTAGG.1|P4_LUAD	P4_LUAD
TGCATTAGTTCATTAGACTTTAGG.1|P4_LUAD	P4_LUAD
TGCCCATAGAAAGGCAAACGGGAA.1|P4_LUAD	P4_LUAD
TGCCCATAGACTCCTAAGTAGGCT.1|P4_LUAD	P4_LUAD
TGCCCATAGATAATCGATGTTGAC.1|P4_LUAD	P4_LUAD
TGCCCATAGGACAAGAACTTTAGG.1|P4_LUAD	P4_LUAD
TGCCCATAGGTGAATCAACGGGAA.1|P4_LUAD	P4_LUAD
TGCCCATAGTGATCAAAGTAGGCT.1|P4_LUAD	P4_LUAD
TGCCCTGAGGTGAGGGATGTTGAC.1|P4_LUAD	P4_LUAD
TGCCGGTGTCACACCAATGTTGAC.1|P4_LUAD	P4_LUAD
TGCCGGTGTGCCCGATACTTTAGG.1|P4_LUAD	P4_LUAD
TGCCGGTGTTAAGTCCACTTTAGG.1|P4_LUAD	P4_LUAD
TGCCGGTGTTCCTTCAATGTTGAC.1|P4_LUAD	P4_LUAD
TGCCTCCTCATCACATACTTTAGG.1|P4_LUAD	P4_LUAD
TGCCTCCTCATGTCATACTTTAGG.1|P4_LUAD	P4_LUAD
TGCCTCCTCCCAGTACAACGGGAA.1|P4_LUAD	P4_LUAD
TGCCTCCTCGATTCTGACTTTAGG.1|P4_LUAD	P4_LUAD
TGCCTCCTCGCGGATAAGTAGGCT.1|P4_LUAD	P4_LUAD
TGCCTCCTCTAATCGTACTTTAGG.1|P4_LUAD	P4_LUAD
TGCCTCCTCTCACAATAACGGGAA.1|P4_LUAD	P4_LUAD
TGCCTCCTCTTTGGTGAACGGGAA.1|P4_LUAD	P4_LUAD
TGCCTTAAGCGAAGTTAGTAGGCT.1|P4_LUAD	P4_LUAD
TGCCTTAAGGAAGCAAACTTTAGG.1|P4_LUAD	P4_LUAD
TGCCTTAAGGCGCAACACTTTAGG.1|P4_LUAD	P4_LUAD
TGCCTTAAGGCGCGATATGTTGAC.1|P4_LUAD	P4_LUAD
TGCCTTAAGGCTGTGAATGTTGAC.1|P4_LUAD	P4_LUAD
TGCCTTAAGGTGAGAAAGTAGGCT.1|P4_LUAD	P4_LUAD
TGCGATACAAGGTTATAACGGGAA.1|P4_LUAD	P4_LUAD
TGCGATACAGCAATTGATGTTGAC.1|P4_LUAD	P4_LUAD
TGCGATACAGGATTATAGTAGGCT.1|P4_LUAD	P4_LUAD
TGCGATACATGTTTCAATGTTGAC.1|P4_LUAD	P4_LUAD
TGCGCAGCAAGCCTAAAGTAGGCT.1|P4_LUAD	P4_LUAD
TGCGCAGCAATGGCCGACTTTAGG.1|P4_LUAD	P4_LUAD
TGCGCAGCACGATTAGACTTTAGG.1|P4_LUAD	P4_LUAD
TGCGCAGCATAGCGACAACGGGAA.1|P4_LUAD	P4_LUAD
TGCGCATTCAGGGATTATGTTGAC.1|P4_LUAD	P4_LUAD
TGCGCATTCATGCATTACTTTAGG.1|P4_LUAD	P4_LUAD
TGCGCATTCCAACATTACTTTAGG.1|P4_LUAD	P4_LUAD
TGCGCATTCGGTTCACAACGGGAA.1|P4_LUAD	P4_LUAD
TGCGCCATCCCACATAACTTTAGG.1|P4_LUAD	P4_LUAD
TGCGCCATCCTTTCGTATGTTGAC.1|P4_LUAD	P4_LUAD
TGCGCCATCGAAATGCATGTTGAC.1|P4_LUAD	P4_LUAD
TGCGCCATCGCTATATACTTTAGG.1|P4_LUAD	P4_LUAD
TGCGCTAGTAACTTGCAGTAGGCT.1|P4_LUAD	P4_LUAD
TGCGCTAGTACCGTTGACTTTAGG.1|P4_LUAD	P4_LUAD
TGCGCTAGTCTCAGCAAACGGGAA.1|P4_LUAD	P4_LUAD
TGCGCTAGTTCCTTCAACTTTAGG.1|P4_LUAD	P4_LUAD
TGCGCTAGTTCCTTTGAGTAGGCT.1|P4_LUAD	P4_LUAD
TGCGCTTAGCTACGTCACTTTAGG.1|P4_LUAD	P4_LUAD
TGCGCTTAGGCTCCATACTTTAGG.1|P4_LUAD	P4_LUAD
TGCGCTTAGGGTGGGAACTTTAGG.1|P4_LUAD	P4_LUAD
TGCGCTTAGTACGGGCAACGGGAA.1|P4_LUAD	P4_LUAD
TGCGCTTAGTGATGGTATGTTGAC.1|P4_LUAD	P4_LUAD
TGCGCTTAGTTAGGCGAACGGGAA.1|P4_LUAD	P4_LUAD
TGCGGAATCATGGAACAACGGGAA.1|P4_LUAD	P4_LUAD
TGCGGAATCCATAAAGAACGGGAA.1|P4_LUAD	P4_LUAD
TGCGGAATCCTTGTTCAACGGGAA.1|P4_LUAD	P4_LUAD
TGCGGAATCGATTGGGAACGGGAA.1|P4_LUAD	P4_LUAD
TGCGGAATCGGGACTAAGTAGGCT.1|P4_LUAD	P4_LUAD
TGCGGAATCGTCAATTACTTTAGG.1|P4_LUAD	P4_LUAD
TGCGGAATCGTTCGTAAACGGGAA.1|P4_LUAD	P4_LUAD
TGCGGAATCTCACTAGAGTAGGCT.1|P4_LUAD	P4_LUAD
TGCGGCTGTCCATCCTACTTTAGG.1|P4_LUAD	P4_LUAD
TGCGGCTGTTCCAGCAATGTTGAC.1|P4_LUAD	P4_LUAD
TGCGGTTTCACCCTGGAGTAGGCT.1|P4_LUAD	P4_LUAD
TGCGGTTTCCAACTTGAACGGGAA.1|P4_LUAD	P4_LUAD
TGCTAACGTACTTCAAAACGGGAA.1|P4_LUAD	P4_LUAD
TGCTAACGTACTTCAAACTTTAGG.1|P4_LUAD	P4_LUAD
TGCTAACGTCAACTACACTTTAGG.1|P4_LUAD	P4_LUAD
TGCTAACGTCACTATAATGTTGAC.1|P4_LUAD	P4_LUAD
TGCTATTAGACAACACATGTTGAC.1|P4_LUAD	P4_LUAD
TGCTATTAGACAAGCTAACGGGAA.1|P4_LUAD	P4_LUAD
TGCTATTAGACAAGCTACTTTAGG.1|P4_LUAD	P4_LUAD
TGCTATTAGTATGGTAACTTTAGG.1|P4_LUAD	P4_LUAD
TGCTATTAGTCAGGCAACTTTAGG.1|P4_LUAD	P4_LUAD
TGCTATTAGTGCTGAGATGTTGAC.1|P4_LUAD	P4_LUAD
TGCTATTAGTTAGTTCACTTTAGG.1|P4_LUAD	P4_LUAD
TGCTCCACAACAAGTTAACGGGAA.1|P4_LUAD	P4_LUAD
TGCTCCACACATTGAGATGTTGAC.1|P4_LUAD	P4_LUAD
TGCTCCACACCATCCAATGTTGAC.1|P4_LUAD	P4_LUAD
TGCTCCACAGCCCTTAATGTTGAC.1|P4_LUAD	P4_LUAD
TGCTCCACAGGCTAACACTTTAGG.1|P4_LUAD	P4_LUAD
TGCTCCACATCAATCCACTTTAGG.1|P4_LUAD	P4_LUAD
TGCTCCACATCCGCTAAGTAGGCT.1|P4_LUAD	P4_LUAD
TGCTCCACATTAGCGAAACGGGAA.1|P4_LUAD	P4_LUAD
TGCTGGTTCCGTCAACAACGGGAA.1|P4_LUAD	P4_LUAD
TGCTGGTTCCTTTGGAAGTAGGCT.1|P4_LUAD	P4_LUAD
TGCTGGTTCGAACCTCAGTAGGCT.1|P4_LUAD	P4_LUAD
TGCTGGTTCTAAGTCTATGTTGAC.1|P4_LUAD	P4_LUAD
TGCTTGATCAACCTATAGTAGGCT.1|P4_LUAD	P4_LUAD
TGCTTGATCACGTTCAACTTTAGG.1|P4_LUAD	P4_LUAD
TGCTTGATCCTCACTTACTTTAGG.1|P4_LUAD	P4_LUAD
TGCTTGATCGACTCACATGTTGAC.1|P4_LUAD	P4_LUAD
TGCTTGATCGCTTGCGACTTTAGG.1|P4_LUAD	P4_LUAD
TGCTTGATCTTAAGCTAACGGGAA.1|P4_LUAD	P4_LUAD
TGGAAACTCAACCGCTATGTTGAC.1|P4_LUAD	P4_LUAD
TGGAAACTCAGCACCTAGTAGGCT.1|P4_LUAD	P4_LUAD
TGGAAACTCCGCAATCAACGGGAA.1|P4_LUAD	P4_LUAD
TGGAAACTCGACCCATAGTAGGCT.1|P4_LUAD	P4_LUAD
TGGAAACTCTGGCCATAGTAGGCT.1|P4_LUAD	P4_LUAD
TGGAAACTCTGGGAATAGTAGGCT.1|P4_LUAD	P4_LUAD
TGGACAAGTACCTTAAAACGGGAA.1|P4_LUAD	P4_LUAD
TGGACAAGTATAGTGGACTTTAGG.1|P4_LUAD	P4_LUAD
TGGACAAGTTCTTACTATGTTGAC.1|P4_LUAD	P4_LUAD
TGGACAAGTTGTGAGAAACGGGAA.1|P4_LUAD	P4_LUAD
TGGACCAAGAATGGGAACTTTAGG.1|P4_LUAD	P4_LUAD
TGGACCAAGACATAGCAACGGGAA.1|P4_LUAD	P4_LUAD
TGGACCAAGGCTGGTAACTTTAGG.1|P4_LUAD	P4_LUAD
TGGACCAAGGCTGGTAATGTTGAC.1|P4_LUAD	P4_LUAD
TGGATCGAGCATTTCGAACGGGAA.1|P4_LUAD	P4_LUAD
TGGATCGAGGCCTCTGATGTTGAC.1|P4_LUAD	P4_LUAD
TGGATCGAGGGTTTCCATGTTGAC.1|P4_LUAD	P4_LUAD
TGGATTAAGACTCCTAACTTTAGG.1|P4_LUAD	P4_LUAD
TGGATTAAGAGCCGGTACTTTAGG.1|P4_LUAD	P4_LUAD
TGGATTAAGATTCATCACTTTAGG.1|P4_LUAD	P4_LUAD
TGGATTAAGCTAAACAAACGGGAA.1|P4_LUAD	P4_LUAD
TGGATTAAGCTCATTGATGTTGAC.1|P4_LUAD	P4_LUAD
TGGATTAAGGATCCCTATGTTGAC.1|P4_LUAD	P4_LUAD
TGGATTAAGGCAGGCTAGTAGGCT.1|P4_LUAD	P4_LUAD
TGGATTAAGGCGCATAATGTTGAC.1|P4_LUAD	P4_LUAD
TGGATTAAGTTATGGAAACGGGAA.1|P4_LUAD	P4_LUAD
TGGATTCGTGAACCAAACTTTAGG.1|P4_LUAD	P4_LUAD
TGGATTCGTGTTGCTGATGTTGAC.1|P4_LUAD	P4_LUAD
TGGCAATAGAGCAATCACTTTAGG.1|P4_LUAD	P4_LUAD
TGGCAATAGCAGGTTGACTTTAGG.1|P4_LUAD	P4_LUAD
TGGCAATAGCCAAACGACTTTAGG.1|P4_LUAD	P4_LUAD
TGGCATGAGACTAACAACTTTAGG.1|P4_LUAD	P4_LUAD
TGGCATGAGCACGTTCAGTAGGCT.1|P4_LUAD	P4_LUAD
TGGCATGAGGGTGGGAAACGGGAA.1|P4_LUAD	P4_LUAD
TGGCCAGCAACAAGTTAACGGGAA.1|P4_LUAD	P4_LUAD
TGGCCAGCAACTATCCAGTAGGCT.1|P4_LUAD	P4_LUAD
TGGCCAGCACTAGTCTAGTAGGCT.1|P4_LUAD	P4_LUAD
TGGCCAGCATTGAGATACTTTAGG.1|P4_LUAD	P4_LUAD
TGGCCTTAGACTAATGAGTAGGCT.1|P4_LUAD	P4_LUAD
TGGCCTTAGACTGAGTAACGGGAA.1|P4_LUAD	P4_LUAD
TGGCCTTAGCAGGTCAAACGGGAA.1|P4_LUAD	P4_LUAD
TGGCCTTAGCGCTCCAAACGGGAA.1|P4_LUAD	P4_LUAD
TGGCCTTAGCTCATTGACTTTAGG.1|P4_LUAD	P4_LUAD
TGGCCTTAGGCAGGCTACTTTAGG.1|P4_LUAD	P4_LUAD
TGGCCTTAGGGAGGATACTTTAGG.1|P4_LUAD	P4_LUAD
TGGCCTTAGTCGAAACAACGGGAA.1|P4_LUAD	P4_LUAD
TGGCGGTAGATTATCCATGTTGAC.1|P4_LUAD	P4_LUAD
TGGCGGTAGTCGTTCAACTTTAGG.1|P4_LUAD	P4_LUAD
TGGCGTGCAAGCCACGACTTTAGG.1|P4_LUAD	P4_LUAD
TGGCGTGCAATGAGCCAACGGGAA.1|P4_LUAD	P4_LUAD
TGGCGTGCACTTTACAAACGGGAA.1|P4_LUAD	P4_LUAD
TGGCGTGCAGGTAGCTAACGGGAA.1|P4_LUAD	P4_LUAD
TGGCGTGCATCCGGAGACTTTAGG.1|P4_LUAD	P4_LUAD
TGGCTACTCCAACATTACTTTAGG.1|P4_LUAD	P4_LUAD
TGGCTACTCCATAACTAACGGGAA.1|P4_LUAD	P4_LUAD
TGGCTACTCTCAGCACACTTTAGG.1|P4_LUAD	P4_LUAD
TGGCTACTCTTGAAAGAACGGGAA.1|P4_LUAD	P4_LUAD
TGGGACATCAGGTAACACTTTAGG.1|P4_LUAD	P4_LUAD
TGGGACATCATAATCCATGTTGAC.1|P4_LUAD	P4_LUAD
TGGGACATCGAAATGCACTTTAGG.1|P4_LUAD	P4_LUAD
TGGGACATCGAAGTTAATGTTGAC.1|P4_LUAD	P4_LUAD
TGGGACATCGGGCAACATGTTGAC.1|P4_LUAD	P4_LUAD
TGGGACATCTAATTGCACTTTAGG.1|P4_LUAD	P4_LUAD
TGGGACATCTTGAAGAAGTAGGCT.1|P4_LUAD	P4_LUAD
TGGGACATCTTTGGTGAACGGGAA.1|P4_LUAD	P4_LUAD
TGGGCCACAACAAAGAACTTTAGG.1|P4_LUAD	P4_LUAD
TGGGCCACAATCATCCAGTAGGCT.1|P4_LUAD	P4_LUAD
TGGGCCACAGAGAGCAACTTTAGG.1|P4_LUAD	P4_LUAD
TGGGCCACAGATAACTACTTTAGG.1|P4_LUAD	P4_LUAD
TGGGCCACATATAGGTAGTAGGCT.1|P4_LUAD	P4_LUAD
TGGGCCACATTCAACCATGTTGAC.1|P4_LUAD	P4_LUAD
TGGGCCACATTGCCTGAACGGGAA.1|P4_LUAD	P4_LUAD
TGGGCGTAGATTATCCACTTTAGG.1|P4_LUAD	P4_LUAD
TGGGCGTAGGAACCATAGTAGGCT.1|P4_LUAD	P4_LUAD
TGGGCGTAGTAGCCTCAACGGGAA.1|P4_LUAD	P4_LUAD
TGGGCGTAGTCATGAAACTTTAGG.1|P4_LUAD	P4_LUAD
TGGGTCCGTAAGAATCAGTAGGCT.1|P4_LUAD	P4_LUAD
TGGGTCCGTAGCCACCAGTAGGCT.1|P4_LUAD	P4_LUAD
TGGGTCCGTGATTAGGATGTTGAC.1|P4_LUAD	P4_LUAD
TGGGTCCGTGGGAACTAGTAGGCT.1|P4_LUAD	P4_LUAD
TGGGTTTGTACGAACAATGTTGAC.1|P4_LUAD	P4_LUAD
TGGGTTTGTCAACATCAACGGGAA.1|P4_LUAD	P4_LUAD
TGGGTTTGTCACCAGCACTTTAGG.1|P4_LUAD	P4_LUAD
TGGGTTTGTGGTTAAGACTTTAGG.1|P4_LUAD	P4_LUAD
TGGTAAGGTACGGGCAATGTTGAC.1|P4_LUAD	P4_LUAD
TGGTAAGGTATTCAGCAACGGGAA.1|P4_LUAD	P4_LUAD
TGGTAAGGTCCAGCACAGTAGGCT.1|P4_LUAD	P4_LUAD
TGGTAAGGTCTCACTCAACGGGAA.1|P4_LUAD	P4_LUAD
TGGTAAGGTGGACACGAACGGGAA.1|P4_LUAD	P4_LUAD
TGGTAAGGTTGCACGCAGTAGGCT.1|P4_LUAD	P4_LUAD
TGGTAATCAAGACATTAACGGGAA.1|P4_LUAD	P4_LUAD
TGGTAATCAATAACCGATGTTGAC.1|P4_LUAD	P4_LUAD
TGGTAATCAGCTAGACAACGGGAA.1|P4_LUAD	P4_LUAD
TGGTAATCAGGACTACAACGGGAA.1|P4_LUAD	P4_LUAD
TGGTAATCATGTGGCGATGTTGAC.1|P4_LUAD	P4_LUAD
TGGTAGTAGATGCAACACTTTAGG.1|P4_LUAD	P4_LUAD
TGGTAGTAGTACCAGGACTTTAGG.1|P4_LUAD	P4_LUAD
TGGTCAACAACAAGTTACTTTAGG.1|P4_LUAD	P4_LUAD
TGGTCAACATGTGGCGAACGGGAA.1|P4_LUAD	P4_LUAD
TGGTCTATCAACCTATAGTAGGCT.1|P4_LUAD	P4_LUAD
TGGTCTATCAAGTTTCAACGGGAA.1|P4_LUAD	P4_LUAD
TGGTCTATCTAGCGGAATGTTGAC.1|P4_LUAD	P4_LUAD
TGGTGAAGTAAGCGTAATGTTGAC.1|P4_LUAD	P4_LUAD
TGGTGAAGTATGGTAGACTTTAGG.1|P4_LUAD	P4_LUAD
TGGTGAAGTCAACTACACTTTAGG.1|P4_LUAD	P4_LUAD
TGGTGAAGTCAACTACAGTAGGCT.1|P4_LUAD	P4_LUAD
TGGTGAAGTCTGTGATAACGGGAA.1|P4_LUAD	P4_LUAD
TGGTGAGTCATGGTCCAGTAGGCT.1|P4_LUAD	P4_LUAD
TGGTGAGTCGCCTCTCATGTTGAC.1|P4_LUAD	P4_LUAD
TGGTGAGTCTCAAGAAACTTTAGG.1|P4_LUAD	P4_LUAD
TGGTGCGCAACGTTAGAGTAGGCT.1|P4_LUAD	P4_LUAD
TGGTGCGCAATAAGGAAACGGGAA.1|P4_LUAD	P4_LUAD
TGGTGCGCAATTAGGTAGTAGGCT.1|P4_LUAD	P4_LUAD
TGGTGCGCACTCCCTTATGTTGAC.1|P4_LUAD	P4_LUAD
TGGTGCGCAGAAACTTACTTTAGG.1|P4_LUAD	P4_LUAD
TGGTGCGCATCCTTGGACTTTAGG.1|P4_LUAD	P4_LUAD
TGGTGCTTCCAATGAAAACGGGAA.1|P4_LUAD	P4_LUAD
TGGTGCTTCGTGATTTACTTTAGG.1|P4_LUAD	P4_LUAD
TGGTGTGAGGTGAGGGAACGGGAA.1|P4_LUAD	P4_LUAD
TGGTGTGAGTTTGCTGACTTTAGG.1|P4_LUAD	P4_LUAD
TGGTTAAAGCATCCCGATGTTGAC.1|P4_LUAD	P4_LUAD
TGGTTAAAGCTATCGCAGTAGGCT.1|P4_LUAD	P4_LUAD
TGGTTAAAGTGCCCTGACTTTAGG.1|P4_LUAD	P4_LUAD
TGGTTACGTAACTAGGATGTTGAC.1|P4_LUAD	P4_LUAD
TGGTTACGTAATGAACAACGGGAA.1|P4_LUAD	P4_LUAD
TGGTTACGTATTTACGAACGGGAA.1|P4_LUAD	P4_LUAD
TGGTTACGTCATTTAGAACGGGAA.1|P4_LUAD	P4_LUAD
TGGTTACGTCCATCCTATGTTGAC.1|P4_LUAD	P4_LUAD
TGGTTACGTGTGACCCAACGGGAA.1|P4_LUAD	P4_LUAD
TGGTTACGTTAGTAGGATGTTGAC.1|P4_LUAD	P4_LUAD
TGGTTAGCACCATCATAACGGGAA.1|P4_LUAD	P4_LUAD
TGGTTAGCACGTAATGACTTTAGG.1|P4_LUAD	P4_LUAD
TGGTTAGCAGAATGAAATGTTGAC.1|P4_LUAD	P4_LUAD
TGGTTAGCAGCAATTGACTTTAGG.1|P4_LUAD	P4_LUAD
TGGTTAGCAGTTAAACAGTAGGCT.1|P4_LUAD	P4_LUAD
TGGTTAGCAGTTGCCCATGTTGAC.1|P4_LUAD	P4_LUAD
TGGTTCATCATCACATAGTAGGCT.1|P4_LUAD	P4_LUAD
TGGTTCATCGAGGCACACTTTAGG.1|P4_LUAD	P4_LUAD
TGGTTTAGTAAACCCTAGTAGGCT.1|P4_LUAD	P4_LUAD
TGGTTTGTCCCATTGAACTTTAGG.1|P4_LUAD	P4_LUAD
TGTAACCGTCCTTATTAACGGGAA.1|P4_LUAD	P4_LUAD
TGTAACCGTTGCATCGACTTTAGG.1|P4_LUAD	P4_LUAD
TGTAACCGTTGCCTGAATGTTGAC.1|P4_LUAD	P4_LUAD
TGTAACTTCACTCGCGAACGGGAA.1|P4_LUAD	P4_LUAD
TGTAACTTCCCATAATACTTTAGG.1|P4_LUAD	P4_LUAD
TGTAACTTCGACTTTGACTTTAGG.1|P4_LUAD	P4_LUAD
TGTAACTTCTTGAGGGAGTAGGCT.1|P4_LUAD	P4_LUAD
TGTAAGTCAAAGCTCAACTTTAGG.1|P4_LUAD	P4_LUAD
TGTAAGTCACCTTACGAGTAGGCT.1|P4_LUAD	P4_LUAD
TGTAATGAGCATTACTAGTAGGCT.1|P4_LUAD	P4_LUAD
TGTAATGAGGTTATCTACTTTAGG.1|P4_LUAD	P4_LUAD
TGTAATGAGTTATCCGAACGGGAA.1|P4_LUAD	P4_LUAD
TGTAATGAGTTGACGGAGTAGGCT.1|P4_LUAD	P4_LUAD
TGTAATGAGTTGCAAAAACGGGAA.1|P4_LUAD	P4_LUAD
TGTACCGGTCCCTCTGACTTTAGG.1|P4_LUAD	P4_LUAD
TGTACCGGTTAAGGATATGTTGAC.1|P4_LUAD	P4_LUAD
TGTACCGGTTCGGTCAACTTTAGG.1|P4_LUAD	P4_LUAD
TGTACCTCAACCGTGGACTTTAGG.1|P4_LUAD	P4_LUAD
TGTACCTCATTTCGCGACTTTAGG.1|P4_LUAD	P4_LUAD
TGTATTGGTCACAGAAACTTTAGG.1|P4_LUAD	P4_LUAD
TGTATTGGTGCAGCTCACTTTAGG.1|P4_LUAD	P4_LUAD
TGTATTGGTGCTGATTACTTTAGG.1|P4_LUAD	P4_LUAD
TGTATTGGTTAGCTCGACTTTAGG.1|P4_LUAD	P4_LUAD
TGTATTGGTTCGGTCAAACGGGAA.1|P4_LUAD	P4_LUAD
TGTATTGGTTGGGCGAACTTTAGG.1|P4_LUAD	P4_LUAD
TGTCAGGAGAGGTTCGACTTTAGG.1|P4_LUAD	P4_LUAD
TGTCAGGAGCCTAGTCAACGGGAA.1|P4_LUAD	P4_LUAD
TGTCAGGAGCGAAGAAATGTTGAC.1|P4_LUAD	P4_LUAD
TGTCATCCAAACGGGAAGTAGGCT.1|P4_LUAD	P4_LUAD
TGTCATCCAATCGTTCAACGGGAA.1|P4_LUAD	P4_LUAD
TGTCATCCATTGTGAGACTTTAGG.1|P4_LUAD	P4_LUAD
TGTCCAGGTACGAACAACTTTAGG.1|P4_LUAD	P4_LUAD
TGTCCAGGTCCAGCACACTTTAGG.1|P4_LUAD	P4_LUAD
TGTCCAGGTGCGGCAAACTTTAGG.1|P4_LUAD	P4_LUAD
TGTCCAGGTGGAAGCTAACGGGAA.1|P4_LUAD	P4_LUAD
TGTCCAGGTGTGAGACATGTTGAC.1|P4_LUAD	P4_LUAD
TGTCCAGGTTGCTCCTACTTTAGG.1|P4_LUAD	P4_LUAD
TGTCCAGGTTGTCATAAACGGGAA.1|P4_LUAD	P4_LUAD
TGTCCAGGTTTATCGAAACGGGAA.1|P4_LUAD	P4_LUAD
TGTCCTTTCCATAAAGACTTTAGG.1|P4_LUAD	P4_LUAD
TGTCCTTTCCCTCGTCAACGGGAA.1|P4_LUAD	P4_LUAD
TGTCCTTTCTTTGGATACTTTAGG.1|P4_LUAD	P4_LUAD
TGTCGAGAGATAACTGAACGGGAA.1|P4_LUAD	P4_LUAD
TGTCGAGAGCGAATCGAGTAGGCT.1|P4_LUAD	P4_LUAD
TGTCGAGAGCTCATTGAACGGGAA.1|P4_LUAD	P4_LUAD
TGTCGAGAGGCGCAACATGTTGAC.1|P4_LUAD	P4_LUAD
TGTCGAGAGGCTGTGAAACGGGAA.1|P4_LUAD	P4_LUAD
TGTCGAGAGTGAGTTAACTTTAGG.1|P4_LUAD	P4_LUAD
TGTCGAGAGTTGCGCTACTTTAGG.1|P4_LUAD	P4_LUAD
TGTCTTGAGGACACGCATGTTGAC.1|P4_LUAD	P4_LUAD
TGTCTTGAGGGTCTAGAACGGGAA.1|P4_LUAD	P4_LUAD
TGTCTTGAGGTAGTTAATGTTGAC.1|P4_LUAD	P4_LUAD
TGTCTTGAGTGATGGTACTTTAGG.1|P4_LUAD	P4_LUAD
TGTGAGCCAAACAAGAACTTTAGG.1|P4_LUAD	P4_LUAD
TGTGAGCCAACGACTAATGTTGAC.1|P4_LUAD	P4_LUAD
TGTGAGCCAACTAAGTACTTTAGG.1|P4_LUAD	P4_LUAD
TGTGAGCCAATATGGTAACGGGAA.1|P4_LUAD	P4_LUAD
TGTGAGCCACCATCATATGTTGAC.1|P4_LUAD	P4_LUAD
TGTGAGGTCATGATGAAACGGGAA.1|P4_LUAD	P4_LUAD
TGTGAGGTCCAACTATAACGGGAA.1|P4_LUAD	P4_LUAD
TGTGAGGTCCATAAAGACTTTAGG.1|P4_LUAD	P4_LUAD
TGTGAGGTCCGTCAACAACGGGAA.1|P4_LUAD	P4_LUAD
TGTGAGGTCCGTCAACACTTTAGG.1|P4_LUAD	P4_LUAD
TGTGAGGTCCTGACTAAACGGGAA.1|P4_LUAD	P4_LUAD
TGTGAGGTCTTCGCCCATGTTGAC.1|P4_LUAD	P4_LUAD
TGTGAGGTCTTTAAGCAGTAGGCT.1|P4_LUAD	P4_LUAD
TGTGAGGTCTTTGGATAACGGGAA.1|P4_LUAD	P4_LUAD
TGTGCGCGTAGTAGCAATGTTGAC.1|P4_LUAD	P4_LUAD
TGTGCGCGTGACATGAAACGGGAA.1|P4_LUAD	P4_LUAD
TGTGCGCGTGCTCCTTAACGGGAA.1|P4_LUAD	P4_LUAD
TGTGCTGGTACCGCACAACGGGAA.1|P4_LUAD	P4_LUAD
TGTGCTGGTACCGCACACTTTAGG.1|P4_LUAD	P4_LUAD
TGTGCTGGTACGTTCGAACGGGAA.1|P4_LUAD	P4_LUAD
TGTGCTGGTCGTAAAGACTTTAGG.1|P4_LUAD	P4_LUAD
TGTGGCGCACACTAAGAGTAGGCT.1|P4_LUAD	P4_LUAD
TGTGGGTCAAACACGCATGTTGAC.1|P4_LUAD	P4_LUAD
TGTGGGTCAACAAGCCACTTTAGG.1|P4_LUAD	P4_LUAD
TGTGGGTCAATACTGGACTTTAGG.1|P4_LUAD	P4_LUAD
TGTGGGTCACATAGTGACTTTAGG.1|P4_LUAD	P4_LUAD
TGTGGGTCACATGAATAGTAGGCT.1|P4_LUAD	P4_LUAD
TGTGGGTCAGGCTGTGAACGGGAA.1|P4_LUAD	P4_LUAD
TGTGTCCAGGCTGTGAACTTTAGG.1|P4_LUAD	P4_LUAD
TGTGTCCAGTCAGGCAAACGGGAA.1|P4_LUAD	P4_LUAD
TGTGTCCAGTTAGTTCACTTTAGG.1|P4_LUAD	P4_LUAD
TGTGTGACAAGGCTTAACTTTAGG.1|P4_LUAD	P4_LUAD
TGTGTGACACTAAGGCATGTTGAC.1|P4_LUAD	P4_LUAD
TGTGTGACATAACCGAAACGGGAA.1|P4_LUAD	P4_LUAD
TGTGTGACATCATAGGAACGGGAA.1|P4_LUAD	P4_LUAD
TGTTAGCGTATTCGACAACGGGAA.1|P4_LUAD	P4_LUAD
TGTTAGCGTGAATCTCACTTTAGG.1|P4_LUAD	P4_LUAD
TGTTAGCGTGCAATAGATGTTGAC.1|P4_LUAD	P4_LUAD
TGTTAGCGTTGTGAGAATGTTGAC.1|P4_LUAD	P4_LUAD
TGTTAGCGTTTGCTCCACTTTAGG.1|P4_LUAD	P4_LUAD
TGTTAGTTCACGAACGAGTAGGCT.1|P4_LUAD	P4_LUAD
TGTTAGTTCAGGCTGAATGTTGAC.1|P4_LUAD	P4_LUAD
TGTTAGTTCGCCACATAACGGGAA.1|P4_LUAD	P4_LUAD
TGTTAGTTCGCGCATTACTTTAGG.1|P4_LUAD	P4_LUAD
TGTTAGTTCGCTTCAAAACGGGAA.1|P4_LUAD	P4_LUAD
TGTTAGTTCGGTAAACAACGGGAA.1|P4_LUAD	P4_LUAD
TGTTCAAGTAATTGCCAACGGGAA.1|P4_LUAD	P4_LUAD
TGTTCAAGTCAAAGGCACTTTAGG.1|P4_LUAD	P4_LUAD
TGTTCACCATCATAGGACTTTAGG.1|P4_LUAD	P4_LUAD
TGTTCACCATTGAGATATGTTGAC.1|P4_LUAD	P4_LUAD
TGTTCCTTCACTTGATAACGGGAA.1|P4_LUAD	P4_LUAD
TGTTCCTTCTTGAATCAACGGGAA.1|P4_LUAD	P4_LUAD
TGTTCTTGTCTAACCGAACGGGAA.1|P4_LUAD	P4_LUAD
TGTTCTTGTGTGAGGTATGTTGAC.1|P4_LUAD	P4_LUAD
TGTTGACGTAACTACCAACGGGAA.1|P4_LUAD	P4_LUAD
TGTTGACGTACTGCCAACTTTAGG.1|P4_LUAD	P4_LUAD
TGTTGACGTATGGGACATGTTGAC.1|P4_LUAD	P4_LUAD
TGTTGACGTCAATACCATGTTGAC.1|P4_LUAD	P4_LUAD
TGTTGACGTGTTAGTCACTTTAGG.1|P4_LUAD	P4_LUAD
TGTTGACGTTAAGGATACTTTAGG.1|P4_LUAD	P4_LUAD
TGTTGACGTTGTGACTACTTTAGG.1|P4_LUAD	P4_LUAD
TGTTGAGCAAGCTTTCATGTTGAC.1|P4_LUAD	P4_LUAD
TGTTGAGCACACAAATACTTTAGG.1|P4_LUAD	P4_LUAD
TGTTGAGCACAGCAACAACGGGAA.1|P4_LUAD	P4_LUAD
TGTTGAGCACATAGTGAGTAGGCT.1|P4_LUAD	P4_LUAD
TGTTGCATCGAAGCATATGTTGAC.1|P4_LUAD	P4_LUAD
TGTTGGTGTAACCCATAACGGGAA.1|P4_LUAD	P4_LUAD
TGTTGGTGTAGTCATCAGTAGGCT.1|P4_LUAD	P4_LUAD
TGTTGGTGTCATCCTCATGTTGAC.1|P4_LUAD	P4_LUAD
TGTTGGTGTCATGATCATGTTGAC.1|P4_LUAD	P4_LUAD
TGTTGGTGTCTACCTCACTTTAGG.1|P4_LUAD	P4_LUAD
TGTTGGTGTTGGTTTAAGTAGGCT.1|P4_LUAD	P4_LUAD
TGTTGGTGTTTATCGAAACGGGAA.1|P4_LUAD	P4_LUAD
TGTTGGTGTTTCAGGTAGTAGGCT.1|P4_LUAD	P4_LUAD
TGTTGGTGTTTGCATAAACGGGAA.1|P4_LUAD	P4_LUAD
TGTTGTCCAACTTAGGATGTTGAC.1|P4_LUAD	P4_LUAD
TGTTGTCCACCTAAAGACTTTAGG.1|P4_LUAD	P4_LUAD
TGTTGTCCACCTAACTAACGGGAA.1|P4_LUAD	P4_LUAD
TGTTGTCCACGTAAATACTTTAGG.1|P4_LUAD	P4_LUAD
TGTTGTCCAGTTATCCATGTTGAC.1|P4_LUAD	P4_LUAD
TGTTTCGAGCAAATCAATGTTGAC.1|P4_LUAD	P4_LUAD
TGTTTCGAGGGCAGTCAACGGGAA.1|P4_LUAD	P4_LUAD
TGTTTGAGTAACGGGTAGTAGGCT.1|P4_LUAD	P4_LUAD
TGTTTGAGTATGTTTGATGTTGAC.1|P4_LUAD	P4_LUAD
TGTTTGAGTCGTAATCATGTTGAC.1|P4_LUAD	P4_LUAD
TGTTTGAGTCGTTCGAACTTTAGG.1|P4_LUAD	P4_LUAD
TGTTTGAGTGCAGCTCAACGGGAA.1|P4_LUAD	P4_LUAD
TGTTTGAGTGGTTCGCAGTAGGCT.1|P4_LUAD	P4_LUAD
TTAAACCTCAGCGATGAGTAGGCT.1|P4_LUAD	P4_LUAD
TTAAACCTCATGGATAACTTTAGG.1|P4_LUAD	P4_LUAD
TTAAACCTCATTGCATAACGGGAA.1|P4_LUAD	P4_LUAD
TTAAACCTCCATGATTAGTAGGCT.1|P4_LUAD	P4_LUAD
TTAAACCTCCTAAATCATGTTGAC.1|P4_LUAD	P4_LUAD
TTAAACCTCGCACACTAACGGGAA.1|P4_LUAD	P4_LUAD
TTAAACCTCTATGGCCACTTTAGG.1|P4_LUAD	P4_LUAD
TTAAACCTCTCAAGAAAACGGGAA.1|P4_LUAD	P4_LUAD
TTAAACCTCTGCCATAACTTTAGG.1|P4_LUAD	P4_LUAD
TTAACCGTCCCATTGAAACGGGAA.1|P4_LUAD	P4_LUAD
TTAACCGTCGCAACGAAACGGGAA.1|P4_LUAD	P4_LUAD
TTAACGTTCATCCAGCAACGGGAA.1|P4_LUAD	P4_LUAD
TTAACGTTCCTCAAGCAACGGGAA.1|P4_LUAD	P4_LUAD
TTAACGTTCGCGTTCGATGTTGAC.1|P4_LUAD	P4_LUAD
TTAACGTTCGGTACGAAACGGGAA.1|P4_LUAD	P4_LUAD
TTAACGTTCGTTAGGGACTTTAGG.1|P4_LUAD	P4_LUAD
TTAACGTTCTAACCATAACGGGAA.1|P4_LUAD	P4_LUAD
TTAACGTTCTTAAGCTAACGGGAA.1|P4_LUAD	P4_LUAD
TTAAGCTTCAGCCCTGACTTTAGG.1|P4_LUAD	P4_LUAD
TTAAGCTTCCGCACCAACTTTAGG.1|P4_LUAD	P4_LUAD
TTAAGGATCCAAACAAACTTTAGG.1|P4_LUAD	P4_LUAD
TTAAGGATCCCTCTCAAACGGGAA.1|P4_LUAD	P4_LUAD
TTAAGGATCTATTGACAGTAGGCT.1|P4_LUAD	P4_LUAD
TTAAGGTCAAACCCAAACTTTAGG.1|P4_LUAD	P4_LUAD
TTAAGGTCAAAGACCCAACGGGAA.1|P4_LUAD	P4_LUAD
TTAAGGTCAAGGGTCTAGTAGGCT.1|P4_LUAD	P4_LUAD
TTAAGGTCAAGGTGCTACTTTAGG.1|P4_LUAD	P4_LUAD
TTAAGGTCAGCCCTTAACTTTAGG.1|P4_LUAD	P4_LUAD
TTAAGGTCAGGATTGCATGTTGAC.1|P4_LUAD	P4_LUAD
TTAAGGTCATTGCCGCACTTTAGG.1|P4_LUAD	P4_LUAD
TTACACCCAAGTAAGAAGTAGGCT.1|P4_LUAD	P4_LUAD
TTACACCCAATGTGGCACTTTAGG.1|P4_LUAD	P4_LUAD
TTACCATAGCAAGACTAACGGGAA.1|P4_LUAD	P4_LUAD
TTACCATAGCTTGATTACTTTAGG.1|P4_LUAD	P4_LUAD
TTACCATAGGGAGGCAAACGGGAA.1|P4_LUAD	P4_LUAD
TTACCATAGGGCCTTTACTTTAGG.1|P4_LUAD	P4_LUAD
TTACCTTGTCATTTAGAACGGGAA.1|P4_LUAD	P4_LUAD
TTACCTTGTCGCAACCAGTAGGCT.1|P4_LUAD	P4_LUAD
TTACCTTGTGTGTTACAACGGGAA.1|P4_LUAD	P4_LUAD
TTACCTTGTTGGTTTAAACGGGAA.1|P4_LUAD	P4_LUAD
TTACCTTGTTTCCAAAATGTTGAC.1|P4_LUAD	P4_LUAD
TTACCTTGTTTCTAAGACTTTAGG.1|P4_LUAD	P4_LUAD
TTACGGACAAATATGCACTTTAGG.1|P4_LUAD	P4_LUAD
TTACGGACAACTAAACAACGGGAA.1|P4_LUAD	P4_LUAD
TTACGGACAGAAAGGTACTTTAGG.1|P4_LUAD	P4_LUAD
TTACGGACAGCAATTGAACGGGAA.1|P4_LUAD	P4_LUAD
TTACTTCGTCCTCCTGAACGGGAA.1|P4_LUAD	P4_LUAD
TTACTTCGTCCTCCTGACTTTAGG.1|P4_LUAD	P4_LUAD
TTACTTCGTTGGATAGACTTTAGG.1|P4_LUAD	P4_LUAD
TTACTTGCAAACAAGAACTTTAGG.1|P4_LUAD	P4_LUAD
TTACTTGCAAGAACAAACTTTAGG.1|P4_LUAD	P4_LUAD
TTACTTGCACGAACGTAACGGGAA.1|P4_LUAD	P4_LUAD
TTACTTGCAGCTAAGCACTTTAGG.1|P4_LUAD	P4_LUAD
TTACTTGCAGCTAGACAACGGGAA.1|P4_LUAD	P4_LUAD
TTACTTGCATTACTCAACTTTAGG.1|P4_LUAD	P4_LUAD
TTAGAGCAGGATGAAGACTTTAGG.1|P4_LUAD	P4_LUAD
TTAGAGCAGTACCCACAACGGGAA.1|P4_LUAD	P4_LUAD
TTAGAGCAGTGATTTCAACGGGAA.1|P4_LUAD	P4_LUAD
TTAGCCGGTCGAGGCAACTTTAGG.1|P4_LUAD	P4_LUAD
TTAGCCGGTTAAGGCAAGTAGGCT.1|P4_LUAD	P4_LUAD
TTAGCCGGTTGGGCGAAACGGGAA.1|P4_LUAD	P4_LUAD
TTAGCGGAGAGCAATCACTTTAGG.1|P4_LUAD	P4_LUAD
TTAGCGGAGTAACGTAACTTTAGG.1|P4_LUAD	P4_LUAD
TTAGGTGCAAGTTCCTAACGGGAA.1|P4_LUAD	P4_LUAD
TTAGGTGCATTACTCAAGTAGGCT.1|P4_LUAD	P4_LUAD
TTAGGTTTCAAGGGTTACTTTAGG.1|P4_LUAD	P4_LUAD
TTAGGTTTCACAAACAACTTTAGG.1|P4_LUAD	P4_LUAD
TTAGGTTTCCCTCATTAGTAGGCT.1|P4_LUAD	P4_LUAD
TTAGGTTTCGGGCAGTATGTTGAC.1|P4_LUAD	P4_LUAD
TTAGGTTTCTTAAGGAACTTTAGG.1|P4_LUAD	P4_LUAD
TTAGTCAGTGTGGCTCATGTTGAC.1|P4_LUAD	P4_LUAD
TTAGTCAGTTTAGTTGAACGGGAA.1|P4_LUAD	P4_LUAD
TTAGTCAGTTTAGTTGACTTTAGG.1|P4_LUAD	P4_LUAD
TTAGTCGTCACCTGTAATGTTGAC.1|P4_LUAD	P4_LUAD
TTAGTCGTCGGTAACGATGTTGAC.1|P4_LUAD	P4_LUAD
TTAGTTGGTAGTAGGCATGTTGAC.1|P4_LUAD	P4_LUAD
TTAGTTGGTGGACACGACTTTAGG.1|P4_LUAD	P4_LUAD
TTAGTTGGTGGTTATCATGTTGAC.1|P4_LUAD	P4_LUAD
TTAGTTGGTTGGAGCGACTTTAGG.1|P4_LUAD	P4_LUAD
TTATAGCTCAAGGGTTACTTTAGG.1|P4_LUAD	P4_LUAD
TTATAGCTCACCTAATACTTTAGG.1|P4_LUAD	P4_LUAD
TTATAGCTCTGTGATTAGTAGGCT.1|P4_LUAD	P4_LUAD
TTATCACAGCAAATTGACTTTAGG.1|P4_LUAD	P4_LUAD
TTATCACAGCGCTTACACTTTAGG.1|P4_LUAD	P4_LUAD
TTATCACAGCTAACTTATGTTGAC.1|P4_LUAD	P4_LUAD
TTATCCTGTGACACAAATGTTGAC.1|P4_LUAD	P4_LUAD
TTATCCTGTGGGTGTGACTTTAGG.1|P4_LUAD	P4_LUAD
TTATCCTGTGGTGCAGACTTTAGG.1|P4_LUAD	P4_LUAD
TTATCCTGTGGTTACTACTTTAGG.1|P4_LUAD	P4_LUAD
TTATCGCCAGCTAGACAACGGGAA.1|P4_LUAD	P4_LUAD
TTATGGGCAACTTAGGAACGGGAA.1|P4_LUAD	P4_LUAD
TTATGGGCAATCAAGTAGTAGGCT.1|P4_LUAD	P4_LUAD
TTATGGGCACAACAATACTTTAGG.1|P4_LUAD	P4_LUAD
TTATGGGCACCTAAAGAGTAGGCT.1|P4_LUAD	P4_LUAD
TTATGGGCATTTCGCGAACGGGAA.1|P4_LUAD	P4_LUAD
TTATGTCAGTTGACCCACTTTAGG.1|P4_LUAD	P4_LUAD
TTATTGCAGATTGAGCAGTAGGCT.1|P4_LUAD	P4_LUAD
TTATTGCAGCGAAGCCATGTTGAC.1|P4_LUAD	P4_LUAD
TTATTGCAGCGAGCTAATGTTGAC.1|P4_LUAD	P4_LUAD
TTATTGCAGGCTTAAAACTTTAGG.1|P4_LUAD	P4_LUAD
TTATTGCAGGGTTGGCACTTTAGG.1|P4_LUAD	P4_LUAD
TTATTGCAGGTTGCTCAACGGGAA.1|P4_LUAD	P4_LUAD
TTATTGCAGTTAGGCGAACGGGAA.1|P4_LUAD	P4_LUAD
TTATTGGGTCCATAGTACTTTAGG.1|P4_LUAD	P4_LUAD
TTATTGGGTTAATTCGACTTTAGG.1|P4_LUAD	P4_LUAD
TTCAACTAGGCCTCTGAACGGGAA.1|P4_LUAD	P4_LUAD
TTCAACTAGGGATGAAACTTTAGG.1|P4_LUAD	P4_LUAD
TTCAACTAGGGCACTAACTTTAGG.1|P4_LUAD	P4_LUAD
TTCAAGCGTAATGTCCACTTTAGG.1|P4_LUAD	P4_LUAD
TTCAAGCGTACGTTCGAACGGGAA.1|P4_LUAD	P4_LUAD
TTCAAGCGTATTCAGCAACGGGAA.1|P4_LUAD	P4_LUAD
TTCAAGCGTCGTTCGAACTTTAGG.1|P4_LUAD	P4_LUAD
TTCAAGCGTGAACGTAAGTAGGCT.1|P4_LUAD	P4_LUAD
TTCAAGCGTGACCTTGAACGGGAA.1|P4_LUAD	P4_LUAD
TTCAAGCGTTGAGTCTAACGGGAA.1|P4_LUAD	P4_LUAD
TTCACTTGTCTAACCGACTTTAGG.1|P4_LUAD	P4_LUAD
TTCACTTGTTTACCGGACTTTAGG.1|P4_LUAD	P4_LUAD
TTCAGGACAACTGTTCAACGGGAA.1|P4_LUAD	P4_LUAD
TTCAGGACAGAATGAAACTTTAGG.1|P4_LUAD	P4_LUAD
TTCAGGACAGTGAGAGACTTTAGG.1|P4_LUAD	P4_LUAD
TTCAGGACAGTTATGGACTTTAGG.1|P4_LUAD	P4_LUAD
TTCAGGACATAAGCCAACTTTAGG.1|P4_LUAD	P4_LUAD
TTCAGGACATCAAGCAAACGGGAA.1|P4_LUAD	P4_LUAD
TTCAGGACATCATCACATGTTGAC.1|P4_LUAD	P4_LUAD
TTCATGAGTGCTGATTATGTTGAC.1|P4_LUAD	P4_LUAD
TTCATGCCAAAGTGCCACTTTAGG.1|P4_LUAD	P4_LUAD
TTCATGCCAATCATCCATGTTGAC.1|P4_LUAD	P4_LUAD
TTCCAAAGTAGCCCGTAACGGGAA.1|P4_LUAD	P4_LUAD
TTCCAAAGTGCTGATTATGTTGAC.1|P4_LUAD	P4_LUAD
TTCCAAAGTTTCCACCAACGGGAA.1|P4_LUAD	P4_LUAD
TTCCAACCAAGTTGGCATGTTGAC.1|P4_LUAD	P4_LUAD
TTCCAACCAATTGAACACTTTAGG.1|P4_LUAD	P4_LUAD
TTCCAACCATCCTTGGAGTAGGCT.1|P4_LUAD	P4_LUAD
TTCCATTGTACGTTCGAACGGGAA.1|P4_LUAD	P4_LUAD
TTCCATTGTGCATCGCAACGGGAA.1|P4_LUAD	P4_LUAD
TTCCATTGTGTTTGTAATGTTGAC.1|P4_LUAD	P4_LUAD
TTCCATTGTTCACCTCACTTTAGG.1|P4_LUAD	P4_LUAD
TTCCATTGTTCGGTCAAACGGGAA.1|P4_LUAD	P4_LUAD
TTCCATTGTTCGGTCAACTTTAGG.1|P4_LUAD	P4_LUAD
TTCCATTGTTGCCTGAATGTTGAC.1|P4_LUAD	P4_LUAD
TTCCATTGTTGCGGGAACTTTAGG.1|P4_LUAD	P4_LUAD
TTCCATTGTTTGTCCCACTTTAGG.1|P4_LUAD	P4_LUAD
TTCCGCACAACAGGCTAACGGGAA.1|P4_LUAD	P4_LUAD
TTCCGCACAACCATTCATGTTGAC.1|P4_LUAD	P4_LUAD
TTCCGCACAATACTGGAACGGGAA.1|P4_LUAD	P4_LUAD
TTCCGCACAATCCACTATGTTGAC.1|P4_LUAD	P4_LUAD
TTCCGCACACAACATGACTTTAGG.1|P4_LUAD	P4_LUAD
TTCCGCACATAGCCTTATGTTGAC.1|P4_LUAD	P4_LUAD
TTCCGCACATCACTCGATGTTGAC.1|P4_LUAD	P4_LUAD
TTCCGCACATCATAGGAACGGGAA.1|P4_LUAD	P4_LUAD
TTCCTCAGTATTCGTAACTTTAGG.1|P4_LUAD	P4_LUAD
TTCCTCAGTGCTTCTCACTTTAGG.1|P4_LUAD	P4_LUAD
TTCCTCAGTTCATTGAATGTTGAC.1|P4_LUAD	P4_LUAD
TTCCTCCCAACTAGTGATGTTGAC.1|P4_LUAD	P4_LUAD
TTCCTCCCAAGAAATGACTTTAGG.1|P4_LUAD	P4_LUAD
TTCCTCCCAAGCCTCCATGTTGAC.1|P4_LUAD	P4_LUAD
TTCCTCGTCACAGGATAACGGGAA.1|P4_LUAD	P4_LUAD
TTCCTCGTCACCCTCCAACGGGAA.1|P4_LUAD	P4_LUAD
TTCCTCGTCAGCCTTAACTTTAGG.1|P4_LUAD	P4_LUAD
TTCCTCGTCGAACGTGACTTTAGG.1|P4_LUAD	P4_LUAD
TTCCTCGTCTAACCTGAGTAGGCT.1|P4_LUAD	P4_LUAD
TTCCTCGTCTGCCATAAACGGGAA.1|P4_LUAD	P4_LUAD
TTCCTCTAGCTACGTCACTTTAGG.1|P4_LUAD	P4_LUAD
TTCCTCTAGTATCGCCAGTAGGCT.1|P4_LUAD	P4_LUAD
TTCCTCTAGTCTTGCAAACGGGAA.1|P4_LUAD	P4_LUAD
TTCCTCTAGTTACCTGACTTTAGG.1|P4_LUAD	P4_LUAD
TTCCTTTCAAACTTCCATGTTGAC.1|P4_LUAD	P4_LUAD
TTCCTTTCAAGAAATGACTTTAGG.1|P4_LUAD	P4_LUAD
TTCCTTTCAATAACCGACTTTAGG.1|P4_LUAD	P4_LUAD
TTCGAACGTTGTTTGAACTTTAGG.1|P4_LUAD	P4_LUAD
TTCGAGGAGAAGTAGGACTTTAGG.1|P4_LUAD	P4_LUAD
TTCGAGGAGGCCAACAAGTAGGCT.1|P4_LUAD	P4_LUAD
TTCGAGGAGTACCCACAACGGGAA.1|P4_LUAD	P4_LUAD
TTCGATAGTGAGAAGGATGTTGAC.1|P4_LUAD	P4_LUAD
TTCGATAGTGGTTCTGATGTTGAC.1|P4_LUAD	P4_LUAD
TTCGATAGTTGAGGACACTTTAGG.1|P4_LUAD	P4_LUAD
TTCGATGTCAATGGGTAGTAGGCT.1|P4_LUAD	P4_LUAD
TTCGATGTCCTTAGGCAGTAGGCT.1|P4_LUAD	P4_LUAD
TTCGATGTCTAACTACACTTTAGG.1|P4_LUAD	P4_LUAD
TTCGATTAGATGAACCACTTTAGG.1|P4_LUAD	P4_LUAD
TTCGATTAGCAATCCCAACGGGAA.1|P4_LUAD	P4_LUAD
TTCGATTAGCCTGCCAAACGGGAA.1|P4_LUAD	P4_LUAD
TTCGATTAGCGAATGTAACGGGAA.1|P4_LUAD	P4_LUAD
TTCGATTAGGCTTAAAACTTTAGG.1|P4_LUAD	P4_LUAD
TTCGATTAGTTTGCTGATGTTGAC.1|P4_LUAD	P4_LUAD
TTCGCCACAACGACTAAACGGGAA.1|P4_LUAD	P4_LUAD
TTCGCCACAATCTCTAAGTAGGCT.1|P4_LUAD	P4_LUAD
TTCGCCACAGCAAGCTAGTAGGCT.1|P4_LUAD	P4_LUAD
TTCGCCACATGGATTGAACGGGAA.1|P4_LUAD	P4_LUAD
TTCGCCTGTGCGGCTTACTTTAGG.1|P4_LUAD	P4_LUAD
TTCGCCTGTGTGTCGCAACGGGAA.1|P4_LUAD	P4_LUAD
TTCGCCTGTTGTGACTACTTTAGG.1|P4_LUAD	P4_LUAD
TTCGCGCCAAGCGAAGATGTTGAC.1|P4_LUAD	P4_LUAD
TTCGCGCCAAGTTTCCACTTTAGG.1|P4_LUAD	P4_LUAD
TTCGCGCCACCACAAAAACGGGAA.1|P4_LUAD	P4_LUAD
TTCGGTCAGATTCATCAACGGGAA.1|P4_LUAD	P4_LUAD
TTCGGTCAGGTTAGTAACTTTAGG.1|P4_LUAD	P4_LUAD
TTCGGTCAGTGAGTTAAACGGGAA.1|P4_LUAD	P4_LUAD
TTCGGTCAGTTACATCATGTTGAC.1|P4_LUAD	P4_LUAD
TTCGTTCTCAACTGTTATGTTGAC.1|P4_LUAD	P4_LUAD
TTCGTTCTCAATTTGCAACGGGAA.1|P4_LUAD	P4_LUAD
TTCGTTCTCGGTAAACAACGGGAA.1|P4_LUAD	P4_LUAD
TTCTAAGGTTAACGGAAACGGGAA.1|P4_LUAD	P4_LUAD
TTCTATCGTTGCACTGACTTTAGG.1|P4_LUAD	P4_LUAD
TTCTATCGTTTGGGCCACTTTAGG.1|P4_LUAD	P4_LUAD
TTCTCACTCACAAGCGAGTAGGCT.1|P4_LUAD	P4_LUAD
TTCTCACTCCTTAGGCACTTTAGG.1|P4_LUAD	P4_LUAD
TTCTCACTCTAACCTGACTTTAGG.1|P4_LUAD	P4_LUAD
TTCTCACTCTAATGGAATGTTGAC.1|P4_LUAD	P4_LUAD
TTCTCACTCTGTCAATATGTTGAC.1|P4_LUAD	P4_LUAD
TTCTGGCAGCTGATTTATGTTGAC.1|P4_LUAD	P4_LUAD
TTCTGGCAGTGATGGTACTTTAGG.1|P4_LUAD	P4_LUAD
TTCTGTGAGACTCAAAATGTTGAC.1|P4_LUAD	P4_LUAD
TTCTGTGAGCAATCGGACTTTAGG.1|P4_LUAD	P4_LUAD
TTCTGTGAGCGAGTTGAGTAGGCT.1|P4_LUAD	P4_LUAD
TTCTGTGAGCTTAGTTAACGGGAA.1|P4_LUAD	P4_LUAD
TTCTGTGAGGAGTCATAACGGGAA.1|P4_LUAD	P4_LUAD
TTCTTGCTCAATGTGAACTTTAGG.1|P4_LUAD	P4_LUAD
TTCTTGCTCCCTCAAAAACGGGAA.1|P4_LUAD	P4_LUAD
TTCTTGCTCGCAAATAAACGGGAA.1|P4_LUAD	P4_LUAD
TTCTTGCTCTGTGATTATGTTGAC.1|P4_LUAD	P4_LUAD
TTGAAAGTCAACCTCAAGTAGGCT.1|P4_LUAD	P4_LUAD
TTGAAAGTCATGCATTAACGGGAA.1|P4_LUAD	P4_LUAD
TTGAAAGTCGCTTCAAATGTTGAC.1|P4_LUAD	P4_LUAD
TTGAACAAGGCAATCGACTTTAGG.1|P4_LUAD	P4_LUAD
TTGAACAAGGCTTTATAACGGGAA.1|P4_LUAD	P4_LUAD
TTGAATCTCATGCATTAACGGGAA.1|P4_LUAD	P4_LUAD
TTGAATCTCCCGTTCCAACGGGAA.1|P4_LUAD	P4_LUAD
TTGAATCTCCGCCTCTAACGGGAA.1|P4_LUAD	P4_LUAD
TTGAATCTCGATTATCACTTTAGG.1|P4_LUAD	P4_LUAD
TTGAATCTCGTCCATAACTTTAGG.1|P4_LUAD	P4_LUAD
TTGAATCTCTGGAACGACTTTAGG.1|P4_LUAD	P4_LUAD
TTGAATCTCTTCGCTTAACGGGAA.1|P4_LUAD	P4_LUAD
TTGACATTCCAGCTACAACGGGAA.1|P4_LUAD	P4_LUAD
TTGACATTCGAAATGCAGTAGGCT.1|P4_LUAD	P4_LUAD
TTGACATTCGTAGTTTAGTAGGCT.1|P4_LUAD	P4_LUAD
TTGACATTCGTCAATTAACGGGAA.1|P4_LUAD	P4_LUAD
TTGAGCGAGCCAAACGACTTTAGG.1|P4_LUAD	P4_LUAD
TTGAGCGAGCGCCTTGAACGGGAA.1|P4_LUAD	P4_LUAD
TTGAGCGAGGTAGACTAACGGGAA.1|P4_LUAD	P4_LUAD
TTGAGCGAGTAAGTGCATGTTGAC.1|P4_LUAD	P4_LUAD
TTGAGCGAGTCACACCACTTTAGG.1|P4_LUAD	P4_LUAD
TTGAGGAGTAAGAATCATGTTGAC.1|P4_LUAD	P4_LUAD
TTGAGGAGTACCTCAGATGTTGAC.1|P4_LUAD	P4_LUAD
TTGAGGAGTTAACGTCATGTTGAC.1|P4_LUAD	P4_LUAD
TTGAGGAGTTTGCAACATGTTGAC.1|P4_LUAD	P4_LUAD
TTGAGGTAGACAAGCTACTTTAGG.1|P4_LUAD	P4_LUAD
TTGAGGTAGACCTTTGATGTTGAC.1|P4_LUAD	P4_LUAD
TTGAGGTAGCGATAACATGTTGAC.1|P4_LUAD	P4_LUAD
TTGAGGTAGCTGATGGAGTAGGCT.1|P4_LUAD	P4_LUAD
TTGAGGTAGGTCGAGCAGTAGGCT.1|P4_LUAD	P4_LUAD
TTGAGGTAGGTGTCCTATGTTGAC.1|P4_LUAD	P4_LUAD
TTGAGGTAGTCAATAGACTTTAGG.1|P4_LUAD	P4_LUAD
TTGAGTAAGCGCTACTACTTTAGG.1|P4_LUAD	P4_LUAD
TTGATCAGTCAAAGGCAGTAGGCT.1|P4_LUAD	P4_LUAD
TTGCACGGTGTCCTTCAACGGGAA.1|P4_LUAD	P4_LUAD
TTGCACGGTGTCCTTCACTTTAGG.1|P4_LUAD	P4_LUAD
TTGCACGGTTGTTTAGATGTTGAC.1|P4_LUAD	P4_LUAD
TTGCATCCACAAGCGTACTTTAGG.1|P4_LUAD	P4_LUAD
TTGCATCCACTAGTCTAGTAGGCT.1|P4_LUAD	P4_LUAD
TTGCATCCAGCACGTGACTTTAGG.1|P4_LUAD	P4_LUAD
TTGCGCAGTACCTTAAAGTAGGCT.1|P4_LUAD	P4_LUAD
TTGCGCAGTGCTGAAAATGTTGAC.1|P4_LUAD	P4_LUAD
TTGCGCAGTTAGTGCTACTTTAGG.1|P4_LUAD	P4_LUAD
TTGCGCAGTTCCAGCAACTTTAGG.1|P4_LUAD	P4_LUAD
TTGCGCTAGAAGTACCAACGGGAA.1|P4_LUAD	P4_LUAD
TTGCGCTAGAGCCGGTACTTTAGG.1|P4_LUAD	P4_LUAD
TTGCGCTAGCAAACCGAACGGGAA.1|P4_LUAD	P4_LUAD
TTGCGCTAGCAGGTTGACTTTAGG.1|P4_LUAD	P4_LUAD
TTGCGCTAGCTATTACAACGGGAA.1|P4_LUAD	P4_LUAD
TTGCGCTAGGCAAGCCATGTTGAC.1|P4_LUAD	P4_LUAD
TTGCGCTAGGGTTTGGAGTAGGCT.1|P4_LUAD	P4_LUAD
TTGCGCTAGTGGCTTCAGTAGGCT.1|P4_LUAD	P4_LUAD
TTGCGGGCAAGTTGCAAACGGGAA.1|P4_LUAD	P4_LUAD
TTGCGGGCAAGTTGCAACTTTAGG.1|P4_LUAD	P4_LUAD
TTGCGGGCACATAGTGATGTTGAC.1|P4_LUAD	P4_LUAD
TTGCGGGCAGCAATTGATGTTGAC.1|P4_LUAD	P4_LUAD
TTGCGGGCAGTAAGTTAGTAGGCT.1|P4_LUAD	P4_LUAD
TTGCGGGCATAGACCAACTTTAGG.1|P4_LUAD	P4_LUAD
TTGCGGGCATTGCCCAACTTTAGG.1|P4_LUAD	P4_LUAD
TTGCGGTTCCATAGAAATGTTGAC.1|P4_LUAD	P4_LUAD
TTGCTCAAGAAGGTCTACTTTAGG.1|P4_LUAD	P4_LUAD
TTGCTCAAGCCTAAGGAACGGGAA.1|P4_LUAD	P4_LUAD
TTGCTCAAGGGCGGTTACTTTAGG.1|P4_LUAD	P4_LUAD
TTGCTCAAGGTCACTCACTTTAGG.1|P4_LUAD	P4_LUAD
TTGCTCAAGTCGTTCAAACGGGAA.1|P4_LUAD	P4_LUAD
TTGCTCAAGTTACAGAAACGGGAA.1|P4_LUAD	P4_LUAD
TTGGCCAGTAACTAGGACTTTAGG.1|P4_LUAD	P4_LUAD
TTGGCCAGTGTGGCTCACTTTAGG.1|P4_LUAD	P4_LUAD
TTGGCCAGTTCTTGAAATGTTGAC.1|P4_LUAD	P4_LUAD
TTGGTCATCCAATTACATGTTGAC.1|P4_LUAD	P4_LUAD
TTGGTCATCCGCTATAACTTTAGG.1|P4_LUAD	P4_LUAD
TTGGTCATCCTCACGGATGTTGAC.1|P4_LUAD	P4_LUAD
TTGGTTAGTAACTTGCATGTTGAC.1|P4_LUAD	P4_LUAD
TTGGTTAGTCACAGGGACTTTAGG.1|P4_LUAD	P4_LUAD
TTGGTTAGTGTTAGAGATGTTGAC.1|P4_LUAD	P4_LUAD
TTGTCAGTCAGGCATGAACGGGAA.1|P4_LUAD	P4_LUAD
TTGTCAGTCCATAGGGATGTTGAC.1|P4_LUAD	P4_LUAD
TTGTCAGTCCGCCTCTACTTTAGG.1|P4_LUAD	P4_LUAD
TTGTCAGTCGCGCATTAGTAGGCT.1|P4_LUAD	P4_LUAD
TTGTGAGCAACTATCCAGTAGGCT.1|P4_LUAD	P4_LUAD
TTGTGAGCAATACCCTACTTTAGG.1|P4_LUAD	P4_LUAD
TTGTGAGCAATTAGACACTTTAGG.1|P4_LUAD	P4_LUAD
TTGTGATTCCGCACCAACTTTAGG.1|P4_LUAD	P4_LUAD
TTGTGATTCGTAACTTATGTTGAC.1|P4_LUAD	P4_LUAD
TTGTGGACACTATCACAACGGGAA.1|P4_LUAD	P4_LUAD
TTGTGGACAGGCGAAAAACGGGAA.1|P4_LUAD	P4_LUAD
TTGTGGACAGTGAGGAATGTTGAC.1|P4_LUAD	P4_LUAD
TTGTGGACATCACAGAACTTTAGG.1|P4_LUAD	P4_LUAD
TTGTTGTAGCAGGTCAACTTTAGG.1|P4_LUAD	P4_LUAD
TTGTTGTAGGCTGTGAACTTTAGG.1|P4_LUAD	P4_LUAD
TTGTTGTAGTTATGGAAACGGGAA.1|P4_LUAD	P4_LUAD
TTTAACGGTACGTTACATGTTGAC.1|P4_LUAD	P4_LUAD
TTTAACGGTCGAGGCAAACGGGAA.1|P4_LUAD	P4_LUAD
TTTAACGGTTAGCTCGAACGGGAA.1|P4_LUAD	P4_LUAD
TTTAACGGTTATGAGGAACGGGAA.1|P4_LUAD	P4_LUAD
TTTAACGGTTATGAGGACTTTAGG.1|P4_LUAD	P4_LUAD
TTTAACGGTTGGGCGAACTTTAGG.1|P4_LUAD	P4_LUAD
TTTACTGCACAAGCGTAACGGGAA.1|P4_LUAD	P4_LUAD
TTTACTGCATCCGCTAAACGGGAA.1|P4_LUAD	P4_LUAD
TTTACTGCATTGCCCAAGTAGGCT.1|P4_LUAD	P4_LUAD
TTTAGTCAGACTCCTAATGTTGAC.1|P4_LUAD	P4_LUAD
TTTAGTCAGCGATAACAACGGGAA.1|P4_LUAD	P4_LUAD
TTTAGTCAGGAAGGTAAACGGGAA.1|P4_LUAD	P4_LUAD
TTTAGTCAGGGTTTGGAACGGGAA.1|P4_LUAD	P4_LUAD
TTTAGTCAGGTCAAACAGTAGGCT.1|P4_LUAD	P4_LUAD
TTTAGTCAGGTCTTTGAACGGGAA.1|P4_LUAD	P4_LUAD
TTTAGTCAGGTGGATTAACGGGAA.1|P4_LUAD	P4_LUAD
TTTATGGGTAACGTGAAGTAGGCT.1|P4_LUAD	P4_LUAD
TTTATGGGTAAGGCTAAGTAGGCT.1|P4_LUAD	P4_LUAD
TTTATGGGTAAGGTTGAACGGGAA.1|P4_LUAD	P4_LUAD
TTTATGGGTCAATTCAATGTTGAC.1|P4_LUAD	P4_LUAD
TTTCAAGGTATGGTAGACTTTAGG.1|P4_LUAD	P4_LUAD
TTTCAAGGTGTGAGGTACTTTAGG.1|P4_LUAD	P4_LUAD
TTTCACCTCACCATATATGTTGAC.1|P4_LUAD	P4_LUAD
TTTCACCTCAGTAGCGATGTTGAC.1|P4_LUAD	P4_LUAD
TTTCACCTCATCAAGAACTTTAGG.1|P4_LUAD	P4_LUAD
TTTCACCTCCTTAGGCAACGGGAA.1|P4_LUAD	P4_LUAD
TTTCACCTCGCACACTACTTTAGG.1|P4_LUAD	P4_LUAD
TTTCACCTCGGCTAGAAGTAGGCT.1|P4_LUAD	P4_LUAD
TTTCAGTAGATAGCTAAACGGGAA.1|P4_LUAD	P4_LUAD
TTTCAGTAGGTAAGCTATGTTGAC.1|P4_LUAD	P4_LUAD
TTTCAGTAGTTTCGCAACTTTAGG.1|P4_LUAD	P4_LUAD
TTTCATCGTAACGTTCAGTAGGCT.1|P4_LUAD	P4_LUAD
TTTCATCGTCCTCACTAGTAGGCT.1|P4_LUAD	P4_LUAD
TTTCATCGTTAGGCTTATGTTGAC.1|P4_LUAD	P4_LUAD
TTTCATGCACCAACAAACTTTAGG.1|P4_LUAD	P4_LUAD
TTTCATGCACCTTCTCACTTTAGG.1|P4_LUAD	P4_LUAD
TTTCATGCACTTCGATACTTTAGG.1|P4_LUAD	P4_LUAD
TTTCATGCATCGATAGACTTTAGG.1|P4_LUAD	P4_LUAD
TTTCATGCATGTGGGTACTTTAGG.1|P4_LUAD	P4_LUAD
TTTCATGCATTGACTCACTTTAGG.1|P4_LUAD	P4_LUAD
TTTCCTGGTATTTCGAACTTTAGG.1|P4_LUAD	P4_LUAD
TTTCCTGGTGCTTCGAATGTTGAC.1|P4_LUAD	P4_LUAD
TTTCCTGGTTAGTCTAAGTAGGCT.1|P4_LUAD	P4_LUAD
TTTCGCGCAATCGTGAAACGGGAA.1|P4_LUAD	P4_LUAD
TTTCGCGCACCACAAAACTTTAGG.1|P4_LUAD	P4_LUAD
TTTCGCGCATAACCAGACTTTAGG.1|P4_LUAD	P4_LUAD
TTTCGCGCATACCTTAACTTTAGG.1|P4_LUAD	P4_LUAD
TTTGAGAAGACCTTTGAACGGGAA.1|P4_LUAD	P4_LUAD
TTTGAGAAGACTGAGTACTTTAGG.1|P4_LUAD	P4_LUAD
TTTGAGAAGCAGGTCAATGTTGAC.1|P4_LUAD	P4_LUAD
TTTGAGAAGCTATCGCAACGGGAA.1|P4_LUAD	P4_LUAD
TTTGAGAAGGACTTGGATGTTGAC.1|P4_LUAD	P4_LUAD
TTTGAGAAGGTGCACAATGTTGAC.1|P4_LUAD	P4_LUAD
TTTGAGAAGTCCTCAAAACGGGAA.1|P4_LUAD	P4_LUAD
TTTGCCCGTCAAAGGCAACGGGAA.1|P4_LUAD	P4_LUAD
TTTGCCCGTCACAGGGACTTTAGG.1|P4_LUAD	P4_LUAD
TTTGCCCGTCGTAAAGATGTTGAC.1|P4_LUAD	P4_LUAD
TTTGCCCGTGATGCAAAGTAGGCT.1|P4_LUAD	P4_LUAD
TTTGCGCAGATTGAGCAGTAGGCT.1|P4_LUAD	P4_LUAD
TTTGCGCAGGCCCATTAGTAGGCT.1|P4_LUAD	P4_LUAD
TTTGCGCAGGTAGACTATGTTGAC.1|P4_LUAD	P4_LUAD
TTTGCGGGTAGCTTTAAGTAGGCT.1|P4_LUAD	P4_LUAD
TTTGCGGGTATCCGCAACTTTAGG.1|P4_LUAD	P4_LUAD
TTTGCGGGTATTCGGTAACGGGAA.1|P4_LUAD	P4_LUAD
TTTGCGGGTCCTTATTACTTTAGG.1|P4_LUAD	P4_LUAD
TTTGCGGGTTAATCCAAACGGGAA.1|P4_LUAD	P4_LUAD
TTTGCGGGTTAGGCGGAGTAGGCT.1|P4_LUAD	P4_LUAD
TTTGCGGGTTGTGACTAGTAGGCT.1|P4_LUAD	P4_LUAD
TTTGCTCTCAATCGCCAACGGGAA.1|P4_LUAD	P4_LUAD
TTTGCTCTCAGGTTGGAGTAGGCT.1|P4_LUAD	P4_LUAD
TTTGCTCTCAGTTTACACTTTAGG.1|P4_LUAD	P4_LUAD
TTTGCTCTCATAGGTAACTTTAGG.1|P4_LUAD	P4_LUAD
TTTGCTCTCCAGCTACAACGGGAA.1|P4_LUAD	P4_LUAD
TTTGCTCTCGCTTGGTACTTTAGG.1|P4_LUAD	P4_LUAD
TTTGCTGAGATAGCCGATGTTGAC.1|P4_LUAD	P4_LUAD
TTTGCTGAGCGAAGAAAGTAGGCT.1|P4_LUAD	P4_LUAD
TTTGCTGAGCTCATTGAGTAGGCT.1|P4_LUAD	P4_LUAD
TTTGCTGAGTATCGCCATGTTGAC.1|P4_LUAD	P4_LUAD
TTTGGACGTCAATTGCAGTAGGCT.1|P4_LUAD	P4_LUAD
TTTGGACGTCGTTCTCAACGGGAA.1|P4_LUAD	P4_LUAD
TTTGGACGTCTACCAGAGTAGGCT.1|P4_LUAD	P4_LUAD
TTTGGACGTGCCCGATACTTTAGG.1|P4_LUAD	P4_LUAD
TTTGGACGTTTGTTTCATGTTGAC.1|P4_LUAD	P4_LUAD
TTTGGCGGTAGCTATCAACGGGAA.1|P4_LUAD	P4_LUAD
TTTGGCGGTCAATCGTAGTAGGCT.1|P4_LUAD	P4_LUAD
TTTGGCGGTCAATTCAACTTTAGG.1|P4_LUAD	P4_LUAD
TTTGGCGGTCACAGAAAACGGGAA.1|P4_LUAD	P4_LUAD
TTTGGCGGTCCAATACACTTTAGG.1|P4_LUAD	P4_LUAD
TTTGGCGGTCCTTAGGATGTTGAC.1|P4_LUAD	P4_LUAD
TTTGGCGGTTAAGCTCAACGGGAA.1|P4_LUAD	P4_LUAD
TTTGTGAGTCAACTACAACGGGAA.1|P4_LUAD	P4_LUAD
TTTGTGAGTCATGCATACTTTAGG.1|P4_LUAD	P4_LUAD
TTTGTGAGTCCTCATCACTTTAGG.1|P4_LUAD	P4_LUAD
TTTGTGAGTGCTCCAAAACGGGAA.1|P4_LUAD	P4_LUAD
TTTGTGAGTTGAGCTTAACGGGAA.1|P4_LUAD	P4_LUAD
AAACAAGCAAATAAGGACTTTAGG.1_2|P4_Normal	Normal
AAACAAGCAGGAGCAAACTTTAGG.1_1|P4_Normal	Normal
AAACAAGCATCAATCCACTTTAGG.1_1|P4_Normal	Normal_holdout
AAACCAATCTAATTGCACTTTAGG.1_1|P4_Normal	Normal
AAACCAGGTCCACAATACTTTAGG.1_1|P4_Normal	Normal
AAACCAGGTTACCGTGACTTTAGG.1_1|P4_Normal	Normal
AAACCGGTCGCCTAGTAACGGGAA.1_3|P4_Normal	Normal
AAACGGGCATAGCCTTACTTTAGG.1_2|P4_Normal	Normal
AAACGTTCAAACTTGGACTTTAGG.1_2|P4_Normal	Normal
AAACGTTCACAAATACAACGGGAA.1_3|P4_Normal	Normal
AAACGTTCATTCTGTAACTTTAGG.1_2|P4_Normal	Normal
AAACTGGGTTAACGTCAACGGGAA.1_3|P4_Normal	Normal
AAACTGTCAGGCGAAAAACGGGAA.1_3|P4_Normal	Normal
AAACTGTCATACTGAGACTTTAGG.1_1|P4_Normal	Normal
AAACTGTCATCGTTCGACTTTAGG.1_2|P4_Normal	Normal_holdout
AAAGATGCAAACTGGCAACGGGAA.1_3|P4_Normal	Normal
AAAGATGCAAAGAACAAACGGGAA.1_3|P4_Normal	Normal
AAAGATGCAAGATAAGACTTTAGG.1_2|P4_Normal	Normal
AAAGCATGTCACTATAACTTTAGG.1_1|P4_Normal	Normal
AAAGCATGTGAACGTAACTTTAGG.1_2|P4_Normal	Normal
AAAGCATGTTCCTTCAACTTTAGG.1_2|P4_Normal	Normal
AAAGCCTAGACCTTGCACTTTAGG.1_1|P4_Normal	Normal
AAAGCCTAGAGAGCAAACTTTAGG.1_1|P4_Normal	Normal
AAAGCCTAGATAGCTAAACGGGAA.1_3|P4_Normal	Normal
AAAGCCTAGATTCATCAACGGGAA.1_3|P4_Normal	Normal_holdout
AAAGCCTAGGAAGCCCAACGGGAA.1_3|P4_Normal	Normal
AAAGCCTAGGCCTCTGACTTTAGG.1_1|P4_Normal	Normal_holdout
AAAGCGAAGCCATAAAACTTTAGG.1_1|P4_Normal	Normal
AAAGCGAAGGCAAGCCACTTTAGG.1_2|P4_Normal	Normal
AAAGGCAAGAGCAATCAACGGGAA.1_3|P4_Normal	Normal
AAAGGCAAGCCATCACACTTTAGG.1_2|P4_Normal	Normal
AAAGGCAAGCGAGGGAAACGGGAA.1_3|P4_Normal	Normal
AAAGGCAAGGCGCGATACTTTAGG.1_1|P4_Normal	Normal_holdout
AAAGGCTTCCATAGGGACTTTAGG.1_1|P4_Normal	Normal
AAAGGCTTCGCCTCGAACTTTAGG.1_1|P4_Normal	Normal
AAAGGGATCAATTTGCACTTTAGG.1_2|P4_Normal	Normal
AAAGGGATCATTGAGAAACGGGAA.1_3|P4_Normal	Normal
AAAGGGATCCGGACAAACTTTAGG.1_2|P4_Normal	Normal_holdout
AAAGGGATCGGTAAGTAACGGGAA.1_3|P4_Normal	Normal
AAAGGTACAATAGAGAACTTTAGG.1_1|P4_Normal	Normal_holdout
AAAGGTACACCATCATACTTTAGG.1_2|P4_Normal	Normal
AAAGGTACACTCAGTTAACGGGAA.1_3|P4_Normal	Normal
AAAGGTGAGCACGTTCACTTTAGG.1_2|P4_Normal	Normal
AAAGGTGAGCAGCCAAACTTTAGG.1_1|P4_Normal	Normal
AAAGGTGAGTCGTTCAAACGGGAA.1_3|P4_Normal	Normal
AAAGGTGAGTGTTTCGAACGGGAA.1_3|P4_Normal	Normal
AAAGTAGCAAATAGGAACTTTAGG.1_2|P4_Normal	Normal
AAAGTAGCAGATTGCAACTTTAGG.1_1|P4_Normal	Normal
AAAGTAGCAGCCATTTACTTTAGG.1_1|P4_Normal	Normal
AAAGTAGCATTTGGAGACTTTAGG.1_2|P4_Normal	Normal
AAAGTCATCACAGCCTAACGGGAA.1_3|P4_Normal	Normal
AAAGTCATCCAGGAATACTTTAGG.1_1|P4_Normal	Normal
AAAGTGCTCTTGAGGGAACGGGAA.1_3|P4_Normal	Normal
AAATCACCAAACAAGAACTTTAGG.1_1|P4_Normal	Normal
AAATCACCAATCCACTACTTTAGG.1_1|P4_Normal	Normal
AAATCACCACCTTCAGAACGGGAA.1_3|P4_Normal	Normal
AAATCACCATTTATCGACTTTAGG.1_2|P4_Normal	Normal
AAATCCTTCCTTTCGTAACGGGAA.1_3|P4_Normal	Normal
AAATCCTTCCTTTCGTACTTTAGG.1_2|P4_Normal	Normal
AAATCCTTCGACTTTGACTTTAGG.1_2|P4_Normal	Normal
AAATCCTTCGTGATGGAACGGGAA.1_3|P4_Normal	Normal
AAATCGATCTGGCTACACTTTAGG.1_1|P4_Normal	Normal_holdout
AAATGAGCACATGAATAACGGGAA.1_3|P4_Normal	Normal
AAATGAGCACCATCCAACTTTAGG.1_2|P4_Normal	Normal_holdout
AAATGAGCAGCCTATTACTTTAGG.1_2|P4_Normal	Normal
AAATGGTGTACTTAGCACTTTAGG.1_2|P4_Normal	Normal
AAATGGTGTGAAGCACAACGGGAA.1_3|P4_Normal	Normal
AAATGGTGTTAGTGAGAACGGGAA.1_3|P4_Normal	Normal
AAATGGTGTTTATCGAACTTTAGG.1_1|P4_Normal	Normal
AAATGGTGTTTGACTAAACGGGAA.1_3|P4_Normal	Normal_holdout
AACAAGCTCACTATACAACGGGAA.1_3|P4_Normal	Normal_holdout
AACAAGCTCGCGGAACACTTTAGG.1_2|P4_Normal	Normal
AACACTAAGGAACCATAACGGGAA.1_3|P4_Normal	Normal
AACACTAAGTTACTCGAACGGGAA.1_3|P4_Normal	Normal_holdout
AACATAGTCAACCTATACTTTAGG.1_2|P4_Normal	Normal_holdout
AACATAGTCAGCATGGACTTTAGG.1_1|P4_Normal	Normal
AACATAGTCAGTAGGTACTTTAGG.1_2|P4_Normal	Normal
AACATAGTCATGAGGTAACGGGAA.1_3|P4_Normal	Normal
AACATAGTCATGCCTAACTTTAGG.1_2|P4_Normal	Normal
AACATAGTCCGCCCAAAACGGGAA.1_3|P4_Normal	Normal_holdout
AACATAGTCGTTGCACAACGGGAA.1_3|P4_Normal	Normal_holdout
AACATTGAGCTAACTTACTTTAGG.1_1|P4_Normal	Normal
AACATTGAGGCCTTCGACTTTAGG.1_2|P4_Normal	Normal
AACATTGAGGGTTGGCACTTTAGG.1_2|P4_Normal	Normal
AACATTGAGTTATTGCAACGGGAA.1_3|P4_Normal	Normal
AACCAAATCGCGTTACACTTTAGG.1_1|P4_Normal	Normal
AACCAACAGTTGACCCAACGGGAA.1_3|P4_Normal	Normal
AACCAACAGTTTGACTACTTTAGG.1_2|P4_Normal	Normal
AACCAGGTCATAATCCAACGGGAA.1_3|P4_Normal	Normal
AACCAGGTCATGAATGAACGGGAA.1_3|P4_Normal	Normal
AACCAGGTCCAACTATACTTTAGG.1_2|P4_Normal	Normal
AACCAGGTCGCAAATAACTTTAGG.1_2|P4_Normal	Normal
AACCAGGTCTGCAACCACTTTAGG.1_2|P4_Normal	Normal
AACCAGGTCTTTGGATAACGGGAA.1_3|P4_Normal	Normal
AACCATAAGAAGGTTCACTTTAGG.1_1|P4_Normal	Normal
AACCATAAGCTTGAGGACTTTAGG.1_1|P4_Normal	Normal
AACCATAAGGACACGCACTTTAGG.1_1|P4_Normal	Normal
AACCATTTCTCACCGGAACGGGAA.1_3|P4_Normal	Normal
AACCCGGCAGCTCGCTACTTTAGG.1_2|P4_Normal	Normal
AACCCGGCATTGTGAGAACGGGAA.1_3|P4_Normal	Normal
AACCTAAAGATTGCAAACTTTAGG.1_2|P4_Normal	Normal
AACCTAAAGCCATCACAACGGGAA.1_3|P4_Normal	Normal
AACCTAAAGCTTACATAACGGGAA.1_3|P4_Normal	Normal
AACCTAAAGGTTGTAAACTTTAGG.1_2|P4_Normal	Normal
AACCTAAAGTTTCGGCACTTTAGG.1_1|P4_Normal	Normal
AACCTATTCCAACTATACTTTAGG.1_1|P4_Normal	Normal
AACCTATTCCGAATTTAACGGGAA.1_3|P4_Normal	Normal
AACCTATTCCGAATTTACTTTAGG.1_2|P4_Normal	Normal
AACCTATTCCTCTAAGACTTTAGG.1_2|P4_Normal	Normal
AACCTATTCGCTCAACACTTTAGG.1_2|P4_Normal	Normal
AACCTATTCTGGCCCAAACGGGAA.1_3|P4_Normal	Normal_holdout
AACCTCATCTCAGCACACTTTAGG.1_1|P4_Normal	Normal
AACCTGCTCATGGAACAACGGGAA.1_3|P4_Normal	Normal
AACCTTTAGCCACTCGACTTTAGG.1_2|P4_Normal	Normal
AACCTTTAGGACACGCACTTTAGG.1_1|P4_Normal	Normal
AACCTTTAGGCGGATCACTTTAGG.1_2|P4_Normal	Normal
AACGGCTCAACCTTGTACTTTAGG.1_1|P4_Normal	Normal
AACGGCTCACAATAGTACTTTAGG.1_1|P4_Normal	Normal
AACGGCTCAGCTTAAGACTTTAGG.1_2|P4_Normal	Normal
AACGGCTCATAGGCGTACTTTAGG.1_2|P4_Normal	Normal
AACGTTCGTAATAGGTAACGGGAA.1_3|P4_Normal	Normal
AACGTTCGTGCATTACACTTTAGG.1_2|P4_Normal	Normal
AACGTTCGTGCTCCAAACTTTAGG.1_2|P4_Normal	Normal
AACGTTCGTTAGAGGCACTTTAGG.1_1|P4_Normal	Normal
AACTAACCAACAGCTAACTTTAGG.1_1|P4_Normal	Normal_holdout
AACTAACCACATAAGTAACGGGAA.1_3|P4_Normal	Normal_holdout
AACTAACCACGATTAGACTTTAGG.1_1|P4_Normal	Normal
AACTAACCAGGATGCTAACGGGAA.1_3|P4_Normal	Normal
AACTAACCAGGCTTAAAACGGGAA.1_3|P4_Normal	Normal_holdout
AACTAAGTCACGAACGAACGGGAA.1_3|P4_Normal	Normal
AACTAAGTCACTCGCGACTTTAGG.1_2|P4_Normal	Normal
AACTAAGTCCTCACTTACTTTAGG.1_2|P4_Normal	Normal
AACTAAGTCGGGCAACAACGGGAA.1_3|P4_Normal	Normal
AACTAAGTCTGTGACCAACGGGAA.1_3|P4_Normal	Normal
AACTCGCTCAGCATGGACTTTAGG.1_2|P4_Normal	Normal
AACTGAATCAATGTTCACTTTAGG.1_2|P4_Normal	Normal
AACTGAATCACAGATAACTTTAGG.1_2|P4_Normal	Normal
AACTGAATCAGGAGCCAACGGGAA.1_3|P4_Normal	Normal
AACTGAATCCTAAATCACTTTAGG.1_2|P4_Normal	Normal_holdout
AACTGAATCGCGAGTAAACGGGAA.1_3|P4_Normal	Normal
AACTGAATCTGGCTACACTTTAGG.1_1|P4_Normal	Normal
AACTGAATCTTCAAGTAACGGGAA.1_3|P4_Normal	Normal
AACTGAGGTCAGGGCAACTTTAGG.1_2|P4_Normal	Normal
AACTGAGGTCCTCACTAACGGGAA.1_3|P4_Normal	Normal_holdout
AACTGGCCAAATATGCAACGGGAA.1_3|P4_Normal	Normal
AACTGGCCAAGTCGCGAACGGGAA.1_3|P4_Normal	Normal_holdout
AACTGGCCAATGAGCCACTTTAGG.1_1|P4_Normal	Normal
AACTGGCCACCATACTACTTTAGG.1_2|P4_Normal	Normal
AACTGGCCACCGGCAAACTTTAGG.1_2|P4_Normal	Normal
AACTGGCCAGCCATAAAACGGGAA.1_3|P4_Normal	Normal
AACTGGCCAGTGAGGAACTTTAGG.1_1|P4_Normal	Normal
AACTGGGTCATGATGAACTTTAGG.1_2|P4_Normal	Normal
AACTGGGTCCTGGAAGACTTTAGG.1_2|P4_Normal	Normal
AACTGGGTCGAACCGAACTTTAGG.1_1|P4_Normal	Normal_holdout
AACTGGGTCGAACGTGACTTTAGG.1_2|P4_Normal	Normal
AACTTACTCAACCTCAAACGGGAA.1_3|P4_Normal	Normal
AACTTACTCCAACATTAACGGGAA.1_3|P4_Normal	Normal
AACTTACTCCGCAACTAACGGGAA.1_3|P4_Normal	Normal
AACTTACTCCTTAGATAACGGGAA.1_3|P4_Normal	Normal
AACTTACTCCTTTGTCACTTTAGG.1_2|P4_Normal	Normal
AACTTACTCGACTTGCAACGGGAA.1_3|P4_Normal	Normal
AACTTGTTCAGGAGCCAACGGGAA.1_3|P4_Normal	Normal
AACTTGTTCAGTTTACAACGGGAA.1_3|P4_Normal	Normal
AACTTGTTCATTGAAGACTTTAGG.1_1|P4_Normal	Normal
AACTTGTTCCTCTAAGACTTTAGG.1_2|P4_Normal	Normal
AAGAATCGTAATCCTAACTTTAGG.1_1|P4_Normal	Normal
AAGAATCGTATTCGACAACGGGAA.1_3|P4_Normal	Normal
AAGAATCGTCACACCAAACGGGAA.1_3|P4_Normal	Normal
AAGAATCGTCGAATCTACTTTAGG.1_2|P4_Normal	Normal
AAGAATCGTTTGTCAAACTTTAGG.1_2|P4_Normal	Normal
AAGACAACACATAAGTACTTTAGG.1_1|P4_Normal	Normal
AAGACAACACATACCTACTTTAGG.1_2|P4_Normal	Normal
AAGACAACATTGACTCAACGGGAA.1_3|P4_Normal	Normal
AAGACTCAGAATGGCTACTTTAGG.1_2|P4_Normal	Normal
AAGACTCAGCCATCACAACGGGAA.1_3|P4_Normal	Normal
AAGACTCAGCGCTCCAACTTTAGG.1_1|P4_Normal	Normal
AAGACTCAGGTGCACAACTTTAGG.1_2|P4_Normal	Normal
AAGCAACTCAACCAAAACTTTAGG.1_1|P4_Normal	Normal
AAGCAACTCTGGCTACACTTTAGG.1_2|P4_Normal	Normal
AAGCATGGTGCTGAAAACTTTAGG.1_2|P4_Normal	Normal_holdout
AAGCCTCTCATCGATTAACGGGAA.1_3|P4_Normal	Normal
AAGCCTGAGAGCAATCACTTTAGG.1_2|P4_Normal	Normal
AAGCCTGAGCGAAGCCAACGGGAA.1_3|P4_Normal	Normal
AAGCCTGAGGTATTTCACTTTAGG.1_1|P4_Normal	Normal
AAGCCTGAGGTTTCGCACTTTAGG.1_2|P4_Normal	Normal
AAGCCTTGTAAGGCTAAACGGGAA.1_3|P4_Normal	Normal
AAGCCTTGTCGCAATTAACGGGAA.1_3|P4_Normal	Normal
AAGCCTTGTGCGCAAGACTTTAGG.1_2|P4_Normal	Normal
AAGCCTTGTTGTGAGAAACGGGAA.1_3|P4_Normal	Normal
AAGCGATTCCAGCTACAACGGGAA.1_3|P4_Normal	Normal
AAGCGATTCGAGGTTGACTTTAGG.1_2|P4_Normal	Normal
AAGCGATTCGCAAATAACTTTAGG.1_1|P4_Normal	Normal
AAGCGCTCATAGCGCGACTTTAGG.1_2|P4_Normal	Normal
AAGCGCTCATCATCACACTTTAGG.1_2|P4_Normal	Normal
AAGCGCTCATTTGGCTACTTTAGG.1_1|P4_Normal	Normal
AAGCGGCTCAGGCCAAAACGGGAA.1_3|P4_Normal	Normal
AAGCGGCTCTAAGTCTAACGGGAA.1_3|P4_Normal	Normal
AAGCGGCTCTATTGACAACGGGAA.1_3|P4_Normal	Normal
AAGCTAATCATGCCTAACTTTAGG.1_2|P4_Normal	Normal
AAGCTAATCATTGAAGAACGGGAA.1_3|P4_Normal	Normal
AAGCTAATCCAATGAAACTTTAGG.1_1|P4_Normal	Normal
AAGCTAATCCAGCTTAACTTTAGG.1_1|P4_Normal	Normal_holdout
AAGCTTAAGATGCAACACTTTAGG.1_2|P4_Normal	Normal
AAGCTTAAGCTATCCAACTTTAGG.1_2|P4_Normal	Normal
AAGGAACCAACCGTAAACTTTAGG.1_1|P4_Normal	Normal
AAGGAACCACCTAAAGACTTTAGG.1_2|P4_Normal	Normal_holdout
AAGGAACCACTATGTCAACGGGAA.1_3|P4_Normal	Normal
AAGGAACCAGCGGATTAACGGGAA.1_3|P4_Normal	Normal
AAGGAACCATTTGGGAACTTTAGG.1_1|P4_Normal	Normal
AAGGACAAGCCACTCGACTTTAGG.1_1|P4_Normal	Normal_holdout
AAGGACAAGGATGGTTACTTTAGG.1_1|P4_Normal	Normal_holdout
AAGGAGCAGGAGGATAAACGGGAA.1_3|P4_Normal	Normal
AAGGCACGTAGTAGGCAACGGGAA.1_3|P4_Normal	Normal
AAGGCACGTGTCCAATACTTTAGG.1_2|P4_Normal	Normal
AAGGCACGTTAACGAGAACGGGAA.1_3|P4_Normal	Normal_holdout
AAGGCCATCATAATCCACTTTAGG.1_1|P4_Normal	Normal
AAGGCCATCCCATAGCACTTTAGG.1_2|P4_Normal	Normal
AAGGCCATCCCTCGTCACTTTAGG.1_2|P4_Normal	Normal
AAGGCCATCGTTCAATACTTTAGG.1_1|P4_Normal	Normal
AAGGCCCAGCGGGACTACTTTAGG.1_1|P4_Normal	Normal
AAGGCCCAGGATCCCTACTTTAGG.1_1|P4_Normal	Normal
AAGGCCCAGTCCTCAAAACGGGAA.1_3|P4_Normal	Normal_holdout
AAGGCCGGTCGTAAAGACTTTAGG.1_1|P4_Normal	Normal
AAGGCCGGTTAAGGCAACTTTAGG.1_2|P4_Normal	Normal
AAGGCCGGTTTAACCAAACGGGAA.1_3|P4_Normal	Normal
AAGGCTGTCCTTGAGCAACGGGAA.1_3|P4_Normal	Normal_holdout
AAGGCTGTCGATATAGACTTTAGG.1_2|P4_Normal	Normal
AAGGCTGTCTCACCTTACTTTAGG.1_1|P4_Normal	Normal
AAGGCTTAGCCTGCCAAACGGGAA.1_3|P4_Normal	Normal_holdout
AAGGCTTAGGTATAGCAACGGGAA.1_3|P4_Normal	Normal
AAGGCTTAGTTACAGAAACGGGAA.1_3|P4_Normal	Normal
AAGGGAGGTAAAGCGCACTTTAGG.1_2|P4_Normal	Normal
AAGGGAGGTCCATAGTAACGGGAA.1_3|P4_Normal	Normal
AAGGTATGTAATGGTGACTTTAGG.1_2|P4_Normal	Normal
AAGGTATGTATGGTGAACTTTAGG.1_2|P4_Normal	Normal
AAGGTATGTCATCATAACTTTAGG.1_2|P4_Normal	Normal
AAGGTATGTGGATGGTACTTTAGG.1_1|P4_Normal	Normal
AAGGTTATCAAACCGGACTTTAGG.1_2|P4_Normal	Normal
AAGGTTATCATGCGTCAACGGGAA.1_3|P4_Normal	Normal_holdout
AAGGTTGGTAGCTTGTACTTTAGG.1_1|P4_Normal	Normal
AAGGTTGGTCAATTGCACTTTAGG.1_1|P4_Normal	Normal_holdout
AAGGTTGGTTGTTGTAACTTTAGG.1_1|P4_Normal	Normal
AAGTACCAGGCTTAAAACTTTAGG.1_1|P4_Normal	Normal
AAGTACCAGTTAACAGACTTTAGG.1_1|P4_Normal	Normal
AAGTCATCAAGCCTAAACTTTAGG.1_1|P4_Normal	Normal
AAGTCATCAATAGCTGACTTTAGG.1_2|P4_Normal	Normal
AAGTCATCAATTGCGAACTTTAGG.1_2|P4_Normal	Normal_holdout
AAGTCATCACAGGCTGACTTTAGG.1_2|P4_Normal	Normal
AAGTCATCATGAGGGAAACGGGAA.1_3|P4_Normal	Normal
AAGTCATCATGGATTGACTTTAGG.1_1|P4_Normal	Normal
AAGTGAACAAGCGATCAACGGGAA.1_3|P4_Normal	Normal
AAGTGAACAATGTTCCACTTTAGG.1_1|P4_Normal	Normal
AAGTGAACACGGTCGAAACGGGAA.1_3|P4_Normal	Normal
AAGTGAGAGGCGCAACACTTTAGG.1_1|P4_Normal	Normal
AAGTGAGAGTTTCGCAACTTTAGG.1_2|P4_Normal	Normal
AAGTTCGCAAAGACCCACTTTAGG.1_2|P4_Normal	Normal
AAGTTCGCAATCGTTCAACGGGAA.1_3|P4_Normal	Normal
AAGTTCGCACAAGCGTACTTTAGG.1_2|P4_Normal	Normal
AAGTTCGCACACTAAGACTTTAGG.1_1|P4_Normal	Normal_holdout
AAGTTGCAGCCATCGTACTTTAGG.1_2|P4_Normal	Normal
AAGTTGCAGGACAAGAACTTTAGG.1_2|P4_Normal	Normal
AAGTTGCAGGGTTACGACTTTAGG.1_2|P4_Normal	Normal
AAGTTGTCAAGCTATGACTTTAGG.1_1|P4_Normal	Normal
AAGTTGTCACCTTCAGACTTTAGG.1_1|P4_Normal	Normal
AATACTGAGGCAGGCTACTTTAGG.1_2|P4_Normal	Normal_holdout
AATACTGAGGCCATGAACTTTAGG.1_2|P4_Normal	Normal
AATACTGAGTTACAGAACTTTAGG.1_1|P4_Normal	Normal
AATAGCATCAACCGCTACTTTAGG.1_2|P4_Normal	Normal
AATAGCATCAGGTTAAAACGGGAA.1_3|P4_Normal	Normal
AATAGCATCCAAAGACACTTTAGG.1_1|P4_Normal	Normal
AATAGCATCGCTTCAAAACGGGAA.1_3|P4_Normal	Normal
AATCACGCAAATCACGACTTTAGG.1_2|P4_Normal	Normal
AATCACGCAATGGATTAACGGGAA.1_3|P4_Normal	Normal
AATCACGCAGCAATTGAACGGGAA.1_3|P4_Normal	Normal
AATCACGCAGCTTAAGACTTTAGG.1_2|P4_Normal	Normal
AATCCAAAGGGTCTAGACTTTAGG.1_2|P4_Normal	Normal_holdout
AATCCAAAGGTAGTTAACTTTAGG.1_2|P4_Normal	Normal
AATCCGGAGGTATTTCACTTTAGG.1_2|P4_Normal	Normal
AATCCGTGTCAATTCAACTTTAGG.1_2|P4_Normal	Normal
AATCCGTGTTTGTTGAACTTTAGG.1_2|P4_Normal	Normal
AATCGCACACAATAGTACTTTAGG.1_2|P4_Normal	Normal
AATCGCACACATAAACACTTTAGG.1_2|P4_Normal	Normal
AATCGCACATATCGCTACTTTAGG.1_1|P4_Normal	Normal
AATCGCCTCCAACTTGACTTTAGG.1_2|P4_Normal	Normal
AATCGCCTCTCACAATACTTTAGG.1_2|P4_Normal	Normal
AATCGGCCAAATACCGAACGGGAA.1_3|P4_Normal	Normal
AATCGGCCAATCAAACAACGGGAA.1_3|P4_Normal	Normal
AATCGGCCAATGAGCCACTTTAGG.1_2|P4_Normal	Normal_holdout
AATCGGCCACATAGTGAACGGGAA.1_3|P4_Normal	Normal
AATCGGCCAGGCTATAACTTTAGG.1_1|P4_Normal	Normal
AATCGGCCATACTTCAACTTTAGG.1_1|P4_Normal	Normal_holdout
AATCGTTTCATGGATAAACGGGAA.1_3|P4_Normal	Normal
AATCGTTTCATGGATAACTTTAGG.1_2|P4_Normal	Normal
AATCGTTTCTAGCGGAACTTTAGG.1_1|P4_Normal	Normal
AATCGTTTCTCAGCACAACGGGAA.1_3|P4_Normal	Normal
AATCGTTTCTTCGCTTAACGGGAA.1_3|P4_Normal	Normal
AATCTCTAGATGATTGACTTTAGG.1_2|P4_Normal	Normal
AATCTCTAGCCATTTGACTTTAGG.1_2|P4_Normal	Normal
AATCTCTAGTTAACAGACTTTAGG.1_2|P4_Normal	Normal
AATCTCTAGTTACCCAAACGGGAA.1_3|P4_Normal	Normal
AATCTCTAGTTGCAAAAACGGGAA.1_3|P4_Normal	Normal
AATGAAGCAACTGTTCACTTTAGG.1_2|P4_Normal	Normal_holdout
AATGAAGCAAGAAATGACTTTAGG.1_2|P4_Normal	Normal
AATGAAGCATCGATAGAACGGGAA.1_3|P4_Normal	Normal
AATGAAGCATGCCTCAACTTTAGG.1_2|P4_Normal	Normal
AATGACCAGCGAATACAACGGGAA.1_3|P4_Normal	Normal
AATGACCAGCGAGCTAAACGGGAA.1_3|P4_Normal	Normal
AATGACCAGCTGATTTAACGGGAA.1_3|P4_Normal	Normal
AATGACCAGGTTCTTGACTTTAGG.1_2|P4_Normal	Normal
AATGACCAGGTTGCAGACTTTAGG.1_2|P4_Normal	Normal
AATGACCAGTCTTGCAAACGGGAA.1_3|P4_Normal	Normal
AATGCGCCAGCCTATTAACGGGAA.1_3|P4_Normal	Normal
AATGCGCCATCAAGCAAACGGGAA.1_3|P4_Normal	Normal
AATGCGCCATGGCTTTAACGGGAA.1_3|P4_Normal	Normal
AATGGATGTGACCTATACTTTAGG.1_2|P4_Normal	Normal
AATGGATGTGCACTATACTTTAGG.1_2|P4_Normal	Normal
AATGGCAGTAAGTCGAACTTTAGG.1_2|P4_Normal	Normal
AATGGCAGTCATGAAGACTTTAGG.1_2|P4_Normal	Normal
AATGGCAGTGTGACCCACTTTAGG.1_1|P4_Normal	Normal
AATGGCAGTTAATGCCACTTTAGG.1_2|P4_Normal	Normal
AATGTGATCCTGAGGAAACGGGAA.1_3|P4_Normal	Normal
AATGTGATCGCTTGACACTTTAGG.1_2|P4_Normal	Normal
AATGTGATCTCACCTTACTTTAGG.1_2|P4_Normal	Normal
AATTACCTCAAGATGCACTTTAGG.1_1|P4_Normal	Normal
AATTACCTCTCAGCACACTTTAGG.1_2|P4_Normal	Normal
AATTGACCACACAAATAACGGGAA.1_3|P4_Normal	Normal_holdout
AATTGACCAGCACTAAACTTTAGG.1_2|P4_Normal	Normal
AATTGACCAGCTACCCACTTTAGG.1_1|P4_Normal	Normal
AATTGACCATAAGTCGACTTTAGG.1_1|P4_Normal	Normal_holdout
AATTGACCATCGAACAAACGGGAA.1_3|P4_Normal	Normal
AATTTGGAGACAACACAACGGGAA.1_3|P4_Normal	Normal_holdout
AATTTGGAGACCATTTACTTTAGG.1_1|P4_Normal	Normal
AATTTGGAGCGAGTTGACTTTAGG.1_1|P4_Normal	Normal
ACAAACCAGGCCCATTACTTTAGG.1_2|P4_Normal	Normal
ACAAACCAGTACCAGGACTTTAGG.1_1|P4_Normal	Normal
ACAAACCAGTCGCATCAACGGGAA.1_3|P4_Normal	Normal
ACAAACCAGTGCCCTGACTTTAGG.1_2|P4_Normal	Normal
ACAAACCAGTTGACGGACTTTAGG.1_1|P4_Normal	Normal
ACAAACCAGTTTGACTACTTTAGG.1_1|P4_Normal	Normal
ACAAAGGAGCGAATGTACTTTAGG.1_2|P4_Normal	Normal_holdout
ACAAAGGAGTCTAACTACTTTAGG.1_2|P4_Normal	Normal
ACAACATCAGGTCAACACTTTAGG.1_2|P4_Normal	Normal
ACAACATCATACTGAGACTTTAGG.1_2|P4_Normal	Normal_holdout
ACAACCTGTCAACAAGACTTTAGG.1_2|P4_Normal	Normal
ACAACCTGTCAACATCACTTTAGG.1_1|P4_Normal	Normal
ACAACCTGTCAATCGTACTTTAGG.1_2|P4_Normal	Normal
ACAACCTGTGATCCTGACTTTAGG.1_2|P4_Normal	Normal
ACAACCTGTGCTTCGAACTTTAGG.1_2|P4_Normal	Normal
ACAACCTGTTGTTGTAACTTTAGG.1_1|P4_Normal	Normal
ACAACCTGTTGTTTGAACTTTAGG.1_1|P4_Normal	Normal
ACAACGGTCACCCTCCACTTTAGG.1_1|P4_Normal	Normal
ACAACGGTCAGGAGCCACTTTAGG.1_1|P4_Normal	Normal
ACAACGGTCAGGTCGAACTTTAGG.1_2|P4_Normal	Normal
ACAACGGTCGACCGTTACTTTAGG.1_2|P4_Normal	Normal
ACAACTTTCAATGGGTACTTTAGG.1_2|P4_Normal	Normal
ACAACTTTCATGAATGACTTTAGG.1_1|P4_Normal	Normal
ACAACTTTCTAAATCCACTTTAGG.1_1|P4_Normal	Normal
ACAAGGCGTTCTTACTACTTTAGG.1_2|P4_Normal	Normal
ACAAGTATCAGTAGGTAACGGGAA.1_3|P4_Normal	Normal
ACAAGTATCGACCGTTACTTTAGG.1_2|P4_Normal	Normal
ACAATCAAGGGAGGATACTTTAGG.1_1|P4_Normal	Normal
ACAATCAAGGTCTTTGACTTTAGG.1_2|P4_Normal	Normal_holdout
ACAATTGAGCCTGCCAAACGGGAA.1_3|P4_Normal	Normal
ACAATTGAGGGAGGCAACTTTAGG.1_1|P4_Normal	Normal
ACAATTGAGTATCGCCACTTTAGG.1_2|P4_Normal	Normal_holdout
ACAATTGAGTTACCCAACTTTAGG.1_2|P4_Normal	Normal
ACACAAGGTGTGAGGTACTTTAGG.1_1|P4_Normal	Normal_holdout
ACACAAGGTTAAGGCAACTTTAGG.1_2|P4_Normal	Normal
ACACAATCAATGTGGCAACGGGAA.1_3|P4_Normal	Normal
ACACAATCAGGATTGCAACGGGAA.1_3|P4_Normal	Normal
ACACAATCATGGCGCAACTTTAGG.1_2|P4_Normal	Normal_holdout
ACACAATCATGTTTCAAACGGGAA.1_3|P4_Normal	Normal
ACACCAACATAACCAGACTTTAGG.1_2|P4_Normal	Normal
ACACCGGCAAGTGGCTAACGGGAA.1_3|P4_Normal	Normal_holdout
ACACCGGCACAACATGAACGGGAA.1_3|P4_Normal	Normal
ACACCGGCACTAAGGCAACGGGAA.1_3|P4_Normal	Normal
ACACCGGCATGGATTGACTTTAGG.1_1|P4_Normal	Normal
ACACCTATCACTATGTACTTTAGG.1_2|P4_Normal	Normal_holdout
ACACCTATCCTCTAAGAACGGGAA.1_3|P4_Normal	Normal
ACACCTATCCTCTAAGACTTTAGG.1_2|P4_Normal	Normal
ACACCTTCATGGCTTTACTTTAGG.1_1|P4_Normal	Normal
ACACGCGCAAACAAGAAACGGGAA.1_3|P4_Normal	Normal
ACACGCGCATATTTCGACTTTAGG.1_2|P4_Normal	Normal
ACACTAAAGCAAAGCTACTTTAGG.1_2|P4_Normal	Normal_holdout
ACACTAAAGCGATGGCACTTTAGG.1_2|P4_Normal	Normal
ACACTAAAGTAGCGCAAACGGGAA.1_3|P4_Normal	Normal
ACACTAAAGTTGCGCTACTTTAGG.1_2|P4_Normal	Normal
ACACTTGTCAAAGGGAACTTTAGG.1_1|P4_Normal	Normal
ACACTTGTCATTGCATAACGGGAA.1_3|P4_Normal	Normal
ACACTTGTCTATTCGGACTTTAGG.1_1|P4_Normal	Normal
ACAGCACCAAGTGCACACTTTAGG.1_2|P4_Normal	Normal
ACAGCCGCATCACGAAACTTTAGG.1_2|P4_Normal	Normal
ACAGCCGCATGAGGGAAACGGGAA.1_3|P4_Normal	Normal
ACAGCGGGTAGCTTGTACTTTAGG.1_1|P4_Normal	Normal_holdout
ACAGGCATCAAGATGCACTTTAGG.1_2|P4_Normal	Normal_holdout
ACAGGCATCAGGCATGACTTTAGG.1_2|P4_Normal	Normal
ACAGGCATCGACCCATAACGGGAA.1_3|P4_Normal	Normal
ACAGGTAGTAAAGCGCAACGGGAA.1_3|P4_Normal	Normal
ACAGGTAGTCACAGGGAACGGGAA.1_3|P4_Normal	Normal
ACAGGTAGTCCATTAAACTTTAGG.1_2|P4_Normal	Normal
ACAGGTAGTCGTAATCAACGGGAA.1_3|P4_Normal	Normal_holdout
ACAGGTAGTGTCCAGCACTTTAGG.1_2|P4_Normal	Normal
ACAGTTGCAACAAGTTAACGGGAA.1_3|P4_Normal	Normal
ACAGTTGCACCGGCAAAACGGGAA.1_3|P4_Normal	Normal
ACAGTTGCACGTAGGTAACGGGAA.1_3|P4_Normal	Normal
ACAGTTGCAGCCAGCAAACGGGAA.1_3|P4_Normal	Normal
ACATACTTCAACATTCACTTTAGG.1_1|P4_Normal	Normal
ACATACTTCCTGGATCACTTTAGG.1_1|P4_Normal	Normal
ACATACTTCTGCCATAACTTTAGG.1_1|P4_Normal	Normal
ACATAGTCAAGTTAACACTTTAGG.1_2|P4_Normal	Normal
ACATAGTCAATTGAACACTTTAGG.1_1|P4_Normal	Normal
ACATGTTTCATCAGCCACTTTAGG.1_1|P4_Normal	Normal
ACATGTTTCTATGCATAACGGGAA.1_3|P4_Normal	Normal
ACATGTTTCTATGCATACTTTAGG.1_2|P4_Normal	Normal_holdout
ACATTACTCAAACTTCACTTTAGG.1_2|P4_Normal	Normal_holdout
ACATTACTCCAATTACAACGGGAA.1_3|P4_Normal	Normal_holdout
ACATTACTCGGTACGAACTTTAGG.1_2|P4_Normal	Normal
ACATTGTTCCAATAGAACTTTAGG.1_2|P4_Normal	Normal
ACATTGTTCCCATAATAACGGGAA.1_3|P4_Normal	Normal
ACATTGTTCGCCTCGAAACGGGAA.1_3|P4_Normal	Normal
ACCAACTGTCAATCGTACTTTAGG.1_1|P4_Normal	Normal
ACCAACTGTCGTAATCACTTTAGG.1_1|P4_Normal	Normal
ACCAACTGTTAAGTCCACTTTAGG.1_2|P4_Normal	Normal
ACCAACTGTTTGTAGCACTTTAGG.1_1|P4_Normal	Normal
ACCAATAAGCACTACCACTTTAGG.1_2|P4_Normal	Normal
ACCAATAAGCTCGACTACTTTAGG.1_2|P4_Normal	Normal
ACCAATCGTCTGTCAGACTTTAGG.1_2|P4_Normal	Normal
ACCAATCGTGCGGAATACTTTAGG.1_2|P4_Normal	Normal
ACCAATCGTGTTGCTGAACGGGAA.1_3|P4_Normal	Normal
ACCAATTTCGCAACGAACTTTAGG.1_2|P4_Normal	Normal
ACCAATTTCTAATCACAACGGGAA.1_3|P4_Normal	Normal
ACCAATTTCTAGCCTAACTTTAGG.1_1|P4_Normal	Normal_holdout
ACCACAACAGATAGCCACTTTAGG.1_2|P4_Normal	Normal
ACCACGTTCATTTGCGAACGGGAA.1_3|P4_Normal	Normal
ACCAGGTCAATCCACTAACGGGAA.1_3|P4_Normal	Normal
ACCAGGTCAGAGGCTTAACGGGAA.1_3|P4_Normal	Normal
ACCAGGTCAGGGATGAAACGGGAA.1_3|P4_Normal	Normal
ACCAGGTCATCGGGCAACTTTAGG.1_2|P4_Normal	Normal
ACCATATTCACGTTCAACTTTAGG.1_2|P4_Normal	Normal
ACCATATTCACTATGTACTTTAGG.1_1|P4_Normal	Normal
ACCATATTCAGTCTATAACGGGAA.1_3|P4_Normal	Normal
ACCATTAGTATTCGGTAACGGGAA.1_3|P4_Normal	Normal
ACCATTAGTTGCGAAAACTTTAGG.1_1|P4_Normal	Normal
ACCCAAACATTACACCACTTTAGG.1_2|P4_Normal	Normal
ACCCAACTCACCAGGAACTTTAGG.1_2|P4_Normal	Normal
ACCCAACTCATTTGCGACTTTAGG.1_2|P4_Normal	Normal
ACCCAACTCGGTAATAACTTTAGG.1_1|P4_Normal	Normal
ACCCAACTCTTACTCCACTTTAGG.1_2|P4_Normal	Normal
ACCCAACTCTTCGCTTAACGGGAA.1_3|P4_Normal	Normal
ACCCGCTCAAACTGGCACTTTAGG.1_1|P4_Normal	Normal
ACCCGCTCAAAGTGCCACTTTAGG.1_1|P4_Normal	Normal
ACCCGCTCAAGATAAGACTTTAGG.1_1|P4_Normal	Normal
ACCCGCTCACTAAGGCAACGGGAA.1_3|P4_Normal	Normal
ACCCGCTCACTATGGAAACGGGAA.1_3|P4_Normal	Normal
ACCCGCTCATTCATGCACTTTAGG.1_2|P4_Normal	Normal
ACCCGTTAGCTAGCCTAACGGGAA.1_3|P4_Normal	Normal
ACCCGTTAGCTTACTGAACGGGAA.1_3|P4_Normal	Normal
ACCCGTTAGGTGCACAAACGGGAA.1_3|P4_Normal	Normal_holdout
ACCCGTTAGGTGCACAACTTTAGG.1_2|P4_Normal	Normal
ACCCGTTAGTTATGGAACTTTAGG.1_2|P4_Normal	Normal
ACCCGTTAGTTTCGCAACTTTAGG.1_2|P4_Normal	Normal_holdout
ACCCTAATCCGTGACTACTTTAGG.1_2|P4_Normal	Normal
ACCCTAATCGAACCTCAACGGGAA.1_3|P4_Normal	Normal
ACCCTAATCGGGCAACACTTTAGG.1_2|P4_Normal	Normal
ACCCTCACAAAGGGATACTTTAGG.1_2|P4_Normal	Normal
ACCCTCACATAGACCAACTTTAGG.1_2|P4_Normal	Normal
ACCCTCACATTTCATGAACGGGAA.1_3|P4_Normal	Normal
ACCCTCCTCAGGAGCCACTTTAGG.1_2|P4_Normal	Normal
ACCCTGGTCCAATACTAACGGGAA.1_3|P4_Normal	Normal
ACCCTGGTCGCGAGTAACTTTAGG.1_2|P4_Normal	Normal
ACCCTGGTCTAGTTACAACGGGAA.1_3|P4_Normal	Normal
ACCCTTCGTACCGTTGACTTTAGG.1_2|P4_Normal	Normal
ACCCTTCGTAGTAGGCAACGGGAA.1_3|P4_Normal	Normal
ACCCTTCGTCATGAAGACTTTAGG.1_2|P4_Normal	Normal
ACCCTTCGTCATGCATAACGGGAA.1_3|P4_Normal	Normal
ACCCTTCGTTGCGGCTACTTTAGG.1_2|P4_Normal	Normal
ACCGAAGTCATGGATAACTTTAGG.1_2|P4_Normal	Normal_holdout
ACCGCCATCCCAGACTAACGGGAA.1_3|P4_Normal	Normal_holdout
ACCGCCATCCGCCATGACTTTAGG.1_1|P4_Normal	Normal
ACCGCCATCGCGTTACACTTTAGG.1_2|P4_Normal	Normal
ACCGCCATCGCTTCGGAACGGGAA.1_3|P4_Normal	Normal
ACCGCCATCGGTAATAACTTTAGG.1_1|P4_Normal	Normal
ACCGCCTCACGGTACGACTTTAGG.1_1|P4_Normal	Normal_holdout
ACCGGCTGTGCATTACACTTTAGG.1_2|P4_Normal	Normal
ACCGGCTGTTAACGGAAACGGGAA.1_3|P4_Normal	Normal_holdout
ACCGGCTGTTACTTCTAACGGGAA.1_3|P4_Normal	Normal
ACCGGCTGTTAGTCTAAACGGGAA.1_3|P4_Normal	Normal
ACCGGTAAGGCACAATAACGGGAA.1_3|P4_Normal	Normal
ACCGGTTTCACCTTTCACTTTAGG.1_2|P4_Normal	Normal
ACCGGTTTCTAAGTCTACTTTAGG.1_2|P4_Normal	Normal
ACCGTTATCAAACCGGACTTTAGG.1_2|P4_Normal	Normal
ACCGTTATCAGCGATGAACGGGAA.1_3|P4_Normal	Normal
ACCGTTATCCTCAATGACTTTAGG.1_2|P4_Normal	Normal
ACCTAAGCACTAAGGCACTTTAGG.1_1|P4_Normal	Normal
ACCTAAGCATGTGGGTACTTTAGG.1_1|P4_Normal	Normal
ACCTAGTGTAGTAGGCACTTTAGG.1_2|P4_Normal	Normal
ACCTAGTGTCACACCAACTTTAGG.1_2|P4_Normal	Normal
ACCTAGTGTTGCCTGAACTTTAGG.1_2|P4_Normal	Normal
ACCTAGTGTTGTCATAAACGGGAA.1_3|P4_Normal	Normal
ACCTCACAGCTCGATCACTTTAGG.1_2|P4_Normal	Normal
ACCTCACAGGTGAGTTACTTTAGG.1_1|P4_Normal	Normal
ACCTCACAGTCGAAACAACGGGAA.1_3|P4_Normal	Normal
ACCTCACAGTTTGCATAACGGGAA.1_3|P4_Normal	Normal
ACCTCATCAATAACCGACTTTAGG.1_2|P4_Normal	Normal
ACCTCATCAGAATCGCACTTTAGG.1_2|P4_Normal	Normal
ACCTCCCTCAACATTCAACGGGAA.1_3|P4_Normal	Normal_holdout
ACCTCCCTCATTATGCAACGGGAA.1_3|P4_Normal	Normal
ACCTCCCTCGTGATTTAACGGGAA.1_3|P4_Normal	Normal_holdout
ACCTCTAAGGCTTAAAACTTTAGG.1_1|P4_Normal	Normal
ACCTGGAAGGTCACAGACTTTAGG.1_1|P4_Normal	Normal
ACCTGGAAGTGTGCAGAACGGGAA.1_3|P4_Normal	Normal
ACCTTTACAGCTGCTCACTTTAGG.1_1|P4_Normal	Normal
ACCTTTACATGCCTCAACTTTAGG.1_1|P4_Normal	Normal_holdout
ACGAATATCATGCATTACTTTAGG.1_1|P4_Normal	Normal
ACGAATATCCTGGAAGAACGGGAA.1_3|P4_Normal	Normal
ACGAGGGAGATAACGCACTTTAGG.1_1|P4_Normal	Normal
ACGAGGGAGCCTAAGGACTTTAGG.1_2|P4_Normal	Normal
ACGATTCGTAAGCGTAACTTTAGG.1_2|P4_Normal	Normal
ACGATTCGTCATCATAACTTTAGG.1_1|P4_Normal	Normal
ACGATTCGTTGAGGACACTTTAGG.1_2|P4_Normal	Normal
ACGATTGCATTTGTTGACTTTAGG.1_1|P4_Normal	Normal
ACGCAAGTCACGTTCAACTTTAGG.1_1|P4_Normal	Normal
ACGCAAGTCATGCGTCACTTTAGG.1_1|P4_Normal	Normal
ACGCAAGTCGCATTTGAACGGGAA.1_3|P4_Normal	Normal
ACGCACGCAAATAACCACTTTAGG.1_2|P4_Normal	Normal
ACGCACGCAACGTTAGACTTTAGG.1_1|P4_Normal	Normal
ACGCACGCAAGCTCAAACTTTAGG.1_1|P4_Normal	Normal
ACGCACGCACTAACGAAACGGGAA.1_3|P4_Normal	Normal
ACGCACGCATCATAGGAACGGGAA.1_3|P4_Normal	Normal
ACGCATGAGAAGCATCACTTTAGG.1_2|P4_Normal	Normal_holdout
ACGCATGAGAAGTAGGACTTTAGG.1_1|P4_Normal	Normal
ACGCATGAGAATGGCTACTTTAGG.1_2|P4_Normal	Normal
ACGCATGAGCTTCTAGAACGGGAA.1_3|P4_Normal	Normal
ACGCATGAGGCCATGAACTTTAGG.1_1|P4_Normal	Normal
ACGCATGAGGGTTAACAACGGGAA.1_3|P4_Normal	Normal
ACGCATGAGTGCCCTGACTTTAGG.1_1|P4_Normal	Normal
ACGCATTGTACTTATGACTTTAGG.1_1|P4_Normal	Normal
ACGCATTGTTCGAATCACTTTAGG.1_2|P4_Normal	Normal
ACGCATTGTTGGATAGACTTTAGG.1_2|P4_Normal	Normal
ACGCCACGTACGATTCAACGGGAA.1_3|P4_Normal	Normal
ACGCCACGTCACCAGCACTTTAGG.1_2|P4_Normal	Normal
ACGCCACGTGGATGCGAACGGGAA.1_3|P4_Normal	Normal
ACGCCACGTTTCCAAAACTTTAGG.1_1|P4_Normal	Normal
ACGCCCATCAGTCTATAACGGGAA.1_3|P4_Normal	Normal
ACGCCCATCAGTTAGAACTTTAGG.1_2|P4_Normal	Normal
ACGCCCATCGGTAATAAACGGGAA.1_3|P4_Normal	Normal
ACGCCCATCTATTCGGAACGGGAA.1_3|P4_Normal	Normal
ACGCCCATCTGCAACCAACGGGAA.1_3|P4_Normal	Normal
ACGCCTAGTCATCAGTACTTTAGG.1_2|P4_Normal	Normal
ACGCCTAGTTCCAGCAACTTTAGG.1_2|P4_Normal	Normal
ACGGAACGTAAGGCTAACTTTAGG.1_1|P4_Normal	Normal_holdout
ACGGAACGTACAGCAAACTTTAGG.1_1|P4_Normal	Normal
ACGGAACGTTAAGCTCACTTTAGG.1_1|P4_Normal	Normal
ACGGAACGTTAATTCGACTTTAGG.1_1|P4_Normal	Normal
ACGGAACGTTTGTTGAAACGGGAA.1_3|P4_Normal	Normal
ACGGACCAGCGCGAACAACGGGAA.1_3|P4_Normal	Normal
ACGGATAGTGTAATGGAACGGGAA.1_3|P4_Normal	Normal
ACGGATAGTGTGTTACACTTTAGG.1_1|P4_Normal	Normal
ACGGATTAGAAACCCGACTTTAGG.1_2|P4_Normal	Normal
ACGGATTAGCATCCCGACTTTAGG.1_1|P4_Normal	Normal
ACGGATTAGCGAATCGAACGGGAA.1_3|P4_Normal	Normal
ACGGATTAGCGCGAACACTTTAGG.1_2|P4_Normal	Normal
ACGGATTAGGCAAGCCAACGGGAA.1_3|P4_Normal	Normal
ACGGATTAGGTAATTGACTTTAGG.1_1|P4_Normal	Normal
ACGGTAAGTATTGCGTACTTTAGG.1_2|P4_Normal	Normal
ACGGTAAGTCTCACTCACTTTAGG.1_2|P4_Normal	Normal
ACGGTAAGTGATAAACACTTTAGG.1_2|P4_Normal	Normal
ACGTAATCAAATCACGAACGGGAA.1_3|P4_Normal	Normal_holdout
ACGTAATCAACCCTATAACGGGAA.1_3|P4_Normal	Normal_holdout
ACGTAATCAATGAGCCAACGGGAA.1_3|P4_Normal	Normal
ACGTAATCATAGACCAAACGGGAA.1_3|P4_Normal	Normal
ACGTAATCATCGTTCGAACGGGAA.1_3|P4_Normal	Normal_holdout
ACGTAGCCACAATACGAACGGGAA.1_3|P4_Normal	Normal
ACGTAGCCACCTCGACACTTTAGG.1_2|P4_Normal	Normal
ACGTATTTCGATTAAGAACGGGAA.1_3|P4_Normal	Normal
ACGTATTTCGATTGAAACTTTAGG.1_1|P4_Normal	Normal
ACGTCAACACATGCTTACTTTAGG.1_1|P4_Normal	Normal
ACGTCAACACTAGCGGACTTTAGG.1_1|P4_Normal	Normal
ACGTCAACAGAGAGCAACTTTAGG.1_2|P4_Normal	Normal
ACGTCAACAGCCTATTAACGGGAA.1_3|P4_Normal	Normal
ACGTGCAAGAAACCCGAACGGGAA.1_3|P4_Normal	Normal
ACGTGCAAGAACCTAAACTTTAGG.1_2|P4_Normal	Normal
ACGTGCAAGCGCTCCAACTTTAGG.1_1|P4_Normal	Normal_holdout
ACGTTCGGTTGGGTTTAACGGGAA.1_3|P4_Normal	Normal
ACGTTCGGTTGTTGTAACTTTAGG.1_1|P4_Normal	Normal
ACTAAACCAGGATTATACTTTAGG.1_1|P4_Normal	Normal
ACTAAGTCACTAGTCTAACGGGAA.1_3|P4_Normal	Normal
ACTAAGTCAGCGATCGACTTTAGG.1_1|P4_Normal	Normal
ACTAATGAGACCATTTAACGGGAA.1_3|P4_Normal	Normal_holdout
ACTAATGAGGCGCATAAACGGGAA.1_3|P4_Normal	Normal
ACTAATGAGTAAGTGCACTTTAGG.1_2|P4_Normal	Normal
ACTACAAAGAAACCCGAACGGGAA.1_3|P4_Normal	Normal_holdout
ACTACTAGTCGTAACTAACGGGAA.1_3|P4_Normal	Normal
ACTACTAGTTCTTACTACTTTAGG.1_1|P4_Normal	Normal
ACTAGGTAGCAAATCAAACGGGAA.1_3|P4_Normal	Normal
ACTAGGTAGGCACAATACTTTAGG.1_2|P4_Normal	Normal
ACTAGGTAGGGTGGGAACTTTAGG.1_2|P4_Normal	Normal
ACTAGGTAGGGTTGGCAACGGGAA.1_3|P4_Normal	Normal
ACTAGGTAGGTAGTTAACTTTAGG.1_1|P4_Normal	Normal
ACTAGTCGTACTGCCAAACGGGAA.1_3|P4_Normal	Normal_holdout
ACTAGTCGTATTCAGCACTTTAGG.1_1|P4_Normal	Normal
ACTAGTCGTCGTTCTCAACGGGAA.1_3|P4_Normal	Normal
ACTAGTCGTGCTGAAAAACGGGAA.1_3|P4_Normal	Normal
ACTAGTCGTTAAGGCAACTTTAGG.1_2|P4_Normal	Normal_holdout
ACTAGTCGTTGGATAGAACGGGAA.1_3|P4_Normal	Normal
ACTAGTGCATTGCATCACTTTAGG.1_1|P4_Normal	Normal
ACTAGTTTCCTTTCGTACTTTAGG.1_2|P4_Normal	Normal
ACTAGTTTCGCGCATTAACGGGAA.1_3|P4_Normal	Normal
ACTAGTTTCTGGCTACACTTTAGG.1_2|P4_Normal	Normal
ACTCAATTCAAGATGCAACGGGAA.1_3|P4_Normal	Normal
ACTCAATTCACTATGTACTTTAGG.1_1|P4_Normal	Normal
ACTCAATTCCTAAAGAAACGGGAA.1_3|P4_Normal	Normal
ACTCACTCAAACGGGAACTTTAGG.1_2|P4_Normal	Normal_holdout
ACTCACTCACCATCCAAACGGGAA.1_3|P4_Normal	Normal
ACTCACTCAGAAACTTAACGGGAA.1_3|P4_Normal	Normal
ACTCACTCAGCTCATTACTTTAGG.1_2|P4_Normal	Normal
ACTCACTCATAGCCGGAACGGGAA.1_3|P4_Normal	Normal
ACTCACTCATAGCGCGACTTTAGG.1_2|P4_Normal	Normal
ACTCACTCATTACTCAACTTTAGG.1_2|P4_Normal	Normal
ACTCCCACAAACACGCAACGGGAA.1_3|P4_Normal	Normal
ACTCCCACAAAGCCTAAACGGGAA.1_3|P4_Normal	Normal
ACTCCCACAAAGCCTAACTTTAGG.1_2|P4_Normal	Normal
ACTCGAACAAACAATCACTTTAGG.1_2|P4_Normal	Normal
ACTCGCCCAAATATGCACTTTAGG.1_2|P4_Normal	Normal
ACTCGCCCAACTTAGGACTTTAGG.1_2|P4_Normal	Normal
ACTCGCCCACGTAGTAAACGGGAA.1_3|P4_Normal	Normal
ACTCGCCCACTCAATCACTTTAGG.1_2|P4_Normal	Normal
ACTGGCTTCCTCCCACACTTTAGG.1_2|P4_Normal	Normal
ACTGGCTTCGACTTGCACTTTAGG.1_2|P4_Normal	Normal
ACTGGCTTCGCGAGTAAACGGGAA.1_3|P4_Normal	Normal_holdout
ACTGGGTCAAGTAAGAACTTTAGG.1_1|P4_Normal	Normal
ACTGGGTCAAGTTGGCAACGGGAA.1_3|P4_Normal	Normal
ACTGGGTCATTTAGCCAACGGGAA.1_3|P4_Normal	Normal
ACTTAGAAGCGTGCTTACTTTAGG.1_2|P4_Normal	Normal
ACTTAGAAGTAAGTGCACTTTAGG.1_1|P4_Normal	Normal_holdout
ACTTAGCGTACGTCCAAACGGGAA.1_3|P4_Normal	Normal
ACTTAGCGTGCTGAAAAACGGGAA.1_3|P4_Normal	Normal
ACTTAGCGTTGTTTGAACTTTAGG.1_2|P4_Normal	Normal
ACTTAGGCAATAGCTGAACGGGAA.1_3|P4_Normal	Normal
ACTTAGTTCAGCCCTGAACGGGAA.1_3|P4_Normal	Normal
ACTTAGTTCCAACATTACTTTAGG.1_2|P4_Normal	Normal
ACTTAGTTCTTAAGGAACTTTAGG.1_2|P4_Normal	Normal
ACTTATGGTACCTAGTAACGGGAA.1_3|P4_Normal	Normal_holdout
ACTTATGGTAGGAGGAACTTTAGG.1_2|P4_Normal	Normal_holdout
ACTTATGGTGGATGCGAACGGGAA.1_3|P4_Normal	Normal_holdout
ACTTATGGTTAGGCGGAACGGGAA.1_3|P4_Normal	Normal
ACTTATGGTTTGTAGCACTTTAGG.1_1|P4_Normal	Normal
ACTTCAAGTGTCCAGCACTTTAGG.1_1|P4_Normal	Normal
ACTTCAAGTTGGGTTTACTTTAGG.1_1|P4_Normal	Normal
ACTTCCCGTGACATGAACTTTAGG.1_2|P4_Normal	Normal_holdout
ACTTCCCGTGCAGCTCACTTTAGG.1_2|P4_Normal	Normal
ACTTCCCGTTGTTTGAAACGGGAA.1_3|P4_Normal	Normal_holdout
ACTTCCTTCATCAAGAAACGGGAA.1_3|P4_Normal	Normal
ACTTCGTCAAAGGTAAAACGGGAA.1_3|P4_Normal	Normal
ACTTCGTCAATGTGGCAACGGGAA.1_3|P4_Normal	Normal
ACTTCGTCATGCCTCAACTTTAGG.1_1|P4_Normal	Normal_holdout
ACTTGAAAGCTTACATACTTTAGG.1_1|P4_Normal	Normal
ACTTGAAAGGAAGCAAAACGGGAA.1_3|P4_Normal	Normal
ACTTGCATCCGCCTCTACTTTAGG.1_1|P4_Normal	Normal
ACTTGCTCAACATAGTACTTTAGG.1_2|P4_Normal	Normal
ACTTGCTCAAGTTGCAAACGGGAA.1_3|P4_Normal	Normal
ACTTGCTCATCCTTGGACTTTAGG.1_2|P4_Normal	Normal_holdout
ACTTGCTCATGAAGCCACTTTAGG.1_2|P4_Normal	Normal
ACTTGCTCATGACATGAACGGGAA.1_3|P4_Normal	Normal
AGAAACCTCAGGTTGGACTTTAGG.1_2|P4_Normal	Normal
AGAAACCTCCGAATTTACTTTAGG.1_2|P4_Normal	Normal_holdout
AGAAACCTCGCCTCGAACTTTAGG.1_2|P4_Normal	Normal
AGAAAGGTCCCTCGTCACTTTAGG.1_2|P4_Normal	Normal
AGAAAGGTCGAGGTTGACTTTAGG.1_2|P4_Normal	Normal_holdout
AGAAAGGTCGGTAAACAACGGGAA.1_3|P4_Normal	Normal
AGAAAGGTCTGGCTACACTTTAGG.1_2|P4_Normal	Normal
AGAAATGCAGCCAGCAACTTTAGG.1_2|P4_Normal	Normal
AGAAATGCATGTGGGTACTTTAGG.1_2|P4_Normal	Normal
AGAACAACACGGTTCCAACGGGAA.1_3|P4_Normal	Normal
AGAACAACATGACCAAACTTTAGG.1_2|P4_Normal	Normal
AGAAGCAAGACCTTGCACTTTAGG.1_2|P4_Normal	Normal
AGAAGCAAGGCCCATTACTTTAGG.1_1|P4_Normal	Normal
AGAAGCAAGTCGAAGTACTTTAGG.1_2|P4_Normal	Normal
AGAAGGTCAAACTTCCACTTTAGG.1_2|P4_Normal	Normal
AGAAGGTCAACAAGTTAACGGGAA.1_3|P4_Normal	Normal
AGAAGGTCACAATACGAACGGGAA.1_3|P4_Normal	Normal
AGAAGGTCACTTCGATACTTTAGG.1_2|P4_Normal	Normal
AGAAGGTCAGAGAGCAACTTTAGG.1_2|P4_Normal	Normal_holdout
AGAAGGTCATTGTGTCACTTTAGG.1_2|P4_Normal	Normal
AGACAAACAAACCGTAAACGGGAA.1_3|P4_Normal	Normal
AGACACTAGACTCAAAAACGGGAA.1_3|P4_Normal	Normal
AGACACTAGCAGGTCAAACGGGAA.1_3|P4_Normal	Normal
AGACACTAGCTAAGTAAACGGGAA.1_3|P4_Normal	Normal
AGACCCGCAAACCTGAACTTTAGG.1_2|P4_Normal	Normal
AGACCCGCACAAGCGTACTTTAGG.1_2|P4_Normal	Normal
AGACCCGCACTAACAGAACGGGAA.1_3|P4_Normal	Normal
AGACCCGCACTCCCAAACTTTAGG.1_2|P4_Normal	Normal
AGACCCGCAGGTATTGACTTTAGG.1_1|P4_Normal	Normal
AGACTAATCAAACCGGAACGGGAA.1_3|P4_Normal	Normal
AGACTAATCGCGTTCGACTTTAGG.1_2|P4_Normal	Normal
AGACTAGGTGCGGCAAACTTTAGG.1_1|P4_Normal	Normal
AGACTCACAAACTGGCACTTTAGG.1_1|P4_Normal	Normal
AGACTCACAAATGACTACTTTAGG.1_1|P4_Normal	Normal
AGACTCACAACTTGTCAACGGGAA.1_3|P4_Normal	Normal
AGACTCACACTCCCAAACTTTAGG.1_1|P4_Normal	Normal
AGACTCACATGCCTCAACTTTAGG.1_2|P4_Normal	Normal
AGACTCACATTGCATCACTTTAGG.1_2|P4_Normal	Normal
AGACTCCTCACTTGATAACGGGAA.1_3|P4_Normal	Normal
AGACTCCTCCGGATAGACTTTAGG.1_2|P4_Normal	Normal
AGACTCCTCCTTTCGTACTTTAGG.1_2|P4_Normal	Normal
AGACTGAGTACGAATGACTTTAGG.1_1|P4_Normal	Normal_holdout
AGACTGAGTACTTATGACTTTAGG.1_1|P4_Normal	Normal
AGAGAGCAGACAACTAAACGGGAA.1_3|P4_Normal	Normal
AGAGAGCAGCCACTCGACTTTAGG.1_2|P4_Normal	Normal
AGAGAGCAGGCGCGATAACGGGAA.1_3|P4_Normal	Normal
AGAGGAATCAGGGCACACTTTAGG.1_2|P4_Normal	Normal
AGAGGAATCGGTACGAACTTTAGG.1_1|P4_Normal	Normal
AGAGGAGGTACAAAGTACTTTAGG.1_1|P4_Normal	Normal
AGAGGAGGTACCGTTGACTTTAGG.1_1|P4_Normal	Normal
AGAGGAGGTAGCCAAAACTTTAGG.1_2|P4_Normal	Normal
AGAGGAGGTCGGTTTGAACGGGAA.1_3|P4_Normal	Normal_holdout
AGAGGAGGTGCGATAAACTTTAGG.1_2|P4_Normal	Normal
AGAGGTTTCAACCTCAAACGGGAA.1_3|P4_Normal	Normal_holdout
AGAGGTTTCATCCCAAACTTTAGG.1_2|P4_Normal	Normal
AGATAACGTACGAACAACTTTAGG.1_1|P4_Normal	Normal
AGATAACGTATGTTGCACTTTAGG.1_2|P4_Normal	Normal
AGATAACGTCCTCATCACTTTAGG.1_2|P4_Normal	Normal
AGATAACGTTGCGGCTACTTTAGG.1_1|P4_Normal	Normal_holdout
AGATGCCCACAGCAACACTTTAGG.1_1|P4_Normal	Normal
AGATGCCCATTCAGGAACTTTAGG.1_2|P4_Normal	Normal
AGATTAGTCATGCATTACTTTAGG.1_2|P4_Normal	Normal_holdout
AGATTAGTCGACTCACACTTTAGG.1_2|P4_Normal	Normal
AGATTAGTCGGTAACGAACGGGAA.1_3|P4_Normal	Normal
AGATTCAAGAAAGGCAAACGGGAA.1_3|P4_Normal	Normal
AGATTCAAGACTCCTAAACGGGAA.1_3|P4_Normal	Normal
AGATTCAAGATTGAGCACTTTAGG.1_1|P4_Normal	Normal
AGATTCAAGCTTAGTTACTTTAGG.1_2|P4_Normal	Normal
AGATTCAAGTTAGGGTAACGGGAA.1_3|P4_Normal	Normal
AGATTGATCGAAGCATACTTTAGG.1_1|P4_Normal	Normal
AGATTGATCGAGGCGTACTTTAGG.1_2|P4_Normal	Normal_holdout
AGCAGCCAGAGGAAATAACGGGAA.1_3|P4_Normal	Normal
AGCAGCCAGCAAATCAAACGGGAA.1_3|P4_Normal	Normal_holdout
AGCAGCCAGGTGAGTTAACGGGAA.1_3|P4_Normal	Normal_holdout
AGCAGCCAGTAGCTAAACTTTAGG.1_2|P4_Normal	Normal
AGCAGGCTCAGTAGGTACTTTAGG.1_2|P4_Normal	Normal_holdout
AGCAGGCTCCAATTACACTTTAGG.1_2|P4_Normal	Normal
AGCATCCTCGAAACTAACTTTAGG.1_2|P4_Normal	Normal
AGCATCCTCGTCCATAACTTTAGG.1_2|P4_Normal	Normal
AGCATCCTCTATCTGGAACGGGAA.1_3|P4_Normal	Normal
AGCATGGTCACAATGAACTTTAGG.1_1|P4_Normal	Normal
AGCATGGTCCGCAATCACTTTAGG.1_2|P4_Normal	Normal
AGCATGGTCCTCACGGAACGGGAA.1_3|P4_Normal	Normal
AGCCAATAGCATTTCGAACGGGAA.1_3|P4_Normal	Normal
AGCCAATAGCCATAAAAACGGGAA.1_3|P4_Normal	Normal
AGCCAATAGGCGGATCACTTTAGG.1_1|P4_Normal	Normal
AGCCAATAGGTGAGAAACTTTAGG.1_1|P4_Normal	Normal
AGCCAATAGGTTATCTACTTTAGG.1_1|P4_Normal	Normal
AGCCAATAGTTGGATAACTTTAGG.1_2|P4_Normal	Normal
AGCCATTGTAACGTTCACTTTAGG.1_1|P4_Normal	Normal
AGCCATTGTCCATCAGACTTTAGG.1_2|P4_Normal	Normal
AGCCATTGTCCCTCTGACTTTAGG.1_2|P4_Normal	Normal
AGCCATTGTCCTGCAAACTTTAGG.1_1|P4_Normal	Normal_holdout
AGCCATTGTCGGTTATACTTTAGG.1_2|P4_Normal	Normal
AGCCATTGTGAACCAAACTTTAGG.1_1|P4_Normal	Normal
AGCCATTGTGCATCGCACTTTAGG.1_2|P4_Normal	Normal
AGCCCTGTCAGCATGGACTTTAGG.1_2|P4_Normal	Normal
AGCCCTGTCCCTCTCAAACGGGAA.1_3|P4_Normal	Normal
AGCCCTGTCCGCAACTACTTTAGG.1_2|P4_Normal	Normal
AGCCCTGTCGCGGAACAACGGGAA.1_3|P4_Normal	Normal
AGCCCTGTCGCGGAACACTTTAGG.1_2|P4_Normal	Normal
AGCCCTGTCTCTATGGAACGGGAA.1_3|P4_Normal	Normal
AGCCCTTAGAAACTCAACTTTAGG.1_2|P4_Normal	Normal
AGCCCTTAGGAAGGTAAACGGGAA.1_3|P4_Normal	Normal
AGCCCTTAGTCCTGACACTTTAGG.1_2|P4_Normal	Normal
AGCCTAGAGCCCTGATACTTTAGG.1_2|P4_Normal	Normal
AGCCTAGAGCCTTAATACTTTAGG.1_2|P4_Normal	Normal
AGCCTAGAGGTAAGCTAACGGGAA.1_3|P4_Normal	Normal
AGCCTAGAGGTTCCGTACTTTAGG.1_2|P4_Normal	Normal
AGCCTCTAGATTATCCACTTTAGG.1_2|P4_Normal	Normal_holdout
AGCCTCTAGCAGGCTAACTTTAGG.1_1|P4_Normal	Normal
AGCCTCTAGGATGAAGACTTTAGG.1_1|P4_Normal	Normal
AGCCTGTTCACGTTCAACTTTAGG.1_2|P4_Normal	Normal
AGCCTTCAGATGAAGGAACGGGAA.1_3|P4_Normal	Normal
AGCCTTCAGCTTACATACTTTAGG.1_2|P4_Normal	Normal_holdout
AGCCTTCAGGCTACTCACTTTAGG.1_1|P4_Normal	Normal
AGCCTTCAGTCGCATCACTTTAGG.1_1|P4_Normal	Normal
AGCCTTTCACATTCGTACTTTAGG.1_1|P4_Normal	Normal
AGCGAACGTAAACCCTAACGGGAA.1_3|P4_Normal	Normal
AGCGAACGTCGAAGTAAACGGGAA.1_3|P4_Normal	Normal
AGCGAACGTGGCTCACAACGGGAA.1_3|P4_Normal	Normal_holdout
AGCGAACGTTCACTCCAACGGGAA.1_3|P4_Normal	Normal
AGCGAAGCATGACCAAACTTTAGG.1_2|P4_Normal	Normal
AGCGACTCAACAAGTTACTTTAGG.1_2|P4_Normal	Normal
AGCGACTCAAGGTGCTACTTTAGG.1_2|P4_Normal	Normal
AGCGACTCAAGGTGTCACTTTAGG.1_2|P4_Normal	Normal
AGCGACTCAAGTAAGAACTTTAGG.1_1|P4_Normal	Normal
AGCGACTCACTAACGAACTTTAGG.1_2|P4_Normal	Normal
AGCGACTCAGCAAGCTACTTTAGG.1_2|P4_Normal	Normal
AGCGATCCAACAGATTACTTTAGG.1_2|P4_Normal	Normal
AGCGATCCAAGCTCAAAACGGGAA.1_3|P4_Normal	Normal
AGCGATCCACCTAACTACTTTAGG.1_2|P4_Normal	Normal
AGCGATCCATAGGCGTACTTTAGG.1_2|P4_Normal	Normal
AGCGCGAGTAGTAGCAACTTTAGG.1_2|P4_Normal	Normal
AGCGCGAGTTTAACCAAACGGGAA.1_3|P4_Normal	Normal
AGCGCTAAGAGCAAGAACTTTAGG.1_1|P4_Normal	Normal
AGCGCTAAGGGATGAAACTTTAGG.1_2|P4_Normal	Normal_holdout
AGCGGCTAGATAGCCGACTTTAGG.1_2|P4_Normal	Normal
AGCGGCTAGCTTGAAAAACGGGAA.1_3|P4_Normal	Normal
AGCGGCTAGCTTGAAAACTTTAGG.1_1|P4_Normal	Normal_holdout
AGCGGCTAGGACACGCAACGGGAA.1_3|P4_Normal	Normal
AGCGTTTGTAACCCATACTTTAGG.1_2|P4_Normal	Normal
AGCGTTTGTCCTGACAACTTTAGG.1_1|P4_Normal	Normal
AGCGTTTGTCTAACCGACTTTAGG.1_2|P4_Normal	Normal
AGCTAAATCAGTTTACACTTTAGG.1_2|P4_Normal	Normal
AGCTAAATCCATCCGGAACGGGAA.1_3|P4_Normal	Normal
AGCTAATCAATAGAAGAACGGGAA.1_3|P4_Normal	Normal_holdout
AGCTAATCAATCAAACAACGGGAA.1_3|P4_Normal	Normal
AGCTAATCAGCTCGAGAACGGGAA.1_3|P4_Normal	Normal
AGCTAATCATGCGCCTACTTTAGG.1_2|P4_Normal	Normal_holdout
AGCTACCTCACCTAATACTTTAGG.1_1|P4_Normal	Normal
AGCTATGCAACTAAGTAACGGGAA.1_3|P4_Normal	Normal
AGCTATGCAATTGAGTACTTTAGG.1_2|P4_Normal	Normal
AGCTCAACAACAAGCCAACGGGAA.1_3|P4_Normal	Normal
AGCTCAACAGAAAGGTACTTTAGG.1_1|P4_Normal	Normal
AGCTGCAAGCGAGTTGAACGGGAA.1_3|P4_Normal	Normal
AGCTGCAAGCGGGACTACTTTAGG.1_1|P4_Normal	Normal
AGCTGCAAGCTGGGTAACTTTAGG.1_1|P4_Normal	Normal
AGCTGGATCATTTAGCAACGGGAA.1_3|P4_Normal	Normal
AGCTGGCAGGCGAGTCACTTTAGG.1_2|P4_Normal	Normal
AGCTGGCAGGTTTCGCACTTTAGG.1_2|P4_Normal	Normal_holdout
AGCTGGCAGTACCAGGACTTTAGG.1_1|P4_Normal	Normal
AGCTTCCAGACATAGCACTTTAGG.1_1|P4_Normal	Normal
AGCTTCCAGAGGTTCGAACGGGAA.1_3|P4_Normal	Normal
AGCTTCCAGATTATCCACTTTAGG.1_1|P4_Normal	Normal
AGCTTCCAGTTTGGTTACTTTAGG.1_2|P4_Normal	Normal
AGCTTCTCAATGGGAGACTTTAGG.1_1|P4_Normal	Normal
AGCTTCTCATATAGGTAACGGGAA.1_3|P4_Normal	Normal
AGCTTGTGTAGCTATCACTTTAGG.1_1|P4_Normal	Normal_holdout
AGCTTGTGTTAATTCGACTTTAGG.1_1|P4_Normal	Normal
AGCTTGTGTTAGGCGGACTTTAGG.1_2|P4_Normal	Normal
AGCTTGTGTTGCACTGAACGGGAA.1_3|P4_Normal	Normal
AGGAACCGTATTTACGAACGGGAA.1_3|P4_Normal	Normal_holdout
AGGAACCGTCAGGATAACTTTAGG.1_1|P4_Normal	Normal
AGGAACCGTCATGAAGACTTTAGG.1_2|P4_Normal	Normal
AGGAACCGTGCGATAAACTTTAGG.1_1|P4_Normal	Normal
AGGAACCGTGTGATGAAACGGGAA.1_3|P4_Normal	Normal_holdout
AGGAACCGTTATGAGGAACGGGAA.1_3|P4_Normal	Normal
AGGAACCGTTTGCTCCAACGGGAA.1_3|P4_Normal	Normal
AGGACAAAGGATTAGCACTTTAGG.1_2|P4_Normal	Normal
AGGAGGTAGCAACTTTACTTTAGG.1_2|P4_Normal	Normal
AGGAGGTAGCTAGCCTAACGGGAA.1_3|P4_Normal	Normal
AGGAGGTAGGTTAGACAACGGGAA.1_3|P4_Normal	Normal
AGGATCAGTAGCGCGAAACGGGAA.1_3|P4_Normal	Normal
AGGATCAGTCACACCAACTTTAGG.1_1|P4_Normal	Normal
AGGATCAGTTGCATCGACTTTAGG.1_2|P4_Normal	Normal
AGGCCAGGTAACTACCAACGGGAA.1_3|P4_Normal	Normal
AGGCCAGGTAAGCGTAACTTTAGG.1_2|P4_Normal	Normal
AGGCCAGGTAATCCGTACTTTAGG.1_2|P4_Normal	Normal
AGGCCAGGTATGGTGAAACGGGAA.1_3|P4_Normal	Normal
AGGCCAGGTGATTACCACTTTAGG.1_1|P4_Normal	Normal_holdout
AGGCCAGGTTAGGTGAACTTTAGG.1_1|P4_Normal	Normal
AGGCCATCAACTTCGTAACGGGAA.1_3|P4_Normal	Normal
AGGCCATCACTAACAGACTTTAGG.1_2|P4_Normal	Normal
AGGCCATCATCAATCCACTTTAGG.1_2|P4_Normal	Normal
AGGCCTAAGGATCCCTAACGGGAA.1_3|P4_Normal	Normal
AGGCGAGAGACTAACAACTTTAGG.1_2|P4_Normal	Normal
AGGCGAGAGATGCCTCACTTTAGG.1_1|P4_Normal	Normal_holdout
AGGCGCAGTGGGAACTACTTTAGG.1_2|P4_Normal	Normal
AGGCGCAGTTAGTGGAAACGGGAA.1_3|P4_Normal	Normal
AGGCGCTAGCACGGTAAACGGGAA.1_3|P4_Normal	Normal
AGGCGCTAGCCCTTGGAACGGGAA.1_3|P4_Normal	Normal
AGGCGCTAGCCCTTGGACTTTAGG.1_2|P4_Normal	Normal
AGGCGCTAGCTAAATGAACGGGAA.1_3|P4_Normal	Normal
AGGCTATAGAGGTTCGACTTTAGG.1_1|P4_Normal	Normal
AGGCTATAGCCACTCGAACGGGAA.1_3|P4_Normal	Normal
AGGCTATAGCTAAACAAACGGGAA.1_3|P4_Normal	Normal
AGGCTATAGTAAAGGGAACGGGAA.1_3|P4_Normal	Normal
AGGCTATAGTCGCGAAACTTTAGG.1_2|P4_Normal	Normal
AGGCTATAGTTGCAGGACTTTAGG.1_1|P4_Normal	Normal
AGGCTTGAGCGGGACTAACGGGAA.1_3|P4_Normal	Normal
AGGCTTGAGGATGTTAACTTTAGG.1_2|P4_Normal	Normal
AGGCTTGAGTAATTGGACTTTAGG.1_1|P4_Normal	Normal
AGGCTTTGTCGCAATTACTTTAGG.1_2|P4_Normal	Normal
AGGCTTTGTGACATGAAACGGGAA.1_3|P4_Normal	Normal
AGGGACCTCATGAATGACTTTAGG.1_2|P4_Normal	Normal
AGGGACCTCCATCCGGACTTTAGG.1_1|P4_Normal	Normal
AGGGACCTCGGGACTAACTTTAGG.1_2|P4_Normal	Normal
AGGGACCTCGTAACCCACTTTAGG.1_2|P4_Normal	Normal
AGGGAGTAGCACGCAAAACGGGAA.1_3|P4_Normal	Normal
AGGGAGTAGCTTACATACTTTAGG.1_1|P4_Normal	Normal
AGGGAGTAGGTGAATCAACGGGAA.1_3|P4_Normal	Normal
AGGGAGTAGTTAACAGACTTTAGG.1_2|P4_Normal	Normal
AGGGCTATCGTAACCCACTTTAGG.1_2|P4_Normal	Normal
AGGGCTTCACGGTACGAACGGGAA.1_3|P4_Normal	Normal
AGGGCTTCATGAGCTAACTTTAGG.1_1|P4_Normal	Normal
AGGGTCCAGGCCATGAACTTTAGG.1_2|P4_Normal	Normal
AGGGTCCAGGGATGAAACTTTAGG.1_2|P4_Normal	Normal
AGGGTCCAGTAAGTGCACTTTAGG.1_2|P4_Normal	Normal
AGGGTGGAGCACGGTAAACGGGAA.1_3|P4_Normal	Normal
AGGGTGGAGGATGCATAACGGGAA.1_3|P4_Normal	Normal_holdout
AGGGTGGAGGTCACAGAACGGGAA.1_3|P4_Normal	Normal
AGGGTTAGTATATTCGACTTTAGG.1_1|P4_Normal	Normal
AGGGTTAGTCTTACTTACTTTAGG.1_1|P4_Normal	Normal
AGGGTTAGTGGCGTAGACTTTAGG.1_2|P4_Normal	Normal
AGGGTTAGTTGCGGCTACTTTAGG.1_1|P4_Normal	Normal
AGGTGAGCAGAATGAAAACGGGAA.1_3|P4_Normal	Normal
AGGTGATTCTATGGCCACTTTAGG.1_1|P4_Normal	Normal_holdout
AGGTGGGAGGGTTATAACTTTAGG.1_2|P4_Normal	Normal
AGGTGGGAGGTTGGGCACTTTAGG.1_2|P4_Normal	Normal
AGGTGGGAGTCTACCAACTTTAGG.1_1|P4_Normal	Normal
AGGTTAATCACAAATGAACGGGAA.1_3|P4_Normal	Normal
AGGTTAATCCTGGAAGACTTTAGG.1_1|P4_Normal	Normal_holdout
AGGTTAATCGTTCAATAACGGGAA.1_3|P4_Normal	Normal_holdout
AGGTTCGAGCACGTTCACTTTAGG.1_1|P4_Normal	Normal
AGGTTCGAGCATCCCGACTTTAGG.1_1|P4_Normal	Normal
AGGTTCGAGCCCTTGGACTTTAGG.1_2|P4_Normal	Normal_holdout
AGGTTCGAGCCTGGTTACTTTAGG.1_1|P4_Normal	Normal
AGGTTCTGTACTTATGACTTTAGG.1_1|P4_Normal	Normal
AGGTTGAGTCCCTCATACTTTAGG.1_1|P4_Normal	Normal
AGTAAACGTACCTCAGAACGGGAA.1_3|P4_Normal	Normal_holdout
AGTAAACGTAGCGGATACTTTAGG.1_1|P4_Normal	Normal
AGTAAACGTATGTGAGACTTTAGG.1_2|P4_Normal	Normal
AGTAACCAGCAACATAAACGGGAA.1_3|P4_Normal	Normal_holdout
AGTAACCAGCTCCCTCAACGGGAA.1_3|P4_Normal	Normal
AGTAACCAGTTAACAGACTTTAGG.1_1|P4_Normal	Normal_holdout
AGTAACCAGTTTCGCAACTTTAGG.1_2|P4_Normal	Normal
AGTAAGCTCAAACCGGACTTTAGG.1_2|P4_Normal	Normal_holdout
AGTAAGCTCACTCGCGACTTTAGG.1_2|P4_Normal	Normal
AGTAAGCTCATAGGCGAACGGGAA.1_3|P4_Normal	Normal
AGTAAGCTCGACCGTTAACGGGAA.1_3|P4_Normal	Normal
AGTAAGCTCTCTATGGAACGGGAA.1_3|P4_Normal	Normal_holdout
AGTAAGTGTTAGGCGGACTTTAGG.1_1|P4_Normal	Normal_holdout
AGTAAGTGTTGTTGTAACTTTAGG.1_2|P4_Normal	Normal
AGTACTGCAAGCGATCAACGGGAA.1_3|P4_Normal	Normal
AGTACTGCAAGCGATCACTTTAGG.1_2|P4_Normal	Normal
AGTACTGCACCTTTGGAACGGGAA.1_3|P4_Normal	Normal_holdout
AGTACTGCAGTGAGAGACTTTAGG.1_1|P4_Normal	Normal
AGTAGGCGTCAAAGATACTTTAGG.1_1|P4_Normal	Normal
AGTAGGCGTCCTCCTGACTTTAGG.1_2|P4_Normal	Normal
AGTAGGCGTGACCTGCACTTTAGG.1_2|P4_Normal	Normal
AGTAGGCGTTAGTCTAACTTTAGG.1_2|P4_Normal	Normal
AGTAGGCGTTGAGGACAACGGGAA.1_3|P4_Normal	Normal
AGTAGGTTCGAGGCACAACGGGAA.1_3|P4_Normal	Normal_holdout
AGTAGGTTCGATATAGAACGGGAA.1_3|P4_Normal	Normal
AGTAGGTTCTTGAGGGAACGGGAA.1_3|P4_Normal	Normal
AGTATCCGTACTGCCAACTTTAGG.1_2|P4_Normal	Normal_holdout
AGTATCCGTTAAGGCAAACGGGAA.1_3|P4_Normal	Normal_holdout
AGTATCCGTTAAGGCAACTTTAGG.1_2|P4_Normal	Normal
AGTATCCGTTGTTTGAACTTTAGG.1_1|P4_Normal	Normal
AGTCAATCAAGCTAATAACGGGAA.1_3|P4_Normal	Normal_holdout
AGTCAATCAGCACTAAACTTTAGG.1_2|P4_Normal	Normal
AGTCAATCAGCCAGCAAACGGGAA.1_3|P4_Normal	Normal
AGTCAATCAGGTAGCTACTTTAGG.1_1|P4_Normal	Normal
AGTCAATCATCATCACACTTTAGG.1_1|P4_Normal	Normal
AGTCACACACTAACAGAACGGGAA.1_3|P4_Normal	Normal
AGTCACACAGGCTTAAAACGGGAA.1_3|P4_Normal	Normal
AGTCATAAGCAATCGGAACGGGAA.1_3|P4_Normal	Normal
AGTCGCGCAAACCCAAACTTTAGG.1_2|P4_Normal	Normal_holdout
AGTCGCGCACACTGGGAACGGGAA.1_3|P4_Normal	Normal
AGTCGTTGTATTGGGAAACGGGAA.1_3|P4_Normal	Normal
AGTCGTTGTTCTCAAAAACGGGAA.1_3|P4_Normal	Normal
AGTCGTTGTTGTCAGTACTTTAGG.1_1|P4_Normal	Normal
AGTGACCCACATAAACACTTTAGG.1_1|P4_Normal	Normal_holdout
AGTGACCCACTAACAGAACGGGAA.1_3|P4_Normal	Normal
AGTGACCCAGCTAGACAACGGGAA.1_3|P4_Normal	Normal
AGTGACCCATAGCCGGACTTTAGG.1_1|P4_Normal	Normal
AGTGACCCATGTTTCAACTTTAGG.1_2|P4_Normal	Normal
AGTGATCAGTCGAAGTAACGGGAA.1_3|P4_Normal	Normal
AGTGATCAGTCGAAGTACTTTAGG.1_2|P4_Normal	Normal
AGTGATGGTCCCTCATACTTTAGG.1_1|P4_Normal	Normal
AGTGATGGTGAACCAAAACGGGAA.1_3|P4_Normal	Normal
AGTGATGGTGAACCAAACTTTAGG.1_2|P4_Normal	Normal
AGTGATTCAAGAACAAAACGGGAA.1_3|P4_Normal	Normal
AGTGATTCAGCATTTCACTTTAGG.1_2|P4_Normal	Normal
AGTGATTCATATAGGTACTTTAGG.1_2|P4_Normal	Normal
AGTGCAAGTAAAGGCCACTTTAGG.1_1|P4_Normal	Normal
AGTGCAAGTCAACTACACTTTAGG.1_2|P4_Normal	Normal
AGTGCAAGTCATGATCAACGGGAA.1_3|P4_Normal	Normal
AGTGCGGGTCCTCCATACTTTAGG.1_1|P4_Normal	Normal
AGTGCGGGTTCCGGGTACTTTAGG.1_2|P4_Normal	Normal
AGTGCGGGTTGGTTTAACTTTAGG.1_2|P4_Normal	Normal
AGTGCTGAGCTGGGTAAACGGGAA.1_3|P4_Normal	Normal
AGTGCTGAGGAGGATAACTTTAGG.1_1|P4_Normal	Normal
AGTGCTGAGGTGGATTACTTTAGG.1_2|P4_Normal	Normal_holdout
AGTGGATTCCGGACAAAACGGGAA.1_3|P4_Normal	Normal_holdout
AGTGGATTCGTCAACCACTTTAGG.1_1|P4_Normal	Normal
AGTGGATTCTGGGAATAACGGGAA.1_3|P4_Normal	Normal
AGTGGCGGTGGGTGTGAACGGGAA.1_3|P4_Normal	Normal
AGTGGGTGTAACCGCCAACGGGAA.1_3|P4_Normal	Normal
AGTGGGTGTAACCGCCACTTTAGG.1_2|P4_Normal	Normal
AGTGGGTGTATGTTGCAACGGGAA.1_3|P4_Normal	Normal
AGTGGGTGTATTCAGCACTTTAGG.1_1|P4_Normal	Normal_holdout
AGTGGGTGTTAAGGATAACGGGAA.1_3|P4_Normal	Normal
AGTGGGTGTTAGTGCTACTTTAGG.1_1|P4_Normal	Normal
AGTTACGCACCTGGTCACTTTAGG.1_1|P4_Normal	Normal
AGTTACGCACGGTACGACTTTAGG.1_2|P4_Normal	Normal
AGTTACGCATGAGCTAAACGGGAA.1_3|P4_Normal	Normal_holdout
AGTTACGCATGAGCTAACTTTAGG.1_2|P4_Normal	Normal
AGTTACTTCAAACCAAAACGGGAA.1_3|P4_Normal	Normal
AGTTACTTCATGATGAAACGGGAA.1_3|P4_Normal	Normal
AGTTAGGGTAATGCCTAACGGGAA.1_3|P4_Normal	Normal
AGTTAGGGTAGCCTTGACTTTAGG.1_2|P4_Normal	Normal_holdout
AGTTAGGGTCACCAGCACTTTAGG.1_2|P4_Normal	Normal
AGTTAGGGTCTCAGCAAACGGGAA.1_3|P4_Normal	Normal
AGTTATCTCCCATAGCACTTTAGG.1_1|P4_Normal	Normal
AGTTATCTCCTAAATCACTTTAGG.1_2|P4_Normal	Normal
AGTTATCTCCTCTAAGACTTTAGG.1_2|P4_Normal	Normal
AGTTATCTCGCAGGACAACGGGAA.1_3|P4_Normal	Normal
AGTTATCTCGTTATGTACTTTAGG.1_1|P4_Normal	Normal
AGTTATCTCTAACTACAACGGGAA.1_3|P4_Normal	Normal
AGTTCCTCAAGTAAGAAACGGGAA.1_3|P4_Normal	Normal_holdout
AGTTCCTCATAGTCAGACTTTAGG.1_2|P4_Normal	Normal
AGTTGCCTCCGCAACTAACGGGAA.1_3|P4_Normal	Normal
AGTTGCCTCCTTAGGCACTTTAGG.1_2|P4_Normal	Normal_holdout
AGTTGCCTCGCAACGAAACGGGAA.1_3|P4_Normal	Normal
AGTTGCCTCGGCTAAGACTTTAGG.1_2|P4_Normal	Normal
AGTTGGCCAATGAGCCAACGGGAA.1_3|P4_Normal	Normal_holdout
AGTTGGCCACATTGTCAACGGGAA.1_3|P4_Normal	Normal
AGTTGGCCAGCTAAGCACTTTAGG.1_2|P4_Normal	Normal
AGTTGGCCATACTGAGAACGGGAA.1_3|P4_Normal	Normal
ATAAACCCACCAGCTCACTTTAGG.1_2|P4_Normal	Normal_holdout
ATAAACCCAGCTCATTACTTTAGG.1_2|P4_Normal	Normal
ATAAAGGCAAACTTCCAACGGGAA.1_3|P4_Normal	Normal
ATAAAGGCAGATAGCCAACGGGAA.1_3|P4_Normal	Normal
ATAAAGGCATGGCCGAAACGGGAA.1_3|P4_Normal	Normal
ATAAAGGCATTAGCGAACTTTAGG.1_2|P4_Normal	Normal
ATAACCAAGCAACATAACTTTAGG.1_1|P4_Normal	Normal
ATAACCAAGCACGCAAACTTTAGG.1_2|P4_Normal	Normal
ATAACCAAGGAACCTGACTTTAGG.1_1|P4_Normal	Normal
ATAACCAAGTCCTGCGAACGGGAA.1_3|P4_Normal	Normal_holdout
ATAACCCGTATTGTCAACTTTAGG.1_2|P4_Normal	Normal
ATAACCCGTTTCGCCTAACGGGAA.1_3|P4_Normal	Normal
ATAAGCATCACTAGGGAACGGGAA.1_3|P4_Normal	Normal
ATAAGCATCACTAGGGACTTTAGG.1_2|P4_Normal	Normal
ATAAGCATCTAACCATACTTTAGG.1_2|P4_Normal	Normal
ATAAGCATCTGTCAGCAACGGGAA.1_3|P4_Normal	Normal_holdout
ATAAGCCAGATAACGCAACGGGAA.1_3|P4_Normal	Normal_holdout
ATAAGCCAGCATCTTGAACGGGAA.1_3|P4_Normal	Normal
ATAAGCCAGCGAATCGAACGGGAA.1_3|P4_Normal	Normal
ATAAGCCAGCTATATCAACGGGAA.1_3|P4_Normal	Normal
ATAAGCCAGCTCGATCAACGGGAA.1_3|P4_Normal	Normal
ATAAGCCAGGTTCATTACTTTAGG.1_2|P4_Normal	Normal
ATAAGCCAGTCCTGCGAACGGGAA.1_3|P4_Normal	Normal
ATAAGCCAGTGATCAAACTTTAGG.1_1|P4_Normal	Normal
ATAAGCCAGTTGACGGAACGGGAA.1_3|P4_Normal	Normal
ATAAGGTGTTCACCAGACTTTAGG.1_2|P4_Normal	Normal
ATAATGGTCATTATGCACTTTAGG.1_1|P4_Normal	Normal_holdout
ATAATGGTCCAGAAACACTTTAGG.1_2|P4_Normal	Normal
ATAATGGTCGAAGTTAACTTTAGG.1_2|P4_Normal	Normal_holdout
ATAATGGTCGCTATATAACGGGAA.1_3|P4_Normal	Normal
ATACCCGGTCATGATCACTTTAGG.1_2|P4_Normal	Normal_holdout
ATACCCGGTGCATTACACTTTAGG.1_1|P4_Normal	Normal
ATACCCGGTGCGGCTTAACGGGAA.1_3|P4_Normal	Normal
ATACCCGGTGTGACCCACTTTAGG.1_2|P4_Normal	Normal
ATACCCGGTTAGTCTAACTTTAGG.1_1|P4_Normal	Normal
ATACCTGTCACTCGCGACTTTAGG.1_1|P4_Normal	Normal
ATACCTGTCAGGTAGTACTTTAGG.1_1|P4_Normal	Normal
ATACCTGTCATGAGGTACTTTAGG.1_2|P4_Normal	Normal
ATACCTGTCATTATGCACTTTAGG.1_2|P4_Normal	Normal
ATACCTGTCCCTGGTGACTTTAGG.1_2|P4_Normal	Normal
ATACCTGTCGCTATATACTTTAGG.1_2|P4_Normal	Normal
ATACCTGTCTTAAGCTACTTTAGG.1_2|P4_Normal	Normal_holdout
ATACCTTAGCATCTATACTTTAGG.1_1|P4_Normal	Normal
ATACGTAAGCGCTAGAAACGGGAA.1_3|P4_Normal	Normal
ATACGTAAGCTCGACTAACGGGAA.1_3|P4_Normal	Normal
ATACGTAAGGGCGGAAACTTTAGG.1_1|P4_Normal	Normal
ATACGTAAGGTTCATTACTTTAGG.1_2|P4_Normal	Normal
ATACTGGCATCATAGGACTTTAGG.1_1|P4_Normal	Normal
ATACTGGCATGGCCGAAACGGGAA.1_3|P4_Normal	Normal
ATACTGGCATGGCCGAACTTTAGG.1_2|P4_Normal	Normal
ATACTGTTCAATGTGAACTTTAGG.1_2|P4_Normal	Normal
ATACTGTTCCATAACTAACGGGAA.1_3|P4_Normal	Normal
ATACTGTTCCGCTATAACTTTAGG.1_2|P4_Normal	Normal
ATAGAAGCACACTAAGACTTTAGG.1_2|P4_Normal	Normal
ATAGAAGCATCATGCTAACGGGAA.1_3|P4_Normal	Normal
ATAGAAGCATTTATCGACTTTAGG.1_2|P4_Normal	Normal
ATAGACTCACAATGGCACTTTAGG.1_2|P4_Normal	Normal
ATAGCAGGTCGTAAAGACTTTAGG.1_1|P4_Normal	Normal
ATAGCAGGTTCACCTCAACGGGAA.1_3|P4_Normal	Normal
ATAGCAGGTTCCGCAAACTTTAGG.1_1|P4_Normal	Normal
ATAGCGAGTATGGGACACTTTAGG.1_1|P4_Normal	Normal_holdout
ATAGCTTTCAGGCCTTACTTTAGG.1_2|P4_Normal	Normal
ATAGCTTTCCTTTGGAAACGGGAA.1_3|P4_Normal	Normal
ATAGCTTTCGGTACAGAACGGGAA.1_3|P4_Normal	Normal_holdout
ATAGGATGTACTTCCCACTTTAGG.1_2|P4_Normal	Normal
ATAGGATGTATGTTGCACTTTAGG.1_2|P4_Normal	Normal_holdout
ATAGGATGTCCATCAGAACGGGAA.1_3|P4_Normal	Normal_holdout
ATAGGATGTCCTCCATACTTTAGG.1_1|P4_Normal	Normal
ATAGGATGTGGTTAAGACTTTAGG.1_2|P4_Normal	Normal
ATAGGCGTCACTTCGAACTTTAGG.1_2|P4_Normal	Normal
ATAGGCGTCCATTAACACTTTAGG.1_2|P4_Normal	Normal
ATAGGCTAGCTAAACAACTTTAGG.1_1|P4_Normal	Normal
ATAGGCTAGGGTTAACACTTTAGG.1_1|P4_Normal	Normal
ATAGGCTAGGTCAAACACTTTAGG.1_1|P4_Normal	Normal
ATATAGCCACCACAAAACTTTAGG.1_2|P4_Normal	Normal_holdout
ATATAGCCACCATCATACTTTAGG.1_1|P4_Normal	Normal
ATATAGGTCACATTACAACGGGAA.1_3|P4_Normal	Normal
ATATCGAAGCAAACCGAACGGGAA.1_3|P4_Normal	Normal
ATATGCAAGGCCTCTGAACGGGAA.1_3|P4_Normal	Normal
ATATTCGGTAACGTGAACTTTAGG.1_2|P4_Normal	Normal
ATATTCGGTGAACGTAAACGGGAA.1_3|P4_Normal	Normal
ATATTCGGTGACATTCACTTTAGG.1_1|P4_Normal	Normal
ATATTCGGTGTTTCGGACTTTAGG.1_2|P4_Normal	Normal
ATATTCGGTTAGTGAGACTTTAGG.1_2|P4_Normal	Normal
ATCAGGTAGATTGAGCAACGGGAA.1_3|P4_Normal	Normal
ATCAGGTAGCTAAATGAACGGGAA.1_3|P4_Normal	Normal
ATCAGGTAGGATGCATAACGGGAA.1_3|P4_Normal	Normal_holdout
ATCAGGTAGGGCAGTCAACGGGAA.1_3|P4_Normal	Normal
ATCATCAGTGCTTCGAACTTTAGG.1_2|P4_Normal	Normal
ATCCATCCAGCCTGAGAACGGGAA.1_3|P4_Normal	Normal
ATCCATCCAGCCTGAGACTTTAGG.1_2|P4_Normal	Normal
ATCCATCCATAAGTCGAACGGGAA.1_3|P4_Normal	Normal
ATCCCAATCAGCGGGTAACGGGAA.1_3|P4_Normal	Normal
ATCCCAATCATCGATTACTTTAGG.1_2|P4_Normal	Normal_holdout
ATCCCAATCCATCCTTACTTTAGG.1_2|P4_Normal	Normal
ATCCCAATCGTTAACTAACGGGAA.1_3|P4_Normal	Normal
ATCCCAATCGTTAACTACTTTAGG.1_2|P4_Normal	Normal
ATCCTTGAGATAACCAACTTTAGG.1_2|P4_Normal	Normal
ATCCTTGAGCATCTTGAACGGGAA.1_3|P4_Normal	Normal
ATCCTTGAGCTGGACAAACGGGAA.1_3|P4_Normal	Normal
ATCCTTGAGGTGCACAACTTTAGG.1_2|P4_Normal	Normal
ATCCTTGAGTACCCACAACGGGAA.1_3|P4_Normal	Normal
ATCCTTGAGTCGTTCAAACGGGAA.1_3|P4_Normal	Normal
ATCCTTGAGTGCCCTGAACGGGAA.1_3|P4_Normal	Normal
ATCCTTTGTAGTAGCAACTTTAGG.1_2|P4_Normal	Normal
ATCCTTTGTATTGACCAACGGGAA.1_3|P4_Normal	Normal
ATCCTTTGTCAATACCACTTTAGG.1_2|P4_Normal	Normal
ATCCTTTGTGGCCCATACTTTAGG.1_2|P4_Normal	Normal
ATCGAACAGGAACCTGACTTTAGG.1_1|P4_Normal	Normal
ATCGAACAGTTTACCGAACGGGAA.1_3|P4_Normal	Normal
ATCGATGCAAGTTAACACTTTAGG.1_2|P4_Normal	Normal
ATCGATGCACACTGGGACTTTAGG.1_1|P4_Normal	Normal_holdout
ATCGATGCACCAGCCTACTTTAGG.1_1|P4_Normal	Normal
ATCGATGCACCGGCAAAACGGGAA.1_3|P4_Normal	Normal_holdout
ATCGATGCACCGGCAAACTTTAGG.1_1|P4_Normal	Normal
ATCGATGCACGGTTCCAACGGGAA.1_3|P4_Normal	Normal
ATCGATGCACTGACTTACTTTAGG.1_2|P4_Normal	Normal
ATCGATGCAGGTGACTAACGGGAA.1_3|P4_Normal	Normal_holdout
ATCGATGCATGCGGATAACGGGAA.1_3|P4_Normal	Normal
ATCGATGCATGGCGCAACTTTAGG.1_1|P4_Normal	Normal
ATCGATTTCAATACAGAACGGGAA.1_3|P4_Normal	Normal
ATCGATTTCAGGAGCCACTTTAGG.1_2|P4_Normal	Normal_holdout
ATCGATTTCGTTCGTAACTTTAGG.1_2|P4_Normal	Normal
ATCGCGCGTCCTCATCACTTTAGG.1_2|P4_Normal	Normal
ATCGCTCAGGATGGTTAACGGGAA.1_3|P4_Normal	Normal
ATCGCTTCAGCACCTCACTTTAGG.1_2|P4_Normal	Normal
ATCGCTTCATCCGTCAACTTTAGG.1_2|P4_Normal	Normal_holdout
ATCGGGCAGCAGGCTAACTTTAGG.1_2|P4_Normal	Normal
ATCGGGCAGGCTAGATACTTTAGG.1_2|P4_Normal	Normal
ATCGGGCAGTTTGGTTACTTTAGG.1_1|P4_Normal	Normal
ATCGTGACAGCCTATTACTTTAGG.1_2|P4_Normal	Normal
ATCGTGACAGGTATTGAACGGGAA.1_3|P4_Normal	Normal
ATCGTGACATAGACCAACTTTAGG.1_2|P4_Normal	Normal
ATCGTGACATGGCCGAACTTTAGG.1_1|P4_Normal	Normal
ATCGTGCTCAAGCGATAACGGGAA.1_3|P4_Normal	Normal
ATCGTGCTCACTTGATACTTTAGG.1_1|P4_Normal	Normal
ATCGTTAGTAATTGCCACTTTAGG.1_2|P4_Normal	Normal
ATCGTTAGTTGTGAGAAACGGGAA.1_3|P4_Normal	Normal
ATCTAGCGTGCATTACACTTTAGG.1_1|P4_Normal	Normal
ATCTAGCGTTGGTTACACTTTAGG.1_2|P4_Normal	Normal
ATCTAGCGTTGTGAGAACTTTAGG.1_2|P4_Normal	Normal
ATCTTAGGTCAGTGCCACTTTAGG.1_2|P4_Normal	Normal
ATCTTAGGTCCAGCTAACTTTAGG.1_1|P4_Normal	Normal_holdout
ATGAAAGCACTATCACACTTTAGG.1_1|P4_Normal	Normal
ATGAAAGCACTCAGTTACTTTAGG.1_2|P4_Normal	Normal_holdout
ATGAAAGCAGATTGCAAACGGGAA.1_3|P4_Normal	Normal
ATGAAAGCATCTATCAACTTTAGG.1_2|P4_Normal	Normal
ATGACTTTCACCAGGAACTTTAGG.1_2|P4_Normal	Normal_holdout
ATGACTTTCATGCATTACTTTAGG.1_2|P4_Normal	Normal
ATGACTTTCCATAAAGAACGGGAA.1_3|P4_Normal	Normal_holdout
ATGACTTTCCTTATGGACTTTAGG.1_2|P4_Normal	Normal
ATGACTTTCGAAGTTAAACGGGAA.1_3|P4_Normal	Normal_holdout
ATGACTTTCGAGGCACACTTTAGG.1_1|P4_Normal	Normal
ATGACTTTCGCAACGAAACGGGAA.1_3|P4_Normal	Normal
ATGACTTTCGCAACGAACTTTAGG.1_2|P4_Normal	Normal
ATGAGGAAGAGGATGAAACGGGAA.1_3|P4_Normal	Normal
ATGAGGAAGCCAAACGACTTTAGG.1_2|P4_Normal	Normal
ATGAGGAAGCTACGTCACTTTAGG.1_1|P4_Normal	Normal
ATGAGGAAGGAGCCGTACTTTAGG.1_1|P4_Normal	Normal
ATGAGGAAGGCTCCATACTTTAGG.1_1|P4_Normal	Normal
ATGAGGAAGTTGCGGAACTTTAGG.1_2|P4_Normal	Normal
ATGAGGCGTACGTTCGACTTTAGG.1_1|P4_Normal	Normal_holdout
ATGAGGCGTCGTTCTCACTTTAGG.1_2|P4_Normal	Normal
ATGAGGCGTTGCGGCTACTTTAGG.1_1|P4_Normal	Normal_holdout
ATGAGGTTCAATACAGAACGGGAA.1_3|P4_Normal	Normal
ATGAGGTTCATGCCTAACTTTAGG.1_2|P4_Normal	Normal
ATGAGGTTCGCGCATTAACGGGAA.1_3|P4_Normal	Normal
ATGAGGTTCGTCCCGAACTTTAGG.1_2|P4_Normal	Normal
ATGAGGTTCTCACCTTAACGGGAA.1_3|P4_Normal	Normal_holdout
ATGAGGTTCTTGAAAGAACGGGAA.1_3|P4_Normal	Normal
ATGATCAAGCTATTACAACGGGAA.1_3|P4_Normal	Normal
ATGATCAAGGCCATTCACTTTAGG.1_1|P4_Normal	Normal
ATGATCAAGGCTGGTAAACGGGAA.1_3|P4_Normal	Normal
ATGATCAAGTGATTTCAACGGGAA.1_3|P4_Normal	Normal
ATGCAACAGAAGTAGGACTTTAGG.1_2|P4_Normal	Normal_holdout
ATGCACCTCACTATACACTTTAGG.1_1|P4_Normal	Normal_holdout
ATGCACCTCCAGAACGACTTTAGG.1_1|P4_Normal	Normal
ATGCATTTCCTCAATGACTTTAGG.1_2|P4_Normal	Normal
ATGCCTATCCAGAAACAACGGGAA.1_3|P4_Normal	Normal
ATGCCTATCCATTAACACTTTAGG.1_1|P4_Normal	Normal
ATGCCTATCGGCTAAGAACGGGAA.1_3|P4_Normal	Normal
ATGCGATAGCAAGTTAAACGGGAA.1_3|P4_Normal	Normal
ATGCGATAGCCAGAGCACTTTAGG.1_1|P4_Normal	Normal
ATGCGATAGCCTTAATAACGGGAA.1_3|P4_Normal	Normal
ATGCGATAGCCTTAATACTTTAGG.1_2|P4_Normal	Normal
ATGCGATAGGGTGGGAACTTTAGG.1_2|P4_Normal	Normal
ATGCGTCTCCAAATAGACTTTAGG.1_2|P4_Normal	Normal_holdout
ATGCGTCTCCCTCGCTACTTTAGG.1_2|P4_Normal	Normal
ATGCGTCTCGCATTTGAACGGGAA.1_3|P4_Normal	Normal
ATGGACCCAAATGACTAACGGGAA.1_3|P4_Normal	Normal
ATGGACCCAACCGTGGACTTTAGG.1_1|P4_Normal	Normal_holdout
ATGGACCCACCAGCTCAACGGGAA.1_3|P4_Normal	Normal
ATGGACCCATTACTTGACTTTAGG.1_2|P4_Normal	Normal
ATGGACCCATTGAGATAACGGGAA.1_3|P4_Normal	Normal
ATGGAGGCAAAGCTCAAACGGGAA.1_3|P4_Normal	Normal
ATGGAGGCAACCATTCAACGGGAA.1_3|P4_Normal	Normal
ATGGAGGCATCACGCCAACGGGAA.1_3|P4_Normal	Normal
ATGGATCAGATTCGTTACTTTAGG.1_2|P4_Normal	Normal
ATGGATCAGGTCGAGCACTTTAGG.1_2|P4_Normal	Normal
ATGGATCAGGTTCGAGAACGGGAA.1_3|P4_Normal	Normal
ATGGATCAGTACCAGGACTTTAGG.1_1|P4_Normal	Normal
ATGGATCAGTTTACCGAACGGGAA.1_3|P4_Normal	Normal_holdout
ATGGATGGTCGGTTATACTTTAGG.1_2|P4_Normal	Normal
ATGGCCCGTTCTTGAAAACGGGAA.1_3|P4_Normal	Normal
ATGGCCTTCAGTTTACACTTTAGG.1_2|P4_Normal	Normal
ATGGCCTTCCAATACTACTTTAGG.1_2|P4_Normal	Normal
ATGGCCTTCCCTCATTACTTTAGG.1_2|P4_Normal	Normal
ATGGCCTTCCCTCGTCAACGGGAA.1_3|P4_Normal	Normal_holdout
ATGGCCTTCCGCTATAACTTTAGG.1_1|P4_Normal	Normal
ATGGCCTTCGACTTTGAACGGGAA.1_3|P4_Normal	Normal
ATGGCCTTCGCACACTACTTTAGG.1_1|P4_Normal	Normal
ATGGCTTGTCAAAGGCACTTTAGG.1_2|P4_Normal	Normal
ATGGCTTGTTAGCTCGACTTTAGG.1_2|P4_Normal	Normal
ATGGCTTGTTCCTTCAAACGGGAA.1_3|P4_Normal	Normal
ATGGGCGGTTGACCCAAACGGGAA.1_3|P4_Normal	Normal
ATGGGTTAGCGGGACTACTTTAGG.1_2|P4_Normal	Normal
ATGGGTTAGTCGTTCAAACGGGAA.1_3|P4_Normal	Normal
ATGGTAATCCAATACTAACGGGAA.1_3|P4_Normal	Normal
ATGGTAATCCATAGGGACTTTAGG.1_1|P4_Normal	Normal
ATGGTAATCCTTTGAGACTTTAGG.1_1|P4_Normal	Normal
ATGGTAATCGATTGAAACTTTAGG.1_2|P4_Normal	Normal
ATGGTAATCGCTCAACACTTTAGG.1_1|P4_Normal	Normal_holdout
ATGGTGAGTAAGTCGAACTTTAGG.1_2|P4_Normal	Normal
ATGGTGAGTAGTAGCAACTTTAGG.1_1|P4_Normal	Normal
ATGGTGAGTCAACAAGAACGGGAA.1_3|P4_Normal	Normal
ATGGTGAGTCCTTCTAAACGGGAA.1_3|P4_Normal	Normal_holdout
ATGGTGAGTGCATTACACTTTAGG.1_2|P4_Normal	Normal
ATGGTGAGTGGCGTAGAACGGGAA.1_3|P4_Normal	Normal
ATGTAAGTCAGTTTACAACGGGAA.1_3|P4_Normal	Normal
ATGTAAGTCGATATGAACTTTAGG.1_2|P4_Normal	Normal
ATGTAAGTCTATCACGACTTTAGG.1_2|P4_Normal	Normal
ATGTAAGTCTGCAACCAACGGGAA.1_3|P4_Normal	Normal
ATGTAAGTCTGCAACCACTTTAGG.1_2|P4_Normal	Normal_holdout
ATGTCAAAGATGAACCACTTTAGG.1_2|P4_Normal	Normal
ATGTCAAAGGTGAGTTAACGGGAA.1_3|P4_Normal	Normal
ATGTCAAAGGTTACTTAACGGGAA.1_3|P4_Normal	Normal
ATGTCAAAGGTTAGACAACGGGAA.1_3|P4_Normal	Normal
ATGTGAGGTTCTTACTACTTTAGG.1_2|P4_Normal	Normal_holdout
ATGTGAGGTTCTTGAAACTTTAGG.1_2|P4_Normal	Normal
ATGTGAGGTTTCGCCTACTTTAGG.1_1|P4_Normal	Normal
ATGTGGGTCATTGAGAACTTTAGG.1_1|P4_Normal	Normal_holdout
ATGTGGGTCTAACCATAACGGGAA.1_3|P4_Normal	Normal
ATGTTAGAGTCCTCAAAACGGGAA.1_3|P4_Normal	Normal
ATGTTCCCAAGCTCAAAACGGGAA.1_3|P4_Normal	Normal
ATGTTCCCACTAGTAGAACGGGAA.1_3|P4_Normal	Normal
ATGTTGCGTACAAAGTACTTTAGG.1_1|P4_Normal	Normal
ATGTTGCGTACCGTTGAACGGGAA.1_3|P4_Normal	Normal
ATGTTGCGTACCGTTGACTTTAGG.1_2|P4_Normal	Normal
ATGTTGCGTACTGCCAAACGGGAA.1_3|P4_Normal	Normal
ATGTTGCGTAGTCATCACTTTAGG.1_1|P4_Normal	Normal
ATGTTGCGTCATCATAACTTTAGG.1_2|P4_Normal	Normal_holdout
ATGTTGCGTCCTGCAAACTTTAGG.1_1|P4_Normal	Normal
ATGTTGCGTGTTCCAGAACGGGAA.1_3|P4_Normal	Normal
ATGTTGCGTTGCATCGAACGGGAA.1_3|P4_Normal	Normal
ATGTTTGGTCATGATCAACGGGAA.1_3|P4_Normal	Normal
ATTACGTTCAGTAGCGACTTTAGG.1_2|P4_Normal	Normal
ATTACGTTCCATTAACACTTTAGG.1_2|P4_Normal	Normal_holdout
ATTACGTTCCCATAATAACGGGAA.1_3|P4_Normal	Normal
ATTACGTTCTGGCCATAACGGGAA.1_3|P4_Normal	Normal
ATTATGGAGGAACCATACTTTAGG.1_2|P4_Normal	Normal
ATTATGGAGGTTGTGGAACGGGAA.1_3|P4_Normal	Normal
ATTATGGAGTCTTGCAAACGGGAA.1_3|P4_Normal	Normal
ATTCACCCAGAAAGGTAACGGGAA.1_3|P4_Normal	Normal
ATTCACCCAGTTGCCCACTTTAGG.1_2|P4_Normal	Normal
ATTCAGTTCCTGACTAAACGGGAA.1_3|P4_Normal	Normal
ATTCAGTTCGCAAATAACTTTAGG.1_2|P4_Normal	Normal
ATTCGATTCACATTCGACTTTAGG.1_2|P4_Normal	Normal
ATTCGATTCATTGAGAACTTTAGG.1_2|P4_Normal	Normal
ATTCGATTCCTAAAGAACTTTAGG.1_2|P4_Normal	Normal
ATTCGTAGTTTGTTTCACTTTAGG.1_1|P4_Normal	Normal
ATTCGTCCAAATAACCACTTTAGG.1_1|P4_Normal	Normal
ATTCGTCCATCATAGGAACGGGAA.1_3|P4_Normal	Normal_holdout
ATTCGTTAGTCATGAAACTTTAGG.1_2|P4_Normal	Normal_holdout
ATTGACCGTAAGAATCACTTTAGG.1_2|P4_Normal	Normal
ATTGACCGTCGCAACCACTTTAGG.1_1|P4_Normal	Normal
ATTGACCGTCTCACTCAACGGGAA.1_3|P4_Normal	Normal
ATTGACTTCACCATATACTTTAGG.1_2|P4_Normal	Normal_holdout
ATTGACTTCATTAGCTACTTTAGG.1_1|P4_Normal	Normal
ATTGACTTCCAGATAAACTTTAGG.1_1|P4_Normal	Normal
ATTGAGCAGCCATAAAAACGGGAA.1_3|P4_Normal	Normal
ATTGAGGGTACCTTAAACTTTAGG.1_1|P4_Normal	Normal
ATTGAGGGTCCTTCGTACTTTAGG.1_1|P4_Normal	Normal
ATTGAGGGTGCATTACACTTTAGG.1_2|P4_Normal	Normal
ATTGAGGGTTAGCATCACTTTAGG.1_2|P4_Normal	Normal
ATTGAGTCAACAGGGAACTTTAGG.1_2|P4_Normal	Normal
ATTGAGTCACGGATACACTTTAGG.1_1|P4_Normal	Normal
ATTGAGTCACTTTGTAACTTTAGG.1_2|P4_Normal	Normal
ATTGATGAGCGATAACAACGGGAA.1_3|P4_Normal	Normal_holdout
ATTGCACGTCAACTACAACGGGAA.1_3|P4_Normal	Normal
ATTGCACGTTCCGCAAAACGGGAA.1_3|P4_Normal	Normal_holdout
ATTGCACGTTCCGCAAACTTTAGG.1_2|P4_Normal	Normal
ATTGCATTCCTTAGATACTTTAGG.1_1|P4_Normal	Normal
ATTGCATTCGCACACTAACGGGAA.1_3|P4_Normal	Normal
ATTGCATTCGCACACTACTTTAGG.1_2|P4_Normal	Normal
ATTGCATTCTAGCCTAAACGGGAA.1_3|P4_Normal	Normal_holdout
ATTGCATTCTATTGCGAACGGGAA.1_3|P4_Normal	Normal
ATTGCATTCTGGCTACACTTTAGG.1_2|P4_Normal	Normal
ATTGCCGGTCGAATCTACTTTAGG.1_1|P4_Normal	Normal
ATTGCCGGTGCGCAAGAACGGGAA.1_3|P4_Normal	Normal
ATTGCCGGTGGTTACTAACGGGAA.1_3|P4_Normal	Normal
ATTGCCGGTTAACGAGACTTTAGG.1_2|P4_Normal	Normal
ATTGCCGGTTTGTTTCAACGGGAA.1_3|P4_Normal	Normal
ATTGCCTCAAGTGGCTAACGGGAA.1_3|P4_Normal	Normal
ATTGCCTCAGATTGCAACTTTAGG.1_2|P4_Normal	Normal
ATTGCCTCAGCAAGCTAACGGGAA.1_3|P4_Normal	Normal_holdout
ATTGCCTCATGTGGGTACTTTAGG.1_1|P4_Normal	Normal
ATTGCGACAAGCTATGAACGGGAA.1_3|P4_Normal	Normal
ATTGCGACACTAACTCACTTTAGG.1_2|P4_Normal	Normal
ATTGCGACATCCGGAGAACGGGAA.1_3|P4_Normal	Normal
ATTGCGACATTGCCGCAACGGGAA.1_3|P4_Normal	Normal_holdout
ATTGCTCCACGGTTCCACTTTAGG.1_1|P4_Normal	Normal
ATTGCTCCATGAGGGAAACGGGAA.1_3|P4_Normal	Normal
ATTGCTCCATTCCTGGACTTTAGG.1_2|P4_Normal	Normal
ATTGGCGAGCCTGGTTAACGGGAA.1_3|P4_Normal	Normal
ATTGGCGAGGAGGATAACTTTAGG.1_2|P4_Normal	Normal
ATTGGCGAGTAATTGGAACGGGAA.1_3|P4_Normal	Normal
ATTGGCGAGTGCCCTGAACGGGAA.1_3|P4_Normal	Normal
ATTGGCTGTAATGGTGACTTTAGG.1_2|P4_Normal	Normal
ATTGGCTGTCACACCAAACGGGAA.1_3|P4_Normal	Normal
ATTGGCTGTCCTCCATAACGGGAA.1_3|P4_Normal	Normal
ATTGGCTGTCCTCCTGAACGGGAA.1_3|P4_Normal	Normal
ATTGGCTGTTAGACTCAACGGGAA.1_3|P4_Normal	Normal
ATTGGGAGTAATTTCGAACGGGAA.1_3|P4_Normal	Normal_holdout
ATTGGGAGTCAGGGCAACTTTAGG.1_2|P4_Normal	Normal
ATTGGGAGTCCTTATTACTTTAGG.1_1|P4_Normal	Normal
ATTGGGAGTTGAGGACACTTTAGG.1_1|P4_Normal	Normal
ATTGTTGGTACGTTACACTTTAGG.1_2|P4_Normal	Normal_holdout
ATTGTTGGTGGTTAAGACTTTAGG.1_1|P4_Normal	Normal
ATTGTTGGTTGGCCACACTTTAGG.1_2|P4_Normal	Normal
ATTTACGGTGTGTTACACTTTAGG.1_2|P4_Normal	Normal
ATTTAGCTCCGTCAACAACGGGAA.1_3|P4_Normal	Normal
ATTTAGCTCTCCATCTAACGGGAA.1_3|P4_Normal	Normal
ATTTAGCTCTTGATCGAACGGGAA.1_3|P4_Normal	Normal
ATTTAGGAGCCACTCGACTTTAGG.1_1|P4_Normal	Normal
ATTTAGGAGCGCGAACACTTTAGG.1_2|P4_Normal	Normal
ATTTAGGAGCTAGCCTACTTTAGG.1_1|P4_Normal	Normal
ATTTAGGAGTGATTTCACTTTAGG.1_2|P4_Normal	Normal
ATTTCCTGTCAGGAACAACGGGAA.1_3|P4_Normal	Normal
ATTTCCTGTGTCCAATACTTTAGG.1_1|P4_Normal	Normal
ATTTCGAGTGCCCTTTACTTTAGG.1_1|P4_Normal	Normal
ATTTCGAGTGTGTCGCAACGGGAA.1_3|P4_Normal	Normal
ATTTCGAGTTGGCGAGAACGGGAA.1_3|P4_Normal	Normal
ATTTGCAGTGCACAAAACTTTAGG.1_2|P4_Normal	Normal
ATTTGCAGTGGTGCAGAACGGGAA.1_3|P4_Normal	Normal
ATTTGCAGTGTGAGGTACTTTAGG.1_2|P4_Normal	Normal
ATTTGCCCAACAGCACACTTTAGG.1_2|P4_Normal	Normal
ATTTGCCCAATAAGGAACTTTAGG.1_1|P4_Normal	Normal
ATTTGCCCACTTCGATACTTTAGG.1_2|P4_Normal	Normal_holdout
ATTTGCCCATATAGGTAACGGGAA.1_3|P4_Normal	Normal
ATTTGGTTCACTATACAACGGGAA.1_3|P4_Normal	Normal
ATTTGTCAGAACCTAAACTTTAGG.1_2|P4_Normal	Normal
ATTTGTCAGAACCTCCACTTTAGG.1_2|P4_Normal	Normal_holdout
ATTTGTCAGACAACACACTTTAGG.1_2|P4_Normal	Normal_holdout
ATTTGTCAGAGGAAATAACGGGAA.1_3|P4_Normal	Normal_holdout
ATTTGTCAGCGGGACTAACGGGAA.1_3|P4_Normal	Normal
ATTTGTCAGCTACGTCAACGGGAA.1_3|P4_Normal	Normal
ATTTGTCAGGAAGCAAACTTTAGG.1_2|P4_Normal	Normal
ATTTGTCAGGCGCGATAACGGGAA.1_3|P4_Normal	Normal
ATTTGTCAGTTACATCACTTTAGG.1_2|P4_Normal	Normal
ATTTGTCAGTTGCGCTACTTTAGG.1_1|P4_Normal	Normal
ATTTGTGGTAGTTGTCAACGGGAA.1_3|P4_Normal	Normal
ATTTGTGGTGCTCCAAAACGGGAA.1_3|P4_Normal	Normal
ATTTGTGGTTTCTAAGACTTTAGG.1_2|P4_Normal	Normal
CAAACAATCAAGGGCCAACGGGAA.1_3|P4_Normal	Normal_holdout
CAAACAATCCTTTCGTACTTTAGG.1_1|P4_Normal	Normal_holdout
CAAACTTTCAACCGCTACTTTAGG.1_2|P4_Normal	Normal_holdout
CAAACTTTCGCATTTGACTTTAGG.1_2|P4_Normal	Normal_holdout
CAAACTTTCTAATCGTACTTTAGG.1_2|P4_Normal	Normal
CAAAGCTAGAAAGGCAACTTTAGG.1_1|P4_Normal	Normal_holdout
CAAAGCTAGATGAACCACTTTAGG.1_1|P4_Normal	Normal
CAAAGCTAGCCAGAGCACTTTAGG.1_2|P4_Normal	Normal
CAAAGCTAGGTTGGGCAACGGGAA.1_3|P4_Normal	Normal_holdout
CAAAGGGCAATTGAGTACTTTAGG.1_2|P4_Normal	Normal
CAAAGTCAGAACCTAAACTTTAGG.1_1|P4_Normal	Normal
CAAAGTCAGGTTGCAGACTTTAGG.1_2|P4_Normal	Normal
CAAAGTCAGTTACAGAACTTTAGG.1_1|P4_Normal	Normal
CAAATCAAGACAAGCTACTTTAGG.1_2|P4_Normal	Normal_holdout
CAAATCAAGCGCCTTGACTTTAGG.1_1|P4_Normal	Normal
CAAATCAAGCTAAGTAACTTTAGG.1_2|P4_Normal	Normal
CAAATCAAGGAAGCCCAACGGGAA.1_3|P4_Normal	Normal
CAAATCAAGGCTTAGGACTTTAGG.1_1|P4_Normal	Normal
CAAATCAAGGTTGTGGACTTTAGG.1_2|P4_Normal	Normal
CAAATCAAGTAAGCTAACTTTAGG.1_2|P4_Normal	Normal
CAAATCCGTGATTAGGAACGGGAA.1_3|P4_Normal	Normal
CAAATCCGTTAAGCCTACTTTAGG.1_2|P4_Normal	Normal
CAAATTGAGCTCAAGGAACGGGAA.1_3|P4_Normal	Normal_holdout
CAAATTGAGTGATGGTACTTTAGG.1_2|P4_Normal	Normal
CAACCAACACTAGTAGACTTTAGG.1_2|P4_Normal	Normal
CAACCGGCAAGCTTTCACTTTAGG.1_2|P4_Normal	Normal
CAACCGGCATCGATAGAACGGGAA.1_3|P4_Normal	Normal
CAACCGGCATGTGGGTAACGGGAA.1_3|P4_Normal	Normal
CAACCGTTCACCTTTCAACGGGAA.1_3|P4_Normal	Normal
CAACCGTTCAGCTACCACTTTAGG.1_2|P4_Normal	Normal
CAACCGTTCGGGACTAACTTTAGG.1_2|P4_Normal	Normal
CAACCTATCACTATACACTTTAGG.1_2|P4_Normal	Normal
CAACCTATCATGAGGTACTTTAGG.1_2|P4_Normal	Normal
CAACCTATCTAGTTACACTTTAGG.1_1|P4_Normal	Normal
CAACCTATCTCAGCACACTTTAGG.1_2|P4_Normal	Normal
CAACCTGGTGGTTCTGACTTTAGG.1_2|P4_Normal	Normal
CAACCTTCAATCATCCACTTTAGG.1_1|P4_Normal	Normal
CAACCTTCATAAGTCGACTTTAGG.1_2|P4_Normal	Normal
CAACCTTCATACTTGCACTTTAGG.1_1|P4_Normal	Normal
CAACCTTCATAGCCTTACTTTAGG.1_1|P4_Normal	Normal
CAACTAAAGCTCAACCACTTTAGG.1_1|P4_Normal	Normal
CAACTAAAGTTAGGCGACTTTAGG.1_1|P4_Normal	Normal
CAACTTAGTACGGTTTAACGGGAA.1_3|P4_Normal	Normal
CAACTTAGTCCCTCATAACGGGAA.1_3|P4_Normal	Normal
CAACTTAGTCCCTCATACTTTAGG.1_2|P4_Normal	Normal
CAACTTAGTCCTTCGTACTTTAGG.1_1|P4_Normal	Normal
CAACTTAGTCGAAGCGAACGGGAA.1_3|P4_Normal	Normal
CAACTTAGTGAGTAATAACGGGAA.1_3|P4_Normal	Normal
CAACTTGTCCAACTTGACTTTAGG.1_2|P4_Normal	Normal_holdout
CAACTTGTCCAATGAAACTTTAGG.1_2|P4_Normal	Normal
CAACTTGTCCTGCCAGACTTTAGG.1_1|P4_Normal	Normal
CAACTTGTCGGTACGAAACGGGAA.1_3|P4_Normal	Normal
CAACTTGTCTAAGTAGAACGGGAA.1_3|P4_Normal	Normal_holdout
CAAGACTAGCTTAGTTAACGGGAA.1_3|P4_Normal	Normal
CAAGACTAGGCACAATACTTTAGG.1_2|P4_Normal	Normal
CAAGATTCATCAGGTAACTTTAGG.1_2|P4_Normal	Normal
CAAGCGATCACACAAAACTTTAGG.1_2|P4_Normal	Normal
CAAGCGATCATAATCCAACGGGAA.1_3|P4_Normal	Normal
CAAGCGATCTATCGGCACTTTAGG.1_1|P4_Normal	Normal
CAAGGCCAGGTTGCTCAACGGGAA.1_3|P4_Normal	Normal
CAAGGCCAGTACGGGCAACGGGAA.1_3|P4_Normal	Normal
CAAGGCCAGTACGGGCACTTTAGG.1_2|P4_Normal	Normal
CAAGGCCAGTGCTGAGACTTTAGG.1_1|P4_Normal	Normal
CAAGGTCCACTAACGAACTTTAGG.1_2|P4_Normal	Normal
CAAGGTCCAGTTATCCACTTTAGG.1_2|P4_Normal	Normal
CAAGGTTAGCACGCAAAACGGGAA.1_3|P4_Normal	Normal
CAAGGTTAGCTCCCTCACTTTAGG.1_2|P4_Normal	Normal_holdout
CAAGGTTAGTAACGGTACTTTAGG.1_1|P4_Normal	Normal
CAAGGTTAGTACCAGGACTTTAGG.1_2|P4_Normal	Normal
CAAGTCCTCATAACCTACTTTAGG.1_2|P4_Normal	Normal
CAAGTCCTCCACAATTACTTTAGG.1_2|P4_Normal	Normal_holdout
CAAGTCCTCCCAGACTACTTTAGG.1_1|P4_Normal	Normal
CAAGTCCTCCGTGACTACTTTAGG.1_2|P4_Normal	Normal
CAAGTCCTCTCGCCTCAACGGGAA.1_3|P4_Normal	Normal
CAAGTCCTCTTAAGGAACTTTAGG.1_2|P4_Normal	Normal_holdout
CAAGTCGAGCTTCTAGACTTTAGG.1_1|P4_Normal	Normal
CAATAAGTCACTTGATAACGGGAA.1_3|P4_Normal	Normal
CAATAAGTCATGCGTCACTTTAGG.1_2|P4_Normal	Normal
CAATAAGTCTTCGCCCACTTTAGG.1_2|P4_Normal	Normal_holdout
CAATAGCAGACATAGCAACGGGAA.1_3|P4_Normal	Normal
CAATAGCAGAGGTTCGAACGGGAA.1_3|P4_Normal	Normal
CAATAGCAGCTACGTCACTTTAGG.1_1|P4_Normal	Normal
CAATAGTCAAGCTAATAACGGGAA.1_3|P4_Normal	Normal_holdout
CAATAGTCACAATGGCAACGGGAA.1_3|P4_Normal	Normal
CAATAGTCACATAAACACTTTAGG.1_1|P4_Normal	Normal
CAATAGTCATCTATGCACTTTAGG.1_2|P4_Normal	Normal
CAATAGTCATTGAAGTAACGGGAA.1_3|P4_Normal	Normal
CAATCCATCAAGATGCAACGGGAA.1_3|P4_Normal	Normal
CAATCCATCCAAACAAAACGGGAA.1_3|P4_Normal	Normal_holdout
CAATCCATCCAACTATACTTTAGG.1_1|P4_Normal	Normal
CAATCCATCCATAAAGACTTTAGG.1_2|P4_Normal	Normal
CAATCCATCGTCAATTAACGGGAA.1_3|P4_Normal	Normal
CAATCCATCTGGTCTAACTTTAGG.1_2|P4_Normal	Normal
CAATCCATCTTGAAAGACTTTAGG.1_1|P4_Normal	Normal
CAATCGCTCAACCAAAACTTTAGG.1_2|P4_Normal	Normal
CAATCGCTCACTAGGGAACGGGAA.1_3|P4_Normal	Normal
CAATCGCTCCTTATGGACTTTAGG.1_1|P4_Normal	Normal_holdout
CAATCGCTCGAAACTAAACGGGAA.1_3|P4_Normal	Normal
CAATGCCTCAGGTAGTACTTTAGG.1_2|P4_Normal	Normal
CAATGCCTCATGACCCACTTTAGG.1_2|P4_Normal	Normal_holdout
CAATGCCTCCAGCTACAACGGGAA.1_3|P4_Normal	Normal_holdout
CAATGCCTCGCTTCAAAACGGGAA.1_3|P4_Normal	Normal
CAATGGGTCACCAGGAAACGGGAA.1_3|P4_Normal	Normal
CAATGGGTCACCAGGAACTTTAGG.1_1|P4_Normal	Normal
CAATGGGTCATGGTCCAACGGGAA.1_3|P4_Normal	Normal
CAATGGGTCTCACCGGAACGGGAA.1_3|P4_Normal	Normal
CAATGTTTCAAGGTGTACTTTAGG.1_1|P4_Normal	Normal
CAATGTTTCATGAATGAACGGGAA.1_3|P4_Normal	Normal
CAATTGCGTCTGTCAGACTTTAGG.1_2|P4_Normal	Normal
CAATTGCGTTAGACTCACTTTAGG.1_2|P4_Normal	Normal
CACAAAGGTCTACCAGACTTTAGG.1_1|P4_Normal	Normal
CACAAAGGTTGCGGGAAACGGGAA.1_3|P4_Normal	Normal
CACAAAGGTTTCTAAGACTTTAGG.1_2|P4_Normal	Normal
CACAAGCCAACCTGTTAACGGGAA.1_3|P4_Normal	Normal
CACAAGCCATCAGGTAAACGGGAA.1_3|P4_Normal	Normal
CACAAGCCATTCTGTAACTTTAGG.1_2|P4_Normal	Normal
CACAAGCCATTGCCGCACTTTAGG.1_2|P4_Normal	Normal
CACAAGGTCACAGCCTAACGGGAA.1_3|P4_Normal	Normal
CACAAGGTCCACAATTACTTTAGG.1_1|P4_Normal	Normal
CACAAGGTCTAAGTAGACTTTAGG.1_2|P4_Normal	Normal
CACAAGGTCTTGAAAGACTTTAGG.1_2|P4_Normal	Normal
CACAATAAGAACCTAAAACGGGAA.1_3|P4_Normal	Normal
CACAATAAGGTTGTAAAACGGGAA.1_3|P4_Normal	Normal
CACAATAAGTGTTTGTACTTTAGG.1_1|P4_Normal	Normal
CACAATAAGTTATGGAACTTTAGG.1_2|P4_Normal	Normal
CACAGATAGAAGTAGGACTTTAGG.1_2|P4_Normal	Normal
CACAGATAGATAACCAAACGGGAA.1_3|P4_Normal	Normal
CACAGATAGCCAAACGAACGGGAA.1_3|P4_Normal	Normal
CACAGATAGGATGGTTACTTTAGG.1_2|P4_Normal	Normal
CACAGATAGTCGAAACACTTTAGG.1_1|P4_Normal	Normal
CACAGCAAGATAATCGAACGGGAA.1_3|P4_Normal	Normal
CACAGCAAGCATCCCGAACGGGAA.1_3|P4_Normal	Normal_holdout
CACAGCAAGCGCCTTGACTTTAGG.1_2|P4_Normal	Normal
CACAGCAAGCGGGACTACTTTAGG.1_2|P4_Normal	Normal_holdout
CACAGCAAGCTTGATTACTTTAGG.1_2|P4_Normal	Normal
CACAGCAAGGGAGGCAAACGGGAA.1_3|P4_Normal	Normal_holdout
CACATAAAGACCTTGCACTTTAGG.1_2|P4_Normal	Normal_holdout
CACATAAAGCCATCACACTTTAGG.1_2|P4_Normal	Normal
CACATAAAGCTAAGTAAACGGGAA.1_3|P4_Normal	Normal
CACATAAAGTTATGGAACTTTAGG.1_2|P4_Normal	Normal
CACATAAAGTTGCAAAACTTTAGG.1_2|P4_Normal	Normal_holdout
CACCAACTCACAGCCTACTTTAGG.1_1|P4_Normal	Normal_holdout
CACCAACTCCAATGAAACTTTAGG.1_2|P4_Normal	Normal
CACCAACTCCGGCTCAAACGGGAA.1_3|P4_Normal	Normal_holdout
CACCCATAGAAGCATCAACGGGAA.1_3|P4_Normal	Normal
CACCCATAGCTAGATAAACGGGAA.1_3|P4_Normal	Normal
CACCCATAGTTTGGTTACTTTAGG.1_2|P4_Normal	Normal
CACCTGGTCGGTACCTAACGGGAA.1_3|P4_Normal	Normal
CACCTGGTCTTTAAGCAACGGGAA.1_3|P4_Normal	Normal
CACCTGGTCTTTGGATACTTTAGG.1_2|P4_Normal	Normal
CACGAACCATCTATCAAACGGGAA.1_3|P4_Normal	Normal
CACGCATTCGAACCTCAACGGGAA.1_3|P4_Normal	Normal
CACGTTATCCATCCAAACTTTAGG.1_1|P4_Normal	Normal
CACTAACGTCAGGATAACTTTAGG.1_1|P4_Normal	Normal
CACTAACGTGACATGAACTTTAGG.1_1|P4_Normal	Normal
CACTAACGTGCGGAATACTTTAGG.1_2|P4_Normal	Normal
CACTAACGTTAACGGAACTTTAGG.1_2|P4_Normal	Normal
CACTAACGTTGTTGTAACTTTAGG.1_1|P4_Normal	Normal
CACTAGCTCAGGGCACACTTTAGG.1_1|P4_Normal	Normal_holdout
CACTAGCTCCAGAACGACTTTAGG.1_2|P4_Normal	Normal
CACTAGCTCCGGCTCAACTTTAGG.1_2|P4_Normal	Normal
CACTATGTCCATAACTACTTTAGG.1_2|P4_Normal	Normal
CACTATGTCGTCAATTACTTTAGG.1_1|P4_Normal	Normal
CACTATGTCTAACCTGACTTTAGG.1_1|P4_Normal	Normal_holdout
CACTCCCTCACGTTATAACGGGAA.1_3|P4_Normal	Normal
CACTCCCTCATGAATGAACGGGAA.1_3|P4_Normal	Normal
CACTCCCTCATGAATGACTTTAGG.1_2|P4_Normal	Normal
CACTCCCTCGACTCACACTTTAGG.1_1|P4_Normal	Normal
CACTGTCAGATTGCAAAACGGGAA.1_3|P4_Normal	Normal
CACTGTCAGGGTTTCCACTTTAGG.1_1|P4_Normal	Normal
CACTGTCAGGTTCATTACTTTAGG.1_1|P4_Normal	Normal
CACTTGATCAGTAGCGAACGGGAA.1_3|P4_Normal	Normal
CACTTGATCGAGGTTGACTTTAGG.1_1|P4_Normal	Normal
CACTTGATCGGGACTAACTTTAGG.1_2|P4_Normal	Normal
CACTTGATCTTTGGATACTTTAGG.1_2|P4_Normal	Normal
CACTTTACAGAATGAAACTTTAGG.1_1|P4_Normal	Normal_holdout
CACTTTACAGGTATATACTTTAGG.1_1|P4_Normal	Normal_holdout
CACTTTACATTGGACAACTTTAGG.1_2|P4_Normal	Normal
CACTTTACATTTGCTAACTTTAGG.1_2|P4_Normal	Normal
CAGAATGGTACTAACCACTTTAGG.1_1|P4_Normal	Normal_holdout
CAGAATGGTCATTTAGAACGGGAA.1_3|P4_Normal	Normal
CAGAATGGTTGTTCCCACTTTAGG.1_2|P4_Normal	Normal
CAGACCAAGACAAAGGACTTTAGG.1_2|P4_Normal	Normal
CAGACCAAGGGAGGATAACGGGAA.1_3|P4_Normal	Normal
CAGACCAAGTTGCAGGAACGGGAA.1_3|P4_Normal	Normal_holdout
CAGAGAGCAAACGGTCACTTTAGG.1_1|P4_Normal	Normal
CAGAGAGCAAGTTGCAAACGGGAA.1_3|P4_Normal	Normal
CAGAGAGCAGCCATTTAACGGGAA.1_3|P4_Normal	Normal
CAGATAATCCTTGAGCACTTTAGG.1_1|P4_Normal	Normal_holdout
CAGATAATCGCTTGGTACTTTAGG.1_1|P4_Normal	Normal_holdout
CAGATTCGTACTTAGCACTTTAGG.1_2|P4_Normal	Normal_holdout
CAGATTCGTATAGCGAACTTTAGG.1_1|P4_Normal	Normal
CAGATTCGTCCTTATTACTTTAGG.1_1|P4_Normal	Normal
CAGATTCGTGTTTGCGAACGGGAA.1_3|P4_Normal	Normal
CAGATTCGTTGTTGTAAACGGGAA.1_3|P4_Normal	Normal
CAGCAATAGACAACACACTTTAGG.1_2|P4_Normal	Normal
CAGCAATAGAGGCGTCAACGGGAA.1_3|P4_Normal	Normal
CAGCAATAGCAAAGCTAACGGGAA.1_3|P4_Normal	Normal
CAGCCAGCAAAGAACAACTTTAGG.1_1|P4_Normal	Normal
CAGCCAGCAACAAAGAAACGGGAA.1_3|P4_Normal	Normal
CAGCCAGCAAGTTAACAACGGGAA.1_3|P4_Normal	Normal
CAGCCAGCACCTCGACAACGGGAA.1_3|P4_Normal	Normal
CAGCGAATCAGCATGGAACGGGAA.1_3|P4_Normal	Normal_holdout
CAGCGAATCGATTACTAACGGGAA.1_3|P4_Normal	Normal
CAGCGAATCGCAGGACACTTTAGG.1_2|P4_Normal	Normal_holdout
CAGCGAATCTGTGCACACTTTAGG.1_2|P4_Normal	Normal
CAGCTAGAGCACTACCACTTTAGG.1_2|P4_Normal	Normal
CAGCTAGAGGCCATTCAACGGGAA.1_3|P4_Normal	Normal
CAGCTAGAGGGCGGTTACTTTAGG.1_1|P4_Normal	Normal_holdout
CAGCTGGCACAGGCTGACTTTAGG.1_2|P4_Normal	Normal_holdout
CAGCTGGCAGGTTTCTAACGGGAA.1_3|P4_Normal	Normal
CAGCTGGCATTTGCTAACTTTAGG.1_1|P4_Normal	Normal
CAGGAAGCAACAAAGAAACGGGAA.1_3|P4_Normal	Normal
CAGGAAGCAACCATTCAACGGGAA.1_3|P4_Normal	Normal
CAGGAAGCAATCAAACAACGGGAA.1_3|P4_Normal	Normal
CAGGATAGTCCCTCTGAACGGGAA.1_3|P4_Normal	Normal
CAGGATAGTGTTAGCTACTTTAGG.1_2|P4_Normal	Normal
CAGGATCCAAGCTCAAACTTTAGG.1_2|P4_Normal	Normal
CAGGATCCATGCGCAGACTTTAGG.1_1|P4_Normal	Normal
CAGGATCCATTACTTGACTTTAGG.1_2|P4_Normal	Normal_holdout
CAGGATTAGAAGCATCACTTTAGG.1_2|P4_Normal	Normal
CAGGATTAGATGCTAAAACGGGAA.1_3|P4_Normal	Normal_holdout
CAGGATTAGGCTTATTAACGGGAA.1_3|P4_Normal	Normal
CAGGATTAGTCACCTAACTTTAGG.1_1|P4_Normal	Normal
CAGGCTAAGATTATCCACTTTAGG.1_1|P4_Normal	Normal
CAGGCTAAGCAAATCAAACGGGAA.1_3|P4_Normal	Normal
CAGGCTAAGCAAATCAACTTTAGG.1_2|P4_Normal	Normal_holdout
CAGGGCAGTAAGGTTGACTTTAGG.1_2|P4_Normal	Normal
CAGGGCAGTTGAGTCTACTTTAGG.1_1|P4_Normal	Normal
CAGGGCAGTTTACTGAAACGGGAA.1_3|P4_Normal	Normal_holdout
CAGGTAAGTAAGGCCGAACGGGAA.1_3|P4_Normal	Normal
CAGGTAAGTGAGTAATACTTTAGG.1_2|P4_Normal	Normal
CAGGTAAGTGCAGCTCACTTTAGG.1_1|P4_Normal	Normal
CAGGTAAGTGCTTCTCACTTTAGG.1_1|P4_Normal	Normal
CAGGTAAGTGTTAGTCAACGGGAA.1_3|P4_Normal	Normal
CAGGTAAGTTAACGGAAACGGGAA.1_3|P4_Normal	Normal
CAGGTAAGTTTGCATAACTTTAGG.1_1|P4_Normal	Normal
CAGGTATAGCTACGTCACTTTAGG.1_1|P4_Normal	Normal_holdout
CAGGTATAGGACTTAAACTTTAGG.1_2|P4_Normal	Normal
CAGGTATAGTGATGGTACTTTAGG.1_2|P4_Normal	Normal
CAGGTATAGTTTGACTACTTTAGG.1_1|P4_Normal	Normal
CAGGTCAAGACAACTAACTTTAGG.1_1|P4_Normal	Normal_holdout
CAGGTCAAGGCTTAAAACTTTAGG.1_1|P4_Normal	Normal
CAGGTCAAGGTTGTGGACTTTAGG.1_2|P4_Normal	Normal_holdout
CAGGTCAAGTCGCATCACTTTAGG.1_2|P4_Normal	Normal
CAGGTTACAATGAAGAAACGGGAA.1_3|P4_Normal	Normal_holdout
CAGGTTACACCGTTTGAACGGGAA.1_3|P4_Normal	Normal
CAGGTTACATAAGCCAACTTTAGG.1_2|P4_Normal	Normal
CAGGTTACATCGAACAAACGGGAA.1_3|P4_Normal	Normal
CAGGTTCTCCAGCTACACTTTAGG.1_1|P4_Normal	Normal_holdout
CAGGTTCTCGCGAAATACTTTAGG.1_2|P4_Normal	Normal
CAGGTTCTCTCAAGAAAACGGGAA.1_3|P4_Normal	Normal
CAGGTTCTCTCACAATACTTTAGG.1_2|P4_Normal	Normal
CAGGTTCTCTGTGATTAACGGGAA.1_3|P4_Normal	Normal
CAGGTTGAGACCTTGCAACGGGAA.1_3|P4_Normal	Normal
CAGGTTGAGGTTCGAGACTTTAGG.1_2|P4_Normal	Normal_holdout
CAGGTTGAGTCGTTCAACTTTAGG.1_1|P4_Normal	Normal
CAGGTTTGTATTGTCAACTTTAGG.1_2|P4_Normal	Normal
CAGGTTTGTCACTAGTAACGGGAA.1_3|P4_Normal	Normal
CAGGTTTGTGATTAGGAACGGGAA.1_3|P4_Normal	Normal
CAGGTTTGTTTCACCCACTTTAGG.1_1|P4_Normal	Normal
CAGTATTTCAACTGGGACTTTAGG.1_1|P4_Normal	Normal
CAGTATTTCCATTAGTACTTTAGG.1_2|P4_Normal	Normal
CAGTATTTCGATTCTGACTTTAGG.1_1|P4_Normal	Normal
CAGTGAAGTGAACCAAACTTTAGG.1_2|P4_Normal	Normal
CAGTGAAGTTAAGGATACTTTAGG.1_2|P4_Normal	Normal_holdout
CAGTGAGTCAACCTATAACGGGAA.1_3|P4_Normal	Normal_holdout
CAGTGAGTCATAGGCGACTTTAGG.1_2|P4_Normal	Normal
CAGTGAGTCCACTAATACTTTAGG.1_2|P4_Normal	Normal
CAGTGAGTCCGGACAAACTTTAGG.1_1|P4_Normal	Normal_holdout
CAGTGAGTCGACTCACACTTTAGG.1_2|P4_Normal	Normal
CAGTGTGAGCATCTTGAACGGGAA.1_3|P4_Normal	Normal
CAGTGTGAGGCGAGTCACTTTAGG.1_2|P4_Normal	Normal
CAGTGTGAGGGAGGATAACGGGAA.1_3|P4_Normal	Normal
CAGTGTGAGGTTCCGTACTTTAGG.1_2|P4_Normal	Normal
CAGTGTGAGTCGAAACACTTTAGG.1_2|P4_Normal	Normal
CATAAACCAATGGCCGACTTTAGG.1_2|P4_Normal	Normal
CATAAACCACCGGTAGACTTTAGG.1_2|P4_Normal	Normal
CATAAACCAGCTAAGCAACGGGAA.1_3|P4_Normal	Normal
CATAATCTCATGGAACAACGGGAA.1_3|P4_Normal	Normal
CATAATCTCCAACTATACTTTAGG.1_2|P4_Normal	Normal
CATAATCTCCCTGGATACTTTAGG.1_1|P4_Normal	Normal
CATAATCTCGCGGATAACTTTAGG.1_1|P4_Normal	Normal
CATAATGAGAGCCGGTAACGGGAA.1_3|P4_Normal	Normal
CATAATGAGAGCCGGTACTTTAGG.1_2|P4_Normal	Normal
CATAATGAGGCACTAGAACGGGAA.1_3|P4_Normal	Normal
CATACCGGTGCAGCTCACTTTAGG.1_2|P4_Normal	Normal
CATACTTAGAGGTTCGAACGGGAA.1_3|P4_Normal	Normal_holdout
CATACTTAGATGATTGAACGGGAA.1_3|P4_Normal	Normal
CATACTTAGCGCGAACACTTTAGG.1_1|P4_Normal	Normal
CATAGAGGTAAACCCTACTTTAGG.1_2|P4_Normal	Normal
CATAGAGGTGGACCCTACTTTAGG.1_1|P4_Normal	Normal
CATAGAGGTTAATGCCACTTTAGG.1_1|P4_Normal	Normal
CATAGAGGTTATGTGCACTTTAGG.1_1|P4_Normal	Normal
CATAGAGGTTCGATGTACTTTAGG.1_2|P4_Normal	Normal
CATAGCCTCAAGGTCGACTTTAGG.1_2|P4_Normal	Normal_holdout
CATAGCCTCCTTAGATACTTTAGG.1_2|P4_Normal	Normal
CATAGCGAGGATTAGCACTTTAGG.1_1|P4_Normal	Normal
CATAGCTGTACCTAGTACTTTAGG.1_1|P4_Normal	Normal
CATAGCTGTATGTTGCACTTTAGG.1_2|P4_Normal	Normal
CATAGCTGTCCTCATCACTTTAGG.1_2|P4_Normal	Normal_holdout
CATAGGCCATAAGCTGACTTTAGG.1_2|P4_Normal	Normal
CATAGGGTCAGCCTTAAACGGGAA.1_3|P4_Normal	Normal
CATAGGGTCATAATCCAACGGGAA.1_3|P4_Normal	Normal
CATAGGGTCATCACATACTTTAGG.1_1|P4_Normal	Normal
CATAGGGTCCAACTATACTTTAGG.1_1|P4_Normal	Normal
CATAGGGTCGCAGGACACTTTAGG.1_1|P4_Normal	Normal
CATAGGGTCGCCTCGAACTTTAGG.1_1|P4_Normal	Normal_holdout
CATAGGTAGTGTTTCGAACGGGAA.1_3|P4_Normal	Normal
CATATTCAGCATCTTGAACGGGAA.1_3|P4_Normal	Normal
CATATTCAGCTCGACTAACGGGAA.1_3|P4_Normal	Normal
CATATTCAGGACAAGAACTTTAGG.1_2|P4_Normal	Normal
CATATTGGTCGTCCAAACTTTAGG.1_2|P4_Normal	Normal
CATATTGGTGACATTCACTTTAGG.1_2|P4_Normal	Normal
CATATTGGTTAGAGGCAACGGGAA.1_3|P4_Normal	Normal
CATATTGGTTAGGCTTAACGGGAA.1_3|P4_Normal	Normal
CATATTGGTTTGCATAACTTTAGG.1_2|P4_Normal	Normal
CATCAATTCAGCACAGAACGGGAA.1_3|P4_Normal	Normal
CATCAATTCGGTAAACAACGGGAA.1_3|P4_Normal	Normal
CATCAATTCTGTGACCAACGGGAA.1_3|P4_Normal	Normal
CATCATGTCAACCAAAACTTTAGG.1_1|P4_Normal	Normal
CATCATGTCAAGCTCCACTTTAGG.1_2|P4_Normal	Normal
CATCATGTCCTAATCGACTTTAGG.1_1|P4_Normal	Normal
CATCCTGCAAGTTTCCACTTTAGG.1_1|P4_Normal	Normal_holdout
CATCCTGCAATAGAGAAACGGGAA.1_3|P4_Normal	Normal
CATCCTGCACCAGCCTAACGGGAA.1_3|P4_Normal	Normal_holdout
CATCCTGCAGGCTTAAAACGGGAA.1_3|P4_Normal	Normal
CATCCTTTCAGTAAGCACTTTAGG.1_2|P4_Normal	Normal
CATCCTTTCATGAATGAACGGGAA.1_3|P4_Normal	Normal
CATCGGTTCAAACCGGAACGGGAA.1_3|P4_Normal	Normal
CATCGGTTCCATCCTTACTTTAGG.1_1|P4_Normal	Normal
CATCGGTTCGAGGCACACTTTAGG.1_2|P4_Normal	Normal
CATCGGTTCGCAGGACAACGGGAA.1_3|P4_Normal	Normal
CATCGGTTCTAATGAGAACGGGAA.1_3|P4_Normal	Normal
CATCTTGAGAGCAAGAAACGGGAA.1_3|P4_Normal	Normal
CATCTTGAGCGGCTTTACTTTAGG.1_1|P4_Normal	Normal
CATCTTGAGCTACGTCAACGGGAA.1_3|P4_Normal	Normal
CATCTTGAGGGTTGGCAACGGGAA.1_3|P4_Normal	Normal
CATCTTGAGTAATGGCACTTTAGG.1_1|P4_Normal	Normal
CATCTTGAGTCACTATAACGGGAA.1_3|P4_Normal	Normal
CATGAAGGTAATGGTGACTTTAGG.1_1|P4_Normal	Normal
CATGAAGGTATTACCAACTTTAGG.1_1|P4_Normal	Normal_holdout
CATGAAGGTGGATGGTAACGGGAA.1_3|P4_Normal	Normal
CATGAAGGTTGAATCCACTTTAGG.1_2|P4_Normal	Normal
CATGAGGTCTATTGGTACTTTAGG.1_2|P4_Normal	Normal
CATGCCAGTAAGCTAGAACGGGAA.1_3|P4_Normal	Normal_holdout
CATGCCAGTATAGCGAACTTTAGG.1_1|P4_Normal	Normal
CATGCCAGTTGTGAGAACTTTAGG.1_2|P4_Normal	Normal
CATGCTCAGCAATCCCACTTTAGG.1_2|P4_Normal	Normal
CATGCTGGTAACTAGGACTTTAGG.1_1|P4_Normal	Normal_holdout
CATGCTGGTCAAGCTTACTTTAGG.1_2|P4_Normal	Normal
CATGCTGGTCAGGATAAACGGGAA.1_3|P4_Normal	Normal
CATGCTGGTCGAATCTAACGGGAA.1_3|P4_Normal	Normal
CATGCTGGTGTGATGAAACGGGAA.1_3|P4_Normal	Normal
CATGCTGGTTTATGGCACTTTAGG.1_2|P4_Normal	Normal
CATGCTTCAAGGCCATAACGGGAA.1_3|P4_Normal	Normal
CATGCTTCACGCCACTAACGGGAA.1_3|P4_Normal	Normal
CATGCTTCACTCCCTTACTTTAGG.1_1|P4_Normal	Normal_holdout
CATGCTTCATAGCCTTAACGGGAA.1_3|P4_Normal	Normal
CATGGTTGTCCGTGACACTTTAGG.1_2|P4_Normal	Normal
CATGGTTGTGCTCCAAACTTTAGG.1_2|P4_Normal	Normal
CATGGTTGTGTTAGCTACTTTAGG.1_2|P4_Normal	Normal
CATGGTTGTTGTGACTACTTTAGG.1_1|P4_Normal	Normal
CATGGTTGTTTAACCAAACGGGAA.1_3|P4_Normal	Normal
CATGGTTGTTTGCAACACTTTAGG.1_2|P4_Normal	Normal
CATGTTGTCGCAGGACACTTTAGG.1_2|P4_Normal	Normal
CATGTTGTCGGGACTAACTTTAGG.1_1|P4_Normal	Normal_holdout
CATTACGTCCAAACAAAACGGGAA.1_3|P4_Normal	Normal_holdout
CATTACGTCCATCCGGACTTTAGG.1_1|P4_Normal	Normal_holdout
CATTACGTCGATTACTACTTTAGG.1_2|P4_Normal	Normal
CATTAGCGTCACTATAACTTTAGG.1_1|P4_Normal	Normal
CATTAGCGTGCTGCACACTTTAGG.1_2|P4_Normal	Normal
CATTAGGCAATGAATCACTTTAGG.1_1|P4_Normal	Normal_holdout
CATTAGGCACCGGTAGACTTTAGG.1_1|P4_Normal	Normal
CATTAGGCATTCAACCACTTTAGG.1_2|P4_Normal	Normal_holdout
CATTATGGTATATTCGACTTTAGG.1_1|P4_Normal	Normal
CATTATGGTCAAAGGCACTTTAGG.1_2|P4_Normal	Normal_holdout
CATTATGGTCGTCCAAACTTTAGG.1_1|P4_Normal	Normal
CATTCCTTCAGGCAATAACGGGAA.1_3|P4_Normal	Normal
CATTCCTTCATGAATGAACGGGAA.1_3|P4_Normal	Normal
CATTCCTTCCAGCTTAACTTTAGG.1_2|P4_Normal	Normal_holdout
CATTCCTTCTCAGCTAACTTTAGG.1_2|P4_Normal	Normal
CATTCGCAGCGAAGTTAACGGGAA.1_3|P4_Normal	Normal_holdout
CATTGAAAGGATCCCTACTTTAGG.1_1|P4_Normal	Normal
CATTGAAAGGTTCCGTAACGGGAA.1_3|P4_Normal	Normal
CATTGAAAGTTAACAGAACGGGAA.1_3|P4_Normal	Normal
CATTGACGTACGTAAGAACGGGAA.1_3|P4_Normal	Normal
CATTGACGTATGTGAGAACGGGAA.1_3|P4_Normal	Normal
CATTGACGTTCTCAAAAACGGGAA.1_3|P4_Normal	Normal
CATTGCGGTAGCTATCACTTTAGG.1_1|P4_Normal	Normal_holdout
CATTGCGGTCATCCCTACTTTAGG.1_1|P4_Normal	Normal
CATTGCGGTCGTTCGAAACGGGAA.1_3|P4_Normal	Normal
CATTGCGGTGGATGCGACTTTAGG.1_1|P4_Normal	Normal
CATTGCGGTTCCTTTGACTTTAGG.1_1|P4_Normal	Normal
CATTGCGGTTGCGCTAACTTTAGG.1_1|P4_Normal	Normal
CATTGTCCAATGTTCCACTTTAGG.1_2|P4_Normal	Normal
CATTGTCCAGCTCGAGACTTTAGG.1_1|P4_Normal	Normal
CATTGTCCAGCTGCTCAACGGGAA.1_3|P4_Normal	Normal
CATTGTGTCAGCGGGTACTTTAGG.1_1|P4_Normal	Normal
CATTGTGTCGCCTGCAACTTTAGG.1_2|P4_Normal	Normal
CATTGTGTCTCACTAGACTTTAGG.1_2|P4_Normal	Normal
CATTTAGGTAATGTCCACTTTAGG.1_1|P4_Normal	Normal
CATTTAGGTACGATTCAACGGGAA.1_3|P4_Normal	Normal
CATTTAGGTCAGTGCCAACGGGAA.1_3|P4_Normal	Normal
CATTTAGGTCCTCACTACTTTAGG.1_2|P4_Normal	Normal
CATTTAGGTTGCATCGAACGGGAA.1_3|P4_Normal	Normal
CATTTCGAGATAGCTAAACGGGAA.1_3|P4_Normal	Normal
CATTTCGAGATTGCAAACTTTAGG.1_2|P4_Normal	Normal
CATTTCGAGGCAGGCTACTTTAGG.1_2|P4_Normal	Normal
CATTTCTGTCTTACTTAACGGGAA.1_3|P4_Normal	Normal
CATTTCTGTTGGTTTAAACGGGAA.1_3|P4_Normal	Normal
CATTTGGTCATAATCCAACGGGAA.1_3|P4_Normal	Normal
CCAAACCTCTGGTCTAAACGGGAA.1_3|P4_Normal	Normal
CCAAACTGTAAATAGCACTTTAGG.1_2|P4_Normal	Normal
CCAAACTGTCAATTGCACTTTAGG.1_1|P4_Normal	Normal
CCAAACTGTGCGGTTCAACGGGAA.1_3|P4_Normal	Normal
CCAAAGCCAGAGAGCAACTTTAGG.1_2|P4_Normal	Normal
CCAACCGTCAATGGGTAACGGGAA.1_3|P4_Normal	Normal
CCAACCGTCAGCATGGAACGGGAA.1_3|P4_Normal	Normal
CCAACCGTCCGGACAAAACGGGAA.1_3|P4_Normal	Normal
CCAACCGTCTGTGCACAACGGGAA.1_3|P4_Normal	Normal
CCAACCGTCTTGATCGACTTTAGG.1_2|P4_Normal	Normal
CCAACTGGTAAACCCTAACGGGAA.1_3|P4_Normal	Normal
CCAACTGGTAATCCGTACTTTAGG.1_1|P4_Normal	Normal
CCAACTGGTGCGCATCAACGGGAA.1_3|P4_Normal	Normal
CCAACTGGTGCGCATCACTTTAGG.1_2|P4_Normal	Normal
CCAACTGGTTAGACTCAACGGGAA.1_3|P4_Normal	Normal
CCAACTGGTTAGGCGGACTTTAGG.1_2|P4_Normal	Normal
CCAAGACCAACCATTCACTTTAGG.1_2|P4_Normal	Normal
CCAAGACCACTAGCGGAACGGGAA.1_3|P4_Normal	Normal
CCAAGCTTCCTGCCAGAACGGGAA.1_3|P4_Normal	Normal_holdout
CCAAGGATCACAAGCGACTTTAGG.1_2|P4_Normal	Normal
CCAAGGATCCTAAGTTAACGGGAA.1_3|P4_Normal	Normal_holdout
CCAAGGATCCTTTCGTACTTTAGG.1_2|P4_Normal	Normal
CCAAGGATCTTGAAGAACTTTAGG.1_2|P4_Normal	Normal
CCAAGTGAGATTCATCAACGGGAA.1_3|P4_Normal	Normal
CCAAGTGAGCAAGACTACTTTAGG.1_2|P4_Normal	Normal
CCAAGTGAGGTAGACTACTTTAGG.1_1|P4_Normal	Normal
CCAATACGTCGTTCTCACTTTAGG.1_2|P4_Normal	Normal
CCAATACGTTGCTGTGAACGGGAA.1_3|P4_Normal	Normal
CCAATTAGTCATCAGTAACGGGAA.1_3|P4_Normal	Normal
CCAATTAGTGTTAGCTAACGGGAA.1_3|P4_Normal	Normal_holdout
CCAATTTAGGGCGGAAAACGGGAA.1_3|P4_Normal	Normal
CCAATTTAGTTACAGAACTTTAGG.1_1|P4_Normal	Normal
CCACATTCAAGCGATCACTTTAGG.1_1|P4_Normal	Normal
CCACATTCACATAGTGAACGGGAA.1_3|P4_Normal	Normal
CCACATTCACCATACTACTTTAGG.1_2|P4_Normal	Normal
CCACATTCACGGTCGAACTTTAGG.1_1|P4_Normal	Normal
CCACTAATCAGCATGGACTTTAGG.1_2|P4_Normal	Normal
CCACTATCAGCTTAAGACTTTAGG.1_2|P4_Normal	Normal_holdout
CCACTATCAGGTCAACAACGGGAA.1_3|P4_Normal	Normal
CCACTATCAGTTATCCACTTTAGG.1_1|P4_Normal	Normal
CCACTATCATCCAAGAAACGGGAA.1_3|P4_Normal	Normal
CCAGAAAGTAGTTGTCAACGGGAA.1_3|P4_Normal	Normal
CCAGAAAGTATATTCGACTTTAGG.1_2|P4_Normal	Normal
CCAGAAAGTCCTCCTGACTTTAGG.1_2|P4_Normal	Normal
CCAGAACCAATTAGGTACTTTAGG.1_2|P4_Normal	Normal
CCAGAACCACGTGCTCACTTTAGG.1_2|P4_Normal	Normal
CCAGAACCAGTGAGGAACTTTAGG.1_2|P4_Normal	Normal
CCAGCACGTAACGTTCAACGGGAA.1_3|P4_Normal	Normal
CCAGCACGTACGAATGACTTTAGG.1_2|P4_Normal	Normal
CCAGCACGTTCCAGCAACTTTAGG.1_1|P4_Normal	Normal_holdout
CCAGCTAGTACGAACAACTTTAGG.1_1|P4_Normal	Normal
CCAGCTAGTATTGTCAAACGGGAA.1_3|P4_Normal	Normal
CCAGCTAGTTGGGTTTAACGGGAA.1_3|P4_Normal	Normal
CCAGCTTAGAGCAATCAACGGGAA.1_3|P4_Normal	Normal
CCAGCTTAGGCGCAGTACTTTAGG.1_1|P4_Normal	Normal
CCAGCTTAGTCACTATAACGGGAA.1_3|P4_Normal	Normal_holdout
CCAGCTTAGTCGTTCAACTTTAGG.1_2|P4_Normal	Normal
CCAGGTTTCGGTAAGTAACGGGAA.1_3|P4_Normal	Normal
CCAGGTTTCTATTGGTACTTTAGG.1_2|P4_Normal	Normal
CCATAACGTAATGCCTAACGGGAA.1_3|P4_Normal	Normal
CCATAACGTGCAGCTCAACGGGAA.1_3|P4_Normal	Normal
CCATAACGTGTTAGTCACTTTAGG.1_1|P4_Normal	Normal
CCATAACGTTATGTGCACTTTAGG.1_2|P4_Normal	Normal
CCATCACAGCGGGACTACTTTAGG.1_1|P4_Normal	Normal_holdout
CCATCACAGGCCATTCACTTTAGG.1_2|P4_Normal	Normal_holdout
CCATCACAGTTTGCTGACTTTAGG.1_1|P4_Normal	Normal
CCATCAGGTCATGCATACTTTAGG.1_2|P4_Normal	Normal
CCATCAGGTTAGGTAGACTTTAGG.1_2|P4_Normal	Normal
CCATCATCAACATGATAACGGGAA.1_3|P4_Normal	Normal
CCATCATCAATGTGGCACTTTAGG.1_1|P4_Normal	Normal_holdout
CCATCATCAGCCATAAAACGGGAA.1_3|P4_Normal	Normal
CCATCATCATAGGCGTACTTTAGG.1_2|P4_Normal	Normal
CCATCATCATTTGTTGACTTTAGG.1_2|P4_Normal	Normal_holdout
CCATCCCTCCCTCGTCAACGGGAA.1_3|P4_Normal	Normal
CCATCCCTCGCTATATACTTTAGG.1_2|P4_Normal	Normal
CCATGGTTCAATACAGACTTTAGG.1_2|P4_Normal	Normal
CCATGGTTCAGCCTTAAACGGGAA.1_3|P4_Normal	Normal
CCATGGTTCCGTCCAGACTTTAGG.1_2|P4_Normal	Normal
CCATTAAGTGACCTATAACGGGAA.1_3|P4_Normal	Normal
CCATTAAGTGACCTATACTTTAGG.1_1|P4_Normal	Normal_holdout
CCATTCGCAAGCTCAAACTTTAGG.1_2|P4_Normal	Normal
CCATTCGCAATATGGTACTTTAGG.1_1|P4_Normal	Normal
CCATTGTCACGTAGTAACTTTAGG.1_2|P4_Normal	Normal
CCATTGTCAGGCGAAAAACGGGAA.1_3|P4_Normal	Normal
CCATTGTCAGTGAGGAAACGGGAA.1_3|P4_Normal	Normal
CCCAACTAGGTCAAACACTTTAGG.1_2|P4_Normal	Normal
CCCACCTTCAGCGATGACTTTAGG.1_2|P4_Normal	Normal
CCCACCTTCTCAAGAAACTTTAGG.1_1|P4_Normal	Normal
CCCACTTGTAGTAGGCAACGGGAA.1_3|P4_Normal	Normal
CCCACTTGTATTACCAAACGGGAA.1_3|P4_Normal	Normal
CCCACTTGTGACCTTGACTTTAGG.1_1|P4_Normal	Normal
CCCACTTGTTAGCGCCACTTTAGG.1_2|P4_Normal	Normal
CCCACTTGTTGGGCGAAACGGGAA.1_3|P4_Normal	Normal_holdout
CCCATAATCCTCCCACAACGGGAA.1_3|P4_Normal	Normal
CCCATAGGTACTTCCCACTTTAGG.1_2|P4_Normal	Normal
CCCATAGGTAGCGCGAACTTTAGG.1_1|P4_Normal	Normal
CCCATAGGTAGGTGACACTTTAGG.1_2|P4_Normal	Normal
CCCATAGGTATTGACCAACGGGAA.1_3|P4_Normal	Normal_holdout
CCCATCACAGCTTTCGACTTTAGG.1_2|P4_Normal	Normal
CCCATCCTCGCGAGTAACTTTAGG.1_2|P4_Normal	Normal
CCCATTAAGATAACGCAACGGGAA.1_3|P4_Normal	Normal
CCCATTAAGCTCAAGGACTTTAGG.1_1|P4_Normal	Normal
CCCATTAAGGATCCCTAACGGGAA.1_3|P4_Normal	Normal
CCCATTAAGGTCACAGACTTTAGG.1_1|P4_Normal	Normal
CCCATTCGTCCTTAGGACTTTAGG.1_1|P4_Normal	Normal
CCCGAACGTAACGTTCAACGGGAA.1_3|P4_Normal	Normal
CCCGAACGTAACTACCACTTTAGG.1_2|P4_Normal	Normal_holdout
CCCGAACGTAGTAACGACTTTAGG.1_2|P4_Normal	Normal
CCCGAACGTCAACTACAACGGGAA.1_3|P4_Normal	Normal
CCCGAACGTCGAATCTACTTTAGG.1_1|P4_Normal	Normal
CCCGAACGTCGTAAAGAACGGGAA.1_3|P4_Normal	Normal_holdout
CCCGAACGTTTCCTGCAACGGGAA.1_3|P4_Normal	Normal
CCCGAAGCAACAGCTAACTTTAGG.1_1|P4_Normal	Normal
CCCGAAGCAATTAGACAACGGGAA.1_3|P4_Normal	Normal
CCCGAAGCACATACCTACTTTAGG.1_2|P4_Normal	Normal
CCCGAAGCAGTAATACACTTTAGG.1_2|P4_Normal	Normal
CCCGAAGCATAGGCGTAACGGGAA.1_3|P4_Normal	Normal
CCCGTAAGTCGTTCGAAACGGGAA.1_3|P4_Normal	Normal
CCCGTAAGTGCGATAAAACGGGAA.1_3|P4_Normal	Normal
CCCGTAAGTGGTTCGCAACGGGAA.1_3|P4_Normal	Normal
CCCGTAAGTGTGTCGCACTTTAGG.1_1|P4_Normal	Normal
CCCGTAGTCACTCGCGACTTTAGG.1_2|P4_Normal	Normal_holdout
CCCGTAGTCCAAACAAAACGGGAA.1_3|P4_Normal	Normal
CCCGTAGTCCAACATTAACGGGAA.1_3|P4_Normal	Normal
CCCGTAGTCCTAAGGGACTTTAGG.1_1|P4_Normal	Normal
CCCGTAGTCGATGAACAACGGGAA.1_3|P4_Normal	Normal
CCCGTAGTCGCGAGTAACTTTAGG.1_2|P4_Normal	Normal
CCCGTAGTCGGGACTAAACGGGAA.1_3|P4_Normal	Normal
CCCGTAGTCTTAATGCAACGGGAA.1_3|P4_Normal	Normal
CCCGTAGTCTTCAAGTACTTTAGG.1_2|P4_Normal	Normal
CCCGTAGTCTTGAAGAAACGGGAA.1_3|P4_Normal	Normal_holdout
CCCTAAGGTTCACTCCAACGGGAA.1_3|P4_Normal	Normal
CCCTAAGGTTGGAGCGACTTTAGG.1_2|P4_Normal	Normal
CCCTAAGGTTTAGTTGAACGGGAA.1_3|P4_Normal	Normal
CCCTGACCAACTAAGTACTTTAGG.1_2|P4_Normal	Normal
CCCTGACCACCATCCAACTTTAGG.1_1|P4_Normal	Normal
CCCTGACCACTAAGCAACTTTAGG.1_2|P4_Normal	Normal_holdout
CCCTGACCATAAGCCAAACGGGAA.1_3|P4_Normal	Normal
CCCTGAGTCACAAAGCAACGGGAA.1_3|P4_Normal	Normal
CCCTGAGTCAGCACGAACTTTAGG.1_2|P4_Normal	Normal
CCCTGAGTCCAAACGGACTTTAGG.1_2|P4_Normal	Normal
CCCTGAGTCCCTCTCAAACGGGAA.1_3|P4_Normal	Normal
CCCTGAGTCGGTACCTACTTTAGG.1_2|P4_Normal	Normal
CCCTGATAGCTAGATAAACGGGAA.1_3|P4_Normal	Normal
CCCTGATAGGTAACTAACTTTAGG.1_2|P4_Normal	Normal_holdout
CCCTGTGAGAACCTCCACTTTAGG.1_1|P4_Normal	Normal
CCCTGTGAGTCACACCACTTTAGG.1_1|P4_Normal	Normal
CCCTGTTGTAAGCTAGAACGGGAA.1_3|P4_Normal	Normal_holdout
CCCTGTTGTAGCCTTGACTTTAGG.1_2|P4_Normal	Normal
CCCTGTTGTTCCTTTGACTTTAGG.1_1|P4_Normal	Normal
CCCTTACGTCAAGCTTAACGGGAA.1_3|P4_Normal	Normal
CCCTTACGTCCGGTACAACGGGAA.1_3|P4_Normal	Normal
CCCTTACGTCGAAGCGACTTTAGG.1_2|P4_Normal	Normal
CCCTTCGGTAATCCTAACTTTAGG.1_1|P4_Normal	Normal
CCCTTCGGTTTGTCAAACTTTAGG.1_2|P4_Normal	Normal_holdout
CCCTTCGGTTTGTGACACTTTAGG.1_1|P4_Normal	Normal_holdout
CCCTTGCTCCTGCAACAACGGGAA.1_3|P4_Normal	Normal
CCCTTGCTCGACCCATAACGGGAA.1_3|P4_Normal	Normal
CCGAAAGTCACAGATAACTTTAGG.1_2|P4_Normal	Normal
CCGAAAGTCACAGGATAACGGGAA.1_3|P4_Normal	Normal
CCGAAAGTCCCTTTGTACTTTAGG.1_1|P4_Normal	Normal
CCGATACTCCTAAGTTAACGGGAA.1_3|P4_Normal	Normal_holdout
CCGATACTCGTCAATTACTTTAGG.1_2|P4_Normal	Normal
CCGATTGGTATATTCGACTTTAGG.1_2|P4_Normal	Normal
CCGATTGGTCATTTAGACTTTAGG.1_1|P4_Normal	Normal
CCGATTGGTCGAGGCAACTTTAGG.1_1|P4_Normal	Normal
CCGCATTAGAAGCAAGACTTTAGG.1_1|P4_Normal	Normal
CCGCCATCAAACTGGCAACGGGAA.1_3|P4_Normal	Normal
CCGCCATCAACTAGTGAACGGGAA.1_3|P4_Normal	Normal
CCGCCATCAAGCTATGACTTTAGG.1_1|P4_Normal	Normal
CCGCCATCACCATCCAACTTTAGG.1_1|P4_Normal	Normal
CCGCCATCACCTAAAGACTTTAGG.1_2|P4_Normal	Normal
CCGCCATCAGATTCGAACTTTAGG.1_2|P4_Normal	Normal
CCGCTAAGTCGGTTTGACTTTAGG.1_1|P4_Normal	Normal
CCGCTAAGTGTTCCAGACTTTAGG.1_2|P4_Normal	Normal
CCGCTAAGTGTTTGGTAACGGGAA.1_3|P4_Normal	Normal
CCGCTATAGCGATAACACTTTAGG.1_2|P4_Normal	Normal
CCGCTATAGTCGCATCAACGGGAA.1_3|P4_Normal	Normal_holdout
CCGCTTACAACAGCTAACTTTAGG.1_1|P4_Normal	Normal
CCGCTTACAACCTCGCACTTTAGG.1_2|P4_Normal	Normal
CCGCTTACATTAGTGGAACGGGAA.1_3|P4_Normal	Normal
CCGGCTATCAACCTATAACGGGAA.1_3|P4_Normal	Normal
CCGGCTATCACCTTTCAACGGGAA.1_3|P4_Normal	Normal
CCGGTACGTACTAACCAACGGGAA.1_3|P4_Normal	Normal
CCGTAATGTAATGGATACTTTAGG.1_1|P4_Normal	Normal
CCGTAATGTGACACAAACTTTAGG.1_2|P4_Normal	Normal
CCGTACGTCATAGGCGACTTTAGG.1_2|P4_Normal	Normal
CCGTACGTCCAAACGGACTTTAGG.1_1|P4_Normal	Normal
CCGTACGTCCATTAGTAACGGGAA.1_3|P4_Normal	Normal
CCGTACGTCGGTACCTAACGGGAA.1_3|P4_Normal	Normal
CCGTACGTCTAACCTGAACGGGAA.1_3|P4_Normal	Normal
CCGTCAAGTGCACAAAACTTTAGG.1_2|P4_Normal	Normal
CCGTCAAGTTCACCAGAACGGGAA.1_3|P4_Normal	Normal
CCGTTGTAGTTTGACTACTTTAGG.1_2|P4_Normal	Normal_holdout
CCTAACCAGCTCATTGAACGGGAA.1_3|P4_Normal	Normal
CCTAACCAGGGTTGGCAACGGGAA.1_3|P4_Normal	Normal
CCTAACCAGTGCTGAGACTTTAGG.1_1|P4_Normal	Normal
CCTAACCAGTGTGATAACTTTAGG.1_2|P4_Normal	Normal
CCTAACGGTAAGTCGAACTTTAGG.1_1|P4_Normal	Normal
CCTAACTCATTGGACAAACGGGAA.1_3|P4_Normal	Normal
CCTAAGCTCCAACTTGAACGGGAA.1_3|P4_Normal	Normal
CCTAAGCTCCCATAGCACTTTAGG.1_2|P4_Normal	Normal_holdout
CCTAAGCTCGAACCTCACTTTAGG.1_2|P4_Normal	Normal
CCTAAGCTCTAATGGAACTTTAGG.1_2|P4_Normal	Normal
CCTAAGGAGAAGCAAGAACGGGAA.1_3|P4_Normal	Normal
CCTAAGGAGCTATCCAAACGGGAA.1_3|P4_Normal	Normal
CCTAAGGAGGATTATGAACGGGAA.1_3|P4_Normal	Normal
CCTAAGGAGGTCTTTGAACGGGAA.1_3|P4_Normal	Normal
CCTAAGGAGTCATTCGAACGGGAA.1_3|P4_Normal	Normal
CCTAAGGAGTGCTGAGACTTTAGG.1_2|P4_Normal	Normal
CCTAATCCAATAAGGAACTTTAGG.1_2|P4_Normal	Normal
CCTAATCCACACCCACAACGGGAA.1_3|P4_Normal	Normal
CCTAATCCAGGGATGAACTTTAGG.1_2|P4_Normal	Normal
CCTACCTGTAAGAATCACTTTAGG.1_2|P4_Normal	Normal
CCTACCTGTCGAGGCAACTTTAGG.1_2|P4_Normal	Normal
CCTACCTGTCGTTCGAACTTTAGG.1_1|P4_Normal	Normal
CCTACCTGTTTGCTCCACTTTAGG.1_1|P4_Normal	Normal_holdout
CCTACTTTCAAACCGGACTTTAGG.1_2|P4_Normal	Normal
CCTACTTTCATTTGCGACTTTAGG.1_2|P4_Normal	Normal
CCTACTTTCCTTGTTCAACGGGAA.1_3|P4_Normal	Normal
CCTAGAGAGCAACTTTACTTTAGG.1_1|P4_Normal	Normal
CCTAGAGAGGAAGCAAACTTTAGG.1_2|P4_Normal	Normal
CCTAGAGAGGATTAGCACTTTAGG.1_2|P4_Normal	Normal_holdout
CCTAGAGAGGCCAACAACTTTAGG.1_1|P4_Normal	Normal_holdout
CCTAGAGAGGCGAGAGACTTTAGG.1_2|P4_Normal	Normal
CCTAGAGAGGTTCCGTAACGGGAA.1_3|P4_Normal	Normal
CCTAGAGAGTCACACCACTTTAGG.1_2|P4_Normal	Normal
CCTAGAGAGTGCAACGACTTTAGG.1_1|P4_Normal	Normal
CCTAGAGAGTTTGCTGACTTTAGG.1_1|P4_Normal	Normal
CCTAGGTTCACCACACAACGGGAA.1_3|P4_Normal	Normal
CCTAGGTTCACCACACACTTTAGG.1_2|P4_Normal	Normal
CCTAGGTTCCTTATGGACTTTAGG.1_1|P4_Normal	Normal
CCTAGGTTCGCGGATAACTTTAGG.1_1|P4_Normal	Normal
CCTAGGTTCTATCGGCACTTTAGG.1_2|P4_Normal	Normal
CCTAGGTTCTATGGCCACTTTAGG.1_1|P4_Normal	Normal
CCTATCGCAAGGGTCTAACGGGAA.1_3|P4_Normal	Normal
CCTATCGCACTATGTCAACGGGAA.1_3|P4_Normal	Normal
CCTATCGCACTATGTCACTTTAGG.1_2|P4_Normal	Normal
CCTATCGCATTTCTTCACTTTAGG.1_1|P4_Normal	Normal
CCTATGATCGATTAAGACTTTAGG.1_2|P4_Normal	Normal_holdout
CCTATGATCGGTACAGACTTTAGG.1_2|P4_Normal	Normal
CCTATGGGTAATGAACACTTTAGG.1_2|P4_Normal	Normal_holdout
CCTATGGGTAGTAGCAACTTTAGG.1_2|P4_Normal	Normal
CCTATTGAGACAACACACTTTAGG.1_1|P4_Normal	Normal
CCTATTGAGATTGAGCAACGGGAA.1_3|P4_Normal	Normal_holdout
CCTATTGAGGACACGCAACGGGAA.1_3|P4_Normal	Normal
CCTATTTGTATGTTTGACTTTAGG.1_1|P4_Normal	Normal
CCTATTTGTGCTTCTCACTTTAGG.1_2|P4_Normal	Normal
CCTATTTGTTGCATCGACTTTAGG.1_2|P4_Normal	Normal
CCTCAAATCACACAAAACTTTAGG.1_2|P4_Normal	Normal
CCTCAAATCAGTAAGCACTTTAGG.1_2|P4_Normal	Normal_holdout
CCTCAAATCGCAGGACACTTTAGG.1_2|P4_Normal	Normal_holdout
CCTCAAGGTACCGCACACTTTAGG.1_1|P4_Normal	Normal
CCTCAAGGTAGCGGATAACGGGAA.1_3|P4_Normal	Normal
CCTCAAGGTTAGTCTAAACGGGAA.1_3|P4_Normal	Normal
CCTCAATCAAACAAGAACTTTAGG.1_2|P4_Normal	Normal
CCTCAATCAGCTCGAGAACGGGAA.1_3|P4_Normal	Normal_holdout
CCTCACACACACAAATAACGGGAA.1_3|P4_Normal	Normal
CCTCACACACCGGCAAACTTTAGG.1_2|P4_Normal	Normal
CCTCACACATCAGGACACTTTAGG.1_1|P4_Normal	Normal
CCTCAGCCAGATTCGAAACGGGAA.1_3|P4_Normal	Normal_holdout
CCTCATCGTTGCGAAAACTTTAGG.1_2|P4_Normal	Normal
CCTCATCGTTTCGCCTACTTTAGG.1_2|P4_Normal	Normal
CCTCCAACAGGGCTATACTTTAGG.1_1|P4_Normal	Normal
CCTCCAACATAAGCCAAACGGGAA.1_3|P4_Normal	Normal
CCTCCAACATGTTTCAAACGGGAA.1_3|P4_Normal	Normal_holdout
CCTCGATAGATAGCCGACTTTAGG.1_2|P4_Normal	Normal
CCTCGATAGCTTAGTTAACGGGAA.1_3|P4_Normal	Normal
CCTCGATAGGGTTGCAACTTTAGG.1_2|P4_Normal	Normal
CCTCGATAGTTTGGTTACTTTAGG.1_2|P4_Normal	Normal
CCTGATTCAATTGAGTACTTTAGG.1_2|P4_Normal	Normal
CCTGGTAGTCCTGACAACTTTAGG.1_2|P4_Normal	Normal
CCTGGTAGTTAAGCCTAACGGGAA.1_3|P4_Normal	Normal
CCTGGTAGTTAGGCGGACTTTAGG.1_2|P4_Normal	Normal
CCTGTTGCAATTAGCGACTTTAGG.1_2|P4_Normal	Normal
CCTTAAAGTCGTCCAAACTTTAGG.1_1|P4_Normal	Normal
CCTTAAAGTTGCTGTGACTTTAGG.1_2|P4_Normal	Normal
CCTTAAAGTTTCACCCACTTTAGG.1_1|P4_Normal	Normal
CCTTAATAGAGGAAATAACGGGAA.1_3|P4_Normal	Normal
CCTTAATAGATGCCTCACTTTAGG.1_2|P4_Normal	Normal
CCTTAATAGCGTGCTTAACGGGAA.1_3|P4_Normal	Normal
CCTTAATAGCTCGATCAACGGGAA.1_3|P4_Normal	Normal_holdout
CCTTATGAGAAAGGCAACTTTAGG.1_1|P4_Normal	Normal
CCTTATGAGACCAGGCACTTTAGG.1_1|P4_Normal	Normal_holdout
CCTTATGAGTAAGCTAACTTTAGG.1_1|P4_Normal	Normal
CCTTATTGTCGAAGCGAACGGGAA.1_3|P4_Normal	Normal
CCTTATTGTGCTGAAAACTTTAGG.1_2|P4_Normal	Normal
CCTTATTGTGGGAACTACTTTAGG.1_1|P4_Normal	Normal
CCTTATTGTTTCTAAGAACGGGAA.1_3|P4_Normal	Normal
CCTTCCATCATTATGCACTTTAGG.1_2|P4_Normal	Normal
CCTTCCATCCAAAGGTAACGGGAA.1_3|P4_Normal	Normal_holdout
CCTTCCATCGATATTCAACGGGAA.1_3|P4_Normal	Normal
CCTTCCATCGCTTGGTACTTTAGG.1_2|P4_Normal	Normal
CCTTCCATCGGTAACGACTTTAGG.1_1|P4_Normal	Normal
CCTTCCTCAATAACCGAACGGGAA.1_3|P4_Normal	Normal_holdout
CCTTGAATCAAGATGCACTTTAGG.1_2|P4_Normal	Normal
CCTTGAATCCATTAGTAACGGGAA.1_3|P4_Normal	Normal
CCTTGAATCTAATTGCAACGGGAA.1_3|P4_Normal	Normal
CCTTGAGGTGTCCTTCAACGGGAA.1_3|P4_Normal	Normal_holdout
CGAAATGGTAATGGTGACTTTAGG.1_1|P4_Normal	Normal_holdout
CGAAATGGTAATTTCGACTTTAGG.1_2|P4_Normal	Normal
CGAAATGGTACAGCAAACTTTAGG.1_2|P4_Normal	Normal
CGAACCAAGAAGGTCTACTTTAGG.1_2|P4_Normal	Normal
CGAACCAAGGCGAGTCAACGGGAA.1_3|P4_Normal	Normal
CGAACCAAGGTCAAGTAACGGGAA.1_3|P4_Normal	Normal
CGAACTTGTCCAATACAACGGGAA.1_3|P4_Normal	Normal
CGAACTTGTCTTTATCACTTTAGG.1_1|P4_Normal	Normal
CGAACTTGTGCGCATCACTTTAGG.1_2|P4_Normal	Normal
CGAAGAAAGCATCTATACTTTAGG.1_1|P4_Normal	Normal
CGAAGAAAGGGCGGTTACTTTAGG.1_2|P4_Normal	Normal
CGAAGAAAGGTAGACTACTTTAGG.1_1|P4_Normal	Normal
CGAAGAAAGTTAGTTCACTTTAGG.1_1|P4_Normal	Normal
CGAAGAAAGTTTCGCAAACGGGAA.1_3|P4_Normal	Normal
CGAAGGTGTAATCCGTACTTTAGG.1_2|P4_Normal	Normal
CGAAGGTGTGCATCGCACTTTAGG.1_2|P4_Normal	Normal_holdout
CGAAGGTGTGCGGCAAACTTTAGG.1_1|P4_Normal	Normal
CGAAGGTGTGTTTGCGAACGGGAA.1_3|P4_Normal	Normal
CGAAGGTGTGTTTGCGACTTTAGG.1_2|P4_Normal	Normal
CGAAGGTGTGTTTGTAACTTTAGG.1_1|P4_Normal	Normal
CGAATAGGTAAGCGTAACTTTAGG.1_1|P4_Normal	Normal
CGAATAGGTCTGTGATACTTTAGG.1_1|P4_Normal	Normal
CGAATAGGTTGAGCTTACTTTAGG.1_2|P4_Normal	Normal
CGAATATCACCGTTTGAACGGGAA.1_3|P4_Normal	Normal
CGACAAAGTAGCTTTAAACGGGAA.1_3|P4_Normal	Normal
CGACAAAGTCTAACCGAACGGGAA.1_3|P4_Normal	Normal
CGACAAAGTGTGATGAACTTTAGG.1_1|P4_Normal	Normal
CGACAAAGTTTAACCAACTTTAGG.1_1|P4_Normal	Normal
CGACACAAGTTTGCTGAACGGGAA.1_3|P4_Normal	Normal
CGACACCGTCCGGTACAACGGGAA.1_3|P4_Normal	Normal
CGACACCGTGCCCGATACTTTAGG.1_1|P4_Normal	Normal
CGACATTGTAAGCTAGACTTTAGG.1_1|P4_Normal	Normal
CGACATTGTAGCCACCACTTTAGG.1_2|P4_Normal	Normal_holdout
CGACATTGTCACTAGTAACGGGAA.1_3|P4_Normal	Normal
CGACATTGTGAACGTAACTTTAGG.1_2|P4_Normal	Normal
CGACATTGTGATCCTGACTTTAGG.1_2|P4_Normal	Normal
CGACATTGTGCACAAAACTTTAGG.1_2|P4_Normal	Normal_holdout
CGACATTGTTAGGCTTACTTTAGG.1_1|P4_Normal	Normal
CGACATTGTTTACCGGAACGGGAA.1_3|P4_Normal	Normal
CGACCGTGTACCTCAGACTTTAGG.1_1|P4_Normal	Normal_holdout
CGACCGTGTAGGTGACACTTTAGG.1_2|P4_Normal	Normal
CGACTCCCAACTTCGTAACGGGAA.1_3|P4_Normal	Normal
CGACTCCCAAGCTTTCACTTTAGG.1_1|P4_Normal	Normal
CGACTTATCATGGTCCACTTTAGG.1_2|P4_Normal	Normal_holdout
CGACTTATCGAAATGCAACGGGAA.1_3|P4_Normal	Normal_holdout
CGACTTTCACCATACTACTTTAGG.1_1|P4_Normal	Normal
CGACTTTCACCTTTGGACTTTAGG.1_1|P4_Normal	Normal
CGACTTTCAGACTCAAACTTTAGG.1_1|P4_Normal	Normal
CGACTTTCATATGGTGACTTTAGG.1_2|P4_Normal	Normal
CGAGAGGAGCGAAGTTAACGGGAA.1_3|P4_Normal	Normal
CGAGAGGAGCGAATACAACGGGAA.1_3|P4_Normal	Normal
CGAGAGGAGGATTAGCAACGGGAA.1_3|P4_Normal	Normal_holdout
CGAGAGGAGGCAGGCTACTTTAGG.1_2|P4_Normal	Normal
CGAGCGAGTGATGCAAAACGGGAA.1_3|P4_Normal	Normal
CGAGCGAGTGCTCCTTAACGGGAA.1_3|P4_Normal	Normal
CGAGCGAGTGTTTCGGAACGGGAA.1_3|P4_Normal	Normal
CGAGCTTTCCTCCCACACTTTAGG.1_2|P4_Normal	Normal
CGAGCTTTCGGTAACGACTTTAGG.1_2|P4_Normal	Normal
CGAGGAGAGGGATTTAAACGGGAA.1_3|P4_Normal	Normal
CGAGGAGAGTGTGAGTACTTTAGG.1_2|P4_Normal	Normal
CGAGTTACATCCACCAACTTTAGG.1_2|P4_Normal	Normal
CGATAAATCATCAGCCACTTTAGG.1_1|P4_Normal	Normal_holdout
CGATAAATCATGGAACAACGGGAA.1_3|P4_Normal	Normal
CGATAAATCGCTTCGGAACGGGAA.1_3|P4_Normal	Normal
CGATAAATCTAGTTACAACGGGAA.1_3|P4_Normal	Normal
CGATAAATCTCAGCACAACGGGAA.1_3|P4_Normal	Normal
CGATAGCCAAATACCGAACGGGAA.1_3|P4_Normal	Normal
CGATAGCCACAATACGAACGGGAA.1_3|P4_Normal	Normal
CGATAGCCACTAAGGCACTTTAGG.1_2|P4_Normal	Normal
CGATAGCCACTATGTCACTTTAGG.1_2|P4_Normal	Normal
CGATATGCAACGACTAACTTTAGG.1_2|P4_Normal	Normal
CGATATGCAGATTCGAACTTTAGG.1_2|P4_Normal	Normal
CGATATGCAGCTTAAGACTTTAGG.1_2|P4_Normal	Normal_holdout
CGATATGCAGGTCAACACTTTAGG.1_2|P4_Normal	Normal
CGATATGCATAGCCTTAACGGGAA.1_3|P4_Normal	Normal
CGATATGCATTCCTTTACTTTAGG.1_2|P4_Normal	Normal
CGATGAAGTATTCAGCACTTTAGG.1_2|P4_Normal	Normal_holdout
CGATGAAGTTCTTGAAAACGGGAA.1_3|P4_Normal	Normal
CGATGAAGTTTCACCCAACGGGAA.1_3|P4_Normal	Normal
CGATGACCAACCATTCACTTTAGG.1_1|P4_Normal	Normal
CGATGACCAAGATAAGAACGGGAA.1_3|P4_Normal	Normal
CGATGACCATAGACCAACTTTAGG.1_2|P4_Normal	Normal
CGATGACCATAGGCGTACTTTAGG.1_2|P4_Normal	Normal
CGATGTTGTCAGGATAACTTTAGG.1_1|P4_Normal	Normal
CGATGTTGTGGTTAAGAACGGGAA.1_3|P4_Normal	Normal
CGATGTTGTGTTTCGGACTTTAGG.1_1|P4_Normal	Normal
CGATGTTGTTGGTTTAAACGGGAA.1_3|P4_Normal	Normal
CGATTACGTGGCGTAGACTTTAGG.1_2|P4_Normal	Normal
CGATTACGTTGTTTAGAACGGGAA.1_3|P4_Normal	Normal
CGATTACGTTGTTTAGACTTTAGG.1_2|P4_Normal	Normal
CGATTCATCAACCGGAAACGGGAA.1_3|P4_Normal	Normal
CGATTCATCAAGGGTTAACGGGAA.1_3|P4_Normal	Normal
CGATTCATCGATGAACAACGGGAA.1_3|P4_Normal	Normal_holdout
CGATTGACAAACAATCACTTTAGG.1_2|P4_Normal	Normal
CGATTGACACATGAATAACGGGAA.1_3|P4_Normal	Normal
CGATTGACATGCGCAGACTTTAGG.1_2|P4_Normal	Normal_holdout
CGATTGACATGGCTAAACTTTAGG.1_2|P4_Normal	Normal_holdout
CGATTGACATTGCGCCACTTTAGG.1_2|P4_Normal	Normal_holdout
CGATTGTGTCAAACTCAACGGGAA.1_3|P4_Normal	Normal
CGATTTAGTATGTTGCACTTTAGG.1_2|P4_Normal	Normal
CGATTTAGTTGCGGCTACTTTAGG.1_1|P4_Normal	Normal
CGATTTAGTTGTCCAGAACGGGAA.1_3|P4_Normal	Normal_holdout
CGATTTAGTTTCCTGCACTTTAGG.1_2|P4_Normal	Normal
CGCAACTTCTTCAAGTACTTTAGG.1_1|P4_Normal	Normal
CGCAAGGGTAATCCGTACTTTAGG.1_1|P4_Normal	Normal
CGCAATCTCAACTGTTACTTTAGG.1_2|P4_Normal	Normal
CGCAATCTCCTCAAGCACTTTAGG.1_1|P4_Normal	Normal_holdout
CGCAATTGTAAAGCATAACGGGAA.1_3|P4_Normal	Normal
CGCAATTGTATGTTGCAACGGGAA.1_3|P4_Normal	Normal
CGCAATTGTATTGGGAACTTTAGG.1_2|P4_Normal	Normal
CGCAATTGTTAGACTCACTTTAGG.1_2|P4_Normal	Normal
CGCAATTGTTGCACGCAACGGGAA.1_3|P4_Normal	Normal
CGCACAAAGGTGAGTTACTTTAGG.1_1|P4_Normal	Normal
CGCACATTCAACCTATAACGGGAA.1_3|P4_Normal	Normal
CGCACATTCAGGTCGAAACGGGAA.1_3|P4_Normal	Normal_holdout
CGCACATTCGCAGCAAAACGGGAA.1_3|P4_Normal	Normal_holdout
CGCACATTCGCAGCAAACTTTAGG.1_2|P4_Normal	Normal
CGCACATTCTAATTGCACTTTAGG.1_1|P4_Normal	Normal_holdout
CGCAGCACACAATAGTACTTTAGG.1_1|P4_Normal	Normal
CGCAGGTAGCAAATCAACTTTAGG.1_1|P4_Normal	Normal_holdout
CGCAGGTAGCATCCCGACTTTAGG.1_2|P4_Normal	Normal
CGCAGGTAGTTTCGGCACTTTAGG.1_1|P4_Normal	Normal
CGCATAACAAGAACAAACTTTAGG.1_1|P4_Normal	Normal_holdout
CGCATAACATCACTCGAACGGGAA.1_3|P4_Normal	Normal
CGCATAACATTTAGCCAACGGGAA.1_3|P4_Normal	Normal
CGCATCCCAATACCCTAACGGGAA.1_3|P4_Normal	Normal_holdout
CGCATCCCAGGAATAAAACGGGAA.1_3|P4_Normal	Normal
CGCATCCCATTACTCAACTTTAGG.1_2|P4_Normal	Normal
CGCATGAAGCATGTGGACTTTAGG.1_2|P4_Normal	Normal
CGCATGAAGCCTAGTCACTTTAGG.1_1|P4_Normal	Normal
CGCATGAAGTAAGTGCAACGGGAA.1_3|P4_Normal	Normal
CGCATGAAGTAGCTAAACTTTAGG.1_2|P4_Normal	Normal_holdout
CGCATGAAGTTACATCAACGGGAA.1_3|P4_Normal	Normal_holdout
CGCATTATCAACCGGAACTTTAGG.1_1|P4_Normal	Normal_holdout
CGCATTATCAAGGTACAACGGGAA.1_3|P4_Normal	Normal
CGCATTATCACAGCCTAACGGGAA.1_3|P4_Normal	Normal
CGCATTATCCTGGTTAAACGGGAA.1_3|P4_Normal	Normal
CGCATTATCGACCGTTAACGGGAA.1_3|P4_Normal	Normal
CGCATTTCAAACCTGAAACGGGAA.1_3|P4_Normal	Normal
CGCATTTCAACAGGCTAACGGGAA.1_3|P4_Normal	Normal
CGCATTTCAGGCCTCTACTTTAGG.1_2|P4_Normal	Normal
CGCCATCCAACAAAGAAACGGGAA.1_3|P4_Normal	Normal
CGCCATCCAACTGTTCAACGGGAA.1_3|P4_Normal	Normal
CGCCATCCACTATGGAACTTTAGG.1_1|P4_Normal	Normal
CGCCATCCAGAGAGCAACTTTAGG.1_2|P4_Normal	Normal
CGCCATCCATAGCCTTAACGGGAA.1_3|P4_Normal	Normal
CGCCATCCATGCAATGACTTTAGG.1_2|P4_Normal	Normal
CGCGACACAATGAGCCAACGGGAA.1_3|P4_Normal	Normal
CGCGACACAATTCGGAACTTTAGG.1_1|P4_Normal	Normal_holdout
CGCGACACACTTTGTAACTTTAGG.1_2|P4_Normal	Normal
CGCGACACATAGCCGGAACGGGAA.1_3|P4_Normal	Normal
CGCGACACATCATGCTACTTTAGG.1_2|P4_Normal	Normal
CGCGACACATGTGGCGACTTTAGG.1_2|P4_Normal	Normal_holdout
CGCGATAAGGTAAGCTACTTTAGG.1_2|P4_Normal	Normal
CGCGATAAGGTCTTTGACTTTAGG.1_2|P4_Normal	Normal_holdout
CGCGTGACACCAGCCTACTTTAGG.1_1|P4_Normal	Normal_holdout
CGCGTGACACGGGCTAACTTTAGG.1_1|P4_Normal	Normal
CGCGTGACATTGAACGACTTTAGG.1_2|P4_Normal	Normal
CGCGTGACATTTCGACAACGGGAA.1_3|P4_Normal	Normal
CGCGTTCCATTGCCGCACTTTAGG.1_2|P4_Normal	Normal_holdout
CGCTAAACAAACTTCCACTTTAGG.1_1|P4_Normal	Normal
CGCTAAACAACTTCGTAACGGGAA.1_3|P4_Normal	Normal
CGCTAAACAATCCACTACTTTAGG.1_1|P4_Normal	Normal
CGCTACGTCATCCAGCACTTTAGG.1_1|P4_Normal	Normal
CGCTACGTCATTACCGACTTTAGG.1_1|P4_Normal	Normal
CGCTACGTCCGCAACTAACGGGAA.1_3|P4_Normal	Normal
CGCTACGTCCTCCCACACTTTAGG.1_2|P4_Normal	Normal
CGCTACGTCGCTTCAAAACGGGAA.1_3|P4_Normal	Normal
CGCTACGTCTCGCCTCACTTTAGG.1_1|P4_Normal	Normal
CGCTACTAGGTATAGCACTTTAGG.1_1|P4_Normal	Normal
CGCTACTAGGTCACAGACTTTAGG.1_1|P4_Normal	Normal
CGCTATATCGTTAGGGAACGGGAA.1_3|P4_Normal	Normal
CGCTCAGTCAGCGGGTACTTTAGG.1_2|P4_Normal	Normal
CGCTCAGTCATAACCTACTTTAGG.1_2|P4_Normal	Normal
CGCTCAGTCCTTGAGCACTTTAGG.1_1|P4_Normal	Normal
CGCTGGACAAGGTGCTACTTTAGG.1_2|P4_Normal	Normal
CGCTGGACACAGGCTGACTTTAGG.1_1|P4_Normal	Normal
CGCTGGACACGCCACTAACGGGAA.1_3|P4_Normal	Normal
CGCTGGACATGTGGCGACTTTAGG.1_1|P4_Normal	Normal
CGCTTTAAGCTACGTCACTTTAGG.1_1|P4_Normal	Normal
CGCTTTAAGGCACAATAACGGGAA.1_3|P4_Normal	Normal
CGCTTTAAGGGCAGTCACTTTAGG.1_1|P4_Normal	Normal_holdout
CGCTTTAAGTTTGCATAACGGGAA.1_3|P4_Normal	Normal_holdout
CGGAACCAGATTCGTTACTTTAGG.1_2|P4_Normal	Normal
CGGAACCAGCCTTAATACTTTAGG.1_1|P4_Normal	Normal
CGGAACGGTCACCAGCACTTTAGG.1_1|P4_Normal	Normal
CGGCAATCAAACGGTCACTTTAGG.1_2|P4_Normal	Normal_holdout
CGGCAATCACTGACTTACTTTAGG.1_2|P4_Normal	Normal
CGGCAATCAGCACGTGACTTTAGG.1_2|P4_Normal	Normal
CGGCTAAAGTGATGGTACTTTAGG.1_1|P4_Normal	Normal
CGGGATGGTACCTAGTAACGGGAA.1_3|P4_Normal	Normal
CGGGATGGTGCGCAAGACTTTAGG.1_2|P4_Normal	Normal
CGGGATGGTTAGCATCACTTTAGG.1_2|P4_Normal	Normal
CGGGATGGTTAGCGCCACTTTAGG.1_2|P4_Normal	Normal
CGGGCTACAAATAAGGAACGGGAA.1_3|P4_Normal	Normal
CGGGCTACAACATGATACTTTAGG.1_1|P4_Normal	Normal
CGGGCTACAGATTCGAAACGGGAA.1_3|P4_Normal	Normal
CGGGCTACATGTTTCAACTTTAGG.1_2|P4_Normal	Normal
CGGGTTAAGCACGGTAACTTTAGG.1_2|P4_Normal	Normal
CGGGTTAAGGATGCATAACGGGAA.1_3|P4_Normal	Normal_holdout
CGGGTTAAGTCATAAGACTTTAGG.1_2|P4_Normal	Normal
CGGGTTAAGTTAGGGTACTTTAGG.1_1|P4_Normal	Normal
CGGGTTAAGTTGACGGACTTTAGG.1_2|P4_Normal	Normal
CGGGTTGCAACCGTGGAACGGGAA.1_3|P4_Normal	Normal
CGGGTTGCACATTCGTACTTTAGG.1_2|P4_Normal	Normal
CGGGTTGCACCTAAGAACTTTAGG.1_1|P4_Normal	Normal
CGGGTTGCACGCAATAACTTTAGG.1_2|P4_Normal	Normal_holdout
CGGTATTGTAATAGGTACTTTAGG.1_1|P4_Normal	Normal
CGGTATTGTAATTGCCACTTTAGG.1_1|P4_Normal	Normal
CGGTATTGTGCGGTTCAACGGGAA.1_3|P4_Normal	Normal
CGGTATTGTGTCCAATACTTTAGG.1_2|P4_Normal	Normal
CGGTATTGTGTTCCAGAACGGGAA.1_3|P4_Normal	Normal
CGGTATTGTTAGCGGGACTTTAGG.1_2|P4_Normal	Normal_holdout
CGGTCAAAGGTTCCGTACTTTAGG.1_1|P4_Normal	Normal
CGGTGAGGTCGTAATCAACGGGAA.1_3|P4_Normal	Normal_holdout
CGGTGCACACATACCTAACGGGAA.1_3|P4_Normal	Normal
CGGTGTGCAGCACCTCACTTTAGG.1_1|P4_Normal	Normal
CGGTTAGAGGCTGTGAACTTTAGG.1_2|P4_Normal	Normal
CGGTTAGAGTTACATCACTTTAGG.1_1|P4_Normal	Normal
CGGTTAGAGTTGCAAAACTTTAGG.1_2|P4_Normal	Normal
CGTAAACAGGCTACTCACTTTAGG.1_1|P4_Normal	Normal_holdout
CGTAAAGGTAGCTTGTAACGGGAA.1_3|P4_Normal	Normal
CGTAAAGGTCCCTCATAACGGGAA.1_3|P4_Normal	Normal
CGTAAAGGTGGCGTAGACTTTAGG.1_2|P4_Normal	Normal
CGTAAAGGTGGCTTTGAACGGGAA.1_3|P4_Normal	Normal
CGTAAAGGTGGGTGTGACTTTAGG.1_2|P4_Normal	Normal
CGTAAAGGTTCTTGAAAACGGGAA.1_3|P4_Normal	Normal
CGTAACGAGATGGATCAACGGGAA.1_3|P4_Normal	Normal_holdout
CGTAACGAGCGGGACTAACGGGAA.1_3|P4_Normal	Normal
CGTAACGAGCGGGACTACTTTAGG.1_1|P4_Normal	Normal
CGTAAGTAGAGGCGGAACTTTAGG.1_1|P4_Normal	Normal
CGTAAGTAGCAGGTCAAACGGGAA.1_3|P4_Normal	Normal
CGTAAGTAGTAATGGCAACGGGAA.1_3|P4_Normal	Normal
CGTAATCGTACGGTTTACTTTAGG.1_1|P4_Normal	Normal
CGTAATCGTATAGTGGACTTTAGG.1_2|P4_Normal	Normal
CGTAATCGTCATGAAGACTTTAGG.1_1|P4_Normal	Normal
CGTAATCGTCTCAGCAACTTTAGG.1_2|P4_Normal	Normal
CGTAATCGTTAGGTAGAACGGGAA.1_3|P4_Normal	Normal
CGTAATTTCCGCTATAAACGGGAA.1_3|P4_Normal	Normal
CGTACGTTCACTCGCGACTTTAGG.1_2|P4_Normal	Normal
CGTACGTTCATTAGTCACTTTAGG.1_1|P4_Normal	Normal
CGTACGTTCGTCCATAAACGGGAA.1_3|P4_Normal	Normal
CGTACTTCAAACCCAAACTTTAGG.1_2|P4_Normal	Normal
CGTACTTCATAACCAGAACGGGAA.1_3|P4_Normal	Normal
CGTAGCGCACGGTCGAACTTTAGG.1_2|P4_Normal	Normal
CGTAGCGCAGTAAGGGAACGGGAA.1_3|P4_Normal	Normal
CGTAGCGCATTAGTGGAACGGGAA.1_3|P4_Normal	Normal
CGTAGCGCATTGTGAGACTTTAGG.1_1|P4_Normal	Normal
CGTATATTCCTTTGTCAACGGGAA.1_3|P4_Normal	Normal
CGTCATTCAAGCGAAGAACGGGAA.1_3|P4_Normal	Normal
CGTCATTCACCAACAAAACGGGAA.1_3|P4_Normal	Normal
CGTCATTCAGAATGAAAACGGGAA.1_3|P4_Normal	Normal
CGTCATTCAGCACGTGACTTTAGG.1_2|P4_Normal	Normal
CGTCATTCATAAGCCAACTTTAGG.1_2|P4_Normal	Normal
CGTCATTCATTTCATGACTTTAGG.1_1|P4_Normal	Normal
CGTCCATAGGCCCATTAACGGGAA.1_3|P4_Normal	Normal
CGTCCATAGGCGAGTCACTTTAGG.1_1|P4_Normal	Normal
CGTGAACCACCAGCCTAACGGGAA.1_3|P4_Normal	Normal
CGTGAACCATAGGGTCAACGGGAA.1_3|P4_Normal	Normal
CGTGAGGGTAACCCATACTTTAGG.1_2|P4_Normal	Normal
CGTGAGGGTACGGTTTAACGGGAA.1_3|P4_Normal	Normal
CGTGCTTAGAGGCGGAAACGGGAA.1_3|P4_Normal	Normal
CGTGCTTAGCCAGAGCACTTTAGG.1_2|P4_Normal	Normal
CGTGCTTAGCCTCTAAAACGGGAA.1_3|P4_Normal	Normal
CGTGCTTAGCGGCTTTACTTTAGG.1_2|P4_Normal	Normal
CGTGTCCCAAAGAACAAACGGGAA.1_3|P4_Normal	Normal
CGTGTTTCAACTTCGTAACGGGAA.1_3|P4_Normal	Normal
CGTTACATCAACCGGAACTTTAGG.1_1|P4_Normal	Normal
CGTTACTCACGAACGTACTTTAGG.1_2|P4_Normal	Normal
CGTTACTCACTGACTTAACGGGAA.1_3|P4_Normal	Normal
CGTTACTCAGGCTGTGACTTTAGG.1_1|P4_Normal	Normal
CGTTACTCATTCAACCAACGGGAA.1_3|P4_Normal	Normal
CGTTACTCATTCCTGGAACGGGAA.1_3|P4_Normal	Normal
CGTTATAGTCCATCCTAACGGGAA.1_3|P4_Normal	Normal
CGTTATAGTCTCACTCAACGGGAA.1_3|P4_Normal	Normal
CGTTATAGTTCACTCCAACGGGAA.1_3|P4_Normal	Normal
CGTTATAGTTTCACCCACTTTAGG.1_2|P4_Normal	Normal
CGTTATGTCAAGTTTCACTTTAGG.1_1|P4_Normal	Normal
CGTTATGTCACGTTATAACGGGAA.1_3|P4_Normal	Normal
CGTTATGTCTAAATCCACTTTAGG.1_2|P4_Normal	Normal
CGTTATTAGAAGTAGGAACGGGAA.1_3|P4_Normal	Normal_holdout
CGTTATTAGGATGGTTACTTTAGG.1_1|P4_Normal	Normal
CGTTATTAGGCCATGAAACGGGAA.1_3|P4_Normal	Normal
CGTTCAATCTAACTACACTTTAGG.1_1|P4_Normal	Normal
CGTTCGTAGAGGTTTAAACGGGAA.1_3|P4_Normal	Normal
CGTTCGTAGCGGCTTTACTTTAGG.1_2|P4_Normal	Normal
CGTTGCGTCAAACCGGAACGGGAA.1_3|P4_Normal	Normal
CGTTGCGTCCTGACTAACTTTAGG.1_2|P4_Normal	Normal
CGTTGCGTCCTGGTTAAACGGGAA.1_3|P4_Normal	Normal_holdout
CGTTGCGTCGATTACTACTTTAGG.1_1|P4_Normal	Normal
CGTTGCGTCGTGATGGACTTTAGG.1_2|P4_Normal	Normal_holdout
CGTTGTCAGACTAATGAACGGGAA.1_3|P4_Normal	Normal
CGTTGTCAGCAATTGAACTTTAGG.1_1|P4_Normal	Normal
CGTTGTCAGGCCATGAACTTTAGG.1_2|P4_Normal	Normal
CGTTTGGGTAGTTGTCAACGGGAA.1_3|P4_Normal	Normal
CGTTTGGGTTTGAGCTAACGGGAA.1_3|P4_Normal	Normal_holdout
CGTTTGTCAAACAATCACTTTAGG.1_1|P4_Normal	Normal
CGTTTGTCACTTCGATACTTTAGG.1_1|P4_Normal	Normal
CGTTTGTCAGCTAAGCAACGGGAA.1_3|P4_Normal	Normal
CTAAATGAGCCACTCGACTTTAGG.1_2|P4_Normal	Normal
CTAAATGAGGAACCGCACTTTAGG.1_1|P4_Normal	Normal
CTAAATGAGGAGCCGTACTTTAGG.1_1|P4_Normal	Normal
CTAACAGCATTGTACCACTTTAGG.1_2|P4_Normal	Normal
CTAACCATCAAAGGGAACTTTAGG.1_2|P4_Normal	Normal
CTAACCATCATAACCTAACGGGAA.1_3|P4_Normal	Normal_holdout
CTAACCATCTAACCTGAACGGGAA.1_3|P4_Normal	Normal_holdout
CTAACCATCTTGAATCACTTTAGG.1_1|P4_Normal	Normal
CTAACCGGTGTTCCAGACTTTAGG.1_2|P4_Normal	Normal
CTAACCTCAAGGGTCTAACGGGAA.1_3|P4_Normal	Normal
CTAACCTCACGGTCGAAACGGGAA.1_3|P4_Normal	Normal
CTAACTAGTTCATTGAACTTTAGG.1_1|P4_Normal	Normal_holdout
CTAAGGCCAACGACTAACTTTAGG.1_1|P4_Normal	Normal
CTAAGGCCACGTAGTAACTTTAGG.1_2|P4_Normal	Normal
CTAAGGCCAGACTCAAAACGGGAA.1_3|P4_Normal	Normal
CTAAGGCCAGGGATGAACTTTAGG.1_2|P4_Normal	Normal_holdout
CTAAGGCCATGACCAAACTTTAGG.1_2|P4_Normal	Normal
CTAAGTAAGTGATTAGAACGGGAA.1_3|P4_Normal	Normal
CTAAGTAAGTGTGATAACTTTAGG.1_2|P4_Normal	Normal
CTAAGTCGTAGCCTTGAACGGGAA.1_3|P4_Normal	Normal_holdout
CTAAGTCGTCAATCGTACTTTAGG.1_2|P4_Normal	Normal_holdout
CTAAGTGCACCGGTAGAACGGGAA.1_3|P4_Normal	Normal
CTAATCTAGATGAAGGACTTTAGG.1_2|P4_Normal	Normal_holdout
CTAATCTAGGTCGAGCAACGGGAA.1_3|P4_Normal	Normal
CTAATCTAGGTTATCTACTTTAGG.1_2|P4_Normal	Normal
CTAATCTAGTAAGCACACTTTAGG.1_2|P4_Normal	Normal
CTAATCTAGTGCCCTGAACGGGAA.1_3|P4_Normal	Normal
CTAATGCGTTATGAGGACTTTAGG.1_2|P4_Normal	Normal
CTAATGCGTTTCTAAGAACGGGAA.1_3|P4_Normal	Normal
CTACATCCAAATAACCACTTTAGG.1_1|P4_Normal	Normal
CTACATCCACAATCGAACTTTAGG.1_1|P4_Normal	Normal
CTACATCCACAATCGAACTTTAGG.1_2|P4_Normal	Normal
CTACATCCACATGCTTAACGGGAA.1_3|P4_Normal	Normal
CTACATCCAGCACGTGACTTTAGG.1_2|P4_Normal	Normal
CTACATCCATATAGGTACTTTAGG.1_1|P4_Normal	Normal
CTACATCCATGAGGGAAACGGGAA.1_3|P4_Normal	Normal
CTACATCCATTCAGGAAACGGGAA.1_3|P4_Normal	Normal
CTACCAGGTCATGATCACTTTAGG.1_1|P4_Normal	Normal
CTACCATCAAGATGCCACTTTAGG.1_2|P4_Normal	Normal
CTACCATCAGAATCGCACTTTAGG.1_2|P4_Normal	Normal
CTACCCACACGAACGTACTTTAGG.1_1|P4_Normal	Normal
CTACCCACATGGCCGAACTTTAGG.1_1|P4_Normal	Normal
CTACCGGTCGACTTTGAACGGGAA.1_3|P4_Normal	Normal
CTACCTAAGATGCCTCAACGGGAA.1_3|P4_Normal	Normal
CTACCTAAGGAGGATAACTTTAGG.1_1|P4_Normal	Normal
CTACCTAAGTCAACAAACTTTAGG.1_1|P4_Normal	Normal
CTACGAACAAAGGGATACTTTAGG.1_2|P4_Normal	Normal
CTACGAACAGGGCTATACTTTAGG.1_1|P4_Normal	Normal_holdout
CTACGAACATAACCGAAACGGGAA.1_3|P4_Normal	Normal
CTACTGATCAACTTGTACTTTAGG.1_1|P4_Normal	Normal
CTACTGGGTCCAGCACAACGGGAA.1_3|P4_Normal	Normal
CTACTGGGTTAGGCGGAACGGGAA.1_3|P4_Normal	Normal
CTAGATAAGAGGATGAAACGGGAA.1_3|P4_Normal	Normal_holdout
CTAGATAAGAGGTTCGAACGGGAA.1_3|P4_Normal	Normal
CTAGATAAGCACTAGGAACGGGAA.1_3|P4_Normal	Normal
CTAGATAAGCCATTTGAACGGGAA.1_3|P4_Normal	Normal
CTAGATAAGGAGGCCTACTTTAGG.1_2|P4_Normal	Normal
CTAGATAAGGGTTGGCACTTTAGG.1_2|P4_Normal	Normal
CTAGATAAGGTTGCTCAACGGGAA.1_3|P4_Normal	Normal
CTAGATAAGTCGCGAAAACGGGAA.1_3|P4_Normal	Normal
CTAGATGCAACATGATACTTTAGG.1_2|P4_Normal	Normal
CTAGATGCACAAATACAACGGGAA.1_3|P4_Normal	Normal
CTAGATGCATCCTTGGACTTTAGG.1_1|P4_Normal	Normal
CTAGCTGGTGGTTAAGACTTTAGG.1_2|P4_Normal	Normal
CTAGCTGGTTTAGTTGACTTTAGG.1_2|P4_Normal	Normal
CTAGGCGCAAATCACGACTTTAGG.1_2|P4_Normal	Normal
CTAGGCGCAAGCTATGACTTTAGG.1_1|P4_Normal	Normal
CTAGGCTTCACACAAAACTTTAGG.1_2|P4_Normal	Normal
CTAGGCTTCACATTCGACTTTAGG.1_2|P4_Normal	Normal_holdout
CTAGGCTTCACCAGGAAACGGGAA.1_3|P4_Normal	Normal
CTAGGTACAAGCCAGTACTTTAGG.1_1|P4_Normal	Normal
CTAGGTACATGGCCGAAACGGGAA.1_3|P4_Normal	Normal
CTAGGTTGTGCTGAAAACTTTAGG.1_2|P4_Normal	Normal
CTAGTCTCAAACCCAAAACGGGAA.1_3|P4_Normal	Normal
CTAGTCTCAAGGGTCTACTTTAGG.1_2|P4_Normal	Normal
CTAGTCTCAAGTTCCTACTTTAGG.1_2|P4_Normal	Normal
CTAGTCTCAATAGCTGACTTTAGG.1_2|P4_Normal	Normal_holdout
CTAGTCTCACTTTACAAACGGGAA.1_3|P4_Normal	Normal
CTAGTCTCACTTTACAACTTTAGG.1_2|P4_Normal	Normal
CTATAGGCAAGGAATAACTTTAGG.1_2|P4_Normal	Normal
CTATAGGCATTTAGCCAACGGGAA.1_3|P4_Normal	Normal
CTATATCAGATATTGGACTTTAGG.1_1|P4_Normal	Normal
CTATATCAGGTCAAACAACGGGAA.1_3|P4_Normal	Normal
CTATCCGCAACGTTAGAACGGGAA.1_3|P4_Normal	Normal
CTATCCGCAGCACGTGACTTTAGG.1_1|P4_Normal	Normal_holdout
CTATGAGCAAGTTGCAAACGGGAA.1_3|P4_Normal	Normal
CTATGAGCAATATGGTACTTTAGG.1_1|P4_Normal	Normal
CTATGAGCACAACATGACTTTAGG.1_2|P4_Normal	Normal_holdout
CTATGAGCATATGGTGAACGGGAA.1_3|P4_Normal	Normal
CTATGCTCAACCGTGGAACGGGAA.1_3|P4_Normal	Normal
CTATGGCTCAGGCCTTACTTTAGG.1_2|P4_Normal	Normal
CTATGGCTCATGCGTCACTTTAGG.1_1|P4_Normal	Normal
CTATGGCTCCTTGAGCACTTTAGG.1_1|P4_Normal	Normal
CTATGGCTCGCGTTACACTTTAGG.1_2|P4_Normal	Normal
CTATGGCTCTATTGCGACTTTAGG.1_2|P4_Normal	Normal
CTATGGGAGCATCCCGACTTTAGG.1_2|P4_Normal	Normal
CTATGGGAGGCCTCTGAACGGGAA.1_3|P4_Normal	Normal
CTATGGGAGTAAAGGGAACGGGAA.1_3|P4_Normal	Normal
CTATGTCCAACTTCGTACTTTAGG.1_1|P4_Normal	Normal
CTATGTCCAATGAATCACTTTAGG.1_2|P4_Normal	Normal
CTATGTCCACTTCGATACTTTAGG.1_1|P4_Normal	Normal
CTATGTCCAGTGAGGAAACGGGAA.1_3|P4_Normal	Normal
CTATGTTAGTCAACTTACTTTAGG.1_1|P4_Normal	Normal
CTATGTTAGTCACTATACTTTAGG.1_2|P4_Normal	Normal
CTATGTTAGTGAGTTAACTTTAGG.1_1|P4_Normal	Normal
CTATTACAGGATTAGCAACGGGAA.1_3|P4_Normal	Normal_holdout
CTATTACAGGCTGGTAAACGGGAA.1_3|P4_Normal	Normal
CTATTACAGGGCCTTTACTTTAGG.1_1|P4_Normal	Normal
CTATTAGGTGGGTGTGACTTTAGG.1_2|P4_Normal	Normal
CTATTGAGTCCTCATCACTTTAGG.1_2|P4_Normal	Normal
CTATTGAGTGAACCAAACTTTAGG.1_2|P4_Normal	Normal_holdout
CTATTGAGTTAGTGAGACTTTAGG.1_1|P4_Normal	Normal_holdout
CTATTGGTCAGGCATGAACGGGAA.1_3|P4_Normal	Normal
CTATTGGTCATTAGCTACTTTAGG.1_1|P4_Normal	Normal
CTATTGGTCGAGGTTGACTTTAGG.1_1|P4_Normal	Normal
CTATTGGTCTAAGTAGACTTTAGG.1_2|P4_Normal	Normal
CTATTGGTCTAATGGAACTTTAGG.1_1|P4_Normal	Normal
CTATTGGTCTCACCTTAACGGGAA.1_3|P4_Normal	Normal
CTCAAATTCCCTCAAAACTTTAGG.1_2|P4_Normal	Normal
CTCAAATTCCGAAAGTAACGGGAA.1_3|P4_Normal	Normal
CTCAACATCCTTTCTAAACGGGAA.1_3|P4_Normal	Normal
CTCAACATCGCTTGACACTTTAGG.1_1|P4_Normal	Normal_holdout
CTCAACATCGGTACGAACTTTAGG.1_2|P4_Normal	Normal
CTCAACATCTATGCATACTTTAGG.1_2|P4_Normal	Normal_holdout
CTCAAGACACCTGGTCAACGGGAA.1_3|P4_Normal	Normal_holdout
CTCAAGACATGCTCCAACTTTAGG.1_2|P4_Normal	Normal
CTCAAGCTCAATACAGACTTTAGG.1_2|P4_Normal	Normal
CTCAAGCTCATGGAACAACGGGAA.1_3|P4_Normal	Normal
CTCAAGCTCGAACCGAACTTTAGG.1_1|P4_Normal	Normal
CTCAAGCTCGAGCTAGACTTTAGG.1_2|P4_Normal	Normal
CTCAAGCTCTCAGCTAACTTTAGG.1_1|P4_Normal	Normal
CTCAATAGTATGGGACACTTTAGG.1_2|P4_Normal	Normal
CTCAATAGTCTTTATCACTTTAGG.1_2|P4_Normal	Normal
CTCACACAGAAGCATCAACGGGAA.1_3|P4_Normal	Normal_holdout
CTCACACAGATTGCAAAACGGGAA.1_3|P4_Normal	Normal_holdout
CTCACACAGCACCTTAACTTTAGG.1_2|P4_Normal	Normal_holdout
CTCACACAGGAAACCTAACGGGAA.1_3|P4_Normal	Normal
CTCACACAGGGCGGTTAACGGGAA.1_3|P4_Normal	Normal
CTCACACAGTAATTGGAACGGGAA.1_3|P4_Normal	Normal
CTCACACAGTACCCACAACGGGAA.1_3|P4_Normal	Normal
CTCACACAGTAGCTAAACTTTAGG.1_1|P4_Normal	Normal_holdout
CTCACACAGTCTATGTACTTTAGG.1_2|P4_Normal	Normal
CTCACCCTCACCACACACTTTAGG.1_1|P4_Normal	Normal
CTCACCCTCGTCCCGAACTTTAGG.1_2|P4_Normal	Normal
CTCACCCTCTTACTCCACTTTAGG.1_2|P4_Normal	Normal
CTCAGCTAGAGGCGAGACTTTAGG.1_2|P4_Normal	Normal
CTCAGCTAGGTTGGGCACTTTAGG.1_1|P4_Normal	Normal_holdout
CTCAGCTAGTAAGCACAACGGGAA.1_3|P4_Normal	Normal
CTCAGGGCACCACATTAACGGGAA.1_3|P4_Normal	Normal
CTCAGGGCACGTAAATACTTTAGG.1_1|P4_Normal	Normal
CTCAGGGCAGCAAGCTAACGGGAA.1_3|P4_Normal	Normal
CTCAGGGCATACTTCAAACGGGAA.1_3|P4_Normal	Normal
CTCATAAGTTCTCAAAAACGGGAA.1_3|P4_Normal	Normal_holdout
CTCATGATCAAACTTCACTTTAGG.1_1|P4_Normal	Normal
CTCATGATCATTAGCTACTTTAGG.1_2|P4_Normal	Normal
CTCATGATCCATCCGGACTTTAGG.1_2|P4_Normal	Normal
CTCATGATCCTCACTTACTTTAGG.1_2|P4_Normal	Normal
CTCATGATCCTTTGGAAACGGGAA.1_3|P4_Normal	Normal
CTCATTACACTATCACAACGGGAA.1_3|P4_Normal	Normal
CTCATTACACTTTACAAACGGGAA.1_3|P4_Normal	Normal
CTCATTACAGCGGATTACTTTAGG.1_1|P4_Normal	Normal
CTCATTACAGTAAGGGACTTTAGG.1_2|P4_Normal	Normal
CTCATTACATACTGAGAACGGGAA.1_3|P4_Normal	Normal_holdout
CTCCATCGTAGCCCGTACTTTAGG.1_1|P4_Normal	Normal
CTCCATCGTCCTCATCAACGGGAA.1_3|P4_Normal	Normal
CTCCATCGTCGAAGTAACTTTAGG.1_2|P4_Normal	Normal
CTCCATCGTTGGTTACACTTTAGG.1_2|P4_Normal	Normal
CTCCTAAAGCGAATGTACTTTAGG.1_1|P4_Normal	Normal
CTCCTAAAGGTCACAGAACGGGAA.1_3|P4_Normal	Normal
CTCCTAAAGTTTGCATAACGGGAA.1_3|P4_Normal	Normal
CTCCTCTCAAGCGAAGACTTTAGG.1_1|P4_Normal	Normal
CTCCTCTCAGCTCGAGACTTTAGG.1_2|P4_Normal	Normal
CTCCTCTCATAGGGTCACTTTAGG.1_1|P4_Normal	Normal
CTCGACCCAATCGTTCACTTTAGG.1_2|P4_Normal	Normal_holdout
CTCGACCCAGGATGCTAACGGGAA.1_3|P4_Normal	Normal
CTCGACCCATTTATCGACTTTAGG.1_1|P4_Normal	Normal
CTCGACTAGACTATTCACTTTAGG.1_2|P4_Normal	Normal
CTCGACTAGATAGCCGACTTTAGG.1_2|P4_Normal	Normal
CTCGACTAGGAGGATAACTTTAGG.1_2|P4_Normal	Normal
CTCGATCAGTTTGACTAACGGGAA.1_3|P4_Normal	Normal
CTCGATTCAAACACGCAACGGGAA.1_3|P4_Normal	Normal
CTCGATTCACTGACAAAACGGGAA.1_3|P4_Normal	Normal
CTCGATTCAGGATTATACTTTAGG.1_2|P4_Normal	Normal
CTCGCTTGTCATCCCTACTTTAGG.1_1|P4_Normal	Normal
CTCGTTAAGCCGCTATAACGGGAA.1_3|P4_Normal	Normal
CTCTAACCAGGATCCGAACGGGAA.1_3|P4_Normal	Normal
CTCTAAGTCACAAATGACTTTAGG.1_2|P4_Normal	Normal
CTCTAAGTCAGCCCTGACTTTAGG.1_1|P4_Normal	Normal
CTCTAAGTCCGGCTCAAACGGGAA.1_3|P4_Normal	Normal
CTCTAAGTCGCGTTACACTTTAGG.1_2|P4_Normal	Normal
CTCTAAGTCGGTAAACAACGGGAA.1_3|P4_Normal	Normal
CTCTAAGTCTAATGGAACTTTAGG.1_2|P4_Normal	Normal
CTCTCAGCAATCCACTACTTTAGG.1_2|P4_Normal	Normal
CTCTCAGCATGGGTTAACTTTAGG.1_2|P4_Normal	Normal
CTCTCGACAAGGAATAACTTTAGG.1_2|P4_Normal	Normal
CTCTCGACATATAGGTACTTTAGG.1_2|P4_Normal	Normal_holdout
CTCTTGAAGAAACCCGACTTTAGG.1_2|P4_Normal	Normal
CTCTTGAAGCAAAGCTACTTTAGG.1_2|P4_Normal	Normal
CTCTTGAAGCTTAAAGACTTTAGG.1_2|P4_Normal	Normal
CTCTTGAAGTGCTGAGACTTTAGG.1_1|P4_Normal	Normal
CTCTTGAAGTTTGAGAAACGGGAA.1_3|P4_Normal	Normal
CTGAATCGTAGCTATCACTTTAGG.1_2|P4_Normal	Normal
CTGAATCGTAGTAACGACTTTAGG.1_1|P4_Normal	Normal
CTGAATCGTTCCGCAAACTTTAGG.1_2|P4_Normal	Normal_holdout
CTGAATCGTTGAATCCACTTTAGG.1_1|P4_Normal	Normal
CTGAATGCATAGGCGTACTTTAGG.1_2|P4_Normal	Normal
CTGAATGCATATCGCTACTTTAGG.1_2|P4_Normal	Normal
CTGACCAGTCGTTCGAAACGGGAA.1_3|P4_Normal	Normal
CTGACCAGTGGGTGTGAACGGGAA.1_3|P4_Normal	Normal
CTGAGTCTCCCAAATTACTTTAGG.1_2|P4_Normal	Normal
CTGAGTCTCCCTCATTACTTTAGG.1_2|P4_Normal	Normal_holdout
CTGATCCAGATAATCGAACGGGAA.1_3|P4_Normal	Normal_holdout
CTGATGACAAACGGTCACTTTAGG.1_2|P4_Normal	Normal_holdout
CTGATGACAACAGGGAAACGGGAA.1_3|P4_Normal	Normal_holdout
CTGATGACAAGTTGGCACTTTAGG.1_1|P4_Normal	Normal
CTGATTTAGCAGGTCAACTTTAGG.1_2|P4_Normal	Normal
CTGGCTGTCACAATGAAACGGGAA.1_3|P4_Normal	Normal
CTGGCTGTCACAATGAACTTTAGG.1_2|P4_Normal	Normal
CTGGCTGTCCAATTACAACGGGAA.1_3|P4_Normal	Normal_holdout
CTGGTCAGTAAACTGGACTTTAGG.1_1|P4_Normal	Normal
CTGGTCAGTAGTTGTCACTTTAGG.1_2|P4_Normal	Normal
CTGGTCAGTATTTGTGACTTTAGG.1_1|P4_Normal	Normal_holdout
CTGGTCAGTGCACAAAACTTTAGG.1_2|P4_Normal	Normal
CTGGTCAGTGCTGAAAACTTTAGG.1_1|P4_Normal	Normal
CTGGTCAGTGTTAGCTACTTTAGG.1_2|P4_Normal	Normal
CTGGTCAGTTGAGCTTACTTTAGG.1_2|P4_Normal	Normal
CTGGTGAAGCAACATAAACGGGAA.1_3|P4_Normal	Normal
CTGGTGAAGTATGGGTAACGGGAA.1_3|P4_Normal	Normal
CTGGTGAAGTGTCCACAACGGGAA.1_3|P4_Normal	Normal
CTGGTTATCAAGGTCGAACGGGAA.1_3|P4_Normal	Normal_holdout
CTGGTTATCATGGATAAACGGGAA.1_3|P4_Normal	Normal
CTGGTTATCCAGATAAACTTTAGG.1_1|P4_Normal	Normal
CTGTCAATCACGTTCAACTTTAGG.1_2|P4_Normal	Normal
CTGTCATCAAACAAGAAACGGGAA.1_3|P4_Normal	Normal
CTGTCATCAGCATTTCAACGGGAA.1_3|P4_Normal	Normal
CTGTGCAGTACTAACCAACGGGAA.1_3|P4_Normal	Normal
CTGTGCAGTATAGTGGACTTTAGG.1_1|P4_Normal	Normal
CTGTGCAGTCTACCAGACTTTAGG.1_2|P4_Normal	Normal
CTGTGCAGTTGAGTCTAACGGGAA.1_3|P4_Normal	Normal
CTGTGGCGTACAGCAAAACGGGAA.1_3|P4_Normal	Normal
CTGTGGCGTATTGCGTACTTTAGG.1_2|P4_Normal	Normal_holdout
CTGTGGCGTGTTTGTAAACGGGAA.1_3|P4_Normal	Normal_holdout
CTGTGGCGTTGAGTCTACTTTAGG.1_1|P4_Normal	Normal
CTGTGGCGTTGTCCAGACTTTAGG.1_2|P4_Normal	Normal
CTGTGTGGTAAAGCGCAACGGGAA.1_3|P4_Normal	Normal
CTGTGTGGTCACAGGGACTTTAGG.1_1|P4_Normal	Normal
CTGTGTGGTCATCAGTACTTTAGG.1_2|P4_Normal	Normal
CTGTGTGGTGTTGCTGAACGGGAA.1_3|P4_Normal	Normal
CTGTTAAGTAAGTCGAAACGGGAA.1_3|P4_Normal	Normal
CTGTTAAGTATGGTCTACTTTAGG.1_2|P4_Normal	Normal
CTGTTAAGTGGACACGACTTTAGG.1_1|P4_Normal	Normal
CTGTTAAGTGGTTAAGACTTTAGG.1_1|P4_Normal	Normal
CTGTTAAGTTAAGCCTAACGGGAA.1_3|P4_Normal	Normal
CTGTTGCAGAGCAATCACTTTAGG.1_1|P4_Normal	Normal
CTGTTGCAGAGGATAGAACGGGAA.1_3|P4_Normal	Normal
CTGTTGCAGCAAAGCTACTTTAGG.1_2|P4_Normal	Normal
CTGTTTACAAGATAAGACTTTAGG.1_2|P4_Normal	Normal
CTGTTTACACATTCGTACTTTAGG.1_1|P4_Normal	Normal
CTGTTTACACGCCACTAACGGGAA.1_3|P4_Normal	Normal
CTTAACAGTAAATAGCAACGGGAA.1_3|P4_Normal	Normal
CTTAACAGTCCCTCTGAACGGGAA.1_3|P4_Normal	Normal
CTTAACAGTCGTAAAGAACGGGAA.1_3|P4_Normal	Normal
CTTAACAGTCGTAAAGACTTTAGG.1_2|P4_Normal	Normal
CTTAACGTCATGACCCAACGGGAA.1_3|P4_Normal	Normal
CTTAACGTCGACCGTTAACGGGAA.1_3|P4_Normal	Normal
CTTAACGTCGCGTTCGACTTTAGG.1_1|P4_Normal	Normal
CTTAACGTCTCTATGGACTTTAGG.1_2|P4_Normal	Normal_holdout
CTTAAGCGTACGCACCAACGGGAA.1_3|P4_Normal	Normal
CTTAAGCGTATGGTCTACTTTAGG.1_2|P4_Normal	Normal
CTTAAGCGTCGAATCTACTTTAGG.1_2|P4_Normal	Normal
CTTAAGCGTTTGCATAAACGGGAA.1_3|P4_Normal	Normal
CTTAAGGCATCAAGCAAACGGGAA.1_3|P4_Normal	Normal
CTTAAGTTCAAGGGCCACTTTAGG.1_2|P4_Normal	Normal_holdout
CTTAAGTTCCTCAATGACTTTAGG.1_2|P4_Normal	Normal
CTTAAGTTCGTCCATAACTTTAGG.1_2|P4_Normal	Normal
CTTAATGGTGGTTCTGACTTTAGG.1_2|P4_Normal	Normal
CTTAATGGTGTTTGCGACTTTAGG.1_2|P4_Normal	Normal
CTTACCGCACATAGTGAACGGGAA.1_3|P4_Normal	Normal
CTTACCGCAGGCTGTGAACGGGAA.1_3|P4_Normal	Normal
CTTACCTTCCTTATGGACTTTAGG.1_2|P4_Normal	Normal
CTTACTGAGTGGCTTCACTTTAGG.1_2|P4_Normal	Normal
CTTAGAAAGGCTAGATACTTTAGG.1_2|P4_Normal	Normal_holdout
CTTAGAAAGGGCGGTTACTTTAGG.1_1|P4_Normal	Normal
CTTAGAAAGTGATTAGACTTTAGG.1_1|P4_Normal	Normal
CTTAGAGCAATATGGTACTTTAGG.1_1|P4_Normal	Normal
CTTAGAGCAGGCAACTAACGGGAA.1_3|P4_Normal	Normal
CTTAGCCAGCCATCGTAACGGGAA.1_3|P4_Normal	Normal_holdout
CTTAGCCAGCTAGCCTACTTTAGG.1_2|P4_Normal	Normal
CTTAGCCAGTCTACCAACTTTAGG.1_2|P4_Normal	Normal
CTTAGCGGTAATAGGTACTTTAGG.1_1|P4_Normal	Normal
CTTAGCGGTAGCGGATACTTTAGG.1_2|P4_Normal	Normal
CTTAGCGGTATGGGACACTTTAGG.1_2|P4_Normal	Normal
CTTAGCGGTTTGCTCCACTTTAGG.1_1|P4_Normal	Normal_holdout
CTTAGCTCAAAGCCTAACTTTAGG.1_1|P4_Normal	Normal
CTTAGCTCAGGCTATAACTTTAGG.1_2|P4_Normal	Normal
CTTAGCTCAGTAAGTTAACGGGAA.1_3|P4_Normal	Normal
CTTAGTAGTAGTTGTCACTTTAGG.1_1|P4_Normal	Normal
CTTAGTAGTATTGACCACTTTAGG.1_2|P4_Normal	Normal
CTTAGTAGTGCGGCAAAACGGGAA.1_3|P4_Normal	Normal
CTTAGTAGTTCTCAAAACTTTAGG.1_1|P4_Normal	Normal
CTTAGTCCAAGGCTTAAACGGGAA.1_3|P4_Normal	Normal
CTTAGTCCACTCAAAGAACGGGAA.1_3|P4_Normal	Normal
CTTAGTCCATGTGGCGAACGGGAA.1_3|P4_Normal	Normal
CTTAGTGTCACAGCCTAACGGGAA.1_3|P4_Normal	Normal
CTTAGTGTCATAGGTAAACGGGAA.1_3|P4_Normal	Normal
CTTAGTGTCATGAGGTACTTTAGG.1_2|P4_Normal	Normal
CTTAGTGTCCAACTATACTTTAGG.1_2|P4_Normal	Normal
CTTAGTGTCCTGGTTAAACGGGAA.1_3|P4_Normal	Normal_holdout
CTTAGTGTCCTTAGGCAACGGGAA.1_3|P4_Normal	Normal
CTTAGTGTCTTTAAGCAACGGGAA.1_3|P4_Normal	Normal
CTTATGTAGGTCAAACACTTTAGG.1_1|P4_Normal	Normal_holdout
CTTCAACCAAACCGTAACTTTAGG.1_2|P4_Normal	Normal
CTTCAACCAATAACCGAACGGGAA.1_3|P4_Normal	Normal_holdout
CTTCCTCCAAACCGGTAACGGGAA.1_3|P4_Normal	Normal
CTTCCTCCACCTAAAGAACGGGAA.1_3|P4_Normal	Normal
CTTCGAATCATGAATGACTTTAGG.1_1|P4_Normal	Normal_holdout
CTTCGAATCCAGATAAACTTTAGG.1_2|P4_Normal	Normal
CTTCGAATCTAACCTGACTTTAGG.1_2|P4_Normal	Normal
CTTCGAATCTGTCAGCACTTTAGG.1_2|P4_Normal	Normal
CTTCGAATCTTCAAGTAACGGGAA.1_3|P4_Normal	Normal
CTTCGCCTCCCGTTCCACTTTAGG.1_2|P4_Normal	Normal
CTTCGCCTCGCCTAACACTTTAGG.1_2|P4_Normal	Normal
CTTCGCCTCGCCTATAAACGGGAA.1_3|P4_Normal	Normal
CTTCGCCTCGGCTAAGACTTTAGG.1_2|P4_Normal	Normal_holdout
CTTGAACGTTTACGACACTTTAGG.1_1|P4_Normal	Normal
CTTGACTCAAATATGCAACGGGAA.1_3|P4_Normal	Normal_holdout
CTTGACTCAACAGGGAACTTTAGG.1_2|P4_Normal	Normal
CTTGACTCAATCATCCACTTTAGG.1_1|P4_Normal	Normal
CTTGACTCATGGATTGACTTTAGG.1_2|P4_Normal	Normal
CTTGACTCATGGCCGAACTTTAGG.1_2|P4_Normal	Normal
CTTGAGGAGAACCTAAACTTTAGG.1_1|P4_Normal	Normal_holdout
CTTGAGGAGCTAACTTACTTTAGG.1_1|P4_Normal	Normal
CTTGAGGAGGGTTTGGACTTTAGG.1_2|P4_Normal	Normal_holdout
CTTGAGGAGTCGCATCACTTTAGG.1_2|P4_Normal	Normal
CTTGATGTCACGTTCAACTTTAGG.1_2|P4_Normal	Normal
CTTGATGTCATGTCATAACGGGAA.1_3|P4_Normal	Normal_holdout
CTTGATTAGACTAATGACTTTAGG.1_2|P4_Normal	Normal
CTTGATTAGTTTGGTTAACGGGAA.1_3|P4_Normal	Normal
CTTGCACAGGTGAATCAACGGGAA.1_3|P4_Normal	Normal
CTTGCGCCAAGCGAAGACTTTAGG.1_1|P4_Normal	Normal
CTTGCGCCAAGGGTCTACTTTAGG.1_2|P4_Normal	Normal
CTTGCGCCACAATACGAACGGGAA.1_3|P4_Normal	Normal_holdout
CTTGCGCCACGGTCGAACTTTAGG.1_2|P4_Normal	Normal
CTTGCGCCATTCAACCACTTTAGG.1_2|P4_Normal	Normal
CTTGCTGCAACTGTTCAACGGGAA.1_3|P4_Normal	Normal
CTTGCTGCAACTGTTCACTTTAGG.1_2|P4_Normal	Normal
CTTGCTGCAACTTGTCAACGGGAA.1_3|P4_Normal	Normal_holdout
CTTGCTGCAAGGCTTAACTTTAGG.1_1|P4_Normal	Normal
CTTGCTGCACATAAACACTTTAGG.1_2|P4_Normal	Normal
CTTGCTGCACTTTGTAACTTTAGG.1_2|P4_Normal	Normal
CTTGGTTCACATTGTCAACGGGAA.1_3|P4_Normal	Normal
CTTGGTTCACCAGCTCACTTTAGG.1_2|P4_Normal	Normal
CTTGTGATCACTCGCGACTTTAGG.1_2|P4_Normal	Normal
CTTGTGATCATGACCCACTTTAGG.1_2|P4_Normal	Normal
CTTGTGATCTTGATCGAACGGGAA.1_3|P4_Normal	Normal
CTTGTGTCAATCAAGTAACGGGAA.1_3|P4_Normal	Normal
CTTGTGTCATCGTTCGACTTTAGG.1_2|P4_Normal	Normal
CTTTAACAGACTAATGAACGGGAA.1_3|P4_Normal	Normal
CTTTAACAGACTAATGACTTTAGG.1_2|P4_Normal	Normal_holdout
CTTTAACAGATGGATCACTTTAGG.1_2|P4_Normal	Normal
CTTTAACAGCAATTGAAACGGGAA.1_3|P4_Normal	Normal
CTTTAACAGCTATCGCACTTTAGG.1_2|P4_Normal	Normal
CTTTAACAGGAAGGTAACTTTAGG.1_1|P4_Normal	Normal
CTTTAACAGTACCAGGAACGGGAA.1_3|P4_Normal	Normal
CTTTAAGGTACGTTACACTTTAGG.1_1|P4_Normal	Normal
CTTTAAGGTTCCGCAAAACGGGAA.1_3|P4_Normal	Normal
CTTTAAGGTTGAATCCACTTTAGG.1_2|P4_Normal	Normal
CTTTAGGTCCTGCAACAACGGGAA.1_3|P4_Normal	Normal
CTTTAGTAGACTGAGTACTTTAGG.1_2|P4_Normal	Normal
CTTTAGTAGGAACCGCACTTTAGG.1_2|P4_Normal	Normal
CTTTAGTAGGGAGGCAAACGGGAA.1_3|P4_Normal	Normal
CTTTAGTAGTCGAAGTACTTTAGG.1_1|P4_Normal	Normal
CTTTCATGTGCGGAATACTTTAGG.1_1|P4_Normal	Normal
CTTTCGTTCAACCGGAAACGGGAA.1_3|P4_Normal	Normal
CTTTCGTTCCAAATAGAACGGGAA.1_3|P4_Normal	Normal
CTTTCGTTCCGGCTCAACTTTAGG.1_1|P4_Normal	Normal
CTTTCTATCGAGAGAAACTTTAGG.1_1|P4_Normal	Normal
CTTTGGATCAACCTATAACGGGAA.1_3|P4_Normal	Normal_holdout
CTTTGGATCACAACAAAACGGGAA.1_3|P4_Normal	Normal
CTTTGGATCACTAATCACTTTAGG.1_1|P4_Normal	Normal
CTTTGGATCCGCTATAAACGGGAA.1_3|P4_Normal	Normal
CTTTGGATCGCGGAACACTTTAGG.1_2|P4_Normal	Normal
CTTTGGATCGGTAAGTACTTTAGG.1_2|P4_Normal	Normal
CTTTGGATCTATGCATAACGGGAA.1_3|P4_Normal	Normal
GAAATACGTCAAAGATAACGGGAA.1_3|P4_Normal	Normal
GAAATACGTGTCCAATAACGGGAA.1_3|P4_Normal	Normal
GAACAATGTGACCTATACTTTAGG.1_2|P4_Normal	Normal
GAACAATGTGATCCTGACTTTAGG.1_2|P4_Normal	Normal_holdout
GAACAATGTGGACCCTAACGGGAA.1_3|P4_Normal	Normal
GAACAGGCACCATCATACTTTAGG.1_2|P4_Normal	Normal_holdout
GAACAGGCACTAAGGCAACGGGAA.1_3|P4_Normal	Normal
GAACGAAAGCTATTACACTTTAGG.1_2|P4_Normal	Normal
GAACGAAAGGAACTTAACTTTAGG.1_1|P4_Normal	Normal
GAACGAAAGTTTCGCAAACGGGAA.1_3|P4_Normal	Normal
GAACGGCTCAACCAAAAACGGGAA.1_3|P4_Normal	Normal
GAACGGCTCAATGGGTACTTTAGG.1_1|P4_Normal	Normal
GAACGGCTCCCTGGTGACTTTAGG.1_1|P4_Normal	Normal
GAACGGCTCCTTGTTCACTTTAGG.1_1|P4_Normal	Normal
GAACTTAAGACCTTGCAACGGGAA.1_3|P4_Normal	Normal
GAACTTAAGATGCTAAACTTTAGG.1_1|P4_Normal	Normal
GAACTTAAGATTGAGCACTTTAGG.1_2|P4_Normal	Normal
GAACTTAAGCCATCACACTTTAGG.1_2|P4_Normal	Normal
GAACTTAAGGAAACTCACTTTAGG.1_2|P4_Normal	Normal
GAACTTAAGGGCAGTCACTTTAGG.1_1|P4_Normal	Normal
GAACTTAAGTTGCGGAAACGGGAA.1_3|P4_Normal	Normal
GAACTTGCAAATCACGAACGGGAA.1_3|P4_Normal	Normal
GAACTTGCAACCCTATACTTTAGG.1_1|P4_Normal	Normal
GAACTTGCATGAGTCAAACGGGAA.1_3|P4_Normal	Normal
GAAGAATAGAGGCGGAACTTTAGG.1_2|P4_Normal	Normal
GAAGAATAGCTGGACAACTTTAGG.1_1|P4_Normal	Normal
GAAGAATAGCTTACTGAACGGGAA.1_3|P4_Normal	Normal
GAAGAATAGGTTCTTGACTTTAGG.1_2|P4_Normal	Normal
GAAGCACGTAAACTGGAACGGGAA.1_3|P4_Normal	Normal
GAAGCACGTGTGGCTCACTTTAGG.1_2|P4_Normal	Normal
GAAGCACGTTACTCCCACTTTAGG.1_2|P4_Normal	Normal
GAAGCACGTTGTGACTAACGGGAA.1_3|P4_Normal	Normal
GAAGCCATCAGGGATTAACGGGAA.1_3|P4_Normal	Normal
GAAGCCATCGATATAGAACGGGAA.1_3|P4_Normal	Normal_holdout
GAAGCCATCGATTGGGACTTTAGG.1_2|P4_Normal	Normal
GAAGGATCAACAAGCCAACGGGAA.1_3|P4_Normal	Normal
GAAGGATCACTAGTAGACTTTAGG.1_2|P4_Normal	Normal
GAAGGATCATGACCAAACTTTAGG.1_1|P4_Normal	Normal
GAAGGCTGTAAAGCATACTTTAGG.1_2|P4_Normal	Normal_holdout
GAAGGCTGTAAGTCGAAACGGGAA.1_3|P4_Normal	Normal_holdout
GAAGGCTGTATTTGTGAACGGGAA.1_3|P4_Normal	Normal
GAAGGCTGTCACAGAAACTTTAGG.1_2|P4_Normal	Normal
GAAGGCTGTCGAATCTAACGGGAA.1_3|P4_Normal	Normal
GAAGGCTGTTTGTAGCAACGGGAA.1_3|P4_Normal	Normal
GAAGGGTAGAGGAAATACTTTAGG.1_1|P4_Normal	Normal
GAAGGGTAGGCGCAGTAACGGGAA.1_3|P4_Normal	Normal
GAAGGGTAGGTTAGTAACTTTAGG.1_2|P4_Normal	Normal_holdout
GAAGGGTAGTCACCTAACTTTAGG.1_1|P4_Normal	Normal
GAAGTATGTTAGTAGGACTTTAGG.1_2|P4_Normal	Normal
GAATAACGTAGGTGACACTTTAGG.1_1|P4_Normal	Normal
GAATAACGTCCCTCTGACTTTAGG.1_1|P4_Normal	Normal
GAATCAGGTAACCCATAACGGGAA.1_3|P4_Normal	Normal
GAATCAGGTCCGGTACACTTTAGG.1_2|P4_Normal	Normal
GAATCAGGTCGTAATCAACGGGAA.1_3|P4_Normal	Normal
GAATCAGGTTTGTCCCACTTTAGG.1_2|P4_Normal	Normal_holdout
GAATCGAGTGCTTCTCAACGGGAA.1_3|P4_Normal	Normal
GAATCGAGTGTCCTTCACTTTAGG.1_2|P4_Normal	Normal
GAATCGAGTTGGAGCGACTTTAGG.1_2|P4_Normal	Normal
GAATCGGTCACATTCGAACGGGAA.1_3|P4_Normal	Normal
GAATCGGTCAGGCATGACTTTAGG.1_1|P4_Normal	Normal
GAATCGGTCAGTAAGCACTTTAGG.1_2|P4_Normal	Normal
GAATCTAAGCCATCACAACGGGAA.1_3|P4_Normal	Normal
GAATCTAAGCGAATCGAACGGGAA.1_3|P4_Normal	Normal_holdout
GAATCTAAGGATGGTTACTTTAGG.1_2|P4_Normal	Normal
GAATCTAAGGTATGGTACTTTAGG.1_2|P4_Normal	Normal
GAATCTAAGTGTGCAGACTTTAGG.1_1|P4_Normal	Normal
GAATGACTCAAGGTCGACTTTAGG.1_1|P4_Normal	Normal
GAATGACTCCCTCTCAAACGGGAA.1_3|P4_Normal	Normal
GAATGACTCTCTATGGAACGGGAA.1_3|P4_Normal	Normal
GAATGCGTCAAGGTCGACTTTAGG.1_1|P4_Normal	Normal
GAATGCGTCACAAAGCACTTTAGG.1_1|P4_Normal	Normal
GAATGCGTCACTTCGAACTTTAGG.1_1|P4_Normal	Normal_holdout
GAATGCGTCGCGGATAACTTTAGG.1_2|P4_Normal	Normal_holdout
GAATGCGTCGGTTCACAACGGGAA.1_3|P4_Normal	Normal
GAATGGTTCATTTAGCACTTTAGG.1_1|P4_Normal	Normal
GAATGGTTCCGTGACTAACGGGAA.1_3|P4_Normal	Normal
GAATGGTTCCTCAAGCACTTTAGG.1_2|P4_Normal	Normal
GAATGTCAGCAGGCTAACTTTAGG.1_2|P4_Normal	Normal_holdout
GAATGTCAGTCTAACTACTTTAGG.1_1|P4_Normal	Normal_holdout
GAATGTCAGTGATGGTACTTTAGG.1_2|P4_Normal	Normal
GAATTGATCACAGGATAACGGGAA.1_3|P4_Normal	Normal
GAATTGATCAGGCCTTACTTTAGG.1_2|P4_Normal	Normal
GAATTGATCGCTTGGTACTTTAGG.1_2|P4_Normal	Normal
GAATTGATCGGGACTAACTTTAGG.1_1|P4_Normal	Normal
GAATTGATCTGGAAACAACGGGAA.1_3|P4_Normal	Normal
GACAAACTCAACCAAAACTTTAGG.1_2|P4_Normal	Normal
GACAAACTCACAAATGACTTTAGG.1_2|P4_Normal	Normal
GACAAACTCCAGATAAACTTTAGG.1_2|P4_Normal	Normal_holdout
GACAAACTCTTAATGCACTTTAGG.1_1|P4_Normal	Normal
GACAACTAGATGGATCAACGGGAA.1_3|P4_Normal	Normal
GACAACTAGCACCTTAACTTTAGG.1_1|P4_Normal	Normal
GACAACTAGTACCAGGACTTTAGG.1_2|P4_Normal	Normal
GACAACTAGTCTTGCAACTTTAGG.1_1|P4_Normal	Normal
GACAACTAGTTGACGGACTTTAGG.1_2|P4_Normal	Normal
GACAGGCTCAGGAGCCAACGGGAA.1_3|P4_Normal	Normal
GACAGGCTCAGTCTATACTTTAGG.1_2|P4_Normal	Normal
GACAGGGAGCTCATTGAACGGGAA.1_3|P4_Normal	Normal
GACAGGGAGGTGAGAAACTTTAGG.1_2|P4_Normal	Normal
GACAGGGAGTTTACCGAACGGGAA.1_3|P4_Normal	Normal
GACAGGGAGTTTACCGACTTTAGG.1_2|P4_Normal	Normal
GACAGTTAGATTATCCACTTTAGG.1_2|P4_Normal	Normal
GACAGTTAGCGAAGAAACTTTAGG.1_1|P4_Normal	Normal
GACAGTTAGCTAAGTAAACGGGAA.1_3|P4_Normal	Normal
GACAGTTAGGATTATGACTTTAGG.1_1|P4_Normal	Normal_holdout
GACAGTTAGGCTACTCAACGGGAA.1_3|P4_Normal	Normal
GACAGTTAGTCACCTAACTTTAGG.1_2|P4_Normal	Normal
GACAGTTAGTTTGCTGAACGGGAA.1_3|P4_Normal	Normal
GACATAATCAAGTTTCACTTTAGG.1_2|P4_Normal	Normal
GACATAATCACCCTCCACTTTAGG.1_2|P4_Normal	Normal_holdout
GACATAATCACGTTCAACTTTAGG.1_2|P4_Normal	Normal_holdout
GACATAATCACTAATCACTTTAGG.1_1|P4_Normal	Normal
GACATAATCCGCCCAAACTTTAGG.1_2|P4_Normal	Normal
GACATAATCGAGGTTGACTTTAGG.1_1|P4_Normal	Normal
GACATCCTCCGGATAGAACGGGAA.1_3|P4_Normal	Normal
GACATCCTCGTTATGTACTTTAGG.1_2|P4_Normal	Normal
GACATGCCACATGAATACTTTAGG.1_1|P4_Normal	Normal
GACATGCCACTATCACAACGGGAA.1_3|P4_Normal	Normal
GACATTAAGCTTCTAGAACGGGAA.1_3|P4_Normal	Normal
GACATTAAGGTTAGCGACTTTAGG.1_1|P4_Normal	Normal
GACATTCGTAGTAGGCAACGGGAA.1_3|P4_Normal	Normal_holdout
GACATTCGTAGTAGGCACTTTAGG.1_2|P4_Normal	Normal
GACATTCGTCGTAATCAACGGGAA.1_3|P4_Normal	Normal_holdout
GACATTCGTGGATGCGACTTTAGG.1_2|P4_Normal	Normal_holdout
GACATTGCAGGCTAACAACGGGAA.1_3|P4_Normal	Normal
GACATTGCATCATGTCACTTTAGG.1_2|P4_Normal	Normal
GACCAAGTCCGCCATGACTTTAGG.1_1|P4_Normal	Normal
GACCAAGTCGAACGTGACTTTAGG.1_1|P4_Normal	Normal
GACCAATAGACAGACTAACGGGAA.1_3|P4_Normal	Normal
GACCAATAGCACTACCACTTTAGG.1_2|P4_Normal	Normal
GACCAATAGCTCGACTACTTTAGG.1_1|P4_Normal	Normal
GACCAGGGTCCTGACAACTTTAGG.1_2|P4_Normal	Normal
GACCAGGGTCGCAATTAACGGGAA.1_3|P4_Normal	Normal
GACCAGGGTGAATCTCACTTTAGG.1_2|P4_Normal	Normal
GACCCAAAGACTTAAGAACGGGAA.1_3|P4_Normal	Normal
GACCCAAAGCCCTTGGACTTTAGG.1_2|P4_Normal	Normal
GACCCAAAGGCCATTCAACGGGAA.1_3|P4_Normal	Normal
GACCCAAAGGCTTTATACTTTAGG.1_1|P4_Normal	Normal
GACCCAAAGGTGAGTTACTTTAGG.1_2|P4_Normal	Normal
GACCCAAAGTCAGGCAACTTTAGG.1_1|P4_Normal	Normal_holdout
GACCGTGCAACTTCGTAACGGGAA.1_3|P4_Normal	Normal
GACCGTGCAGTAAGGGACTTTAGG.1_2|P4_Normal	Normal
GACCTCAGTGGTTACTACTTTAGG.1_1|P4_Normal	Normal
GACCTCAGTTGGTTTAACTTTAGG.1_1|P4_Normal	Normal
GACCTGAAGAAGTACCACTTTAGG.1_2|P4_Normal	Normal
GACCTGAAGCTAACTTACTTTAGG.1_2|P4_Normal	Normal
GACCTGAAGGTAAGCTAACGGGAA.1_3|P4_Normal	Normal
GACCTTCAGCAGGTCAAACGGGAA.1_3|P4_Normal	Normal
GACCTTCAGCTATCCAAACGGGAA.1_3|P4_Normal	Normal_holdout
GACCTTCAGGACTTAAAACGGGAA.1_3|P4_Normal	Normal
GACCTTCAGGTCACTCAACGGGAA.1_3|P4_Normal	Normal
GACCTTCAGGTGAGCCACTTTAGG.1_2|P4_Normal	Normal
GACCTTCAGGTTAGCGAACGGGAA.1_3|P4_Normal	Normal
GACCTTCAGTCAACTTACTTTAGG.1_1|P4_Normal	Normal
GACCTTCAGTTTCCAGAACGGGAA.1_3|P4_Normal	Normal
GACGAGGAGAGGAGTAACTTTAGG.1_1|P4_Normal	Normal
GACGAGGAGCAGGCTAACTTTAGG.1_2|P4_Normal	Normal
GACGAGGAGCGAAGCCACTTTAGG.1_2|P4_Normal	Normal
GACGAGGAGGAACTTAAACGGGAA.1_3|P4_Normal	Normal_holdout
GACGAGGAGGGATTTAAACGGGAA.1_3|P4_Normal	Normal
GACGCAATCATTGAGAACTTTAGG.1_1|P4_Normal	Normal
GACGCAATCCTAAAGAACTTTAGG.1_1|P4_Normal	Normal
GACGCAATCCTGCAACACTTTAGG.1_1|P4_Normal	Normal_holdout
GACGCAATCCTTGTTCACTTTAGG.1_2|P4_Normal	Normal
GACGTAAGTCCTGCAAAACGGGAA.1_3|P4_Normal	Normal
GACGTAAGTTAGCGCCAACGGGAA.1_3|P4_Normal	Normal
GACTAAATCAACTGGGAACGGGAA.1_3|P4_Normal	Normal
GACTAAATCACTTCGAAACGGGAA.1_3|P4_Normal	Normal
GACTAAATCCAAACGGAACGGGAA.1_3|P4_Normal	Normal
GACTAAATCGTTAACTACTTTAGG.1_2|P4_Normal	Normal
GACTAACAGAACCTCCACTTTAGG.1_1|P4_Normal	Normal
GACTAACAGCAAATCAAACGGGAA.1_3|P4_Normal	Normal
GACTAACAGCATGTGGACTTTAGG.1_2|P4_Normal	Normal
GACTAAGGTAAGCTAGACTTTAGG.1_2|P4_Normal	Normal
GACTAAGGTTCATTGAACTTTAGG.1_2|P4_Normal	Normal
GACTCAACAAGATAAGACTTTAGG.1_2|P4_Normal	Normal
GACTCAACAATATGGTAACGGGAA.1_3|P4_Normal	Normal
GACTGAGTCACTGTCAAACGGGAA.1_3|P4_Normal	Normal
GACTGAGTCATGACCCAACGGGAA.1_3|P4_Normal	Normal
GACTGAGTCATGCATTAACGGGAA.1_3|P4_Normal	Normal
GACTGAGTCGCCTCGAACTTTAGG.1_1|P4_Normal	Normal
GACTGAGTCTTTGGATAACGGGAA.1_3|P4_Normal	Normal
GACTTAAAGAAACCCGAACGGGAA.1_3|P4_Normal	Normal
GACTTAAAGCTTACTGACTTTAGG.1_1|P4_Normal	Normal
GACTTAAAGTGTCCACACTTTAGG.1_2|P4_Normal	Normal
GACTTAAAGTTTCGCAACTTTAGG.1_2|P4_Normal	Normal
GACTTACGTCGCAACCAACGGGAA.1_3|P4_Normal	Normal
GACTTACGTGCTCCAAAACGGGAA.1_3|P4_Normal	Normal
GACTTACGTTGTCCAGACTTTAGG.1_1|P4_Normal	Normal
GACTTCGGTAATGGTGAACGGGAA.1_3|P4_Normal	Normal
GACTTCGGTAGCGCGAAACGGGAA.1_3|P4_Normal	Normal
GACTTCGGTCAACTACAACGGGAA.1_3|P4_Normal	Normal
GACTTCGGTGCGCAAGACTTTAGG.1_1|P4_Normal	Normal
GACTTCGGTGTCCAGCAACGGGAA.1_3|P4_Normal	Normal
GACTTCGGTTATGAGGACTTTAGG.1_2|P4_Normal	Normal
GACTTGCTCATTTAGCACTTTAGG.1_2|P4_Normal	Normal
GACTTGCTCTAAGTAGAACGGGAA.1_3|P4_Normal	Normal_holdout
GACTTTGTCAATACAGACTTTAGG.1_1|P4_Normal	Normal
GACTTTGTCAGCACCTACTTTAGG.1_1|P4_Normal	Normal_holdout
GAGACCCAGACCATGGACTTTAGG.1_2|P4_Normal	Normal_holdout
GAGACCCAGACTAACAAACGGGAA.1_3|P4_Normal	Normal
GAGACCCAGGCGAGTCAACGGGAA.1_3|P4_Normal	Normal_holdout
GAGACCCAGGTCACTCACTTTAGG.1_2|P4_Normal	Normal
GAGACCCAGTAACGTAACTTTAGG.1_1|P4_Normal	Normal
GAGACCCAGTTGCGCTACTTTAGG.1_1|P4_Normal	Normal
GAGATACTCATAATGGAACGGGAA.1_3|P4_Normal	Normal_holdout
GAGATACTCATAGGCGACTTTAGG.1_2|P4_Normal	Normal_holdout
GAGATACTCATTAGTCAACGGGAA.1_3|P4_Normal	Normal
GAGCAAGCAATTGCGAACTTTAGG.1_1|P4_Normal	Normal
GAGCAAGCACCAACAAACTTTAGG.1_2|P4_Normal	Normal
GAGCAAGCATTTCGACACTTTAGG.1_1|P4_Normal	Normal_holdout
GAGCATGTCACTCGCGAACGGGAA.1_3|P4_Normal	Normal
GAGCCATCAAACCTGAAACGGGAA.1_3|P4_Normal	Normal_holdout
GAGCCATCAATATGGTACTTTAGG.1_1|P4_Normal	Normal
GAGCCATCACGGTAACACTTTAGG.1_1|P4_Normal	Normal
GAGCCATCACTGACTTACTTTAGG.1_1|P4_Normal	Normal
GAGCCATCATCAATCCACTTTAGG.1_2|P4_Normal	Normal
GAGCCATCATTGTGTCAACGGGAA.1_3|P4_Normal	Normal
GAGCCTGCAAACTTCCAACGGGAA.1_3|P4_Normal	Normal
GAGCCTGCAACAAGCCAACGGGAA.1_3|P4_Normal	Normal
GAGCCTGCAAGTGCACACTTTAGG.1_2|P4_Normal	Normal
GAGCCTGCACGTGCTCACTTTAGG.1_2|P4_Normal	Normal_holdout
GAGCCTGCATACTTGCAACGGGAA.1_3|P4_Normal	Normal
GAGCCTTTCAGTAAGCAACGGGAA.1_3|P4_Normal	Normal
GAGCCTTTCATAACCTACTTTAGG.1_2|P4_Normal	Normal
GAGCCTTTCCCACATAAACGGGAA.1_3|P4_Normal	Normal
GAGCCTTTCCTTTCTAAACGGGAA.1_3|P4_Normal	Normal
GAGCTAGTCTAAGTCTACTTTAGG.1_2|P4_Normal	Normal
GAGCTATAGCTTGAGGACTTTAGG.1_1|P4_Normal	Normal
GAGCTGGGTGTGATGAACTTTAGG.1_2|P4_Normal	Normal
GAGCTGGGTTGCGGCTACTTTAGG.1_1|P4_Normal	Normal
GAGCTTGAGGCCTCTGAACGGGAA.1_3|P4_Normal	Normal_holdout
GAGCTTGAGGCCTCTGACTTTAGG.1_2|P4_Normal	Normal
GAGCTTGAGTAGCCTCAACGGGAA.1_3|P4_Normal	Normal_holdout
GAGCTTTGTAAGAATCACTTTAGG.1_1|P4_Normal	Normal
GAGCTTTGTCCATTAAACTTTAGG.1_1|P4_Normal	Normal
GAGGAGTAGACCTTGCACTTTAGG.1_2|P4_Normal	Normal
GAGGAGTAGTCAATAGACTTTAGG.1_2|P4_Normal	Normal
GAGGAGTAGTTTACCGAACGGGAA.1_3|P4_Normal	Normal
GAGGATGCAACAGATTACTTTAGG.1_2|P4_Normal	Normal
GAGGATGCAACCTGTTACTTTAGG.1_1|P4_Normal	Normal
GAGGCAACATATTTCGACTTTAGG.1_2|P4_Normal	Normal_holdout
GAGGGAGTCCTTATGGAACGGGAA.1_3|P4_Normal	Normal
GAGGGAGTCCTTATGGACTTTAGG.1_2|P4_Normal	Normal_holdout
GAGGTCCAGGCCCATTAACGGGAA.1_3|P4_Normal	Normal
GAGGTCCAGTCAAACAACTTTAGG.1_2|P4_Normal	Normal
GAGGTCCAGTTGACCCACTTTAGG.1_2|P4_Normal	Normal_holdout
GAGTAACTCACAGGATACTTTAGG.1_2|P4_Normal	Normal_holdout
GAGTAACTCCGAATTTAACGGGAA.1_3|P4_Normal	Normal_holdout
GAGTAACTCCTTTCTAACTTTAGG.1_2|P4_Normal	Normal
GAGTAATGTAATGTCCACTTTAGG.1_1|P4_Normal	Normal
GAGTAATGTACAAAGTACTTTAGG.1_1|P4_Normal	Normal
GAGTAATGTAGCCAAAAACGGGAA.1_3|P4_Normal	Normal
GAGTAATGTAGGTTTCAACGGGAA.1_3|P4_Normal	Normal
GAGTAATGTTAATGCCACTTTAGG.1_2|P4_Normal	Normal
GAGTAATGTTAGGTAGACTTTAGG.1_1|P4_Normal	Normal
GAGTATGGTCACTATAACTTTAGG.1_1|P4_Normal	Normal
GAGTATGGTCTTTATCAACGGGAA.1_3|P4_Normal	Normal
GAGTATGGTTAGTCTAACTTTAGG.1_2|P4_Normal	Normal
GAGTGACGTCAGTGCCACTTTAGG.1_2|P4_Normal	Normal_holdout
GAGTGACGTGACCTTGACTTTAGG.1_2|P4_Normal	Normal_holdout
GAGTGCGGTGTGTCGCAACGGGAA.1_3|P4_Normal	Normal
GAGTGCGGTTAGCGCCAACGGGAA.1_3|P4_Normal	Normal
GAGTTACAGAGAGCAAAACGGGAA.1_3|P4_Normal	Normal
GAGTTACAGCAATCCCACTTTAGG.1_2|P4_Normal	Normal
GAGTTACAGGACTTGGAACGGGAA.1_3|P4_Normal	Normal
GAGTTACAGGACTTGGACTTTAGG.1_2|P4_Normal	Normal
GATAAAGCAAGTGCACAACGGGAA.1_3|P4_Normal	Normal
GATAAAGCAGCAATTGAACGGGAA.1_3|P4_Normal	Normal
GATAAAGCAGCTACCCACTTTAGG.1_1|P4_Normal	Normal
GATAAAGCATTGTGTCACTTTAGG.1_2|P4_Normal	Normal
GATAGGTTCATCAAGAAACGGGAA.1_3|P4_Normal	Normal_holdout
GATAGGTTCCCGTTGGACTTTAGG.1_1|P4_Normal	Normal
GATAGGTTCTTAAGCTAACGGGAA.1_3|P4_Normal	Normal
GATATGATCCTTTAGGACTTTAGG.1_1|P4_Normal	Normal_holdout
GATATGATCGCTCAGTACTTTAGG.1_1|P4_Normal	Normal
GATCAAATCCCTGGTGACTTTAGG.1_2|P4_Normal	Normal
GATCAAATCCGTCCAGAACGGGAA.1_3|P4_Normal	Normal_holdout
GATCAAATCTATCACGAACGGGAA.1_3|P4_Normal	Normal
GATCAAATCTCGCCTCAACGGGAA.1_3|P4_Normal	Normal
GATCAATCAACAGGCTACTTTAGG.1_2|P4_Normal	Normal
GATCACACACTTTACAACTTTAGG.1_1|P4_Normal	Normal
GATCACACAGGAGCAAACTTTAGG.1_2|P4_Normal	Normal
GATCACACATGTGGGTACTTTAGG.1_2|P4_Normal	Normal
GATCACACATTACTCAAACGGGAA.1_3|P4_Normal	Normal
GATCATAAGCCTAAGGACTTTAGG.1_1|P4_Normal	Normal
GATCATAAGGTTGGGCACTTTAGG.1_2|P4_Normal	Normal
GATCATGCAACTGTTCACTTTAGG.1_1|P4_Normal	Normal
GATCATGCATTCCTGGACTTTAGG.1_1|P4_Normal	Normal
GATCATGCATTTAGCCACTTTAGG.1_1|P4_Normal	Normal
GATCGATAGAGGTTCGACTTTAGG.1_1|P4_Normal	Normal
GATCGATAGCAGGTCAACTTTAGG.1_2|P4_Normal	Normal
GATCGATAGCCTTAATACTTTAGG.1_1|P4_Normal	Normal
GATCGATAGCGGGACTAACGGGAA.1_3|P4_Normal	Normal
GATCTTAGTCAATTGCAACGGGAA.1_3|P4_Normal	Normal
GATCTTAGTGATGCAAACTTTAGG.1_1|P4_Normal	Normal
GATCTTAGTGCGGAATACTTTAGG.1_2|P4_Normal	Normal
GATCTTAGTTCCTTCAAACGGGAA.1_3|P4_Normal	Normal
GATGACAGTACTTACAACTTTAGG.1_1|P4_Normal	Normal
GATGACAGTCCAGCACAACGGGAA.1_3|P4_Normal	Normal
GATGACAGTGACACAAACTTTAGG.1_1|P4_Normal	Normal
GATGCAAGTAAGCTAGACTTTAGG.1_2|P4_Normal	Normal
GATGCAAGTATAGCGAACTTTAGG.1_1|P4_Normal	Normal
GATGCAAGTCGCAATTAACGGGAA.1_3|P4_Normal	Normal_holdout
GATGCAAGTGACATTCAACGGGAA.1_3|P4_Normal	Normal
GATGCACCAACATGATAACGGGAA.1_3|P4_Normal	Normal_holdout
GATGCACCAATGAAGAACTTTAGG.1_2|P4_Normal	Normal
GATGCACCACATAAACAACGGGAA.1_3|P4_Normal	Normal_holdout
GATGCACCATCCGCTAAACGGGAA.1_3|P4_Normal	Normal
GATGCCCGTATAGCGAACTTTAGG.1_1|P4_Normal	Normal
GATGCCCGTTCTCAAAAACGGGAA.1_3|P4_Normal	Normal
GATGCCCGTTGGAGCGACTTTAGG.1_2|P4_Normal	Normal
GATGGACGTGCACTATACTTTAGG.1_2|P4_Normal	Normal
GATGGACGTTAGCGGGAACGGGAA.1_3|P4_Normal	Normal
GATGGAGCAACTAAACACTTTAGG.1_2|P4_Normal	Normal
GATGGAGCAATATGCGACTTTAGG.1_1|P4_Normal	Normal_holdout
GATGGAGCACCAGCCTAACGGGAA.1_3|P4_Normal	Normal
GATGGAGCATAAGCTGAACGGGAA.1_3|P4_Normal	Normal
GATGGAGCATAGCGACACTTTAGG.1_1|P4_Normal	Normal
GATGGCCAGCTAACTTACTTTAGG.1_1|P4_Normal	Normal
GATGGCCAGGTAAGTCACTTTAGG.1_1|P4_Normal	Normal
GATGGCCAGTAAACCAAACGGGAA.1_3|P4_Normal	Normal
GATGGCTCACATTGAGACTTTAGG.1_2|P4_Normal	Normal
GATGGCTCATGCAATGAACGGGAA.1_3|P4_Normal	Normal_holdout
GATGGTAGTGCGCATCACTTTAGG.1_2|P4_Normal	Normal_holdout
GATGGTAGTTCCGGGTAACGGGAA.1_3|P4_Normal	Normal
GATGGTAGTTGAATCCAACGGGAA.1_3|P4_Normal	Normal_holdout
GATTAACCAACTAGTGAACGGGAA.1_3|P4_Normal	Normal_holdout
GATTAACCAAGTTGGCACTTTAGG.1_2|P4_Normal	Normal
GATTAACCAATGAGCCACTTTAGG.1_2|P4_Normal	Normal_holdout
GATTAACCACTTTATGACTTTAGG.1_2|P4_Normal	Normal_holdout
GATTAACCACTTTGTAACTTTAGG.1_1|P4_Normal	Normal
GATTAACCATAGCCTTAACGGGAA.1_3|P4_Normal	Normal
GATTAACCATGGTCAAACTTTAGG.1_2|P4_Normal	Normal
GATTACCGTAGCCATTAACGGGAA.1_3|P4_Normal	Normal_holdout
GATTACCGTGACCTGCACTTTAGG.1_1|P4_Normal	Normal
GATTACCGTTACCGTGACTTTAGG.1_1|P4_Normal	Normal
GATTAGTCAAGAAATGACTTTAGG.1_1|P4_Normal	Normal
GATTCAGCAACTAAACACTTTAGG.1_2|P4_Normal	Normal_holdout
GATTCAGCACCGGTAGACTTTAGG.1_2|P4_Normal	Normal
GATTCAGCATGAAGCCAACGGGAA.1_3|P4_Normal	Normal
GATTCAGCATGCGCAGACTTTAGG.1_1|P4_Normal	Normal
GATTCAGCATTTCATGAACGGGAA.1_3|P4_Normal	Normal
GATTCCCAGCGAATACACTTTAGG.1_2|P4_Normal	Normal
GATTCGCTCCAAACAAACTTTAGG.1_1|P4_Normal	Normal
GATTCGCTCCGGACAAAACGGGAA.1_3|P4_Normal	Normal
GATTCGCTCGATTGGGAACGGGAA.1_3|P4_Normal	Normal
GATTCGCTCGTAACTTAACGGGAA.1_3|P4_Normal	Normal
GATTGACAGATAACTGACTTTAGG.1_2|P4_Normal	Normal
GATTGACAGCAAACCGACTTTAGG.1_1|P4_Normal	Normal_holdout
GATTGACAGCAAACTAACTTTAGG.1_1|P4_Normal	Normal
GATTGACAGCCCGTTGACTTTAGG.1_2|P4_Normal	Normal_holdout
GATTGACAGTCAATAGAACGGGAA.1_3|P4_Normal	Normal
GATTGATCAAACCTGAACTTTAGG.1_2|P4_Normal	Normal
GATTGATCAAAGCTCAACTTTAGG.1_2|P4_Normal	Normal
GATTGATCAAATAAGGAACGGGAA.1_3|P4_Normal	Normal_holdout
GATTGCACAGCTAGACAACGGGAA.1_3|P4_Normal	Normal
GATTGCACATGCGCAGAACGGGAA.1_3|P4_Normal	Normal
GATTGCTGTAGACTGAACTTTAGG.1_1|P4_Normal	Normal
GATTGCTGTTCACCAGACTTTAGG.1_2|P4_Normal	Normal_holdout
GATTGGCCAAACCGGTACTTTAGG.1_2|P4_Normal	Normal
GATTGGCCAACCGTGGACTTTAGG.1_1|P4_Normal	Normal
GATTGTGCACCATACTAACGGGAA.1_3|P4_Normal	Normal
GATTGTGCAGCTAAGCACTTTAGG.1_2|P4_Normal	Normal_holdout
GATTTGAAGAAACCCGAACGGGAA.1_3|P4_Normal	Normal
GATTTGAAGGCGAGAGACTTTAGG.1_2|P4_Normal	Normal
GCAAACCCAACAGAGGAACGGGAA.1_3|P4_Normal	Normal
GCAAACCCATGCGCCTACTTTAGG.1_2|P4_Normal	Normal
GCAAACTAGAAAGGCAACTTTAGG.1_1|P4_Normal	Normal
GCAAACTAGACATAGCACTTTAGG.1_1|P4_Normal	Normal
GCAAACTAGCACGGTAAACGGGAA.1_3|P4_Normal	Normal
GCAAACTAGGAAGGTAACTTTAGG.1_2|P4_Normal	Normal_holdout
GCAAACTAGGACTTAAACTTTAGG.1_2|P4_Normal	Normal
GCAAACTAGTCACTATACTTTAGG.1_2|P4_Normal	Normal_holdout
GCAAATATCCTGGAAGAACGGGAA.1_3|P4_Normal	Normal_holdout
GCAAATATCTTGAGGGACTTTAGG.1_2|P4_Normal	Normal
GCAAATGGTACGCACCACTTTAGG.1_1|P4_Normal	Normal
GCAAATGGTCAAAGATACTTTAGG.1_1|P4_Normal	Normal_holdout
GCAAATTCACAACAATACTTTAGG.1_1|P4_Normal	Normal
GCAAATTCACGAACGTAACGGGAA.1_3|P4_Normal	Normal
GCAAATTCAGGACTACACTTTAGG.1_2|P4_Normal	Normal_holdout
GCAACGGGTGGCGTAGAACGGGAA.1_3|P4_Normal	Normal
GCAACGGGTTGAGCTTACTTTAGG.1_2|P4_Normal	Normal
GCAACTTGTACCGCACACTTTAGG.1_2|P4_Normal	Normal
GCAACTTGTACCTTAAAACGGGAA.1_3|P4_Normal	Normal
GCAACTTGTAGCCAAAAACGGGAA.1_3|P4_Normal	Normal
GCAACTTGTAGCCAAAACTTTAGG.1_2|P4_Normal	Normal
GCAACTTGTTTATCGAACTTTAGG.1_2|P4_Normal	Normal
GCAAGAAAGAACCTCCACTTTAGG.1_1|P4_Normal	Normal
GCAAGAAAGACAACACACTTTAGG.1_2|P4_Normal	Normal
GCAAGAAAGCATCCCGAACGGGAA.1_3|P4_Normal	Normal
GCAAGAAAGCTTCCTTAACGGGAA.1_3|P4_Normal	Normal_holdout
GCAAGAAAGGACTTGGAACGGGAA.1_3|P4_Normal	Normal
GCAAGAAAGGGAGGCAACTTTAGG.1_1|P4_Normal	Normal
GCAAGAAAGTTAGGGTACTTTAGG.1_1|P4_Normal	Normal
GCAAGCCAGATTCCCAAACGGGAA.1_3|P4_Normal	Normal_holdout
GCAAGCCAGCATTACTACTTTAGG.1_1|P4_Normal	Normal
GCAAGGCTCAATGTGAACTTTAGG.1_2|P4_Normal	Normal
GCAAGGCTCACAGCCTACTTTAGG.1_2|P4_Normal	Normal
GCAAGGCTCAGGTTGGAACGGGAA.1_3|P4_Normal	Normal
GCAAGGCTCCTAAATCACTTTAGG.1_2|P4_Normal	Normal_holdout
GCAAGGCTCGAGAGAAACTTTAGG.1_1|P4_Normal	Normal
GCAAGGCTCGTCAACCAACGGGAA.1_3|P4_Normal	Normal
GCAAGGTGTACTAACCACTTTAGG.1_2|P4_Normal	Normal
GCAAGGTGTTAGTCTAAACGGGAA.1_3|P4_Normal	Normal
GCAAGGTGTTGGATAGACTTTAGG.1_1|P4_Normal	Normal
GCAAGTTAGTCACCTAAACGGGAA.1_3|P4_Normal	Normal
GCAAGTTAGTCTAATCAACGGGAA.1_3|P4_Normal	Normal
GCAATTAAGATATTGGACTTTAGG.1_1|P4_Normal	Normal
GCAATTAAGCAAATTGACTTTAGG.1_1|P4_Normal	Normal
GCAATTAAGGAGGATAACTTTAGG.1_2|P4_Normal	Normal
GCACAAAGTGATAAACACTTTAGG.1_2|P4_Normal	Normal_holdout
GCACAAAGTTAAGGCAACTTTAGG.1_1|P4_Normal	Normal
GCACAAAGTTTATCGAACTTTAGG.1_2|P4_Normal	Normal
GCACAAAGTTTGTGACACTTTAGG.1_1|P4_Normal	Normal
GCACAACCAATACCCTACTTTAGG.1_1|P4_Normal	Normal
GCACAACCAGGTATTGAACGGGAA.1_3|P4_Normal	Normal
GCACACCGTTAAGCCTACTTTAGG.1_1|P4_Normal	Normal
GCACACCGTTGTCCAGACTTTAGG.1_1|P4_Normal	Normal
GCACAGCAGACTAATGACTTTAGG.1_2|P4_Normal	Normal_holdout
GCACAGCAGATAGCCGAACGGGAA.1_3|P4_Normal	Normal
GCACAGCAGCAATTGAACTTTAGG.1_2|P4_Normal	Normal
GCACAGCAGTCCTCAAACTTTAGG.1_2|P4_Normal	Normal
GCACCAAAGCTCGATCACTTTAGG.1_1|P4_Normal	Normal
GCACCAAAGGAAGGTAACTTTAGG.1_2|P4_Normal	Normal
GCACCAAAGGGATTTAAACGGGAA.1_3|P4_Normal	Normal
GCACCAAAGTTACTCGACTTTAGG.1_1|P4_Normal	Normal
GCACTAACAAAGTGCCACTTTAGG.1_2|P4_Normal	Normal
GCACTAACAGACTCAAAACGGGAA.1_3|P4_Normal	Normal_holdout
GCACTAACATCGGGCAACTTTAGG.1_2|P4_Normal	Normal
GCACTCAGTAATAGGTAACGGGAA.1_3|P4_Normal	Normal_holdout
GCACTTGGTCCAGCTAAACGGGAA.1_3|P4_Normal	Normal
GCACTTGGTTAGTGGAACTTTAGG.1_2|P4_Normal	Normal
GCACTTGGTTTGTCAAACTTTAGG.1_2|P4_Normal	Normal
GCAGCAATCAGGGATTAACGGGAA.1_3|P4_Normal	Normal
GCAGCAATCCAAATTCACTTTAGG.1_2|P4_Normal	Normal
GCAGCTAAGCAACTTTAACGGGAA.1_3|P4_Normal	Normal_holdout
GCAGCTAAGGAGGCCTACTTTAGG.1_1|P4_Normal	Normal
GCAGCTAAGGTTCATTACTTTAGG.1_2|P4_Normal	Normal
GCAGCTAAGTCAATAGAACGGGAA.1_3|P4_Normal	Normal
GCAGGCTAGCTATTACACTTTAGG.1_2|P4_Normal	Normal
GCAGGCTAGGAGTCATAACGGGAA.1_3|P4_Normal	Normal
GCAGGCTAGTTACACTACTTTAGG.1_2|P4_Normal	Normal
GCAGGCTAGTTGGATAACTTTAGG.1_2|P4_Normal	Normal
GCAGGCTAGTTTGCATACTTTAGG.1_1|P4_Normal	Normal
GCAGGTTCAATGTGGCACTTTAGG.1_2|P4_Normal	Normal
GCAGGTTCATTCGGTTACTTTAGG.1_1|P4_Normal	Normal
GCAGTAAGTATTTGTGACTTTAGG.1_2|P4_Normal	Normal
GCAGTAAGTCGTAACTAACGGGAA.1_3|P4_Normal	Normal
GCAGTAAGTTAATGCCACTTTAGG.1_1|P4_Normal	Normal
GCAGTAAGTTTCGCCTAACGGGAA.1_3|P4_Normal	Normal
GCAGTTTGTACAAACGACTTTAGG.1_1|P4_Normal	Normal
GCAGTTTGTATGTTGCACTTTAGG.1_2|P4_Normal	Normal
GCAGTTTGTCACAGAAACTTTAGG.1_2|P4_Normal	Normal
GCAGTTTGTCCTGAGCAACGGGAA.1_3|P4_Normal	Normal
GCAGTTTGTGTTTCGGAACGGGAA.1_3|P4_Normal	Normal
GCAGTTTGTTGTGAGAACTTTAGG.1_1|P4_Normal	Normal
GCAGTTTGTTTGTTGAACTTTAGG.1_2|P4_Normal	Normal
GCATAAATCACCAGGAACTTTAGG.1_2|P4_Normal	Normal
GCATAATCAAAGACCCAACGGGAA.1_3|P4_Normal	Normal
GCATAATCATCATCACAACGGGAA.1_3|P4_Normal	Normal_holdout
GCATAATCATGCGCCTAACGGGAA.1_3|P4_Normal	Normal
GCATCACTCATGGAACACTTTAGG.1_2|P4_Normal	Normal
GCATCACTCATTGCATACTTTAGG.1_1|P4_Normal	Normal
GCATCTATCACCAGCTACTTTAGG.1_2|P4_Normal	Normal
GCATCTATCCCATTGAACTTTAGG.1_2|P4_Normal	Normal
GCATCTATCTGGAACGACTTTAGG.1_1|P4_Normal	Normal
GCATGAGTCACCCTGGACTTTAGG.1_1|P4_Normal	Normal
GCATGAGTCCCTTTGTACTTTAGG.1_1|P4_Normal	Normal_holdout
GCATGAGTCGCGGAACACTTTAGG.1_2|P4_Normal	Normal
GCATGCAAGAGGCGTCACTTTAGG.1_1|P4_Normal	Normal_holdout
GCATGCAAGGGTTATAAACGGGAA.1_3|P4_Normal	Normal
GCATGCAAGTCAATAGACTTTAGG.1_2|P4_Normal	Normal
GCATGCTTCAATTTGCACTTTAGG.1_2|P4_Normal	Normal
GCATGCTTCCTCACTTACTTTAGG.1_1|P4_Normal	Normal
GCATGGATCACGTTATACTTTAGG.1_2|P4_Normal	Normal_holdout
GCATGGATCAGTAGGTACTTTAGG.1_2|P4_Normal	Normal
GCATGGATCATGGATAACTTTAGG.1_2|P4_Normal	Normal
GCATGGATCTGGAAACAACGGGAA.1_3|P4_Normal	Normal_holdout
GCATTACGTGCTGCACAACGGGAA.1_3|P4_Normal	Normal
GCATTACGTTGCACGCACTTTAGG.1_1|P4_Normal	Normal
GCATTCATCCAAAGACACTTTAGG.1_2|P4_Normal	Normal
GCATTCATCCTTATGGACTTTAGG.1_1|P4_Normal	Normal
GCATTCATCTCAAGAAACTTTAGG.1_1|P4_Normal	Normal
GCATTGTGTATTCAGCACTTTAGG.1_2|P4_Normal	Normal
GCATTTAGTACCTCAGAACGGGAA.1_3|P4_Normal	Normal
GCATTTAGTATTCGGTACTTTAGG.1_1|P4_Normal	Normal
GCATTTAGTGATTAGGACTTTAGG.1_2|P4_Normal	Normal
GCATTTGTCAGTAGGTACTTTAGG.1_2|P4_Normal	Normal
GCATTTGTCCAGAACGAACGGGAA.1_3|P4_Normal	Normal
GCATTTGTCGAACGTGAACGGGAA.1_3|P4_Normal	Normal
GCCAACAAGTGTCCACAACGGGAA.1_3|P4_Normal	Normal
GCCAACAAGTTGGCCTAACGGGAA.1_3|P4_Normal	Normal
GCCAATACAAACCGTAACTTTAGG.1_1|P4_Normal	Normal_holdout
GCCAATACACGTAGGTACTTTAGG.1_1|P4_Normal	Normal
GCCAATACAGGCCTCTAACGGGAA.1_3|P4_Normal	Normal_holdout
GCCAATACATCCAAGAACTTTAGG.1_2|P4_Normal	Normal
GCCACAAAGACAACACACTTTAGG.1_2|P4_Normal	Normal
GCCACAAAGCATTACTACTTTAGG.1_2|P4_Normal	Normal
GCCACAAAGTAGCCTCACTTTAGG.1_2|P4_Normal	Normal_holdout
GCCACAAAGTGGACCAACTTTAGG.1_2|P4_Normal	Normal
GCCACAAAGTTTCGGCACTTTAGG.1_1|P4_Normal	Normal
GCCAGTTTCCTGATCAACTTTAGG.1_2|P4_Normal	Normal
GCCAGTTTCGGTACGAACTTTAGG.1_2|P4_Normal	Normal
GCCAGTTTCTAATGGAAACGGGAA.1_3|P4_Normal	Normal
GCCATAACACCTATCGACTTTAGG.1_2|P4_Normal	Normal
GCCATAACACTTTATGACTTTAGG.1_2|P4_Normal	Normal
GCCATAACAGGTGACTACTTTAGG.1_2|P4_Normal	Normal
GCCATAGAGCATCTATACTTTAGG.1_2|P4_Normal	Normal
GCCATAGAGCATGTGGACTTTAGG.1_2|P4_Normal	Normal
GCCATAGAGCTAACTTACTTTAGG.1_2|P4_Normal	Normal
GCCATAGAGCTATCCAAACGGGAA.1_3|P4_Normal	Normal_holdout
GCCATAGAGTCCTGACACTTTAGG.1_1|P4_Normal	Normal
GCCATCAGTACGAACAAACGGGAA.1_3|P4_Normal	Normal
GCCATCAGTCATGATCAACGGGAA.1_3|P4_Normal	Normal
GCCATTTCAAAGGTAAACTTTAGG.1_2|P4_Normal	Normal
GCCATTTCAACTGTTCACTTTAGG.1_1|P4_Normal	Normal
GCCATTTCAAGAAATGACTTTAGG.1_2|P4_Normal	Normal_holdout
GCCATTTCATAAGCTGAACGGGAA.1_3|P4_Normal	Normal
GCCATTTCATAAGCTGACTTTAGG.1_2|P4_Normal	Normal
GCCATTTCATAGCCTTACTTTAGG.1_2|P4_Normal	Normal_holdout
GCCATTTCATATAGGTACTTTAGG.1_2|P4_Normal	Normal
GCCCAATTCAATACAGACTTTAGG.1_1|P4_Normal	Normal
GCCCAGTGTCCATTAAACTTTAGG.1_2|P4_Normal	Normal
GCCCATAGTTACCGTGAACGGGAA.1_3|P4_Normal	Normal_holdout
GCCCATAGTTCATTGAACTTTAGG.1_2|P4_Normal	Normal_holdout
GCCCATAGTTTCCTGCACTTTAGG.1_2|P4_Normal	Normal
GCCCATAGTTTGTTGAAACGGGAA.1_3|P4_Normal	Normal
GCCCATTAGATGGATCACTTTAGG.1_2|P4_Normal	Normal
GCCCATTAGGAAACCTAACGGGAA.1_3|P4_Normal	Normal_holdout
GCCCATTAGTTGGCCTACTTTAGG.1_1|P4_Normal	Normal
GCCCTCAAGCCAAACGACTTTAGG.1_2|P4_Normal	Normal
GCCCTCAAGGCCATTCACTTTAGG.1_2|P4_Normal	Normal
GCCCTCAAGTAAACCAAACGGGAA.1_3|P4_Normal	Normal
GCCCTCAAGTGATTTCAACGGGAA.1_3|P4_Normal	Normal_holdout
GCCCTGATCAAACTTCAACGGGAA.1_3|P4_Normal	Normal
GCCCTGATCAAAGGCTAACGGGAA.1_3|P4_Normal	Normal
GCCCTGATCGCAAATAAACGGGAA.1_3|P4_Normal	Normal
GCCCTGATCGGTTATTACTTTAGG.1_2|P4_Normal	Normal
GCCCTTGAGACTAACAAACGGGAA.1_3|P4_Normal	Normal
GCCCTTGAGAGGAGTAAACGGGAA.1_3|P4_Normal	Normal
GCCCTTGAGCAAGACTACTTTAGG.1_2|P4_Normal	Normal
GCCCTTGAGGACAAGAACTTTAGG.1_2|P4_Normal	Normal
GCCCTTGAGGGTGGGAACTTTAGG.1_2|P4_Normal	Normal
GCCCTTGAGTGATTAGACTTTAGG.1_2|P4_Normal	Normal
GCCCTTGAGTTTCCAGAACGGGAA.1_3|P4_Normal	Normal_holdout
GCCCTTTGTAGCTTTAAACGGGAA.1_3|P4_Normal	Normal_holdout
GCCCTTTGTCTTACTTACTTTAGG.1_1|P4_Normal	Normal
GCCCTTTGTTGTTGGTACTTTAGG.1_2|P4_Normal	Normal
GCCCTTTGTTTAGTTGAACGGGAA.1_3|P4_Normal	Normal
GCCGCTTCAAATAACCAACGGGAA.1_3|P4_Normal	Normal
GCCGCTTCAACAAGTTACTTTAGG.1_2|P4_Normal	Normal
GCCGCTTCAGAAACTTAACGGGAA.1_3|P4_Normal	Normal
GCCGCTTCAGGATGCTAACGGGAA.1_3|P4_Normal	Normal
GCCGTGACAAGTCGCGAACGGGAA.1_3|P4_Normal	Normal
GCCGTGACACTCAGTTACTTTAGG.1_1|P4_Normal	Normal
GCCGTGACAGAAACTTAACGGGAA.1_3|P4_Normal	Normal
GCCGTGACAGTTATGGACTTTAGG.1_2|P4_Normal	Normal_holdout
GCCGTGACATTCTGTAACTTTAGG.1_1|P4_Normal	Normal
GCCTAATGTAATCCGTACTTTAGG.1_1|P4_Normal	Normal
GCCTAATGTGCTTCTCAACGGGAA.1_3|P4_Normal	Normal_holdout
GCCTCATAGGAACCGCACTTTAGG.1_2|P4_Normal	Normal
GCCTCATAGGCCTCTGACTTTAGG.1_2|P4_Normal	Normal
GCCTCATAGGTTATGAACTTTAGG.1_1|P4_Normal	Normal_holdout
GCCTCATAGTCCTGACAACGGGAA.1_3|P4_Normal	Normal
GCCTCGATCAAGCTCCACTTTAGG.1_2|P4_Normal	Normal
GCCTCGATCAGGCAATACTTTAGG.1_1|P4_Normal	Normal
GCCTCGATCCATCCGGACTTTAGG.1_1|P4_Normal	Normal
GCCTCGATCCCAGTACAACGGGAA.1_3|P4_Normal	Normal
GCCTCGATCCTCTAAGAACGGGAA.1_3|P4_Normal	Normal
GCCTCGATCCTTGTTCAACGGGAA.1_3|P4_Normal	Normal
GCCTCGATCTAAGTAGACTTTAGG.1_2|P4_Normal	Normal_holdout
GCCTGAGCAGCTGCTCACTTTAGG.1_1|P4_Normal	Normal
GCCTGCATCGATTGGGACTTTAGG.1_1|P4_Normal	Normal_holdout
GCGAACGGTGGTTCTGACTTTAGG.1_2|P4_Normal	Normal
GCGAACGGTGTAATGGAACGGGAA.1_3|P4_Normal	Normal
GCGAACGGTGTGAGGTAACGGGAA.1_3|P4_Normal	Normal_holdout
GCGAATGTCGCTTGGTACTTTAGG.1_1|P4_Normal	Normal
GCGAATGTCTTGAGGGACTTTAGG.1_2|P4_Normal	Normal
GCGAGCTAGGTTGGGCACTTTAGG.1_1|P4_Normal	Normal
GCGAGGTTCCCAGTACAACGGGAA.1_3|P4_Normal	Normal
GCGAGGTTCCGCCATGACTTTAGG.1_2|P4_Normal	Normal
GCGAGGTTCGGGCAACAACGGGAA.1_3|P4_Normal	Normal
GCGAGGTTCTGGAAACACTTTAGG.1_2|P4_Normal	Normal
GCGAGGTTCTTAAGGAACTTTAGG.1_2|P4_Normal	Normal
GCGATAAGTCGGTTATACTTTAGG.1_2|P4_Normal	Normal
GCGCAACAGGTCACAGAACGGGAA.1_3|P4_Normal	Normal
GCGCAACAGTCAATGAACTTTAGG.1_1|P4_Normal	Normal
GCGCAACAGTTACCTGAACGGGAA.1_3|P4_Normal	Normal
GCGCAAGGTCCATTAAAACGGGAA.1_3|P4_Normal	Normal_holdout
GCGCAAGGTCGTAATCACTTTAGG.1_2|P4_Normal	Normal
GCGCAAGGTGGCCCATACTTTAGG.1_2|P4_Normal	Normal
GCGCAATCAACTAAACACTTTAGG.1_2|P4_Normal	Normal
GCGCACACAACTTCGTACTTTAGG.1_1|P4_Normal	Normal
GCGCACACATTTCATGACTTTAGG.1_1|P4_Normal	Normal
GCGCCTATCCCGTTCCAACGGGAA.1_3|P4_Normal	Normal
GCGCCTATCTATCGGCAACGGGAA.1_3|P4_Normal	Normal
GCGCTAAAGCCGCTATAACGGGAA.1_3|P4_Normal	Normal
GCGCTAAAGGGTTACGACTTTAGG.1_2|P4_Normal	Normal_holdout
GCGCTAAAGGGTTATAAACGGGAA.1_3|P4_Normal	Normal_holdout
GCGCTAAAGTTGGATAACTTTAGG.1_2|P4_Normal	Normal
GCGCTACGTTAGGTAGAACGGGAA.1_3|P4_Normal	Normal_holdout
GCGCTTAGTTTCCTCAAACGGGAA.1_3|P4_Normal	Normal
GCGGATTCAGGACTACAACGGGAA.1_3|P4_Normal	Normal
GCGGGTTAGGGTTATAACTTTAGG.1_2|P4_Normal	Normal
GCGGGTTAGGTGAGGGACTTTAGG.1_2|P4_Normal	Normal
GCGGGTTAGTTAGGGTACTTTAGG.1_1|P4_Normal	Normal
GCGGTAATCCTGGATCACTTTAGG.1_1|P4_Normal	Normal_holdout
GCGGTAATCTAATCGTAACGGGAA.1_3|P4_Normal	Normal
GCGGTAATCTGGAACGACTTTAGG.1_1|P4_Normal	Normal
GCGGTTCGTAATGAACACTTTAGG.1_2|P4_Normal	Normal
GCGGTTCGTCGCAACCAACGGGAA.1_3|P4_Normal	Normal
GCGGTTCGTTAGGTGAAACGGGAA.1_3|P4_Normal	Normal_holdout
GCGGTTCGTTCAAGCTACTTTAGG.1_2|P4_Normal	Normal_holdout
GCGGTTCGTTTGTCAAACTTTAGG.1_1|P4_Normal	Normal_holdout
GCGTGTTTCACATTCGACTTTAGG.1_2|P4_Normal	Normal
GCGTTACTCAACCAAAACTTTAGG.1_2|P4_Normal	Normal
GCGTTACTCAGCGAATACTTTAGG.1_1|P4_Normal	Normal
GCGTTACTCGGTAACGACTTTAGG.1_2|P4_Normal	Normal
GCGTTTGGTATGGTGAACTTTAGG.1_2|P4_Normal	Normal
GCGTTTGGTGTGAGACAACGGGAA.1_3|P4_Normal	Normal_holdout
GCGTTTGGTTGCTGTGACTTTAGG.1_2|P4_Normal	Normal
GCTAAATCACAAGCGTAACGGGAA.1_3|P4_Normal	Normal
GCTAAATCACATGAATACTTTAGG.1_2|P4_Normal	Normal
GCTAACCTCAGCGAATACTTTAGG.1_1|P4_Normal	Normal
GCTAACCTCTATGGCCACTTTAGG.1_2|P4_Normal	Normal
GCTAACGAGCTAGCCTAACGGGAA.1_3|P4_Normal	Normal
GCTAACGAGGCCTTCGACTTTAGG.1_2|P4_Normal	Normal
GCTAACGAGTAACGGTAACGGGAA.1_3|P4_Normal	Normal
GCTAACTGTAGCTTTAACTTTAGG.1_1|P4_Normal	Normal
GCTAACTGTAGTCATCACTTTAGG.1_1|P4_Normal	Normal
GCTAACTGTGGTTCTGACTTTAGG.1_2|P4_Normal	Normal
GCTAACTGTTCCGGGTAACGGGAA.1_3|P4_Normal	Normal
GCTACAACATCAGGACAACGGGAA.1_3|P4_Normal	Normal
GCTACTATCAACCAAAACTTTAGG.1_2|P4_Normal	Normal
GCTACTATCATCGATTAACGGGAA.1_3|P4_Normal	Normal
GCTACTATCATGACAAACTTTAGG.1_1|P4_Normal	Normal
GCTACTATCTCACCGGACTTTAGG.1_2|P4_Normal	Normal
GCTAGACCAATTAGGTAACGGGAA.1_3|P4_Normal	Normal_holdout
GCTAGATAGCTCAACCAACGGGAA.1_3|P4_Normal	Normal
GCTAGATAGTAAACCAACTTTAGG.1_1|P4_Normal	Normal
GCTAGATAGTTTCGGCAACGGGAA.1_3|P4_Normal	Normal_holdout
GCTAGTCTCCAAAGGTAACGGGAA.1_3|P4_Normal	Normal
GCTAGTCTCCAAAGGTACTTTAGG.1_2|P4_Normal	Normal
GCTAGTCTCCAACTTGACTTTAGG.1_1|P4_Normal	Normal
GCTAGTCTCGCCTATAACTTTAGG.1_2|P4_Normal	Normal_holdout
GCTATAAAGGTCTTTGAACGGGAA.1_3|P4_Normal	Normal
GCTATCCAGAAACTCAAACGGGAA.1_3|P4_Normal	Normal
GCTATGCTCACACAAAAACGGGAA.1_3|P4_Normal	Normal
GCTATGCTCCAAATTCACTTTAGG.1_1|P4_Normal	Normal_holdout
GCTATGCTCCTGCCAGAACGGGAA.1_3|P4_Normal	Normal
GCTATGCTCCTGCCAGACTTTAGG.1_2|P4_Normal	Normal
GCTATTAGTCACTAGTAACGGGAA.1_3|P4_Normal	Normal
GCTATTAGTGGTTCGCAACGGGAA.1_3|P4_Normal	Normal
GCTATTAGTGTTAGAGAACGGGAA.1_3|P4_Normal	Normal
GCTATTAGTTGTTGGTAACGGGAA.1_3|P4_Normal	Normal
GCTATTAGTTTCCTGCACTTTAGG.1_2|P4_Normal	Normal
GCTATTAGTTTGGCCAAACGGGAA.1_3|P4_Normal	Normal_holdout
GCTATTAGTTTGGCCAACTTTAGG.1_2|P4_Normal	Normal
GCTATTGTCAGCGAATAACGGGAA.1_3|P4_Normal	Normal
GCTATTGTCCGCACCAACTTTAGG.1_2|P4_Normal	Normal_holdout
GCTATTGTCCGCTATAAACGGGAA.1_3|P4_Normal	Normal
GCTATTGTCTGTGATTAACGGGAA.1_3|P4_Normal	Normal
GCTATTGTCTTGAAGAACTTTAGG.1_1|P4_Normal	Normal
GCTCACCCAGGGATGAACTTTAGG.1_1|P4_Normal	Normal
GCTCACTAGCCTCTAAACTTTAGG.1_2|P4_Normal	Normal
GCTCACTAGGTCACAGACTTTAGG.1_2|P4_Normal	Normal
GCTCAGGCAAGGTGTCAACGGGAA.1_3|P4_Normal	Normal
GCTCAGGCACATACCTAACGGGAA.1_3|P4_Normal	Normal
GCTCAGGCACATTCGTACTTTAGG.1_2|P4_Normal	Normal
GCTCAGGCAGTAAGGGAACGGGAA.1_3|P4_Normal	Normal
GCTCAGGCATCCGCTAACTTTAGG.1_1|P4_Normal	Normal
GCTCCATAGATGAAGGAACGGGAA.1_3|P4_Normal	Normal
GCTCCATAGCTCGATCAACGGGAA.1_3|P4_Normal	Normal_holdout
GCTCCATAGGTATAGCACTTTAGG.1_2|P4_Normal	Normal
GCTCCATAGGTCACTCAACGGGAA.1_3|P4_Normal	Normal
GCTCCATAGTAACGGTACTTTAGG.1_2|P4_Normal	Normal
GCTCCTGAGACCTTTGAACGGGAA.1_3|P4_Normal	Normal_holdout
GCTCCTGAGGTTGTAAACTTTAGG.1_1|P4_Normal	Normal
GCTCCTGAGTTATTGCAACGGGAA.1_3|P4_Normal	Normal
GCTCGCTCAATCGTGAAACGGGAA.1_3|P4_Normal	Normal
GCTCGCTCAGTTGCCCACTTTAGG.1_1|P4_Normal	Normal_holdout
GCTCGCTCATAGCCTTACTTTAGG.1_1|P4_Normal	Normal
GCTCGCTCATCTATGCACTTTAGG.1_2|P4_Normal	Normal
GCTCGTTAGGAAGCAAAACGGGAA.1_3|P4_Normal	Normal
GCTCGTTAGGTGAGAAACTTTAGG.1_1|P4_Normal	Normal
GCTGAATAGCAAATTGAACGGGAA.1_3|P4_Normal	Normal
GCTGAATAGCACGGTAAACGGGAA.1_3|P4_Normal	Normal_holdout
GCTGACTTCATGCCTAACTTTAGG.1_1|P4_Normal	Normal
GCTGACTTCCAAACAAACTTTAGG.1_1|P4_Normal	Normal
GCTGACTTCGACTTTGAACGGGAA.1_3|P4_Normal	Normal
GCTGACTTCTAAGTAGACTTTAGG.1_1|P4_Normal	Normal
GCTGACTTCTGGCCCAAACGGGAA.1_3|P4_Normal	Normal
GCTGATGAGACTATTCACTTTAGG.1_2|P4_Normal	Normal
GCTGATGAGCTCGATCACTTTAGG.1_1|P4_Normal	Normal
GCTGATGAGGCACTAGACTTTAGG.1_2|P4_Normal	Normal_holdout
GCTGCTCCAAAGTGCCACTTTAGG.1_1|P4_Normal	Normal
GCTGCTCCAACCCTATAACGGGAA.1_3|P4_Normal	Normal_holdout
GCTGCTCCACAAATACACTTTAGG.1_2|P4_Normal	Normal
GCTGCTCCACGAACGTAACGGGAA.1_3|P4_Normal	Normal
GCTGCTCCATCTATCAACTTTAGG.1_1|P4_Normal	Normal_holdout
GCTGGATCAGCTGCTCAACGGGAA.1_3|P4_Normal	Normal
GCTGGATCATGACATGACTTTAGG.1_2|P4_Normal	Normal
GCTGGGTAGATGATTGACTTTAGG.1_1|P4_Normal	Normal
GCTGGGTAGATTGCAAACTTTAGG.1_2|P4_Normal	Normal
GCTGGGTAGTACGGGCACTTTAGG.1_1|P4_Normal	Normal
GCTGGGTAGTTACACTAACGGGAA.1_3|P4_Normal	Normal
GCTGGTAAGATGAACCAACGGGAA.1_3|P4_Normal	Normal
GCTGGTAAGATTCGTTACTTTAGG.1_1|P4_Normal	Normal_holdout
GCTGTAACAAACTTGGACTTTAGG.1_2|P4_Normal	Normal
GCTGTAACATCCAAGAACTTTAGG.1_1|P4_Normal	Normal
GCTGTCAGTACCTCAGACTTTAGG.1_2|P4_Normal	Normal_holdout
GCTGTCAGTGAGAAGGACTTTAGG.1_2|P4_Normal	Normal
GCTGTTGGTGAAGCACAACGGGAA.1_3|P4_Normal	Normal
GCTGTTGGTGTGGCTCAACGGGAA.1_3|P4_Normal	Normal
GCTGTTGGTTGCTCCTAACGGGAA.1_3|P4_Normal	Normal
GCTTACATCAGGTCGAAACGGGAA.1_3|P4_Normal	Normal_holdout
GCTTACATCCTGTTCTAACGGGAA.1_3|P4_Normal	Normal
GCTTACATCGAAATGCACTTTAGG.1_2|P4_Normal	Normal
GCTTAGCTCAGGGCACACTTTAGG.1_2|P4_Normal	Normal
GCTTAGGAGGATGCATACTTTAGG.1_2|P4_Normal	Normal
GCTTAGTGTGACATGAACTTTAGG.1_2|P4_Normal	Normal
GCTTAGTGTGCGGTTCACTTTAGG.1_1|P4_Normal	Normal
GCTTAGTGTTAGTTTGACTTTAGG.1_2|P4_Normal	Normal
GCTTAGTGTTTATGGCAACGGGAA.1_3|P4_Normal	Normal
GCTTATTAGTTTGCTGAACGGGAA.1_3|P4_Normal	Normal
GCTTCATCAAATAAGGAACGGGAA.1_3|P4_Normal	Normal
GCTTCATCAGAATCGCAACGGGAA.1_3|P4_Normal	Normal
GCTTCATCAGAATCGCACTTTAGG.1_2|P4_Normal	Normal
GCTTCATCATAAGCTGACTTTAGG.1_1|P4_Normal	Normal
GCTTCGGTCGATATGAAACGGGAA.1_3|P4_Normal	Normal_holdout
GCTTCTAAGCCCTTGGACTTTAGG.1_2|P4_Normal	Normal
GCTTCTAAGCCTAAGGACTTTAGG.1_1|P4_Normal	Normal
GCTTCTAAGCGGCTTTACTTTAGG.1_1|P4_Normal	Normal
GCTTCTAAGGAAGCAAAACGGGAA.1_3|P4_Normal	Normal
GCTTCTAAGTGAGTTAAACGGGAA.1_3|P4_Normal	Normal
GCTTCTAAGTTACATCACTTTAGG.1_1|P4_Normal	Normal
GCTTGAACAAATAACCAACGGGAA.1_3|P4_Normal	Normal
GCTTGAACAACAGAGGACTTTAGG.1_1|P4_Normal	Normal
GCTTGAACAACAGGCTAACGGGAA.1_3|P4_Normal	Normal
GCTTGAACAACTTAGGACTTTAGG.1_1|P4_Normal	Normal
GCTTGAACAAGGTTATAACGGGAA.1_3|P4_Normal	Normal
GCTTGAACAGTTAAACACTTTAGG.1_2|P4_Normal	Normal
GCTTGATGTAAACCCTACTTTAGG.1_1|P4_Normal	Normal_holdout
GCTTGATGTAGTTGTCACTTTAGG.1_1|P4_Normal	Normal
GCTTGATGTGTTAGTCAACGGGAA.1_3|P4_Normal	Normal
GCTTGATGTTAGAGGCACTTTAGG.1_1|P4_Normal	Normal
GCTTGATGTTTCCTCAAACGGGAA.1_3|P4_Normal	Normal
GCTTGCGTCAAGTTAGACTTTAGG.1_2|P4_Normal	Normal_holdout
GCTTGCGTCAGGGCACACTTTAGG.1_1|P4_Normal	Normal
GCTTGCGTCATAGGTAACTTTAGG.1_1|P4_Normal	Normal
GCTTGCGTCATCAAGAACTTTAGG.1_2|P4_Normal	Normal
GCTTGCGTCGACCCATACTTTAGG.1_2|P4_Normal	Normal
GCTTGCGTCTAGTTACACTTTAGG.1_2|P4_Normal	Normal
GCTTGGTTCATTACCGAACGGGAA.1_3|P4_Normal	Normal
GCTTGGTTCTAATTGCACTTTAGG.1_2|P4_Normal	Normal
GCTTGTTCAAGGTGCTAACGGGAA.1_3|P4_Normal	Normal
GCTTGTTCAATCAAACACTTTAGG.1_2|P4_Normal	Normal_holdout
GCTTGTTCATGCCTCAACTTTAGG.1_1|P4_Normal	Normal
GCTTTCAAGCGCGAACACTTTAGG.1_1|P4_Normal	Normal
GCTTTCAAGGACACGCACTTTAGG.1_2|P4_Normal	Normal
GCTTTGTCATTGTACCACTTTAGG.1_1|P4_Normal	Normal_holdout
GGAAATTGTATTTGTGACTTTAGG.1_1|P4_Normal	Normal
GGAAATTGTCCGTGACACTTTAGG.1_2|P4_Normal	Normal_holdout
GGAAATTGTGCGGCTTACTTTAGG.1_2|P4_Normal	Normal
GGAAATTGTTGTTTAGAACGGGAA.1_3|P4_Normal	Normal
GGAAATTGTTGTTTAGACTTTAGG.1_2|P4_Normal	Normal
GGAACAAAGACAACACACTTTAGG.1_2|P4_Normal	Normal
GGAACAAAGTTGCGCTAACGGGAA.1_3|P4_Normal	Normal
GGAACATTCCAGCTACAACGGGAA.1_3|P4_Normal	Normal
GGAACATTCTGGTCTAACTTTAGG.1_2|P4_Normal	Normal
GGAACCATCCCATAATAACGGGAA.1_3|P4_Normal	Normal
GGAACCATCCTCCCACAACGGGAA.1_3|P4_Normal	Normal
GGAACCATCGGGCAACAACGGGAA.1_3|P4_Normal	Normal
GGAACCATCGTGATTTACTTTAGG.1_1|P4_Normal	Normal
GGAACCGGTACGAATGAACGGGAA.1_3|P4_Normal	Normal
GGAACCGGTCGAAGTAACTTTAGG.1_1|P4_Normal	Normal
GGAACCTCATCACGCCACTTTAGG.1_1|P4_Normal	Normal
GGAACCTCATGGCTTTACTTTAGG.1_2|P4_Normal	Normal
GGAACCTCATTAGCGAAACGGGAA.1_3|P4_Normal	Normal
GGAACTAGTCCTTCTAACTTTAGG.1_2|P4_Normal	Normal
GGAACTAGTTAGTGGAACTTTAGG.1_1|P4_Normal	Normal
GGAAGCCTCCGCCTCTAACGGGAA.1_3|P4_Normal	Normal
GGAAGCCTCGCTTCGGAACGGGAA.1_3|P4_Normal	Normal
GGAAGTAAGATGCTAAAACGGGAA.1_3|P4_Normal	Normal_holdout
GGAAGTAAGTGCAACGACTTTAGG.1_2|P4_Normal	Normal
GGAAGTAAGTGCTGAGACTTTAGG.1_2|P4_Normal	Normal
GGAAGTTTCCGTTAGCAACGGGAA.1_3|P4_Normal	Normal
GGAAGTTTCCTGATCAACTTTAGG.1_2|P4_Normal	Normal
GGAAGTTTCTAAATCCAACGGGAA.1_3|P4_Normal	Normal
GGAATAACAAACCCAAACTTTAGG.1_2|P4_Normal	Normal
GGAATAACATTTCGCGAACGGGAA.1_3|P4_Normal	Normal_holdout
GGAATCTAGACCTTGCAACGGGAA.1_3|P4_Normal	Normal
GGAATCTAGGAAACCTAACGGGAA.1_3|P4_Normal	Normal
GGAATCTAGGCTCCATACTTTAGG.1_2|P4_Normal	Normal
GGAATCTAGTCAAACAAACGGGAA.1_3|P4_Normal	Normal
GGAATCTAGTGGCTTCAACGGGAA.1_3|P4_Normal	Normal
GGACATAGTACCGTTGAACGGGAA.1_3|P4_Normal	Normal
GGACATAGTCCTTAGGACTTTAGG.1_2|P4_Normal	Normal_holdout
GGACATAGTTGAGGACACTTTAGG.1_2|P4_Normal	Normal
GGACATCCAAACACGCACTTTAGG.1_2|P4_Normal	Normal
GGACATCCAACTGTTCAACGGGAA.1_3|P4_Normal	Normal
GGACATCCACAGGCTGACTTTAGG.1_2|P4_Normal	Normal
GGACATCCACTGTCATAACGGGAA.1_3|P4_Normal	Normal
GGACATCCATTTGGGAAACGGGAA.1_3|P4_Normal	Normal
GGACATCCATTTGGGAACTTTAGG.1_1|P4_Normal	Normal
GGACCAGGTACCTCAGAACGGGAA.1_3|P4_Normal	Normal
GGACCAGGTTCGATGTACTTTAGG.1_1|P4_Normal	Normal
GGACCCACACAGGCTGAACGGGAA.1_3|P4_Normal	Normal
GGACCCACACGATTAGACTTTAGG.1_1|P4_Normal	Normal
GGACCCACAGCTGCTCAACGGGAA.1_3|P4_Normal	Normal_holdout
GGACCCACATCCCAATAACGGGAA.1_3|P4_Normal	Normal
GGACCCACATTTGGCTACTTTAGG.1_2|P4_Normal	Normal
GGACCCACATTTGGGAACTTTAGG.1_1|P4_Normal	Normal
GGACCTGCAAGATGCCACTTTAGG.1_1|P4_Normal	Normal
GGACCTGCACGTAAATACTTTAGG.1_2|P4_Normal	Normal
GGACCTGCACTCAATCAACGGGAA.1_3|P4_Normal	Normal
GGACCTGCATCGTTCGAACGGGAA.1_3|P4_Normal	Normal
GGACCTTTCAAGCTCCACTTTAGG.1_1|P4_Normal	Normal
GGACCTTTCACCAGGAAACGGGAA.1_3|P4_Normal	Normal_holdout
GGACCTTTCAGGTTAAACTTTAGG.1_1|P4_Normal	Normal
GGACCTTTCCATTAGTAACGGGAA.1_3|P4_Normal	Normal
GGACCTTTCCTTTAGGAACGGGAA.1_3|P4_Normal	Normal
GGACCTTTCGCTCAGTACTTTAGG.1_1|P4_Normal	Normal
GGACTAAGTCAGTGCCAACGGGAA.1_3|P4_Normal	Normal
GGACTAAGTCATTATGAACGGGAA.1_3|P4_Normal	Normal
GGACTAAGTCCATCAGAACGGGAA.1_3|P4_Normal	Normal
GGACTAAGTTCCAGCAACTTTAGG.1_1|P4_Normal	Normal
GGACTAAGTTGGCCACAACGGGAA.1_3|P4_Normal	Normal
GGACTTACACCTATCGAACGGGAA.1_3|P4_Normal	Normal
GGACTTACATATAGGTACTTTAGG.1_2|P4_Normal	Normal
GGACTTACATCACGAAACTTTAGG.1_2|P4_Normal	Normal
GGACTTACATTGGGTAAACGGGAA.1_3|P4_Normal	Normal
GGAGCGAAGACTCAAAACTTTAGG.1_1|P4_Normal	Normal
GGAGCGAAGTCGCATCACTTTAGG.1_1|P4_Normal	Normal_holdout
GGAGCTATCCGAATTTAACGGGAA.1_3|P4_Normal	Normal
GGAGCTATCTGTGATTACTTTAGG.1_2|P4_Normal	Normal
GGAGGATAGCGCCTTGAACGGGAA.1_3|P4_Normal	Normal
GGAGGATAGGGCGGTTACTTTAGG.1_1|P4_Normal	Normal
GGAGGTACAAGCTAATACTTTAGG.1_2|P4_Normal	Normal
GGAGGTACACTTTGTAACTTTAGG.1_2|P4_Normal	Normal
GGAGGTACAGCCTTCAACTTTAGG.1_2|P4_Normal	Normal
GGAGGTACATCCGCTAAACGGGAA.1_3|P4_Normal	Normal_holdout
GGAGTCATCAACCGCTAACGGGAA.1_3|P4_Normal	Normal
GGAGTCATCAGCACAGACTTTAGG.1_2|P4_Normal	Normal_holdout
GGAGTCATCGAAGCATAACGGGAA.1_3|P4_Normal	Normal
GGAGTCATCGCCACATAACGGGAA.1_3|P4_Normal	Normal
GGAGTCATCGGTTCACACTTTAGG.1_2|P4_Normal	Normal
GGAGTCGGTAATCCTAACTTTAGG.1_1|P4_Normal	Normal_holdout
GGAGTCGGTCTACCTCAACGGGAA.1_3|P4_Normal	Normal
GGAGTCGGTTTGCATAACTTTAGG.1_2|P4_Normal	Normal
GGAGTCTCAAGTTGCAACTTTAGG.1_1|P4_Normal	Normal
GGAGTCTCAGTAATACACTTTAGG.1_1|P4_Normal	Normal
GGAGTCTCAGTGAGAGAACGGGAA.1_3|P4_Normal	Normal
GGAGTCTCATTACTCAACTTTAGG.1_2|P4_Normal	Normal
GGATAATGTAATGCGAACTTTAGG.1_2|P4_Normal	Normal_holdout
GGATAATGTACTAACCAACGGGAA.1_3|P4_Normal	Normal
GGATAATGTCGAGGCAACTTTAGG.1_1|P4_Normal	Normal
GGATAGGCACTCAGTTAACGGGAA.1_3|P4_Normal	Normal
GGATAGGCATGGCTAAACTTTAGG.1_2|P4_Normal	Normal
GGATATTCAAACCCAAACTTTAGG.1_2|P4_Normal	Normal_holdout
GGATATTCAAATGACTAACGGGAA.1_3|P4_Normal	Normal
GGATCCGCACCTCGACACTTTAGG.1_2|P4_Normal	Normal
GGATCCGCAGAGAGCAACTTTAGG.1_2|P4_Normal	Normal
GGATCCGCATGCAATGAACGGGAA.1_3|P4_Normal	Normal
GGATGGCTCAGGTAGTACTTTAGG.1_2|P4_Normal	Normal
GGATGGCTCCTGGAAGACTTTAGG.1_2|P4_Normal	Normal
GGATGGCTCTATTCGGACTTTAGG.1_1|P4_Normal	Normal
GGATGGCTCTGGTCTAACTTTAGG.1_1|P4_Normal	Normal_holdout
GGATGTCCACACTAAGAACGGGAA.1_3|P4_Normal	Normal
GGATTATCACAGCCAGACTTTAGG.1_1|P4_Normal	Normal_holdout
GGATTATCAGGCAACTACTTTAGG.1_1|P4_Normal	Normal
GGATTATCAGGCTTAAAACGGGAA.1_3|P4_Normal	Normal
GGATTATCAGGCTTAAACTTTAGG.1_2|P4_Normal	Normal
GGATTATCATGGCGCAACTTTAGG.1_2|P4_Normal	Normal
GGATTGAGTAAACTGGACTTTAGG.1_2|P4_Normal	Normal
GGATTGAGTATGGTCTACTTTAGG.1_2|P4_Normal	Normal
GGATTGAGTCTGTGATACTTTAGG.1_2|P4_Normal	Normal
GGATTGAGTGATTAGGAACGGGAA.1_3|P4_Normal	Normal
GGATTGAGTTCACTCCAACGGGAA.1_3|P4_Normal	Normal
GGATTGAGTTTCACCCAACGGGAA.1_3|P4_Normal	Normal
GGATTGCCAACATAGTAACGGGAA.1_3|P4_Normal	Normal
GGATTGCCACACTAAGACTTTAGG.1_2|P4_Normal	Normal
GGATTGCCATGTGGGTACTTTAGG.1_2|P4_Normal	Normal
GGATTGGTCATGAGGTACTTTAGG.1_1|P4_Normal	Normal
GGATTGGTCATTTAGCAACGGGAA.1_3|P4_Normal	Normal
GGATTGGTCGTTATGTAACGGGAA.1_3|P4_Normal	Normal_holdout
GGCAAATTCCTCACGGAACGGGAA.1_3|P4_Normal	Normal
GGCAAATTCGACTTGCACTTTAGG.1_2|P4_Normal	Normal
GGCAAATTCGCTCAGTAACGGGAA.1_3|P4_Normal	Normal_holdout
GGCAAATTCGGTACGAACTTTAGG.1_2|P4_Normal	Normal
GGCAACATCAAGTTAGAACGGGAA.1_3|P4_Normal	Normal
GGCAACATCTAGCCTAAACGGGAA.1_3|P4_Normal	Normal
GGCAAGCTCAATGTGAACTTTAGG.1_2|P4_Normal	Normal
GGCAAGCTCGCCTAACAACGGGAA.1_3|P4_Normal	Normal
GGCAAGCTCGTTAACTACTTTAGG.1_2|P4_Normal	Normal
GGCAAGTGTACTTAGCACTTTAGG.1_2|P4_Normal	Normal
GGCAAGTGTCCTCATCACTTTAGG.1_2|P4_Normal	Normal
GGCAATAGTACTGCCAAACGGGAA.1_3|P4_Normal	Normal
GGCAATAGTATTCAGCACTTTAGG.1_2|P4_Normal	Normal
GGCAATAGTTAAGTCCAACGGGAA.1_3|P4_Normal	Normal_holdout
GGCACAATCAACCTATAACGGGAA.1_3|P4_Normal	Normal_holdout
GGCACAATCCACAATTAACGGGAA.1_3|P4_Normal	Normal_holdout
GGCACGTAGACAACACACTTTAGG.1_1|P4_Normal	Normal_holdout
GGCACGTAGCAAATTGAACGGGAA.1_3|P4_Normal	Normal
GGCACTAAGAAGTAGGACTTTAGG.1_1|P4_Normal	Normal
GGCACTAAGGTCTTGCACTTTAGG.1_2|P4_Normal	Normal
GGCACTAAGGTTACTTAACGGGAA.1_3|P4_Normal	Normal
GGCACTAAGTTTCGGCAACGGGAA.1_3|P4_Normal	Normal
GGCAGGTTCACAGGGCAACGGGAA.1_3|P4_Normal	Normal
GGCAGGTTCACCAGCTACTTTAGG.1_2|P4_Normal	Normal
GGCAGGTTCAGGTAACACTTTAGG.1_2|P4_Normal	Normal
GGCAGGTTCAGTCTATACTTTAGG.1_2|P4_Normal	Normal
GGCAGGTTCCTGGTTAACTTTAGG.1_2|P4_Normal	Normal
GGCAGGTTCTTGAAAGACTTTAGG.1_1|P4_Normal	Normal
GGCATGATCAGGGCACACTTTAGG.1_2|P4_Normal	Normal
GGCATGATCGAGCTAGAACGGGAA.1_3|P4_Normal	Normal
GGCATGTCAAGCGAAGAACGGGAA.1_3|P4_Normal	Normal
GGCATGTCAAGCGATCACTTTAGG.1_2|P4_Normal	Normal
GGCATGTCAGAATGAAACTTTAGG.1_2|P4_Normal	Normal
GGCATTACAGGAATAAACTTTAGG.1_2|P4_Normal	Normal
GGCATTACATTGGACAACTTTAGG.1_1|P4_Normal	Normal
GGCATTTGTATAGCGAAACGGGAA.1_3|P4_Normal	Normal
GGCATTTGTATAGCGAACTTTAGG.1_2|P4_Normal	Normal
GGCATTTGTTCGATGTAACGGGAA.1_3|P4_Normal	Normal
GGCCAAATCAGGCAATAACGGGAA.1_3|P4_Normal	Normal_holdout
GGCCAAATCAGGTAGTACTTTAGG.1_2|P4_Normal	Normal
GGCCAAATCAGTTTACACTTTAGG.1_1|P4_Normal	Normal
GGCCAAATCCTGACTAACTTTAGG.1_1|P4_Normal	Normal_holdout
GGCCAAATCTTTAGCGAACGGGAA.1_3|P4_Normal	Normal
GGCCAGTAGTACGGGCACTTTAGG.1_2|P4_Normal	Normal
GGCCATCGTCCGCTAAAACGGGAA.1_3|P4_Normal	Normal
GGCCATCGTTTAACCAAACGGGAA.1_3|P4_Normal	Normal
GGCCATTTCGAGCTAGACTTTAGG.1_1|P4_Normal	Normal
GGCCATTTCGAGGCGTAACGGGAA.1_3|P4_Normal	Normal
GGCCATTTCGAGGCGTACTTTAGG.1_2|P4_Normal	Normal
GGCCATTTCGGGCAGTACTTTAGG.1_2|P4_Normal	Normal
GGCCGTTGTCATTATGACTTTAGG.1_1|P4_Normal	Normal
GGCCGTTGTGATAAACACTTTAGG.1_1|P4_Normal	Normal_holdout
GGCCGTTGTGCAATAGAACGGGAA.1_3|P4_Normal	Normal
GGCCGTTGTTCCTTCAACTTTAGG.1_2|P4_Normal	Normal
GGCCGTTGTTTCACCCACTTTAGG.1_1|P4_Normal	Normal
GGCCTAAAGATGCCTCAACGGGAA.1_3|P4_Normal	Normal
GGCCTAAAGCAAACTAACTTTAGG.1_2|P4_Normal	Normal
GGCCTAAAGTCCTCAAAACGGGAA.1_3|P4_Normal	Normal
GGCCTAAAGTCCTGCGACTTTAGG.1_2|P4_Normal	Normal
GGCCTAAAGTTTGCATAACGGGAA.1_3|P4_Normal	Normal
GGCCTATTCGAAGCATACTTTAGG.1_2|P4_Normal	Normal_holdout
GGCCTATTCGCTTGCGAACGGGAA.1_3|P4_Normal	Normal
GGCCTATTCGCTTGCGACTTTAGG.1_2|P4_Normal	Normal
GGCCTATTCTAAGTAGAACGGGAA.1_3|P4_Normal	Normal
GGCCTTTAGACAACACACTTTAGG.1_1|P4_Normal	Normal
GGCCTTTAGCATCTTGAACGGGAA.1_3|P4_Normal	Normal
GGCCTTTAGGGTTAACAACGGGAA.1_3|P4_Normal	Normal
GGCCTTTAGGTTAGACAACGGGAA.1_3|P4_Normal	Normal
GGCGAAACACGGTAACACTTTAGG.1_2|P4_Normal	Normal
GGCGAATGTCCACAATACTTTAGG.1_2|P4_Normal	Normal
GGCGAATGTCGTCCAAAACGGGAA.1_3|P4_Normal	Normal_holdout
GGCGAATGTGCGCAAGACTTTAGG.1_1|P4_Normal	Normal
GGCGAATGTTAGTAGGACTTTAGG.1_2|P4_Normal	Normal_holdout
GGCGATTCACTAACTCAACGGGAA.1_3|P4_Normal	Normal_holdout
GGCGATTCATCAAGTGAACGGGAA.1_3|P4_Normal	Normal
GGCGCAAGTATTGCGTAACGGGAA.1_3|P4_Normal	Normal
GGCGCAAGTGATCCTGACTTTAGG.1_1|P4_Normal	Normal
GGCGCTTGTCCAGCTAAACGGGAA.1_3|P4_Normal	Normal_holdout
GGCGCTTGTCCGCTAAACTTTAGG.1_1|P4_Normal	Normal
GGCGTAATCACTTCGAACTTTAGG.1_2|P4_Normal	Normal
GGCGTAATCGCATTTGACTTTAGG.1_1|P4_Normal	Normal_holdout
GGCTAATAGGATGTTAACTTTAGG.1_2|P4_Normal	Normal
GGCTAATAGGCTACTCAACGGGAA.1_3|P4_Normal	Normal
GGCTAATAGTAGCCTCACTTTAGG.1_2|P4_Normal	Normal
GGCTAATAGTCATGAAACTTTAGG.1_2|P4_Normal	Normal_holdout
GGCTAATAGTTACCCAAACGGGAA.1_3|P4_Normal	Normal
GGCTATTGTGTTTGTAACTTTAGG.1_2|P4_Normal	Normal
GGCTATTGTTGTCATAAACGGGAA.1_3|P4_Normal	Normal_holdout
GGCTCAAAGTTAGGGTACTTTAGG.1_2|P4_Normal	Normal_holdout
GGCTGAGGTCCTCATCACTTTAGG.1_1|P4_Normal	Normal
GGCTGATCAATTGCGAACTTTAGG.1_2|P4_Normal	Normal
GGCTGATCACCTAAAGAACGGGAA.1_3|P4_Normal	Normal_holdout
GGCTGGTAGGAACCATACTTTAGG.1_2|P4_Normal	Normal
GGCTGGTAGGCGAGAGACTTTAGG.1_1|P4_Normal	Normal_holdout
GGCTGGTAGTAAGTGCACTTTAGG.1_2|P4_Normal	Normal
GGCTGGTAGTTGCAGGACTTTAGG.1_1|P4_Normal	Normal
GGCTGTGCACAATGGCACTTTAGG.1_2|P4_Normal	Normal
GGCTGTGCATCTATCAACTTTAGG.1_1|P4_Normal	Normal
GGCTGTGCATTTCGCGACTTTAGG.1_2|P4_Normal	Normal
GGCTTAACAAAGGTAAAACGGGAA.1_3|P4_Normal	Normal
GGCTTAACACCACAAAACTTTAGG.1_2|P4_Normal	Normal
GGCTTAACACTAGTCTACTTTAGG.1_2|P4_Normal	Normal
GGCTTAGAGATTATCCAACGGGAA.1_3|P4_Normal	Normal
GGCTTAGAGGATTATGAACGGGAA.1_3|P4_Normal	Normal
GGCTTAGAGTAACTTCAACGGGAA.1_3|P4_Normal	Normal
GGCTTATGTACTTACAAACGGGAA.1_3|P4_Normal	Normal
GGCTTATGTGTGAGTAAACGGGAA.1_3|P4_Normal	Normal
GGCTTGAAGCTATTACACTTTAGG.1_2|P4_Normal	Normal
GGCTTGAAGTAAGCTAACTTTAGG.1_2|P4_Normal	Normal
GGCTTGAAGTCATGAAAACGGGAA.1_3|P4_Normal	Normal
GGCTTGCGTTAGCGGGAACGGGAA.1_3|P4_Normal	Normal
GGCTTGTTCCCAGTACAACGGGAA.1_3|P4_Normal	Normal_holdout
GGCTTGTTCGAGCTAGACTTTAGG.1_2|P4_Normal	Normal
GGCTTGTTCGGTAACGACTTTAGG.1_1|P4_Normal	Normal
GGCTTGTTCTCACCGGACTTTAGG.1_1|P4_Normal	Normal_holdout
GGCTTGTTCTTACTCCAACGGGAA.1_3|P4_Normal	Normal
GGGAAGTAGATGCCTCAACGGGAA.1_3|P4_Normal	Normal
GGGAAGTAGGATTAGCACTTTAGG.1_2|P4_Normal	Normal_holdout
GGGAAGTAGGTAATTGACTTTAGG.1_2|P4_Normal	Normal
GGGAAGTAGTCGAAGTACTTTAGG.1_1|P4_Normal	Normal
GGGACAACACCATCATACTTTAGG.1_2|P4_Normal	Normal
GGGACAACACCTAACTAACGGGAA.1_3|P4_Normal	Normal
GGGACAACACCTAACTACTTTAGG.1_2|P4_Normal	Normal
GGGACTCAGCTTCCTTACTTTAGG.1_2|P4_Normal	Normal
GGGAGTCTCATAATGGACTTTAGG.1_2|P4_Normal	Normal_holdout
GGGAGTGAGACTAATGACTTTAGG.1_1|P4_Normal	Normal
GGGAGTGAGATGCTAAACTTTAGG.1_1|P4_Normal	Normal
GGGAGTGAGCGAAGTTAACGGGAA.1_3|P4_Normal	Normal
GGGATAAAGCGGCTTTAACGGGAA.1_3|P4_Normal	Normal_holdout
GGGATAAAGCTAGCCTAACGGGAA.1_3|P4_Normal	Normal_holdout
GGGATAAAGCTTAGTTACTTTAGG.1_1|P4_Normal	Normal
GGGATAAAGGACTTGGACTTTAGG.1_1|P4_Normal	Normal
GGGATAAAGGTCGAGCAACGGGAA.1_3|P4_Normal	Normal
GGGATAAAGGTGAGTTAACGGGAA.1_3|P4_Normal	Normal
GGGATATTCACCACACACTTTAGG.1_2|P4_Normal	Normal
GGGATATTCGTTAGGGAACGGGAA.1_3|P4_Normal	Normal_holdout
GGGATATTCGTTCGTAAACGGGAA.1_3|P4_Normal	Normal
GGGATGACAAACTGGCACTTTAGG.1_2|P4_Normal	Normal
GGGATGACATCATCACACTTTAGG.1_1|P4_Normal	Normal
GGGATGACATCATGTCACTTTAGG.1_2|P4_Normal	Normal_holdout
GGGATGACATTCAGGAACTTTAGG.1_2|P4_Normal	Normal_holdout
GGGATGACATTGTACCACTTTAGG.1_2|P4_Normal	Normal
GGGATGGAGTGATGGTAACGGGAA.1_3|P4_Normal	Normal
GGGATTTAGACTCAAAAACGGGAA.1_3|P4_Normal	Normal
GGGATTTAGACTCAAAACTTTAGG.1_2|P4_Normal	Normal
GGGATTTAGGTTTCCAACTTTAGG.1_2|P4_Normal	Normal_holdout
GGGCAATGTTTGTTGAAACGGGAA.1_3|P4_Normal	Normal
GGGCTAATCCAACTATACTTTAGG.1_2|P4_Normal	Normal
GGGCTAATCCGAATTTACTTTAGG.1_2|P4_Normal	Normal
GGGCTTAAGATGCAACAACGGGAA.1_3|P4_Normal	Normal_holdout
GGGCTTAAGATGCAACACTTTAGG.1_2|P4_Normal	Normal
GGGCTTAAGGCACAATACTTTAGG.1_2|P4_Normal	Normal
GGGTGAGAGATGCCTCAACGGGAA.1_3|P4_Normal	Normal_holdout
GGGTGAGAGATTCCCAAACGGGAA.1_3|P4_Normal	Normal
GGGTGAGAGCGCTACTACTTTAGG.1_2|P4_Normal	Normal_holdout
GGGTGAGAGCTACGTCACTTTAGG.1_2|P4_Normal	Normal
GGGTGAGAGTAAGCTAACTTTAGG.1_2|P4_Normal	Normal
GGGTGAGAGTAGCCTCAACGGGAA.1_3|P4_Normal	Normal
GGGTGGAAGAGGTTCGAACGGGAA.1_3|P4_Normal	Normal
GGGTGGAAGCTATATCAACGGGAA.1_3|P4_Normal	Normal_holdout
GGGTGGAAGTTGCAGGACTTTAGG.1_1|P4_Normal	Normal
GGGTTAGTCATGCGTCACTTTAGG.1_2|P4_Normal	Normal
GGGTTAGTCCATTAGTAACGGGAA.1_3|P4_Normal	Normal
GGGTTAGTCCATTAGTACTTTAGG.1_2|P4_Normal	Normal
GGGTTAGTCGCCTCTCACTTTAGG.1_2|P4_Normal	Normal_holdout
GGGTTAGTCGCGAGTAACTTTAGG.1_2|P4_Normal	Normal
GGGTTATAGTTTCCAGACTTTAGG.1_2|P4_Normal	Normal
GGGTTGGGTCAATGTCAACGGGAA.1_3|P4_Normal	Normal
GGGTTTCTCAATGTTCACTTTAGG.1_2|P4_Normal	Normal_holdout
GGGTTTCTCTAGCGGAACTTTAGG.1_1|P4_Normal	Normal_holdout
GGTAAGGCAAACGGGAAACGGGAA.1_3|P4_Normal	Normal
GGTAAGGCATATGGTGACTTTAGG.1_1|P4_Normal	Normal
GGTAAGGCATATTTCGACTTTAGG.1_2|P4_Normal	Normal
GGTAATGGTAACTTGCACTTTAGG.1_1|P4_Normal	Normal
GGTAATGGTCCGGGTTAACGGGAA.1_3|P4_Normal	Normal
GGTACCGCAACGTTAGACTTTAGG.1_2|P4_Normal	Normal
GGTACCGCAAGTTAACAACGGGAA.1_3|P4_Normal	Normal
GGTACCGCAGTAAGGGAACGGGAA.1_3|P4_Normal	Normal
GGTACGTCAATTGAGTAACGGGAA.1_3|P4_Normal	Normal_holdout
GGTACGTCATCACAGAACTTTAGG.1_2|P4_Normal	Normal
GGTACTGAGAGGAGGTACTTTAGG.1_2|P4_Normal	Normal
GGTACTGAGCGAGGGAACTTTAGG.1_1|P4_Normal	Normal
GGTACTGAGGGTTATAAACGGGAA.1_3|P4_Normal	Normal
GGTACTGAGGTATGGTACTTTAGG.1_1|P4_Normal	Normal
GGTAGTTAGCAGGCTAAACGGGAA.1_3|P4_Normal	Normal
GGTAGTTAGGACAAAGACTTTAGG.1_2|P4_Normal	Normal
GGTCACGCAAAGCCTAAACGGGAA.1_3|P4_Normal	Normal
GGTCACGCACACCCACACTTTAGG.1_1|P4_Normal	Normal
GGTCACGCACATTGTCACTTTAGG.1_1|P4_Normal	Normal
GGTCATTGTGACCTTGACTTTAGG.1_1|P4_Normal	Normal
GGTCATTGTTGTCCAGAACGGGAA.1_3|P4_Normal	Normal
GGTCCGTGTGCTGCACACTTTAGG.1_2|P4_Normal	Normal
GGTCTAACACTTCGATACTTTAGG.1_2|P4_Normal	Normal
GGTCTAACATTGAGATACTTTAGG.1_2|P4_Normal	Normal
GGTGAACGTCGTAATCACTTTAGG.1_1|P4_Normal	Normal
GGTGAACGTGTTTGTAACTTTAGG.1_1|P4_Normal	Normal
GGTGAAGCAATACCCTACTTTAGG.1_1|P4_Normal	Normal
GGTGAAGCATGTGGGTAACGGGAA.1_3|P4_Normal	Normal
GGTGATTAGCTACGTCACTTTAGG.1_1|P4_Normal	Normal
GGTGATTAGGCGAGAGACTTTAGG.1_1|P4_Normal	Normal
GGTGATTAGGGCAGTCAACGGGAA.1_3|P4_Normal	Normal
GGTGCACAGGATGGTTAACGGGAA.1_3|P4_Normal	Normal
GGTGCACAGGTATAGCAACGGGAA.1_3|P4_Normal	Normal
GGTGCTGCACTTCGATACTTTAGG.1_2|P4_Normal	Normal_holdout
GGTGCTGCATTTGGAGACTTTAGG.1_2|P4_Normal	Normal
GGTGGATGTAAGCTAGAACGGGAA.1_3|P4_Normal	Normal
GGTGGATGTAGGTGACACTTTAGG.1_2|P4_Normal	Normal
GGTGGATGTGAAGCACAACGGGAA.1_3|P4_Normal	Normal
GGTGGATGTGACCTTGACTTTAGG.1_1|P4_Normal	Normal
GGTGGATGTGATCCTGACTTTAGG.1_2|P4_Normal	Normal
GGTGGATGTGCCCTTTACTTTAGG.1_2|P4_Normal	Normal
GGTGGATGTTTACTGAACTTTAGG.1_2|P4_Normal	Normal
GGTGGATGTTTCCACCAACGGGAA.1_3|P4_Normal	Normal
GGTGTCGCAAACGGGAAACGGGAA.1_3|P4_Normal	Normal
GGTGTCGCACTAGTAGACTTTAGG.1_1|P4_Normal	Normal_holdout
GGTGTCGCATATAGGTACTTTAGG.1_2|P4_Normal	Normal
GGTGTGATCACCACACACTTTAGG.1_2|P4_Normal	Normal
GGTGTGATCAGCGGGTAACGGGAA.1_3|P4_Normal	Normal
GGTGTGATCGCGGAACACTTTAGG.1_2|P4_Normal	Normal_holdout
GGTGTTACAGCCTGAGACTTTAGG.1_1|P4_Normal	Normal
GGTGTTACATAGGGTCAACGGGAA.1_3|P4_Normal	Normal
GGTGTTACATTGCCGCACTTTAGG.1_2|P4_Normal	Normal
GGTGTTTGTCATCCCTACTTTAGG.1_1|P4_Normal	Normal
GGTGTTTGTGGTTACTAACGGGAA.1_3|P4_Normal	Normal
GGTTAAATCATCAAGAACTTTAGG.1_1|P4_Normal	Normal
GGTTAAATCCCTCGCTACTTTAGG.1_1|P4_Normal	Normal
GGTTAAATCGTCCCGAACTTTAGG.1_1|P4_Normal	Normal
GGTTAAATCTTCGCCCACTTTAGG.1_2|P4_Normal	Normal
GGTTAATCACCTAAGAAACGGGAA.1_3|P4_Normal	Normal_holdout
GGTTAATCAGGTGACTAACGGGAA.1_3|P4_Normal	Normal_holdout
GGTTACCTCGGTACGAACTTTAGG.1_2|P4_Normal	Normal
GGTTAGTAGACGCATGACTTTAGG.1_2|P4_Normal	Normal
GGTTAGTAGCAGGTTGACTTTAGG.1_2|P4_Normal	Normal
GGTTAGTAGTAGCGCAACTTTAGG.1_1|P4_Normal	Normal
GGTTAGTAGTCAATGAACTTTAGG.1_1|P4_Normal	Normal
GGTTCACTCAAGGGCCAACGGGAA.1_3|P4_Normal	Normal
GGTTCACTCACAGATAACTTTAGG.1_1|P4_Normal	Normal
GGTTCACTCACTTCGAAACGGGAA.1_3|P4_Normal	Normal
GGTTCACTCAGGAGCCAACGGGAA.1_3|P4_Normal	Normal
GGTTCACTCATGACCCACTTTAGG.1_1|P4_Normal	Normal
GGTTCACTCATGAGGTACTTTAGG.1_2|P4_Normal	Normal
GGTTCACTCATTACCGACTTTAGG.1_1|P4_Normal	Normal
GGTTCACTCCCGTTCCAACGGGAA.1_3|P4_Normal	Normal
GGTTCACTCCTAAGTTACTTTAGG.1_2|P4_Normal	Normal
GGTTCACTCGAACCGAAACGGGAA.1_3|P4_Normal	Normal
GGTTCACTCTCGCCTCAACGGGAA.1_3|P4_Normal	Normal_holdout
GGTTGACCAACAGCACAACGGGAA.1_3|P4_Normal	Normal
GGTTGACCACAATGGCAACGGGAA.1_3|P4_Normal	Normal
GGTTGACCAGCTACCCACTTTAGG.1_1|P4_Normal	Normal
GGTTGAGTCACGTTATAACGGGAA.1_3|P4_Normal	Normal
GGTTGAGTCATCCCAAAACGGGAA.1_3|P4_Normal	Normal
GGTTGAGTCTGTCAGCAACGGGAA.1_3|P4_Normal	Normal
GGTTTAAAGCAAAGCTACTTTAGG.1_1|P4_Normal	Normal
GGTTTAAAGCGAATACAACGGGAA.1_3|P4_Normal	Normal
GGTTTAAAGGAACTTAACTTTAGG.1_1|P4_Normal	Normal
GGTTTAAAGGTCGAGCACTTTAGG.1_2|P4_Normal	Normal
GGTTTACGTAAACTGGAACGGGAA.1_3|P4_Normal	Normal
GGTTTACGTAAACTGGACTTTAGG.1_2|P4_Normal	Normal
GGTTTACGTCAATTCAAACGGGAA.1_3|P4_Normal	Normal
GGTTTACGTGCTGAAAACTTTAGG.1_2|P4_Normal	Normal_holdout
GGTTTACGTGTTTGGTACTTTAGG.1_2|P4_Normal	Normal
GGTTTACGTTAGACTCACTTTAGG.1_1|P4_Normal	Normal
GGTTTACGTTCTTACTACTTTAGG.1_2|P4_Normal	Normal
GGTTTACGTTGAGCTTAACGGGAA.1_3|P4_Normal	Normal_holdout
GGTTTAGCAATTAGGTACTTTAGG.1_1|P4_Normal	Normal
GGTTTAGCACAATGGCACTTTAGG.1_1|P4_Normal	Normal
GGTTTAGCACGTAATGACTTTAGG.1_2|P4_Normal	Normal
GGTTTAGCAGGCAACTAACGGGAA.1_3|P4_Normal	Normal
GGTTTAGCATAGACGCACTTTAGG.1_1|P4_Normal	Normal
GGTTTATTCATGCCTAAACGGGAA.1_3|P4_Normal	Normal
GGTTTATTCCGGATAGACTTTAGG.1_1|P4_Normal	Normal
GGTTTATTCGTAACTTACTTTAGG.1_2|P4_Normal	Normal
GGTTTCCAGACAACACACTTTAGG.1_2|P4_Normal	Normal
GGTTTCCAGGGTTGGCACTTTAGG.1_2|P4_Normal	Normal
GGTTTCCAGGTCAAACACTTTAGG.1_2|P4_Normal	Normal
GGTTTCTCAATACTGGACTTTAGG.1_1|P4_Normal	Normal
GGTTTCTCATTTCTTCACTTTAGG.1_1|P4_Normal	Normal_holdout
GGTTTGACAACCTGTTAACGGGAA.1_3|P4_Normal	Normal
GGTTTGACAATACCCTACTTTAGG.1_1|P4_Normal	Normal
GGTTTGACAGGATTATACTTTAGG.1_2|P4_Normal	Normal
GGTTTGACAGTGAGAGACTTTAGG.1_2|P4_Normal	Normal
GGTTTGACATTGGGTAACTTTAGG.1_2|P4_Normal	Normal
GTAAACCAGACGCATGACTTTAGG.1_2|P4_Normal	Normal
GTAAACCAGAGCAATCACTTTAGG.1_2|P4_Normal	Normal_holdout
GTAAACCAGGCAAGTTACTTTAGG.1_2|P4_Normal	Normal
GTAAACCAGGCACTAGAACGGGAA.1_3|P4_Normal	Normal_holdout
GTAAACCAGGGAGGATACTTTAGG.1_2|P4_Normal	Normal
GTAAACCAGTAATGGCAACGGGAA.1_3|P4_Normal	Normal
GTAAACGGTCAGGATAACTTTAGG.1_2|P4_Normal	Normal
GTAAAGCTCACTTGATACTTTAGG.1_2|P4_Normal	Normal
GTAAAGCTCCATAGAAACTTTAGG.1_1|P4_Normal	Normal
GTAAAGCTCTAGCCTAAACGGGAA.1_3|P4_Normal	Normal
GTAAAGGAGCGAGTTGACTTTAGG.1_1|P4_Normal	Normal
GTAAAGGAGCTACGTCACTTTAGG.1_1|P4_Normal	Normal
GTAACCTGTACTTCAAAACGGGAA.1_3|P4_Normal	Normal_holdout
GTAACCTGTCTGTCAGAACGGGAA.1_3|P4_Normal	Normal
GTAACCTGTGACCTATACTTTAGG.1_2|P4_Normal	Normal
GTAACGGTCAGGTAACAACGGGAA.1_3|P4_Normal	Normal
GTAACGGTCGACTTGCACTTTAGG.1_1|P4_Normal	Normal_holdout
GTAACTAAGGTAGACTACTTTAGG.1_2|P4_Normal	Normal
GTAACTAAGTTGCGGAACTTTAGG.1_1|P4_Normal	Normal
GTAAGAACAACCGTGGACTTTAGG.1_1|P4_Normal	Normal
GTAAGAACACAGCAACACTTTAGG.1_2|P4_Normal	Normal
GTAAGAACACCTAACTACTTTAGG.1_1|P4_Normal	Normal_holdout
GTAAGGTTCACATTACAACGGGAA.1_3|P4_Normal	Normal
GTAAGGTTCACTCGCGACTTTAGG.1_1|P4_Normal	Normal
GTAAGGTTCAGCGATGACTTTAGG.1_1|P4_Normal	Normal
GTAAGGTTCCCTCATTAACGGGAA.1_3|P4_Normal	Normal
GTAAGGTTCGCTATATAACGGGAA.1_3|P4_Normal	Normal
GTAAGGTTCGCTATATACTTTAGG.1_2|P4_Normal	Normal_holdout
GTAAGGTTCGGGCAACAACGGGAA.1_3|P4_Normal	Normal_holdout
GTAAGGTTCTAGCGGAACTTTAGG.1_2|P4_Normal	Normal
GTAATCCGTACGTAAGACTTTAGG.1_2|P4_Normal	Normal
GTAATCCGTAGCCCGTACTTTAGG.1_2|P4_Normal	Normal
GTAATCCGTAGCTATCACTTTAGG.1_1|P4_Normal	Normal
GTAATCCGTATGTTGCACTTTAGG.1_2|P4_Normal	Normal_holdout
GTAATCCGTCAGGGCAAACGGGAA.1_3|P4_Normal	Normal
GTAATCCGTGGGTGTGACTTTAGG.1_1|P4_Normal	Normal
GTAATCCGTTGTTTGAACTTTAGG.1_1|P4_Normal	Normal
GTAATCCGTTTCAGGTACTTTAGG.1_2|P4_Normal	Normal_holdout
GTACCTATCATGACCCACTTTAGG.1_2|P4_Normal	Normal
GTACCTATCGGTCAAGAACGGGAA.1_3|P4_Normal	Normal
GTACCTATCTCACCTTACTTTAGG.1_2|P4_Normal	Normal_holdout
GTACGCAAGACTCCTAACTTTAGG.1_2|P4_Normal	Normal
GTACGCAAGATTCATCAACGGGAA.1_3|P4_Normal	Normal
GTACGCAAGGTTGTGGACTTTAGG.1_1|P4_Normal	Normal
GTACGCAAGTTGCGCTAACGGGAA.1_3|P4_Normal	Normal
GTACTGACAAACGGGAACTTTAGG.1_1|P4_Normal	Normal
GTACTGACAATCTCTAACTTTAGG.1_2|P4_Normal	Normal_holdout
GTACTGACACTGACTTACTTTAGG.1_2|P4_Normal	Normal
GTACTGACAGGCTAACAACGGGAA.1_3|P4_Normal	Normal_holdout
GTACTGACATCAATCCACTTTAGG.1_1|P4_Normal	Normal
GTACTGACATCTATGCAACGGGAA.1_3|P4_Normal	Normal_holdout
GTACTGACATCTATGCACTTTAGG.1_2|P4_Normal	Normal
GTACTTAGTGGTTCGCACTTTAGG.1_1|P4_Normal	Normal
GTACTTAGTTAGGTAGACTTTAGG.1_1|P4_Normal	Normal
GTACTTAGTTCGAATCACTTTAGG.1_2|P4_Normal	Normal
GTAGCCCGTAAGGCTAAACGGGAA.1_3|P4_Normal	Normal
GTAGCCCGTCCATCAGACTTTAGG.1_1|P4_Normal	Normal_holdout
GTAGCCCGTGCAATAGAACGGGAA.1_3|P4_Normal	Normal
GTAGCCCGTTAGCTCGACTTTAGG.1_2|P4_Normal	Normal
GTAGCCCGTTCCGTGAACTTTAGG.1_1|P4_Normal	Normal
GTAGGCGGTAATTGCCAACGGGAA.1_3|P4_Normal	Normal
GTAGGCGGTATCCGCAACTTTAGG.1_1|P4_Normal	Normal
GTAGGCGGTGGGAACTAACGGGAA.1_3|P4_Normal	Normal
GTAGGCGGTTGAGTCTACTTTAGG.1_2|P4_Normal	Normal
GTAGTAGGTATCCGCAAACGGGAA.1_3|P4_Normal	Normal_holdout
GTAGTAGGTATCCGCAACTTTAGG.1_2|P4_Normal	Normal
GTAGTAGGTATGTTTGACTTTAGG.1_2|P4_Normal	Normal
GTAGTAGGTGTGATGAAACGGGAA.1_3|P4_Normal	Normal
GTAGTAGGTTAACGGAAACGGGAA.1_3|P4_Normal	Normal
GTAGTCCTCCCATAATACTTTAGG.1_2|P4_Normal	Normal
GTAGTCCTCCTGCAACACTTTAGG.1_2|P4_Normal	Normal
GTAGTCCTCCTTTCGTACTTTAGG.1_1|P4_Normal	Normal
GTAGTCCTCGTTCAATACTTTAGG.1_2|P4_Normal	Normal
GTATACTTCCAGATAAAACGGGAA.1_3|P4_Normal	Normal_holdout
GTATACTTCGCTTGACAACGGGAA.1_3|P4_Normal	Normal
GTATACTTCGGGCAGTAACGGGAA.1_3|P4_Normal	Normal
GTATGGGTCAAACCGGAACGGGAA.1_3|P4_Normal	Normal
GTATGGGTCACTGTCAAACGGGAA.1_3|P4_Normal	Normal
GTATGGGTCAGTTTACAACGGGAA.1_3|P4_Normal	Normal
GTATGGGTCGATTGAAACTTTAGG.1_2|P4_Normal	Normal
GTATGTAAGCGCAAGCAACGGGAA.1_3|P4_Normal	Normal
GTATTACTCCTGAGGAAACGGGAA.1_3|P4_Normal	Normal
GTATTCGTCAACTGTTAACGGGAA.1_3|P4_Normal	Normal
GTATTCGTCAATTTGCACTTTAGG.1_2|P4_Normal	Normal
GTATTCGTCAGGTAACACTTTAGG.1_1|P4_Normal	Normal
GTCAAAGGTAATCCTAACTTTAGG.1_2|P4_Normal	Normal
GTCAAAGGTAGGAGGAACTTTAGG.1_2|P4_Normal	Normal
GTCAAAGGTGAACGGTAACGGGAA.1_3|P4_Normal	Normal
GTCAAAGGTGAACGGTACTTTAGG.1_2|P4_Normal	Normal_holdout
GTCAACTGTCACCAGCACTTTAGG.1_2|P4_Normal	Normal
GTCAACTGTTAGTGCTACTTTAGG.1_2|P4_Normal	Normal
GTCAAGCCAAACACGCACTTTAGG.1_2|P4_Normal	Normal_holdout
GTCAAGCCAAGGGTCTAACGGGAA.1_3|P4_Normal	Normal
GTCAAGCCACGTTACTACTTTAGG.1_2|P4_Normal	Normal
GTCAAGCCAGGACTACACTTTAGG.1_1|P4_Normal	Normal
GTCAAGCCAGGTCAACACTTTAGG.1_2|P4_Normal	Normal
GTCAAGCCATGAGGGAAACGGGAA.1_3|P4_Normal	Normal
GTCAAGCCATGCTCCAACTTTAGG.1_1|P4_Normal	Normal
GTCACAACAAAGACCCAACGGGAA.1_3|P4_Normal	Normal
GTCACAACAAATACCGAACGGGAA.1_3|P4_Normal	Normal_holdout
GTCACAACAGCCATTTAACGGGAA.1_3|P4_Normal	Normal
GTCACAACAGCGATCGAACGGGAA.1_3|P4_Normal	Normal
GTCACAACAGCTAGCGACTTTAGG.1_1|P4_Normal	Normal
GTCACAACAGGGCTATACTTTAGG.1_1|P4_Normal	Normal_holdout
GTCACAACATCGAACAACTTTAGG.1_2|P4_Normal	Normal_holdout
GTCACACTCATGCGTCAACGGGAA.1_3|P4_Normal	Normal
GTCACACTCCAGATAAAACGGGAA.1_3|P4_Normal	Normal
GTCACACTCGCGAGTAACTTTAGG.1_1|P4_Normal	Normal
GTCACTCAGCCTGCCAACTTTAGG.1_2|P4_Normal	Normal
GTCACTCAGCGAAGAAACTTTAGG.1_2|P4_Normal	Normal
GTCAGTGAGAAGCAAGACTTTAGG.1_2|P4_Normal	Normal
GTCAGTGAGAGGTTCGACTTTAGG.1_2|P4_Normal	Normal
GTCAGTGAGCCAAACGAACGGGAA.1_3|P4_Normal	Normal
GTCAGTGAGGATCCCTAACGGGAA.1_3|P4_Normal	Normal
GTCAGTGAGGTTGTGGAACGGGAA.1_3|P4_Normal	Normal
GTCATAAAGCCTTAATAACGGGAA.1_3|P4_Normal	Normal
GTCATAAAGCTACGTCAACGGGAA.1_3|P4_Normal	Normal
GTCATCCAGGAAACCTACTTTAGG.1_2|P4_Normal	Normal
GTCATCCAGGTGTCCTAACGGGAA.1_3|P4_Normal	Normal
GTCATTAGTAGGAGGAACTTTAGG.1_1|P4_Normal	Normal
GTCATTAGTCCGGGTTACTTTAGG.1_2|P4_Normal	Normal
GTCATTAGTCCTGACAACTTTAGG.1_1|P4_Normal	Normal
GTCATTAGTCTATCTTACTTTAGG.1_1|P4_Normal	Normal
GTCCAAACAACCCTATAACGGGAA.1_3|P4_Normal	Normal_holdout
GTCCAAACAGCTCATTACTTTAGG.1_1|P4_Normal	Normal
GTCCAAACAGGACTACACTTTAGG.1_2|P4_Normal	Normal_holdout
GTCCAAACATAGCGCGACTTTAGG.1_1|P4_Normal	Normal
GTCCCTCTCCAAAGGTAACGGGAA.1_3|P4_Normal	Normal
GTCCCTCTCGACCCATAACGGGAA.1_3|P4_Normal	Normal
GTCCCTCTCGACCGTTACTTTAGG.1_1|P4_Normal	Normal_holdout
GTCCCTCTCGCCTAGTACTTTAGG.1_1|P4_Normal	Normal_holdout
GTCCCTCTCGGTAACGAACGGGAA.1_3|P4_Normal	Normal
GTCCGTTAGAGCAAGAACTTTAGG.1_1|P4_Normal	Normal
GTCCGTTAGTTAGTTCACTTTAGG.1_1|P4_Normal	Normal
GTCCTCACAAGGTGCTAACGGGAA.1_3|P4_Normal	Normal
GTCCTCACACATAGATAACGGGAA.1_3|P4_Normal	Normal
GTCCTCACAGCACGTGAACGGGAA.1_3|P4_Normal	Normal
GTCCTCACATACTGAGACTTTAGG.1_2|P4_Normal	Normal
GTCCTGAGTGCGCAAGACTTTAGG.1_2|P4_Normal	Normal
GTCCTGAGTTAAGCCTAACGGGAA.1_3|P4_Normal	Normal
GTCCTGAGTTTATGGCACTTTAGG.1_1|P4_Normal	Normal
GTCCTTAAGATAGCTAACTTTAGG.1_1|P4_Normal	Normal
GTCCTTAAGCTCAACCACTTTAGG.1_1|P4_Normal	Normal
GTCCTTAAGCTTGAAAACTTTAGG.1_2|P4_Normal	Normal
GTCCTTAAGGGTCTAGAACGGGAA.1_3|P4_Normal	Normal
GTCGATTGTAGTCATCACTTTAGG.1_2|P4_Normal	Normal
GTCGATTGTTTACCGGACTTTAGG.1_2|P4_Normal	Normal
GTCGGTTTCCTAAAGAACTTTAGG.1_1|P4_Normal	Normal
GTCGGTTTCGAAATGCACTTTAGG.1_2|P4_Normal	Normal
GTCGGTTTCGAGGCACACTTTAGG.1_1|P4_Normal	Normal
GTCGGTTTCTGTGACCACTTTAGG.1_2|P4_Normal	Normal_holdout
GTCGTTATCCATTAACAACGGGAA.1_3|P4_Normal	Normal_holdout
GTCGTTATCCTTTCGTAACGGGAA.1_3|P4_Normal	Normal_holdout
GTCGTTATCTAACTACAACGGGAA.1_3|P4_Normal	Normal_holdout
GTCGTTATCTGCAACCAACGGGAA.1_3|P4_Normal	Normal_holdout
GTCGTTATCTTCAAGTAACGGGAA.1_3|P4_Normal	Normal
GTCTTGCAGGCACTAGACTTTAGG.1_2|P4_Normal	Normal
GTGAAACTCCGCTATAAACGGGAA.1_3|P4_Normal	Normal
GTGAGTTAGCATCCCGACTTTAGG.1_1|P4_Normal	Normal
GTGAGTTAGCGCCTTGAACGGGAA.1_3|P4_Normal	Normal_holdout
GTGAGTTAGCTGATGGACTTTAGG.1_2|P4_Normal	Normal_holdout
GTGAGTTAGGATGCATAACGGGAA.1_3|P4_Normal	Normal_holdout
GTGAGTTAGGTCAAACAACGGGAA.1_3|P4_Normal	Normal
GTGAGTTAGTGTTTGTAACGGGAA.1_3|P4_Normal	Normal
GTGCAAGTCAAACCGGACTTTAGG.1_2|P4_Normal	Normal
GTGCAAGTCCTTTAGGAACGGGAA.1_3|P4_Normal	Normal
GTGCCTTAGACTAATGACTTTAGG.1_2|P4_Normal	Normal
GTGCCTTAGACTATTCAACGGGAA.1_3|P4_Normal	Normal
GTGCCTTAGCAGGCTAAACGGGAA.1_3|P4_Normal	Normal
GTGCCTTAGCTCCCTCACTTTAGG.1_2|P4_Normal	Normal
GTGCCTTAGGCAGGCTAACGGGAA.1_3|P4_Normal	Normal
GTGCCTTAGGCTGGTAAACGGGAA.1_3|P4_Normal	Normal_holdout
GTGCCTTAGTCAACAAAACGGGAA.1_3|P4_Normal	Normal
GTGCGGTAGATTGCAAACTTTAGG.1_1|P4_Normal	Normal
GTGCGGTAGGGCCTTTACTTTAGG.1_1|P4_Normal	Normal
GTGCGGTAGGTGGATTACTTTAGG.1_2|P4_Normal	Normal
GTGCTCAGTAAATAGCACTTTAGG.1_1|P4_Normal	Normal
GTGCTCAGTAAGGTTGACTTTAGG.1_2|P4_Normal	Normal
GTGCTCAGTCATGAAGACTTTAGG.1_1|P4_Normal	Normal
GTGCTCAGTGTCCAGCACTTTAGG.1_2|P4_Normal	Normal
GTGCTCAGTTGGTTTAACTTTAGG.1_1|P4_Normal	Normal_holdout
GTGCTCAGTTTGCTCCAACGGGAA.1_3|P4_Normal	Normal
GTGCTTATCAAAGGGAAACGGGAA.1_3|P4_Normal	Normal
GTGCTTATCAAGGGTTAACGGGAA.1_3|P4_Normal	Normal
GTGCTTATCCATCCAAAACGGGAA.1_3|P4_Normal	Normal_holdout
GTGCTTATCCCACATAACTTTAGG.1_2|P4_Normal	Normal
GTGCTTATCTACTACGACTTTAGG.1_1|P4_Normal	Normal
GTGCTTATCTCACTAGAACGGGAA.1_3|P4_Normal	Normal
GTGGAAGCACACTGGGACTTTAGG.1_2|P4_Normal	Normal
GTGGAAGCATGGCTTTACTTTAGG.1_2|P4_Normal	Normal
GTGGACATCCCTCAAAAACGGGAA.1_3|P4_Normal	Normal
GTGGACATCCGCTATAAACGGGAA.1_3|P4_Normal	Normal
GTGGACATCTGTGACCAACGGGAA.1_3|P4_Normal	Normal
GTGGACCAGAACCTCCACTTTAGG.1_2|P4_Normal	Normal
GTGGACCAGGAAACTCAACGGGAA.1_3|P4_Normal	Normal
GTGGACCAGGTTGCAGACTTTAGG.1_2|P4_Normal	Normal
GTGGACCAGTCTTGCAAACGGGAA.1_3|P4_Normal	Normal
GTGGACCAGTGATTTCAACGGGAA.1_3|P4_Normal	Normal
GTGGATTAGCCATTTGACTTTAGG.1_1|P4_Normal	Normal_holdout
GTGGATTAGCTTGATTAACGGGAA.1_3|P4_Normal	Normal
GTGGATTAGGCTACTCACTTTAGG.1_2|P4_Normal	Normal
GTGGATTAGTTTACCGAACGGGAA.1_3|P4_Normal	Normal
GTGGCGAGTGACATGAACTTTAGG.1_1|P4_Normal	Normal
GTGGCGAGTGTCCAATAACGGGAA.1_3|P4_Normal	Normal
GTGGCGAGTTAGTGAGACTTTAGG.1_1|P4_Normal	Normal
GTGGCGTAGGATGCATAACGGGAA.1_3|P4_Normal	Normal
GTGGCTAAGAGGCGTCAACGGGAA.1_3|P4_Normal	Normal_holdout
GTGGCTAAGCGAGCTAAACGGGAA.1_3|P4_Normal	Normal_holdout
GTGGCTAAGCTTACATACTTTAGG.1_1|P4_Normal	Normal
GTGGGAACAAAGAACAACTTTAGG.1_2|P4_Normal	Normal
GTGGGAACACCTAACTACTTTAGG.1_2|P4_Normal	Normal
GTGGGAACAGCTAAGCACTTTAGG.1_2|P4_Normal	Normal
GTGGGAACATTGAACGACTTTAGG.1_1|P4_Normal	Normal_holdout
GTGGTTACAAACAATCACTTTAGG.1_1|P4_Normal	Normal
GTGGTTCTCAGGTTGGAACGGGAA.1_3|P4_Normal	Normal_holdout
GTGGTTCTCCATCCAAAACGGGAA.1_3|P4_Normal	Normal
GTGGTTCTCGGTAATAACTTTAGG.1_2|P4_Normal	Normal
GTGGTTCTCGTGATTTAACGGGAA.1_3|P4_Normal	Normal
GTGGTTCTCGTGATTTACTTTAGG.1_2|P4_Normal	Normal
GTGTGAGTCAACCAAAACTTTAGG.1_2|P4_Normal	Normal
GTGTGCGCAAAGAACAACTTTAGG.1_1|P4_Normal	Normal
GTGTGCGCAGCCATTTACTTTAGG.1_2|P4_Normal	Normal
GTGTGCGCAGTGAGAGACTTTAGG.1_2|P4_Normal	Normal
GTGTTAAAGGCTCCATACTTTAGG.1_2|P4_Normal	Normal
GTGTTAAAGGTGAGGGAACGGGAA.1_3|P4_Normal	Normal
GTGTTAAAGTCAAACAACTTTAGG.1_1|P4_Normal	Normal
GTGTTAAAGTCACACCACTTTAGG.1_2|P4_Normal	Normal
GTTAACCGTATGTGAGACTTTAGG.1_2|P4_Normal	Normal
GTTAACCGTTAACGGAACTTTAGG.1_2|P4_Normal	Normal
GTTAACTTCACGAACGACTTTAGG.1_2|P4_Normal	Normal
GTTAACTTCCATAAAGAACGGGAA.1_3|P4_Normal	Normal
GTTAACTTCCATCCTTACTTTAGG.1_1|P4_Normal	Normal_holdout
GTTAAGGGTAAAGCGCACTTTAGG.1_1|P4_Normal	Normal_holdout
GTTAAGGGTAATGGATACTTTAGG.1_2|P4_Normal	Normal
GTTAAGGGTCAAAGATACTTTAGG.1_1|P4_Normal	Normal
GTTAAGGGTGGTTACTACTTTAGG.1_2|P4_Normal	Normal
GTTAAGGGTTAACGTCAACGGGAA.1_3|P4_Normal	Normal
GTTAAGGGTTGTCATAACTTTAGG.1_2|P4_Normal	Normal
GTTAATGAGACCTTGCACTTTAGG.1_1|P4_Normal	Normal
GTTAATGAGGATCCCTACTTTAGG.1_1|P4_Normal	Normal
GTTACCGGTACGATTCACTTTAGG.1_1|P4_Normal	Normal
GTTACCGGTATTGTCAACTTTAGG.1_1|P4_Normal	Normal
GTTACCGGTCGTAAAGAACGGGAA.1_3|P4_Normal	Normal
GTTAGAATCGCCTCTCACTTTAGG.1_2|P4_Normal	Normal_holdout
GTTAGAATCGCCTGCAACTTTAGG.1_2|P4_Normal	Normal_holdout
GTTAGAATCTAGCCTAACTTTAGG.1_2|P4_Normal	Normal_holdout
GTTAGCGAGCATCTATACTTTAGG.1_2|P4_Normal	Normal
GTTAGCGAGGAAGCCCACTTTAGG.1_1|P4_Normal	Normal
GTTAGCGAGGATGAAGAACGGGAA.1_3|P4_Normal	Normal
GTTAGCGAGGGTTGCAAACGGGAA.1_3|P4_Normal	Normal
GTTAGCGAGTGATTAGAACGGGAA.1_3|P4_Normal	Normal
GTTAGCGAGTTACCTGACTTTAGG.1_2|P4_Normal	Normal
GTTAGGCCATTACTCAACTTTAGG.1_2|P4_Normal	Normal
GTTAGTCGTATGTTTGACTTTAGG.1_2|P4_Normal	Normal
GTTAGTCGTATTGACCACTTTAGG.1_1|P4_Normal	Normal
GTTAGTCGTGACATTCAACGGGAA.1_3|P4_Normal	Normal
GTTATCTAGGAAGCAAAACGGGAA.1_3|P4_Normal	Normal
GTTATCTAGTGAATCAACTTTAGG.1_2|P4_Normal	Normal
GTTATTGGTAGCTTGTACTTTAGG.1_2|P4_Normal	Normal
GTTATTGGTGCAGCTCACTTTAGG.1_2|P4_Normal	Normal
GTTATTGGTGTAATGGAACGGGAA.1_3|P4_Normal	Normal
GTTCACCAGCTCGACTACTTTAGG.1_2|P4_Normal	Normal
GTTCACCAGGATGCATAACGGGAA.1_3|P4_Normal	Normal
GTTCATCCACCTTTGGACTTTAGG.1_2|P4_Normal	Normal
GTTCATCCAGGTTTCTACTTTAGG.1_1|P4_Normal	Normal
GTTCATTAGATTATCCACTTTAGG.1_1|P4_Normal	Normal
GTTCATTAGGTAATGCACTTTAGG.1_1|P4_Normal	Normal_holdout
GTTCATTAGTGAGGAAACTTTAGG.1_2|P4_Normal	Normal
GTTCATTAGTTATTGCACTTTAGG.1_1|P4_Normal	Normal
GTTCCAGGTCAATACCAACGGGAA.1_3|P4_Normal	Normal
GTTCCAGGTGGTGAGTAACGGGAA.1_3|P4_Normal	Normal
GTTCCAGGTTATGTGCACTTTAGG.1_1|P4_Normal	Normal
GTTCCATCAACAGAGGACTTTAGG.1_2|P4_Normal	Normal_holdout
GTTCCATCATCAGGTAACTTTAGG.1_2|P4_Normal	Normal
GTTCGATGTTAGTGAGAACGGGAA.1_3|P4_Normal	Normal
GTTCGATGTTGGATAGACTTTAGG.1_2|P4_Normal	Normal
GTTCGCGTCACAAACAAACGGGAA.1_3|P4_Normal	Normal_holdout
GTTCGCGTCATCCCAAAACGGGAA.1_3|P4_Normal	Normal
GTTCGCGTCATTGCATACTTTAGG.1_1|P4_Normal	Normal_holdout
GTTCGCGTCCAGCTTAACTTTAGG.1_2|P4_Normal	Normal
GTTCGCGTCGAACGTGACTTTAGG.1_2|P4_Normal	Normal
GTTCGCGTCTAATCACACTTTAGG.1_1|P4_Normal	Normal_holdout
GTTCGGGCAAAGAACAACTTTAGG.1_2|P4_Normal	Normal
GTTCGGGCACAACAATAACGGGAA.1_3|P4_Normal	Normal
GTTCGGGCACACTGGGACTTTAGG.1_1|P4_Normal	Normal
GTTCGTTCAAGGAATAACTTTAGG.1_1|P4_Normal	Normal
GTTCGTTCACAATCGAACTTTAGG.1_1|P4_Normal	Normal
GTTCGTTCAGATAGCCACTTTAGG.1_2|P4_Normal	Normal
GTTCGTTCAGGTCAACAACGGGAA.1_3|P4_Normal	Normal
GTTCGTTCAGTTAAACACTTTAGG.1_2|P4_Normal	Normal
GTTCGTTCATCACGAAACTTTAGG.1_2|P4_Normal	Normal
GTTCGTTCATTGAAGTACTTTAGG.1_2|P4_Normal	Normal
GTTCTGTCAACCGGATACTTTAGG.1_2|P4_Normal	Normal
GTTCTGTCAATAGAGAACTTTAGG.1_2|P4_Normal	Normal
GTTCTGTCAGGTGACTACTTTAGG.1_2|P4_Normal	Normal
GTTCTGTCATCGATAGAACGGGAA.1_3|P4_Normal	Normal
GTTGAATCAAACTTCCACTTTAGG.1_1|P4_Normal	Normal
GTTGAATCAACTATCCAACGGGAA.1_3|P4_Normal	Normal
GTTGAATCACTCAGTTACTTTAGG.1_1|P4_Normal	Normal
GTTGAATCATGAGCTAACTTTAGG.1_1|P4_Normal	Normal
GTTGAGCCAAACAAGAACTTTAGG.1_2|P4_Normal	Normal
GTTGAGCCAAACCTGAAACGGGAA.1_3|P4_Normal	Normal
GTTGAGCCAAACTTGGACTTTAGG.1_2|P4_Normal	Normal_holdout
GTTGAGCCACCATACTACTTTAGG.1_2|P4_Normal	Normal
GTTGAGCCAGCTCGCTACTTTAGG.1_1|P4_Normal	Normal
GTTGAGCCATCCGCTAAACGGGAA.1_3|P4_Normal	Normal_holdout
GTTGAGGTCAGTCTATAACGGGAA.1_3|P4_Normal	Normal
GTTGAGGTCCATTAGTACTTTAGG.1_1|P4_Normal	Normal
GTTGAGGTCGAAACTAACTTTAGG.1_2|P4_Normal	Normal_holdout
GTTGAGGTCGATTACTAACGGGAA.1_3|P4_Normal	Normal
GTTGAGGTCGCCTCGAACTTTAGG.1_1|P4_Normal	Normal
GTTGAGGTCGCTTCGGACTTTAGG.1_1|P4_Normal	Normal
GTTGAGGTCTAATCGTAACGGGAA.1_3|P4_Normal	Normal
GTTGCATGTATCCGCAACTTTAGG.1_1|P4_Normal	Normal
GTTGCATGTTAACGAGACTTTAGG.1_1|P4_Normal	Normal
GTTGCGCGTAATGGATACTTTAGG.1_2|P4_Normal	Normal
GTTGCGCGTGAACGGTAACGGGAA.1_3|P4_Normal	Normal
GTTGCGCGTGGTTATCACTTTAGG.1_2|P4_Normal	Normal
GTTGGATAGAGCAATCACTTTAGG.1_2|P4_Normal	Normal
GTTGGATAGCGGGACTAACGGGAA.1_3|P4_Normal	Normal
GTTGGATAGGACAACTACTTTAGG.1_2|P4_Normal	Normal
GTTGGGTCATTTCGACACTTTAGG.1_2|P4_Normal	Normal
GTTGTAAAGCCATAAAACTTTAGG.1_1|P4_Normal	Normal
GTTGTAAAGCTGATTTACTTTAGG.1_2|P4_Normal	Normal
GTTGTCCAGAACCTAAACTTTAGG.1_2|P4_Normal	Normal
GTTGTGACAACCTCGCACTTTAGG.1_2|P4_Normal	Normal_holdout
GTTGTGACAATGTGGCACTTTAGG.1_2|P4_Normal	Normal
GTTGTGACATTCAGGAACTTTAGG.1_2|P4_Normal	Normal
GTTGTTCCAACTAAACACTTTAGG.1_1|P4_Normal	Normal
GTTGTTCCAATACCCTACTTTAGG.1_1|P4_Normal	Normal
GTTGTTCCACAAATACACTTTAGG.1_2|P4_Normal	Normal
GTTGTTCCACTCAGTTAACGGGAA.1_3|P4_Normal	Normal_holdout
GTTGTTCCAGATTCGAACTTTAGG.1_1|P4_Normal	Normal
GTTGTTCCAGCTACCCACTTTAGG.1_2|P4_Normal	Normal
GTTGTTCCAGTGAGAGAACGGGAA.1_3|P4_Normal	Normal
GTTGTTCCATCCGCTAAACGGGAA.1_3|P4_Normal	Normal
GTTGTTCCATCCTTGGACTTTAGG.1_1|P4_Normal	Normal
GTTGTTGTCATGCGTCACTTTAGG.1_2|P4_Normal	Normal
GTTGTTGTCCTCTAAGAACGGGAA.1_3|P4_Normal	Normal
GTTTACGTCAACTGGGACTTTAGG.1_1|P4_Normal	Normal
GTTTACGTCAAGATGCACTTTAGG.1_2|P4_Normal	Normal
GTTTACGTCGCGGATAACTTTAGG.1_1|P4_Normal	Normal
GTTTACGTCGCTATATACTTTAGG.1_1|P4_Normal	Normal
GTTTACGTCTAGTTACACTTTAGG.1_2|P4_Normal	Normal
GTTTACGTCTGCAACCACTTTAGG.1_1|P4_Normal	Normal
GTTTACGTCTGGAAACACTTTAGG.1_2|P4_Normal	Normal
GTTTAGCGTCAAACTCACTTTAGG.1_2|P4_Normal	Normal_holdout
GTTTAGCGTCAGGGCAAACGGGAA.1_3|P4_Normal	Normal
GTTTAGCGTGACCTTGACTTTAGG.1_2|P4_Normal	Normal_holdout
GTTTAGCGTGCTCATGAACGGGAA.1_3|P4_Normal	Normal
GTTTAGCGTTAAGCCTACTTTAGG.1_1|P4_Normal	Normal
GTTTAGTTCAGTAGCGACTTTAGG.1_2|P4_Normal	Normal
GTTTAGTTCTCTCGCCAACGGGAA.1_3|P4_Normal	Normal
GTTTATCAGACCTTTGACTTTAGG.1_1|P4_Normal	Normal
GTTTATCAGATAACGCAACGGGAA.1_3|P4_Normal	Normal
GTTTATCAGCGCAAGCAACGGGAA.1_3|P4_Normal	Normal
GTTTATCAGCGGCTTTACTTTAGG.1_1|P4_Normal	Normal
GTTTATCAGGCGCATAAACGGGAA.1_3|P4_Normal	Normal
GTTTATCAGGGATGAAAACGGGAA.1_3|P4_Normal	Normal
GTTTATCAGGGATTTAAACGGGAA.1_3|P4_Normal	Normal
GTTTATCAGGGCGGTTAACGGGAA.1_3|P4_Normal	Normal
GTTTATCAGGTTACTTAACGGGAA.1_3|P4_Normal	Normal
GTTTATCAGTCCTCAAAACGGGAA.1_3|P4_Normal	Normal
GTTTATCAGTCCTGCGACTTTAGG.1_1|P4_Normal	Normal_holdout
GTTTATCAGTGTAATGACTTTAGG.1_2|P4_Normal	Normal
GTTTCACCAAGCTATGACTTTAGG.1_2|P4_Normal	Normal
GTTTCACCAAGGCCATACTTTAGG.1_2|P4_Normal	Normal
GTTTCACCATCCGCTAAACGGGAA.1_3|P4_Normal	Normal
GTTTCACCATGGCTAAAACGGGAA.1_3|P4_Normal	Normal
GTTTCACCATTCAACCACTTTAGG.1_1|P4_Normal	Normal
GTTTGAGCACTAACAGACTTTAGG.1_1|P4_Normal	Normal
GTTTGAGCATGGATTGACTTTAGG.1_1|P4_Normal	Normal
GTTTGCATCATGCATTAACGGGAA.1_3|P4_Normal	Normal
GTTTGCATCCTAATCGACTTTAGG.1_1|P4_Normal	Normal
GTTTGCATCGATATTCACTTTAGG.1_1|P4_Normal	Normal_holdout
GTTTGCATCTAAGTAGAACGGGAA.1_3|P4_Normal	Normal
GTTTGGACAACATGATACTTTAGG.1_2|P4_Normal	Normal
GTTTGGACACGGGCTAAACGGGAA.1_3|P4_Normal	Normal
GTTTGGGAGATAACGCAACGGGAA.1_3|P4_Normal	Normal
GTTTGGGAGGAACCATAACGGGAA.1_3|P4_Normal	Normal
GTTTGGGAGGAACCATACTTTAGG.1_2|P4_Normal	Normal_holdout
GTTTGGGAGGCTAGATAACGGGAA.1_3|P4_Normal	Normal
GTTTGGTGTACCGCACAACGGGAA.1_3|P4_Normal	Normal_holdout
GTTTGGTGTGTTCCAGACTTTAGG.1_1|P4_Normal	Normal
GTTTGGTGTTTCTAAGAACGGGAA.1_3|P4_Normal	Normal_holdout
GTTTGTAGTACGCACCACTTTAGG.1_2|P4_Normal	Normal_holdout
GTTTGTAGTACTGCCAACTTTAGG.1_1|P4_Normal	Normal
GTTTGTAGTAGACTGAACTTTAGG.1_1|P4_Normal	Normal
GTTTGTAGTAGGTTTCAACGGGAA.1_3|P4_Normal	Normal
GTTTGTAGTCTGTCAGACTTTAGG.1_1|P4_Normal	Normal_holdout
GTTTGTAGTTAAGCTCACTTTAGG.1_2|P4_Normal	Normal_holdout
GTTTGTCCACATGAATACTTTAGG.1_2|P4_Normal	Normal
GTTTGTCCATGGTCAAACTTTAGG.1_1|P4_Normal	Normal
TAAACCCGTCATTTAGAACGGGAA.1_3|P4_Normal	Normal
TAAACGGGTCGAAGCGACTTTAGG.1_1|P4_Normal	Normal
TAAACTGAGCAATTGAACTTTAGG.1_2|P4_Normal	Normal
TAAACTGAGCACGCAAACTTTAGG.1_2|P4_Normal	Normal
TAAACTGAGCAGGTCAAACGGGAA.1_3|P4_Normal	Normal
TAAAGCCAGAGCCGGTACTTTAGG.1_2|P4_Normal	Normal
TAAAGGCTCACAGGGCACTTTAGG.1_2|P4_Normal	Normal
TAAAGGCTCAGTAGGTACTTTAGG.1_2|P4_Normal	Normal_holdout
TAAAGGCTCCAGCTTAAACGGGAA.1_3|P4_Normal	Normal
TAAAGGCTCGCAGCAAACTTTAGG.1_1|P4_Normal	Normal
TAAAGGCTCTAAGTAGAACGGGAA.1_3|P4_Normal	Normal
TAAAGGCTCTTAAGCTAACGGGAA.1_3|P4_Normal	Normal
TAAAGGGAGACGCATGACTTTAGG.1_2|P4_Normal	Normal
TAAAGGGAGCCGCTATAACGGGAA.1_3|P4_Normal	Normal
TAAAGGGAGGTATGGTACTTTAGG.1_1|P4_Normal	Normal
TAAAGGGAGTAACGTAACTTTAGG.1_1|P4_Normal	Normal
TAAAGGGAGTCCTGACACTTTAGG.1_2|P4_Normal	Normal
TAAATCGAGGAACCATACTTTAGG.1_2|P4_Normal	Normal
TAAATCGAGGACTTAAACTTTAGG.1_2|P4_Normal	Normal
TAACACGCACCACAAAACTTTAGG.1_2|P4_Normal	Normal
TAACACGCAGAGAGCAAACGGGAA.1_3|P4_Normal	Normal
TAACACGCATCCCTCTACTTTAGG.1_1|P4_Normal	Normal
TAACAGGGTATTCGGTACTTTAGG.1_2|P4_Normal	Normal
TAACCACGTCCTTATTACTTTAGG.1_1|P4_Normal	Normal
TAACCACGTTGGCCACACTTTAGG.1_1|P4_Normal	Normal_holdout
TAACCACGTTGTCATAAACGGGAA.1_3|P4_Normal	Normal_holdout
TAACCCTCACTTAACCACTTTAGG.1_2|P4_Normal	Normal
TAACCCTCATCCTTGGAACGGGAA.1_3|P4_Normal	Normal
TAACCCTCATTAGCGAACTTTAGG.1_1|P4_Normal	Normal
TAACCGCTCCATAGAAACTTTAGG.1_1|P4_Normal	Normal
TAACCGCTCCATTAGTACTTTAGG.1_2|P4_Normal	Normal
TAACCGCTCCTGAGGAACTTTAGG.1_2|P4_Normal	Normal
TAACCGCTCGATTCTGAACGGGAA.1_3|P4_Normal	Normal
TAACCGCTCGTAAAGCACTTTAGG.1_1|P4_Normal	Normal
TAACCGCTCTCTATGGACTTTAGG.1_2|P4_Normal	Normal
TAACCGCTCTGGAAACACTTTAGG.1_2|P4_Normal	Normal
TAACCTGTCATCGATTAACGGGAA.1_3|P4_Normal	Normal
TAACCTGTCCCTGGTGACTTTAGG.1_1|P4_Normal	Normal
TAACCTGTCCGCCATGAACGGGAA.1_3|P4_Normal	Normal
TAACCTGTCCTCCCACACTTTAGG.1_2|P4_Normal	Normal_holdout
TAACCTGTCGCCTATAACTTTAGG.1_1|P4_Normal	Normal
TAACCTTAGCGAAGAAAACGGGAA.1_3|P4_Normal	Normal
TAACCTTAGGAAACTCAACGGGAA.1_3|P4_Normal	Normal
TAACCTTAGGTTGCTCACTTTAGG.1_2|P4_Normal	Normal_holdout
TAACGAATCACTTGATACTTTAGG.1_2|P4_Normal	Normal
TAACGAATCAGGCAATACTTTAGG.1_1|P4_Normal	Normal
TAACGAATCATGATGAAACGGGAA.1_3|P4_Normal	Normal
TAACGAATCCCATAGCAACGGGAA.1_3|P4_Normal	Normal
TAACGCCTCAGTAGCGACTTTAGG.1_1|P4_Normal	Normal
TAACGCCTCCTTTAGGAACGGGAA.1_3|P4_Normal	Normal
TAACGCCTCGGTAAACACTTTAGG.1_1|P4_Normal	Normal
TAACGTTTCGGGCAGTAACGGGAA.1_3|P4_Normal	Normal
TAACTGTTCAGTTTACACTTTAGG.1_1|P4_Normal	Normal_holdout
TAACTGTTCATAGGTAACTTTAGG.1_1|P4_Normal	Normal
TAACTGTTCTATGCATACTTTAGG.1_2|P4_Normal	Normal
TAAGAAGCAAACTTGGACTTTAGG.1_1|P4_Normal	Normal
TAAGAAGCACTAGTCTACTTTAGG.1_1|P4_Normal	Normal
TAAGAAGCAGAATGAAACTTTAGG.1_2|P4_Normal	Normal
TAAGAAGCATCACGCCACTTTAGG.1_1|P4_Normal	Normal
TAAGAAGCATTCGGTTAACGGGAA.1_3|P4_Normal	Normal
TAAGCTAAGGAGGATAAACGGGAA.1_3|P4_Normal	Normal
TAAGCTAAGGGTTTGGACTTTAGG.1_2|P4_Normal	Normal
TAAGCTTTCGGCTAAGACTTTAGG.1_2|P4_Normal	Normal
TAAGGCTAGCATCCCGACTTTAGG.1_2|P4_Normal	Normal
TAAGGCTAGTCTATGTACTTTAGG.1_2|P4_Normal	Normal_holdout
TAAGGCTAGTTACAGAAACGGGAA.1_3|P4_Normal	Normal
TAAGGCTAGTTACCCAAACGGGAA.1_3|P4_Normal	Normal
TAAGGTTCAAGTTGCAAACGGGAA.1_3|P4_Normal	Normal
TAAGGTTCACGCCACTACTTTAGG.1_1|P4_Normal	Normal
TAAGGTTCAGCCATAAAACGGGAA.1_3|P4_Normal	Normal_holdout
TAAGGTTCAGGATTGCACTTTAGG.1_1|P4_Normal	Normal_holdout
TAAGGTTCATAAGTCGAACGGGAA.1_3|P4_Normal	Normal
TAAGTACCAAGATAAGACTTTAGG.1_2|P4_Normal	Normal
TAAGTACCAAGCTAATACTTTAGG.1_2|P4_Normal	Normal
TAAGTACCATGGCGCAACTTTAGG.1_1|P4_Normal	Normal
TAATAGCCAGGCCTCTACTTTAGG.1_2|P4_Normal	Normal
TAATAGCCATCCGCTAAACGGGAA.1_3|P4_Normal	Normal
TAATAGCCATCCGTCAAACGGGAA.1_3|P4_Normal	Normal
TAATAGCCATTGCGCCAACGGGAA.1_3|P4_Normal	Normal
TAATAGGTCCCTCTCAACTTTAGG.1_2|P4_Normal	Normal
TAATAGGTCGAGAGAAAACGGGAA.1_3|P4_Normal	Normal
TAATGCGCAAAGGGATAACGGGAA.1_3|P4_Normal	Normal
TAATGCGCAATTGAGTAACGGGAA.1_3|P4_Normal	Normal
TAATGCGCATAGCGACACTTTAGG.1_2|P4_Normal	Normal
TAATGTGAGATGCCTCAACGGGAA.1_3|P4_Normal	Normal_holdout
TAATGTGAGCCACTCGACTTTAGG.1_1|P4_Normal	Normal
TAATGTGAGGAAGGTAACTTTAGG.1_1|P4_Normal	Normal
TAATGTGAGGCTTAAAAACGGGAA.1_3|P4_Normal	Normal
TAATGTGAGTCCTGCGACTTTAGG.1_2|P4_Normal	Normal
TACAAACCAAACCCAAACTTTAGG.1_1|P4_Normal	Normal
TACAAACCAGGTATTGACTTTAGG.1_2|P4_Normal	Normal
TACAAACCATCAGGACACTTTAGG.1_2|P4_Normal	Normal_holdout
TACAACAAGACTATTCACTTTAGG.1_2|P4_Normal	Normal_holdout
TACAACAAGCTTCCTTACTTTAGG.1_2|P4_Normal	Normal
TACAACAAGGTCGAGCAACGGGAA.1_3|P4_Normal	Normal_holdout
TACAATGAGGAGGCCTACTTTAGG.1_2|P4_Normal	Normal
TACAATGAGGCGCATAACTTTAGG.1_2|P4_Normal	Normal_holdout
TACAATGAGGGCACTAACTTTAGG.1_2|P4_Normal	Normal
TACAATGAGTACCCACAACGGGAA.1_3|P4_Normal	Normal_holdout
TACACCGGTATGGTCTAACGGGAA.1_3|P4_Normal	Normal
TACACCGGTTTACTGAACTTTAGG.1_1|P4_Normal	Normal
TACAGAATCCTCCCACACTTTAGG.1_2|P4_Normal	Normal
TACAGGTAGCGAAGTTACTTTAGG.1_1|P4_Normal	Normal
TACATACTCACAAATGAACGGGAA.1_3|P4_Normal	Normal
TACATACTCCTTTCTAACTTTAGG.1_1|P4_Normal	Normal
TACATACTCGCCTAGTAACGGGAA.1_3|P4_Normal	Normal
TACATACTCGGCTAGAAACGGGAA.1_3|P4_Normal	Normal_holdout
TACATACTCTTGAAAGACTTTAGG.1_2|P4_Normal	Normal
TACCAGCTCGCCACATACTTTAGG.1_2|P4_Normal	Normal
TACCAGCTCTGGGAATACTTTAGG.1_2|P4_Normal	Normal
TACCATCCAAACCCAAAACGGGAA.1_3|P4_Normal	Normal
TACCATCCAATTCGGAACTTTAGG.1_2|P4_Normal	Normal
TACCATCCACGTAGGTACTTTAGG.1_1|P4_Normal	Normal
TACCGAACAAGGCCATACTTTAGG.1_1|P4_Normal	Normal
TACCGCCCAAGGTTATACTTTAGG.1_1|P4_Normal	Normal
TACCGCCCACCTTTGGACTTTAGG.1_2|P4_Normal	Normal
TACCGCCCACGTTACTACTTTAGG.1_1|P4_Normal	Normal
TACCGCCCAGGTATATAACGGGAA.1_3|P4_Normal	Normal
TACCGGCGTAAGGCCGACTTTAGG.1_2|P4_Normal	Normal_holdout
TACCGGCGTAGCCCGTACTTTAGG.1_2|P4_Normal	Normal
TACCGGCGTAGCTATCAACGGGAA.1_3|P4_Normal	Normal
TACCGGCGTTAGGCTTAACGGGAA.1_3|P4_Normal	Normal
TACCGGCGTTGTTGTAACTTTAGG.1_1|P4_Normal	Normal
TACCGGCGTTTCGCCTACTTTAGG.1_1|P4_Normal	Normal
TACCGGGCACGAACGTACTTTAGG.1_1|P4_Normal	Normal_holdout
TACCGTTCACTATGGAACTTTAGG.1_1|P4_Normal	Normal_holdout
TACCGTTCAGCTAAGCACTTTAGG.1_1|P4_Normal	Normal
TACCGTTCATGGCTTTAACGGGAA.1_3|P4_Normal	Normal
TACCTGCAGTGTGATAAACGGGAA.1_3|P4_Normal	Normal
TACCTGCAGTTAGTTCAACGGGAA.1_3|P4_Normal	Normal
TACCTGCAGTTGACCCACTTTAGG.1_2|P4_Normal	Normal
TACCTTTGTAATGGATACTTTAGG.1_1|P4_Normal	Normal
TACCTTTGTACGCACCACTTTAGG.1_2|P4_Normal	Normal
TACCTTTGTGTCCAGCACTTTAGG.1_2|P4_Normal	Normal
TACCTTTGTTACTCCCACTTTAGG.1_2|P4_Normal	Normal
TACCTTTGTTTGAGCTAACGGGAA.1_3|P4_Normal	Normal
TACGCAACACTTTGTAACTTTAGG.1_1|P4_Normal	Normal
TACGCCTAGACAACTAACTTTAGG.1_1|P4_Normal	Normal
TACGCCTAGAGGAGGTACTTTAGG.1_1|P4_Normal	Normal
TACGCCTAGAGGCGAGACTTTAGG.1_2|P4_Normal	Normal
TACGCCTAGAGGTTCGACTTTAGG.1_2|P4_Normal	Normal
TACGCCTAGGTAGTTAACTTTAGG.1_1|P4_Normal	Normal
TACGGACCAATAAGGAACTTTAGG.1_2|P4_Normal	Normal_holdout
TACGGACCACCTACTGACTTTAGG.1_2|P4_Normal	Normal
TACGGGCAGTGTTTCGAACGGGAA.1_3|P4_Normal	Normal
TACGGGCAGTTGCAGGACTTTAGG.1_2|P4_Normal	Normal
TACGGGTCAACCTCGCAACGGGAA.1_3|P4_Normal	Normal
TACGGGTCAAGCCTCCACTTTAGG.1_2|P4_Normal	Normal
TACGTCCAGCGAATGTACTTTAGG.1_1|P4_Normal	Normal_holdout
TACGTTAGTAATGTCCAACGGGAA.1_3|P4_Normal	Normal
TACGTTAGTATGGTAGAACGGGAA.1_3|P4_Normal	Normal
TACGTTAGTCCTGACAAACGGGAA.1_3|P4_Normal	Normal
TACTAGTTCCAAATAGAACGGGAA.1_3|P4_Normal	Normal
TACTAGTTCGAACCTCACTTTAGG.1_1|P4_Normal	Normal_holdout
TACTAGTTCTCAGCTAAACGGGAA.1_3|P4_Normal	Normal
TACTAGTTCTTACTCCACTTTAGG.1_2|P4_Normal	Normal
TACTCACCAAGAACAAACTTTAGG.1_2|P4_Normal	Normal
TACTCACCAAGCTATGACTTTAGG.1_1|P4_Normal	Normal
TACTCACCACGTAATGAACGGGAA.1_3|P4_Normal	Normal
TACTTTCGTAATGGATACTTTAGG.1_1|P4_Normal	Normal
TACTTTCGTACAGCAAACTTTAGG.1_1|P4_Normal	Normal
TACTTTCGTACTTATGACTTTAGG.1_2|P4_Normal	Normal
TACTTTCGTCCTCCTGACTTTAGG.1_2|P4_Normal	Normal
TACTTTCGTTAGTAGGACTTTAGG.1_1|P4_Normal	Normal
TACTTTCGTTCACTCCACTTTAGG.1_2|P4_Normal	Normal
TACTTTCGTTTGTGACAACGGGAA.1_3|P4_Normal	Normal
TAGAAACGTACGTTACACTTTAGG.1_2|P4_Normal	Normal
TAGAAACGTCAATTGCAACGGGAA.1_3|P4_Normal	Normal
TAGAAAGCAACATGATACTTTAGG.1_2|P4_Normal	Normal_holdout
TAGAAAGCAAGCTATGACTTTAGG.1_1|P4_Normal	Normal
TAGAGGCGTGTGTCGCACTTTAGG.1_1|P4_Normal	Normal_holdout
TAGAGGCGTTTCACCCAACGGGAA.1_3|P4_Normal	Normal
TAGAGGTTCGATTACTACTTTAGG.1_2|P4_Normal	Normal
TAGAGGTTCTCACCTTACTTTAGG.1_2|P4_Normal	Normal
TAGCAAATCCGGATAGACTTTAGG.1_2|P4_Normal	Normal
TAGCAAATCGCATTTGACTTTAGG.1_2|P4_Normal	Normal
TAGCAGGTCAACCGGAACTTTAGG.1_2|P4_Normal	Normal
TAGCAGGTCCGCCATGACTTTAGG.1_1|P4_Normal	Normal
TAGCCAGAGACCATGGACTTTAGG.1_1|P4_Normal	Normal
TAGCCAGAGAGAGCAAAACGGGAA.1_3|P4_Normal	Normal
TAGCCAGAGATTGAGCACTTTAGG.1_1|P4_Normal	Normal
TAGCCAGAGCAACTTTACTTTAGG.1_1|P4_Normal	Normal
TAGCCAGAGCGAGGGAAACGGGAA.1_3|P4_Normal	Normal
TAGCCCGTCGAAGTTAACTTTAGG.1_1|P4_Normal	Normal_holdout
TAGCCCGTCGCCTATAACTTTAGG.1_2|P4_Normal	Normal
TAGCCCGTCGGTACAGACTTTAGG.1_2|P4_Normal	Normal
TAGCCCGTCTGGGAATACTTTAGG.1_2|P4_Normal	Normal
TAGCCTATCCATAGGGAACGGGAA.1_3|P4_Normal	Normal
TAGCCTGGTGCAGCTCACTTTAGG.1_1|P4_Normal	Normal
TAGCCTGGTTGGAGCGAACGGGAA.1_3|P4_Normal	Normal
TAGCCTTCAGCTAAGCACTTTAGG.1_1|P4_Normal	Normal
TAGCGCGCAGTTATGGAACGGGAA.1_3|P4_Normal	Normal
TAGCGCGCATTGAGATAACGGGAA.1_3|P4_Normal	Normal
TAGCGGATCACAAATGACTTTAGG.1_2|P4_Normal	Normal_holdout
TAGCGGATCCATAGGGACTTTAGG.1_2|P4_Normal	Normal
TAGCGGATCCCGTTCCAACGGGAA.1_3|P4_Normal	Normal_holdout
TAGCGGATCGCTTCGGAACGGGAA.1_3|P4_Normal	Normal_holdout
TAGCGGTCACACTAAGAACGGGAA.1_3|P4_Normal	Normal
TAGCGGTCACCTAAAGACTTTAGG.1_1|P4_Normal	Normal
TAGCGGTCACGTAGTAAACGGGAA.1_3|P4_Normal	Normal
TAGCGGTCATCCACCAACTTTAGG.1_2|P4_Normal	Normal
TAGCTAAAGTTTGCATACTTTAGG.1_2|P4_Normal	Normal
TAGCTACGTAGTAGGCAACGGGAA.1_3|P4_Normal	Normal
TAGCTACGTGCTTCGAAACGGGAA.1_3|P4_Normal	Normal
TAGCTACGTTGTGAGAACTTTAGG.1_1|P4_Normal	Normal_holdout
TAGCTGCTCAAGATGCACTTTAGG.1_1|P4_Normal	Normal
TAGCTGCTCTGGAACGACTTTAGG.1_2|P4_Normal	Normal
TAGCTTGTCTCTATGGACTTTAGG.1_2|P4_Normal	Normal
TAGCTTGTCTGGCTACACTTTAGG.1_1|P4_Normal	Normal
TAGCTTTAGCGAATGTACTTTAGG.1_2|P4_Normal	Normal
TAGCTTTAGTTATCCGAACGGGAA.1_3|P4_Normal	Normal
TAGGAGGCAAACTTGGACTTTAGG.1_2|P4_Normal	Normal
TAGGAGGCAACTATCCACTTTAGG.1_1|P4_Normal	Normal
TAGGAGGCAGGAGCAAACTTTAGG.1_2|P4_Normal	Normal
TAGGAGGCATTCAGGAACTTTAGG.1_2|P4_Normal	Normal_holdout
TAGGCGCAGCTCGATCAACGGGAA.1_3|P4_Normal	Normal
TAGGCGCAGGCGGATCAACGGGAA.1_3|P4_Normal	Normal
TAGGCGCAGTAAGCTAACTTTAGG.1_2|P4_Normal	Normal
TAGGCGCAGTTGCGCTACTTTAGG.1_1|P4_Normal	Normal
TAGGCTGAGACTCAAAACTTTAGG.1_1|P4_Normal	Normal
TAGGCTGAGCTGGGTAACTTTAGG.1_2|P4_Normal	Normal
TAGGCTGAGTCGCATCACTTTAGG.1_1|P4_Normal	Normal_holdout
TAGGCTTGTAACCTTAACTTTAGG.1_1|P4_Normal	Normal
TAGGCTTGTTAATGCCACTTTAGG.1_1|P4_Normal	Normal_holdout
TAGGCTTGTTGTGAGAACTTTAGG.1_1|P4_Normal	Normal
TAGGCTTGTTTGTGACACTTTAGG.1_1|P4_Normal	Normal
TAGGTCGAGAAGTACCACTTTAGG.1_2|P4_Normal	Normal
TAGGTCGAGTGATGGTAACGGGAA.1_3|P4_Normal	Normal_holdout
TAGGTTCGTAACGGGTACTTTAGG.1_1|P4_Normal	Normal
TAGGTTCGTCCTTCGTACTTTAGG.1_2|P4_Normal	Normal
TAGGTTCGTTCTTACTACTTTAGG.1_1|P4_Normal	Normal
TAGGTTGCAAACAAGAACTTTAGG.1_1|P4_Normal	Normal_holdout
TAGGTTGCAAACTTCCAACGGGAA.1_3|P4_Normal	Normal
TAGGTTGCACTAAGCAAACGGGAA.1_3|P4_Normal	Normal
TAGGTTGCAGAAACTTAACGGGAA.1_3|P4_Normal	Normal
TAGGTTGCATTGTACCAACGGGAA.1_3|P4_Normal	Normal
TAGTCCTCAAGGTTATACTTTAGG.1_2|P4_Normal	Normal
TAGTCCTCAATAAGCTACTTTAGG.1_1|P4_Normal	Normal
TAGTCCTCACAGCCAGACTTTAGG.1_2|P4_Normal	Normal
TAGTCCTCACCTATCGACTTTAGG.1_1|P4_Normal	Normal
TAGTCCTCACGCAATAACTTTAGG.1_2|P4_Normal	Normal
TAGTCTCCAACAGGCTACTTTAGG.1_1|P4_Normal	Normal
TAGTCTCCACATGCTTAACGGGAA.1_3|P4_Normal	Normal
TAGTCTCCACCAGCTCACTTTAGG.1_1|P4_Normal	Normal
TAGTCTCCATTGTACCAACGGGAA.1_3|P4_Normal	Normal_holdout
TAGTGAGGTACCTCAGAACGGGAA.1_3|P4_Normal	Normal
TAGTGAGGTCGTAATCACTTTAGG.1_2|P4_Normal	Normal
TAGTGATCAATTAGACAACGGGAA.1_3|P4_Normal	Normal
TAGTGATCAGCCTTCAACTTTAGG.1_2|P4_Normal	Normal
TAGTGATCAGGGATGAAACGGGAA.1_3|P4_Normal	Normal
TAGTGCACAAGTTAACACTTTAGG.1_2|P4_Normal	Normal
TAGTGCACACACTGGGACTTTAGG.1_2|P4_Normal	Normal
TAGTGCACACATGCTTAACGGGAA.1_3|P4_Normal	Normal_holdout
TAGTGCACAGGCTTAAACTTTAGG.1_2|P4_Normal	Normal_holdout
TAGTGCTGTCGCAATTACTTTAGG.1_2|P4_Normal	Normal
TAGTGGCCAAATGACTAACGGGAA.1_3|P4_Normal	Normal
TAGTGGCCACTGACAAACTTTAGG.1_2|P4_Normal	Normal
TAGTGGCCAGAATCGCACTTTAGG.1_2|P4_Normal	Normal
TAGTGGCCATCAAGTGACTTTAGG.1_1|P4_Normal	Normal
TAGTGGCCATTACACCACTTTAGG.1_1|P4_Normal	Normal
TAGTGTGCACTAGTCTAACGGGAA.1_3|P4_Normal	Normal
TAGTGTGCACTGTCATAACGGGAA.1_3|P4_Normal	Normal
TAGTGTGCATAGGGTCACTTTAGG.1_2|P4_Normal	Normal
TAGTGTGCATCAATCCACTTTAGG.1_2|P4_Normal	Normal
TAGTGTGCATGCGGATACTTTAGG.1_2|P4_Normal	Normal
TAGTGTGCATGGTCAAACTTTAGG.1_2|P4_Normal	Normal
TAGTTACTCAACTTGTACTTTAGG.1_2|P4_Normal	Normal
TAGTTACTCACCATATACTTTAGG.1_1|P4_Normal	Normal
TAGTTACTCGAAGGCCACTTTAGG.1_1|P4_Normal	Normal
TAGTTACTCGGGACTAACTTTAGG.1_2|P4_Normal	Normal_holdout
TAGTTACTCTGTCAGCACTTTAGG.1_2|P4_Normal	Normal
TAGTTGAAGCAAATTGAACGGGAA.1_3|P4_Normal	Normal
TAGTTGAAGCCTAGTCACTTTAGG.1_1|P4_Normal	Normal
TAGTTGAAGGTTAGGTACTTTAGG.1_2|P4_Normal	Normal
TAGTTGCGTTGTTCCCAACGGGAA.1_3|P4_Normal	Normal
TAGTTGTTCCTGGAAGACTTTAGG.1_1|P4_Normal	Normal_holdout
TAGTTTCAGACAACTAACTTTAGG.1_2|P4_Normal	Normal
TAGTTTCAGACTAACAAACGGGAA.1_3|P4_Normal	Normal_holdout
TAGTTTCAGTAACTTCACTTTAGG.1_2|P4_Normal	Normal
TAGTTTGGTAAAGCATAACGGGAA.1_3|P4_Normal	Normal
TAGTTTGGTCAATTGCAACGGGAA.1_3|P4_Normal	Normal
TAGTTTGGTCTAACCGAACGGGAA.1_3|P4_Normal	Normal
TAGTTTGGTTGAGGACACTTTAGG.1_1|P4_Normal	Normal
TATAACGAGATAACTGACTTTAGG.1_2|P4_Normal	Normal
TATAACGAGCTTACATACTTTAGG.1_1|P4_Normal	Normal
TATACCTAGAGGATAGACTTTAGG.1_2|P4_Normal	Normal
TATATCCAGCGAATGTAACGGGAA.1_3|P4_Normal	Normal
TATATCCAGCTTACCAACTTTAGG.1_1|P4_Normal	Normal
TATATCCAGGCTTAAAACTTTAGG.1_2|P4_Normal	Normal
TATATGCTCATAGGCGACTTTAGG.1_2|P4_Normal	Normal
TATATGCTCATGATGAACTTTAGG.1_1|P4_Normal	Normal
TATATGCTCGAAGCATACTTTAGG.1_2|P4_Normal	Normal
TATCCTGAGGCAGGCTACTTTAGG.1_2|P4_Normal	Normal
TATCGAGCAATCGTTCAACGGGAA.1_3|P4_Normal	Normal
TATCGAGCAATCGTTCACTTTAGG.1_1|P4_Normal	Normal
TATCGAGCAGCCAGCAACTTTAGG.1_2|P4_Normal	Normal_holdout
TATCGAGCAGTAAGGGACTTTAGG.1_1|P4_Normal	Normal
TATCGAGCATCAGGTAACTTTAGG.1_2|P4_Normal	Normal
TATCGATTCCACAACCACTTTAGG.1_2|P4_Normal	Normal
TATCGATTCCAGGAATACTTTAGG.1_1|P4_Normal	Normal
TATCGATTCGGTAAACACTTTAGG.1_1|P4_Normal	Normal
TATCGATTCTGGAAACAACGGGAA.1_3|P4_Normal	Normal_holdout
TATCGCATCGTGATTTACTTTAGG.1_2|P4_Normal	Normal
TATCGCATCTTTAGCGACTTTAGG.1_2|P4_Normal	Normal
TATCGCTCACGTTACTACTTTAGG.1_2|P4_Normal	Normal_holdout
TATCGCTCATACTTCAACTTTAGG.1_1|P4_Normal	Normal
TATCTTGCACAATGGCACTTTAGG.1_1|P4_Normal	Normal
TATCTTGCACACAAATACTTTAGG.1_2|P4_Normal	Normal
TATCTTGCACATTGAGACTTTAGG.1_2|P4_Normal	Normal
TATCTTGCATGGGTTAACTTTAGG.1_2|P4_Normal	Normal
TATGACTTCAGCGGGTAACGGGAA.1_3|P4_Normal	Normal_holdout
TATGACTTCCAATTACACTTTAGG.1_2|P4_Normal	Normal
TATGACTTCCTCACGGACTTTAGG.1_1|P4_Normal	Normal
TATGACTTCGCGCATTACTTTAGG.1_2|P4_Normal	Normal
TATGACTTCGGTAAGTAACGGGAA.1_3|P4_Normal	Normal
TATGACTTCGGTTCACACTTTAGG.1_2|P4_Normal	Normal
TATGAGCAGCTTGAAAACTTTAGG.1_2|P4_Normal	Normal_holdout
TATGAGCAGGTCTTGCACTTTAGG.1_2|P4_Normal	Normal
TATGAGCAGGTGCACAAACGGGAA.1_3|P4_Normal	Normal
TATGAGGGTCCGGGTTAACGGGAA.1_3|P4_Normal	Normal
TATGAGGGTTAGTGGAACTTTAGG.1_2|P4_Normal	Normal
TATGAGGGTTCTTGAAACTTTAGG.1_2|P4_Normal	Normal
TATGATGAGGCTGTGAACTTTAGG.1_2|P4_Normal	Normal
TATGCATTCAAGGTGTACTTTAGG.1_2|P4_Normal	Normal
TATGCATTCCGCCCAAACTTTAGG.1_2|P4_Normal	Normal
TATGCATTCGCGTTACACTTTAGG.1_1|P4_Normal	Normal
TATGGGAGTGACACAAACTTTAGG.1_2|P4_Normal	Normal
TATGGTAAGCTTCTAGACTTTAGG.1_2|P4_Normal	Normal
TATGGTAAGGCCAACAACTTTAGG.1_1|P4_Normal	Normal
TATGGTGCAACATGATACTTTAGG.1_1|P4_Normal	Normal_holdout
TATGGTGCACCTTCAGACTTTAGG.1_2|P4_Normal	Normal
TATGGTGCATGTTTCAACTTTAGG.1_2|P4_Normal	Normal
TATGTCCCAACATAGTACTTTAGG.1_2|P4_Normal	Normal
TATGTCCCATCAATCCACTTTAGG.1_2|P4_Normal	Normal
TATGTCCCATGCTCCAACTTTAGG.1_1|P4_Normal	Normal
TATGTCCCATTTCATGAACGGGAA.1_3|P4_Normal	Normal_holdout
TATGTTGGTAAAGCATACTTTAGG.1_1|P4_Normal	Normal
TATGTTGGTACTGCCAACTTTAGG.1_2|P4_Normal	Normal_holdout
TATGTTGGTAGTCATCACTTTAGG.1_1|P4_Normal	Normal
TATGTTGGTGACATGAACTTTAGG.1_2|P4_Normal	Normal
TATTACCAGAACCTAAACTTTAGG.1_1|P4_Normal	Normal
TATTACCAGGCAGGCTACTTTAGG.1_2|P4_Normal	Normal
TATTACCAGTTTCCAGACTTTAGG.1_1|P4_Normal	Normal
TATTAGGAGAAAGGCAAACGGGAA.1_3|P4_Normal	Normal
TATTAGGAGGCCATTCAACGGGAA.1_3|P4_Normal	Normal
TATTAGGAGGCCATTCACTTTAGG.1_2|P4_Normal	Normal
TATTCCTGTTAACGAGACTTTAGG.1_2|P4_Normal	Normal
TATTCGGTCAAACCAAACTTTAGG.1_1|P4_Normal	Normal
TATTCGGTCAATGTGAAACGGGAA.1_3|P4_Normal	Normal
TATTCGGTCGAGAGAAACTTTAGG.1_1|P4_Normal	Normal
TATTGACTCATCAGCCAACGGGAA.1_3|P4_Normal	Normal_holdout
TATTGCAGTCAAAGGCACTTTAGG.1_1|P4_Normal	Normal
TATTGCAGTTGTTGGTACTTTAGG.1_2|P4_Normal	Normal
TATTGCAGTTGTTGTAACTTTAGG.1_2|P4_Normal	Normal
TATTGCCCACGGTTCCACTTTAGG.1_1|P4_Normal	Normal
TATTGCCCACTATGTCACTTTAGG.1_2|P4_Normal	Normal
TATTGGCGTCGCAATTACTTTAGG.1_1|P4_Normal	Normal
TATTGGGCAGGTAGCTAACGGGAA.1_3|P4_Normal	Normal
TATTGGGCATTCGGTTACTTTAGG.1_2|P4_Normal	Normal
TATTTGCAGCTCAACCACTTTAGG.1_2|P4_Normal	Normal_holdout
TCAAACCGTACGGGCAACTTTAGG.1_1|P4_Normal	Normal
TCAAACCGTGTTAGAGACTTTAGG.1_1|P4_Normal	Normal
TCAACAAAGGAAGCCCACTTTAGG.1_2|P4_Normal	Normal
TCAACAAAGGCAAGCCACTTTAGG.1_2|P4_Normal	Normal
TCAACAAAGGTAGACTACTTTAGG.1_2|P4_Normal	Normal
TCAACAAAGTAATGGCACTTTAGG.1_1|P4_Normal	Normal
TCAACCATCACAAAGCACTTTAGG.1_2|P4_Normal	Normal_holdout
TCAACCATCATGCCTAACTTTAGG.1_2|P4_Normal	Normal
TCAACCATCCAGAAACAACGGGAA.1_3|P4_Normal	Normal_holdout
TCAACCATCCCGCTGAACTTTAGG.1_2|P4_Normal	Normal
TCAACCATCCCGTTGGACTTTAGG.1_1|P4_Normal	Normal
TCAACCATCCGGATAGAACGGGAA.1_3|P4_Normal	Normal
TCAACCATCCTGACTAACTTTAGG.1_2|P4_Normal	Normal
TCAACCATCGCCTAGTAACGGGAA.1_3|P4_Normal	Normal
TCAACCATCGCTTCGGAACGGGAA.1_3|P4_Normal	Normal
TCAACCGGTCACGATTAACGGGAA.1_3|P4_Normal	Normal_holdout
TCAACCGGTCGAATCTAACGGGAA.1_3|P4_Normal	Normal
TCAACCGGTGAGAAGGACTTTAGG.1_2|P4_Normal	Normal
TCAACCTCAATGAGCCACTTTAGG.1_1|P4_Normal	Normal
TCAACCTCACTCCCAAACTTTAGG.1_1|P4_Normal	Normal
TCAACCTCATAGCGCGACTTTAGG.1_1|P4_Normal	Normal
TCAACTAGTAATGCCTACTTTAGG.1_1|P4_Normal	Normal_holdout
TCAACTAGTCATCCCTACTTTAGG.1_2|P4_Normal	Normal
TCAACTAGTCGAAGGTACTTTAGG.1_2|P4_Normal	Normal
TCAACTAGTGCATTACACTTTAGG.1_1|P4_Normal	Normal_holdout
TCAACTAGTTAAGCTCACTTTAGG.1_2|P4_Normal	Normal
TCAACTAGTTATGTGCACTTTAGG.1_1|P4_Normal	Normal
TCAAGCGAGACTAATGAACGGGAA.1_3|P4_Normal	Normal
TCAAGCGAGTCAAACAAACGGGAA.1_3|P4_Normal	Normal
TCAAGCGAGTGTGAGTAACGGGAA.1_3|P4_Normal	Normal
TCAAGGTAGATTATCCAACGGGAA.1_3|P4_Normal	Normal
TCAAGGTAGATTCCCAACTTTAGG.1_2|P4_Normal	Normal
TCAAGGTAGCAATCGGAACGGGAA.1_3|P4_Normal	Normal
TCAAGGTAGCGAGCTAAACGGGAA.1_3|P4_Normal	Normal
TCAAGGTAGTATCGCCACTTTAGG.1_1|P4_Normal	Normal
TCAAGGTAGTCACCTAACTTTAGG.1_1|P4_Normal	Normal
TCAAGTGCAACTTCGTACTTTAGG.1_1|P4_Normal	Normal
TCAAGTGCATTTAGCCACTTTAGG.1_2|P4_Normal	Normal
TCAAGTTTCAGGTAACACTTTAGG.1_2|P4_Normal	Normal
TCAAGTTTCCAATTACACTTTAGG.1_1|P4_Normal	Normal
TCAAGTTTCCAGATAAACTTTAGG.1_1|P4_Normal	Normal
TCAAGTTTCCCATAATACTTTAGG.1_2|P4_Normal	Normal
TCAAGTTTCGGCTAAGACTTTAGG.1_2|P4_Normal	Normal
TCAATCTAGCTAAACAACTTTAGG.1_1|P4_Normal	Normal
TCAATGGCAAATGACTACTTTAGG.1_2|P4_Normal	Normal
TCAATGGCAATTAGCGACTTTAGG.1_2|P4_Normal	Normal
TCAATGGCACCTTCTCAACGGGAA.1_3|P4_Normal	Normal
TCAATGTTCCTAAATCAACGGGAA.1_3|P4_Normal	Normal
TCAATGTTCCTTTGTCACTTTAGG.1_2|P4_Normal	Normal
TCAATTGGTGGGAACTAACGGGAA.1_3|P4_Normal	Normal
TCAATTGGTGGGAACTACTTTAGG.1_2|P4_Normal	Normal
TCAATTGGTTGGATAGACTTTAGG.1_2|P4_Normal	Normal
TCACAAGCAACTATCCACTTTAGG.1_1|P4_Normal	Normal
TCACAAGCACATACCTAACGGGAA.1_3|P4_Normal	Normal
TCACAAGCACCTACTGACTTTAGG.1_2|P4_Normal	Normal
TCACAAGCACCTTCTCACTTTAGG.1_2|P4_Normal	Normal
TCACAAGCATAGACGCACTTTAGG.1_1|P4_Normal	Normal
TCACAAGCATAGCGCGACTTTAGG.1_2|P4_Normal	Normal_holdout
TCACAAGCATTGCGCCAACGGGAA.1_3|P4_Normal	Normal
TCACCAATCAGCGGGTACTTTAGG.1_1|P4_Normal	Normal
TCACCAATCCTGGAAGACTTTAGG.1_2|P4_Normal	Normal
TCACCAATCCTTTCGTAACGGGAA.1_3|P4_Normal	Normal
TCACCATCACTATGGAACTTTAGG.1_2|P4_Normal	Normal
TCACCATCAGCCTTCAAACGGGAA.1_3|P4_Normal	Normal
TCACCATCATAGACCAACTTTAGG.1_1|P4_Normal	Normal
TCACCCACAAACCTGAACTTTAGG.1_1|P4_Normal	Normal
TCACCCACAAACCTGAACTTTAGG.1_2|P4_Normal	Normal
TCACCCACATCAGGACAACGGGAA.1_3|P4_Normal	Normal
TCACCCTGTTAACGTCAACGGGAA.1_3|P4_Normal	Normal_holdout
TCACCCTGTTTGCATAACTTTAGG.1_1|P4_Normal	Normal
TCACCTAAGAAAGGCAAACGGGAA.1_3|P4_Normal	Normal
TCACCTAAGAATGGCTACTTTAGG.1_1|P4_Normal	Normal
TCACCTAAGATAACGCAACGGGAA.1_3|P4_Normal	Normal
TCACCTAAGGTCAAGTAACGGGAA.1_3|P4_Normal	Normal
TCACCTAAGGTCAAGTACTTTAGG.1_2|P4_Normal	Normal
TCACCTAAGTTTCGCAACTTTAGG.1_2|P4_Normal	Normal
TCACGTTCAAATACCGAACGGGAA.1_3|P4_Normal	Normal
TCACGTTCAGAGAGCAAACGGGAA.1_3|P4_Normal	Normal
TCACTCGCAAGGCGTTAACGGGAA.1_3|P4_Normal	Normal
TCACTCGCATTGCCGCACTTTAGG.1_2|P4_Normal	Normal
TCACTGTCAAATATGCACTTTAGG.1_2|P4_Normal	Normal
TCACTGTCAACCATTCACTTTAGG.1_2|P4_Normal	Normal_holdout
TCACTGTCAACTTAGGACTTTAGG.1_1|P4_Normal	Normal
TCACTGTCACATTGAGAACGGGAA.1_3|P4_Normal	Normal
TCACTGTCATTTCTTCACTTTAGG.1_1|P4_Normal	Normal
TCACTTTGTCGTCCAAAACGGGAA.1_3|P4_Normal	Normal
TCAGCCAGTTAACGTCACTTTAGG.1_2|P4_Normal	Normal
TCAGCCAGTTAGCTCGAACGGGAA.1_3|P4_Normal	Normal
TCAGCCAGTTGAGTCTAACGGGAA.1_3|P4_Normal	Normal_holdout
TCAGGCAAGCAATCGGAACGGGAA.1_3|P4_Normal	Normal_holdout
TCAGGCAAGTGATTAGAACGGGAA.1_3|P4_Normal	Normal
TCAGGCTTCAGGTTGGACTTTAGG.1_1|P4_Normal	Normal
TCAGGCTTCCAAAGGTACTTTAGG.1_2|P4_Normal	Normal
TCAGGCTTCCGCTATAACTTTAGG.1_2|P4_Normal	Normal
TCAGGCTTCGTTATGTACTTTAGG.1_2|P4_Normal	Normal
TCAGGCTTCTCTATGGAACGGGAA.1_3|P4_Normal	Normal_holdout
TCAGGCTTCTGTGACCACTTTAGG.1_1|P4_Normal	Normal_holdout
TCAGGGATCATGGAACACTTTAGG.1_1|P4_Normal	Normal
TCAGGGATCCAAATTCACTTTAGG.1_2|P4_Normal	Normal
TCAGGGATCCCAGTACACTTTAGG.1_1|P4_Normal	Normal
TCAGGTTGTACGAACAACTTTAGG.1_1|P4_Normal	Normal
TCAGGTTGTAGCCCGTACTTTAGG.1_2|P4_Normal	Normal
TCAGGTTGTATTCGACACTTTAGG.1_1|P4_Normal	Normal
TCAGGTTGTATTCGTAACTTTAGG.1_2|P4_Normal	Normal_holdout
TCAGGTTGTCCATAGTAACGGGAA.1_3|P4_Normal	Normal
TCAGGTTGTTTATCGAACTTTAGG.1_2|P4_Normal	Normal
TCAGTAAAGAGGCGTCACTTTAGG.1_1|P4_Normal	Normal
TCAGTAAAGCTTGATTAACGGGAA.1_3|P4_Normal	Normal
TCAGTAAAGGTTGCAGAACGGGAA.1_3|P4_Normal	Normal
TCATAGGCAGTTAAACAACGGGAA.1_3|P4_Normal	Normal
TCATAGGCAGTTATGGAACGGGAA.1_3|P4_Normal	Normal
TCATGAGCAATGGCCGACTTTAGG.1_2|P4_Normal	Normal
TCATGAGCATACTGAGACTTTAGG.1_2|P4_Normal	Normal
TCATGCCAGACTCCTAAACGGGAA.1_3|P4_Normal	Normal
TCATGCCAGGTTCATTAACGGGAA.1_3|P4_Normal	Normal
TCATGCCAGGTTTCCAACTTTAGG.1_2|P4_Normal	Normal
TCATGCCAGTGTCCACACTTTAGG.1_1|P4_Normal	Normal
TCATGGTGTCGCAACCAACGGGAA.1_3|P4_Normal	Normal
TCATGGTGTGCCCGATACTTTAGG.1_2|P4_Normal	Normal
TCATGGTGTTGTTTGAACTTTAGG.1_2|P4_Normal	Normal
TCATTACAGAAGCATCACTTTAGG.1_2|P4_Normal	Normal
TCATTACAGAGGCGTCACTTTAGG.1_1|P4_Normal	Normal
TCATTACAGGATTATGACTTTAGG.1_1|P4_Normal	Normal_holdout
TCATTACAGTTAGGCGACTTTAGG.1_1|P4_Normal	Normal_holdout
TCATTTGCAAGCTTTCACTTTAGG.1_2|P4_Normal	Normal
TCATTTGCATACCTTAACTTTAGG.1_1|P4_Normal	Normal
TCCAAGTGTACTTACAACTTTAGG.1_1|P4_Normal	Normal
TCCAAGTGTCAAGCTTACTTTAGG.1_1|P4_Normal	Normal_holdout
TCCAAGTGTCAATTCAAACGGGAA.1_3|P4_Normal	Normal
TCCAAGTGTGCGGAATAACGGGAA.1_3|P4_Normal	Normal
TCCAAGTGTGTGAGACAACGGGAA.1_3|P4_Normal	Normal
TCCAATAGTAACCGCCACTTTAGG.1_1|P4_Normal	Normal
TCCAATAGTCAACAAGAACGGGAA.1_3|P4_Normal	Normal
TCCAATAGTGCTGAAAACTTTAGG.1_1|P4_Normal	Normal
TCCAATAGTGGTGCAGAACGGGAA.1_3|P4_Normal	Normal_holdout
TCCAATAGTTGTGAGAACTTTAGG.1_1|P4_Normal	Normal
TCCAATAGTTTGTCAAAACGGGAA.1_3|P4_Normal	Normal
TCCACCCTCAATCGCCACTTTAGG.1_1|P4_Normal	Normal_holdout
TCCACCCTCATGATGAACTTTAGG.1_2|P4_Normal	Normal
TCCACCCTCCGCCATGACTTTAGG.1_1|P4_Normal	Normal
TCCACCCTCCGGCTCAAACGGGAA.1_3|P4_Normal	Normal_holdout
TCCACCCTCTGCAACCAACGGGAA.1_3|P4_Normal	Normal
TCCACCTGTATTGCGTACTTTAGG.1_2|P4_Normal	Normal
TCCACCTGTCCGCTAAACTTTAGG.1_1|P4_Normal	Normal
TCCACCTGTGCGCAAGAACGGGAA.1_3|P4_Normal	Normal
TCCACCTGTGCTTCTCACTTTAGG.1_2|P4_Normal	Normal
TCCACCTGTGGTGAGTACTTTAGG.1_2|P4_Normal	Normal
TCCACCTGTTGCATCGACTTTAGG.1_1|P4_Normal	Normal
TCCACTAAGCAAATCAACTTTAGG.1_1|P4_Normal	Normal
TCCACTAAGCTTCTAGAACGGGAA.1_3|P4_Normal	Normal
TCCACTAAGGAAACCTACTTTAGG.1_2|P4_Normal	Normal
TCCACTAAGGTCGAGCACTTTAGG.1_2|P4_Normal	Normal_holdout
TCCACTAAGTTACATCAACGGGAA.1_3|P4_Normal	Normal
TCCACTAAGTTGCGGAAACGGGAA.1_3|P4_Normal	Normal_holdout
TCCAGGAAGAATGGGAAACGGGAA.1_3|P4_Normal	Normal_holdout
TCCAGGAAGAGGCGAGACTTTAGG.1_2|P4_Normal	Normal
TCCATTACAAAGGGATACTTTAGG.1_2|P4_Normal	Normal
TCCATTACACCATCCAACTTTAGG.1_1|P4_Normal	Normal
TCCATTACAGATAGCCACTTTAGG.1_2|P4_Normal	Normal_holdout
TCCATTACATATCGCTAACGGGAA.1_3|P4_Normal	Normal
TCCATTTGTAGTTGTCACTTTAGG.1_2|P4_Normal	Normal
TCCATTTGTATGTTTGACTTTAGG.1_2|P4_Normal	Normal
TCCCATAAGCTAAGTAACTTTAGG.1_2|P4_Normal	Normal
TCCCATAAGGAGGATAAACGGGAA.1_3|P4_Normal	Normal
TCCCGCAAGGTTAGCGACTTTAGG.1_1|P4_Normal	Normal
TCCCGCAAGGTTAGTAACTTTAGG.1_2|P4_Normal	Normal
TCCCGTTGTAATGCCTACTTTAGG.1_2|P4_Normal	Normal
TCCCGTTGTATGTTGCAACGGGAA.1_3|P4_Normal	Normal
TCCCGTTGTGTTCCAGAACGGGAA.1_3|P4_Normal	Normal
TCCCGTTGTTTAGTTGAACGGGAA.1_3|P4_Normal	Normal
TCCCTTTAGCAATTGAAACGGGAA.1_3|P4_Normal	Normal
TCCCTTTAGCGAATCGAACGGGAA.1_3|P4_Normal	Normal
TCCCTTTAGGGTTGGCACTTTAGG.1_1|P4_Normal	Normal
TCCCTTTAGGTTAGCGAACGGGAA.1_3|P4_Normal	Normal_holdout
TCCCTTTAGTGCCCTGAACGGGAA.1_3|P4_Normal	Normal
TCCGAATGTAGCCACCACTTTAGG.1_1|P4_Normal	Normal
TCCGAATGTGCTGCACAACGGGAA.1_3|P4_Normal	Normal
TCCGAATGTGGGTGTGAACGGGAA.1_3|P4_Normal	Normal
TCCGAATGTGTTAGAGACTTTAGG.1_1|P4_Normal	Normal
TCCGGAGCAGCCATTTACTTTAGG.1_2|P4_Normal	Normal
TCCGGAGCAGGATCCGACTTTAGG.1_2|P4_Normal	Normal
TCCGGAGCAGGTAGCTACTTTAGG.1_1|P4_Normal	Normal
TCCGTTAAGAGGCGTCACTTTAGG.1_2|P4_Normal	Normal_holdout
TCCGTTAAGTGATCAAAACGGGAA.1_3|P4_Normal	Normal
TCCTAAGTCAATGTGAACTTTAGG.1_2|P4_Normal	Normal
TCCTAAGTCAGCCCTGACTTTAGG.1_2|P4_Normal	Normal
TCCTAAGTCCTAAGTTAACGGGAA.1_3|P4_Normal	Normal
TCCTAAGTCCTCCCACAACGGGAA.1_3|P4_Normal	Normal_holdout
TCCTAAGTCGCACACTAACGGGAA.1_3|P4_Normal	Normal
TCCTGGTAGCTAAACAAACGGGAA.1_3|P4_Normal	Normal
TCCTGGTAGGTCAAACACTTTAGG.1_1|P4_Normal	Normal
TCCTGGTAGTCAATAGACTTTAGG.1_2|P4_Normal	Normal
TCCTGGTAGTTTGCTGACTTTAGG.1_1|P4_Normal	Normal
TCCTTATGTGCTGCACACTTTAGG.1_2|P4_Normal	Normal
TCCTTATGTTCACCAGACTTTAGG.1_2|P4_Normal	Normal_holdout
TCCTTCTAGCTGATGGAACGGGAA.1_3|P4_Normal	Normal
TCCTTCTAGGCGCAGTAACGGGAA.1_3|P4_Normal	Normal
TCCTTGAAGAGCCGGTAACGGGAA.1_3|P4_Normal	Normal_holdout
TCCTTGAAGATTCGTTAACGGGAA.1_3|P4_Normal	Normal
TCCTTGAAGGCACTAGACTTTAGG.1_2|P4_Normal	Normal
TCCTTGAAGTAACGTAAACGGGAA.1_3|P4_Normal	Normal_holdout
TCCTTGAAGTCCTGCGACTTTAGG.1_1|P4_Normal	Normal
TCCTTTCAGGATGTTAACTTTAGG.1_1|P4_Normal	Normal
TCCTTTCAGGCCATGAACTTTAGG.1_1|P4_Normal	Normal
TCCTTTCAGGTATGGTAACGGGAA.1_3|P4_Normal	Normal
TCCTTTCAGTCATTCGACTTTAGG.1_2|P4_Normal	Normal
TCGAACCTCAAGGGTTACTTTAGG.1_2|P4_Normal	Normal
TCGAACCTCACTAATCACTTTAGG.1_1|P4_Normal	Normal_holdout
TCGAACCTCAGCACGAAACGGGAA.1_3|P4_Normal	Normal_holdout
TCGAACCTCATAGGCGACTTTAGG.1_2|P4_Normal	Normal_holdout
TCGAACCTCATTAGCTACTTTAGG.1_2|P4_Normal	Normal
TCGAACCTCCTGCAACACTTTAGG.1_1|P4_Normal	Normal
TCGAAGGTCATGGAACACTTTAGG.1_1|P4_Normal	Normal
TCGAAGTAGACAAAGGAACGGGAA.1_3|P4_Normal	Normal_holdout
TCGAAGTAGCTCCCTCAACGGGAA.1_3|P4_Normal	Normal
TCGACTCAGCATCTATAACGGGAA.1_3|P4_Normal	Normal
TCGACTCAGCTATCCAACTTTAGG.1_2|P4_Normal	Normal
TCGATAAAGGCACAATACTTTAGG.1_1|P4_Normal	Normal
TCGATAAAGTAAAGGGACTTTAGG.1_2|P4_Normal	Normal
TCGATATTCCAGAACGAACGGGAA.1_3|P4_Normal	Normal
TCGATATTCCAGATAAACTTTAGG.1_1|P4_Normal	Normal
TCGATGACAACATGATACTTTAGG.1_1|P4_Normal	Normal
TCGATGACACTCCCTTACTTTAGG.1_2|P4_Normal	Normal
TCGATGACATCATCACAACGGGAA.1_3|P4_Normal	Normal
TCGCATTCAACCGTGGAACGGGAA.1_3|P4_Normal	Normal_holdout
TCGCATTCATCGATAGACTTTAGG.1_2|P4_Normal	Normal
TCGCCTCTCACACAAAAACGGGAA.1_3|P4_Normal	Normal
TCGCCTCTCATGAGGTACTTTAGG.1_1|P4_Normal	Normal
TCGCCTCTCATGGAACACTTTAGG.1_2|P4_Normal	Normal_holdout
TCGCCTCTCCAACTTGAACGGGAA.1_3|P4_Normal	Normal_holdout
TCGCCTCTCTAAATCCACTTTAGG.1_1|P4_Normal	Normal
TCGCGCATCAAGTTTCACTTTAGG.1_2|P4_Normal	Normal
TCGCGCATCATCCCAAAACGGGAA.1_3|P4_Normal	Normal
TCGCGCATCATCCCAAACTTTAGG.1_2|P4_Normal	Normal
TCGCGCATCCAAAGGTACTTTAGG.1_2|P4_Normal	Normal
TCGCGCATCGCTCAACACTTTAGG.1_1|P4_Normal	Normal
TCGCGCATCGGTAAACACTTTAGG.1_1|P4_Normal	Normal
TCGCGCATCGTAAAGCACTTTAGG.1_2|P4_Normal	Normal
TCGCGCATCTATTGGTACTTTAGG.1_2|P4_Normal	Normal
TCGCGCTCACATTGAGACTTTAGG.1_2|P4_Normal	Normal
TCGCGCTCATGTGGGTACTTTAGG.1_1|P4_Normal	Normal
TCGCTCGAGCGCTCCAACTTTAGG.1_1|P4_Normal	Normal
TCGCTCGAGGGTTGCAACTTTAGG.1_1|P4_Normal	Normal
TCGCTTGCAACAAAGAAACGGGAA.1_3|P4_Normal	Normal
TCGCTTGCACCTACTGAACGGGAA.1_3|P4_Normal	Normal
TCGGCCATCAACTTGTAACGGGAA.1_3|P4_Normal	Normal
TCGGCCATCCGCACCAAACGGGAA.1_3|P4_Normal	Normal
TCGGCCATCGCAGGACAACGGGAA.1_3|P4_Normal	Normal
TCGGCCATCGTAGTTTACTTTAGG.1_1|P4_Normal	Normal
TCGGCCATCTGGCTACACTTTAGG.1_1|P4_Normal	Normal
TCGGCTAGTCAATTGCACTTTAGG.1_1|P4_Normal	Normal
TCGGCTAGTCACAGAAAACGGGAA.1_3|P4_Normal	Normal
TCGGCTAGTCGCAATTACTTTAGG.1_2|P4_Normal	Normal_holdout
TCGGCTAGTGGTTCTGAACGGGAA.1_3|P4_Normal	Normal
TCGGTTATCACAGGGCACTTTAGG.1_2|P4_Normal	Normal
TCGGTTATCACTTGATAACGGGAA.1_3|P4_Normal	Normal
TCGGTTATCGCCTAGTACTTTAGG.1_2|P4_Normal	Normal
TCGTCAATCCCAGACTACTTTAGG.1_2|P4_Normal	Normal
TCGTCAATCTAACCATACTTTAGG.1_2|P4_Normal	Normal
TCGTCAATCTATCGGCAACGGGAA.1_3|P4_Normal	Normal
TCGTCCCTCACAAACAAACGGGAA.1_3|P4_Normal	Normal
TCGTCCCTCCGTTAGCACTTTAGG.1_2|P4_Normal	Normal
TCGTCCCTCCTAAATCACTTTAGG.1_1|P4_Normal	Normal
TCGTTAAGTGTCCTTCAACGGGAA.1_3|P4_Normal	Normal_holdout
TCGTTAAGTTACTTCTAACGGGAA.1_3|P4_Normal	Normal
TCGTTATAGAATGGGAACTTTAGG.1_2|P4_Normal	Normal
TCGTTATAGATTGCAAAACGGGAA.1_3|P4_Normal	Normal_holdout
TCGTTATAGGGTTGCAACTTTAGG.1_2|P4_Normal	Normal
TCGTTCGCACAACAATACTTTAGG.1_1|P4_Normal	Normal
TCGTTCGCACCAGCCTACTTTAGG.1_2|P4_Normal	Normal
TCGTTGCAGACCATGGAACGGGAA.1_3|P4_Normal	Normal
TCGTTGCAGATTCGTTACTTTAGG.1_1|P4_Normal	Normal
TCGTTGCAGGGAGGATAACGGGAA.1_3|P4_Normal	Normal
TCGTTGCAGTAGCGCAACTTTAGG.1_2|P4_Normal	Normal
TCTAACCCAAAGGTAAAACGGGAA.1_3|P4_Normal	Normal
TCTAACCCAATGAAGAACTTTAGG.1_2|P4_Normal	Normal
TCTAACTAGGCTTTATAACGGGAA.1_3|P4_Normal	Normal
TCTAACTAGTTTCCAGACTTTAGG.1_1|P4_Normal	Normal
TCTAAGTTCACTCGCGACTTTAGG.1_2|P4_Normal	Normal
TCTAAGTTCCGGATAGACTTTAGG.1_2|P4_Normal	Normal
TCTAAGTTCTGGAACGAACGGGAA.1_3|P4_Normal	Normal_holdout
TCTAATCAGGTTATGAACTTTAGG.1_2|P4_Normal	Normal
TCTAATCAGGTTCATTACTTTAGG.1_2|P4_Normal	Normal
TCTAATCAGTGAATCAACTTTAGG.1_2|P4_Normal	Normal
TCTAATCAGTTGCGCTAACGGGAA.1_3|P4_Normal	Normal
TCTAATGGTATTTGTGAACGGGAA.1_3|P4_Normal	Normal
TCTAATGGTCAAAGGCACTTTAGG.1_2|P4_Normal	Normal
TCTAATGGTGCTCCAAACTTTAGG.1_2|P4_Normal	Normal_holdout
TCTAATGGTTAGTAGGACTTTAGG.1_1|P4_Normal	Normal
TCTAATGGTTCTTACTACTTTAGG.1_1|P4_Normal	Normal
TCTACCTTCAACCTATACTTTAGG.1_1|P4_Normal	Normal
TCTACCTTCAATTGGAACTTTAGG.1_2|P4_Normal	Normal
TCTACCTTCCCTCTCAACTTTAGG.1_1|P4_Normal	Normal
TCTAGTTAGATAGCCGACTTTAGG.1_1|P4_Normal	Normal_holdout
TCTAGTTAGGTCACAGAACGGGAA.1_3|P4_Normal	Normal
TCTATCGAGAGCAAGAACTTTAGG.1_1|P4_Normal	Normal
TCTATCGAGCCTAAGGACTTTAGG.1_2|P4_Normal	Normal
TCTATCGAGCGCTTACAACGGGAA.1_3|P4_Normal	Normal
TCTATCGAGCTGGGTAAACGGGAA.1_3|P4_Normal	Normal
TCTATCGAGTCGTTCAAACGGGAA.1_3|P4_Normal	Normal
TCTATCGAGTCGTTCAACTTTAGG.1_2|P4_Normal	Normal
TCTATCGAGTTGCAGGAACGGGAA.1_3|P4_Normal	Normal
TCTATCGAGTTGGCCTAACGGGAA.1_3|P4_Normal	Normal
TCTATCTGTAGCCACCACTTTAGG.1_2|P4_Normal	Normal
TCTATGAGTAATTGCCAACGGGAA.1_3|P4_Normal	Normal
TCTATGAGTGTTTCGGACTTTAGG.1_2|P4_Normal	Normal
TCTATGAGTTGGCGAGAACGGGAA.1_3|P4_Normal	Normal
TCTATGAGTTGGGTTTAACGGGAA.1_3|P4_Normal	Normal
TCTATTGCAAAGACCCAACGGGAA.1_3|P4_Normal	Normal
TCTATTGCAAAGACCCACTTTAGG.1_2|P4_Normal	Normal_holdout
TCTATTGCAATAGAAGAACGGGAA.1_3|P4_Normal	Normal
TCTATTGCACTTAACCACTTTAGG.1_1|P4_Normal	Normal
TCTATTGCAGCCATTTAACGGGAA.1_3|P4_Normal	Normal_holdout
TCTATTGCAGCTAGACACTTTAGG.1_2|P4_Normal	Normal
TCTATTGCATAAGTCGACTTTAGG.1_1|P4_Normal	Normal
TCTATTGCATCACGCCACTTTAGG.1_1|P4_Normal	Normal
TCTCAATAGCGAGGGAAACGGGAA.1_3|P4_Normal	Normal
TCTCGCCTCAAAGGCTAACGGGAA.1_3|P4_Normal	Normal_holdout
TCTCGCCTCACATTACACTTTAGG.1_2|P4_Normal	Normal
TCTCGCCTCAGGGCACACTTTAGG.1_1|P4_Normal	Normal
TCTCGCCTCCCATAATACTTTAGG.1_2|P4_Normal	Normal
TCTCGCCTCGATGAACACTTTAGG.1_1|P4_Normal	Normal_holdout
TCTCGCCTCTATTGGTAACGGGAA.1_3|P4_Normal	Normal
TCTCTATGTGACACAAACTTTAGG.1_1|P4_Normal	Normal
TCTCTATGTTGCACTGAACGGGAA.1_3|P4_Normal	Normal
TCTGCCACAATATGCGACTTTAGG.1_2|P4_Normal	Normal
TCTGCCACAGGCTGTGACTTTAGG.1_2|P4_Normal	Normal
TCTGCCACATTTGTTGACTTTAGG.1_2|P4_Normal	Normal
TCTGGAACACAATGGCAACGGGAA.1_3|P4_Normal	Normal
TCTGGAACACAGCCAGACTTTAGG.1_1|P4_Normal	Normal
TCTGGAACACCTAAGAAACGGGAA.1_3|P4_Normal	Normal
TCTGGAACATTTCATGAACGGGAA.1_3|P4_Normal	Normal
TCTGGCCCAAGTTAACAACGGGAA.1_3|P4_Normal	Normal
TCTGGCCCACAATCGAACTTTAGG.1_1|P4_Normal	Normal
TCTGGCCCAGCTTAAGACTTTAGG.1_2|P4_Normal	Normal
TCTGGGCGTCGCAATTAACGGGAA.1_3|P4_Normal	Normal_holdout
TCTGTAAGTACCTCAGAACGGGAA.1_3|P4_Normal	Normal
TCTGTAAGTCATCATAAACGGGAA.1_3|P4_Normal	Normal
TCTGTAAGTCCTCATCACTTTAGG.1_2|P4_Normal	Normal
TCTGTAAGTTAGACTCACTTTAGG.1_2|P4_Normal	Normal
TCTGTGATCAGCACCTACTTTAGG.1_1|P4_Normal	Normal
TCTGTGCAGAAGCATCAACGGGAA.1_3|P4_Normal	Normal
TCTGTGCAGTCGCATCAACGGGAA.1_3|P4_Normal	Normal
TCTGTGCAGTGCCCTGAACGGGAA.1_3|P4_Normal	Normal
TCTTAAGGTATGTTGCACTTTAGG.1_1|P4_Normal	Normal
TCTTAAGGTCACCAGCACTTTAGG.1_1|P4_Normal	Normal_holdout
TCTTAAGGTCAGGATAACTTTAGG.1_2|P4_Normal	Normal
TCTTAAGGTTCATTAGACTTTAGG.1_1|P4_Normal	Normal
TCTTAAGGTTTGTCAAACTTTAGG.1_1|P4_Normal	Normal
TCTTACTGTCCATCAGACTTTAGG.1_1|P4_Normal	Normal
TCTTACTGTTAGTAGGACTTTAGG.1_2|P4_Normal	Normal
TCTTACTGTTAGTGGAAACGGGAA.1_3|P4_Normal	Normal
TCTTACTGTTTGCATAACTTTAGG.1_2|P4_Normal	Normal
TCTTAGGTCACCACACACTTTAGG.1_2|P4_Normal	Normal_holdout
TCTTAGGTCGACTTGCAACGGGAA.1_3|P4_Normal	Normal
TCTTCATGTCCAATACAACGGGAA.1_3|P4_Normal	Normal_holdout
TCTTCATGTCCTGAGCAACGGGAA.1_3|P4_Normal	Normal
TCTTCATGTTCACTCCACTTTAGG.1_2|P4_Normal	Normal
TCTTCATGTTGCTGTGAACGGGAA.1_3|P4_Normal	Normal
TCTTGACCACAAGCGTACTTTAGG.1_1|P4_Normal	Normal
TCTTGACCACAATCGAACTTTAGG.1_2|P4_Normal	Normal
TCTTGACCACCACAAAACTTTAGG.1_2|P4_Normal	Normal
TCTTGACCAGTGAGAGACTTTAGG.1_2|P4_Normal	Normal
TCTTGCTTCATGAATGACTTTAGG.1_1|P4_Normal	Normal
TCTTGCTTCCGGCTCAACTTTAGG.1_1|P4_Normal	Normal
TCTTGGATCTGCAACCAACGGGAA.1_3|P4_Normal	Normal
TCTTTAGCAATGTGGCAACGGGAA.1_3|P4_Normal	Normal
TCTTTAGCATCAGGTAACTTTAGG.1_2|P4_Normal	Normal
TCTTTAGCATCTATGCAACGGGAA.1_3|P4_Normal	Normal
TCTTTGGAGAAGGTTCAACGGGAA.1_3|P4_Normal	Normal_holdout
TCTTTGGAGGACTTGGACTTTAGG.1_2|P4_Normal	Normal
TCTTTGGAGTCTATGTAACGGGAA.1_3|P4_Normal	Normal
TCTTTGGAGTTATCCGACTTTAGG.1_1|P4_Normal	Normal
TCTTTGTGTGCGGCAAACTTTAGG.1_1|P4_Normal	Normal
TGAAACTCAATAAGCTAACGGGAA.1_3|P4_Normal	Normal
TGAAACTCAATTGAACACTTTAGG.1_2|P4_Normal	Normal
TGAAACTCAGTTAAACACTTTAGG.1_2|P4_Normal	Normal
TGAAACTCATTGTACCACTTTAGG.1_1|P4_Normal	Normal
TGAAAGGAGAGGAGGTACTTTAGG.1_1|P4_Normal	Normal
TGAAAGGAGCATCCCGACTTTAGG.1_1|P4_Normal	Normal
TGAAAGGAGGCTAGATACTTTAGG.1_1|P4_Normal	Normal
TGAACAGGTAAACTGGAACGGGAA.1_3|P4_Normal	Normal
TGAACAGGTCAGTGCCAACGGGAA.1_3|P4_Normal	Normal
TGAACCACAACCGTGGACTTTAGG.1_2|P4_Normal	Normal
TGAACCACACATGAATAACGGGAA.1_3|P4_Normal	Normal
TGAACCACAGGCTATAAACGGGAA.1_3|P4_Normal	Normal_holdout
TGAACCTGTCATTATGACTTTAGG.1_2|P4_Normal	Normal
TGAAGGAAGCCCTTGGACTTTAGG.1_1|P4_Normal	Normal
TGAAGGAAGTTACATCAACGGGAA.1_3|P4_Normal	Normal
TGAATAGTCAATGTTCAACGGGAA.1_3|P4_Normal	Normal
TGAATAGTCAATGTTCACTTTAGG.1_2|P4_Normal	Normal
TGAATAGTCACAGCCTAACGGGAA.1_3|P4_Normal	Normal
TGAATAGTCAGGCATGACTTTAGG.1_1|P4_Normal	Normal_holdout
TGAATAGTCGCTTCAAAACGGGAA.1_3|P4_Normal	Normal
TGAATCGCAAACACGCACTTTAGG.1_1|P4_Normal	Normal
TGAATCGCACGTTACTACTTTAGG.1_1|P4_Normal	Normal
TGAATCGCACTCAAAGACTTTAGG.1_2|P4_Normal	Normal_holdout
TGAATCGCAGCACGTGACTTTAGG.1_1|P4_Normal	Normal
TGAATCGCAGTGAGAGACTTTAGG.1_1|P4_Normal	Normal
TGAATCGCATACTGAGAACGGGAA.1_3|P4_Normal	Normal
TGAATCTTCAAGTTAGACTTTAGG.1_2|P4_Normal	Normal
TGAATCTTCACTCGCGAACGGGAA.1_3|P4_Normal	Normal
TGAATCTTCATCACATACTTTAGG.1_2|P4_Normal	Normal
TGAATCTTCCGGATAGACTTTAGG.1_1|P4_Normal	Normal
TGAATCTTCGGTACAGACTTTAGG.1_2|P4_Normal	Normal
TGAATGTCAACAGCTAACTTTAGG.1_2|P4_Normal	Normal
TGAATGTCATTTGTTGACTTTAGG.1_2|P4_Normal	Normal
TGACAACAGGCCCATTACTTTAGG.1_2|P4_Normal	Normal
TGACATAAGCAATCCCACTTTAGG.1_1|P4_Normal	Normal_holdout
TGACATAAGGACACGCAACGGGAA.1_3|P4_Normal	Normal
TGACATAAGGAGGCCTACTTTAGG.1_2|P4_Normal	Normal
TGACATAAGTCATCATACTTTAGG.1_2|P4_Normal	Normal
TGACATAAGTTACCTGAACGGGAA.1_3|P4_Normal	Normal
TGACATGCATCGAACAACTTTAGG.1_2|P4_Normal	Normal
TGACCTATCAAACCGGAACGGGAA.1_3|P4_Normal	Normal
TGACCTATCACAAAGCAACGGGAA.1_3|P4_Normal	Normal
TGACCTATCCCTCATTACTTTAGG.1_2|P4_Normal	Normal
TGACCTGGTCCCTCATAACGGGAA.1_3|P4_Normal	Normal
TGACCTGGTGATGCAAACTTTAGG.1_2|P4_Normal	Normal
TGACCTGGTTTCCTGCACTTTAGG.1_2|P4_Normal	Normal
TGACCTTCAAGTGGCTACTTTAGG.1_2|P4_Normal	Normal
TGACCTTCAATGGCCGACTTTAGG.1_2|P4_Normal	Normal
TGACGAAGTTCCGTGAACTTTAGG.1_1|P4_Normal	Normal
TGACGAAGTTTGAGCTAACGGGAA.1_3|P4_Normal	Normal
TGACGAAGTTTGGCCAAACGGGAA.1_3|P4_Normal	Normal_holdout
TGACGGATCAAACCGGACTTTAGG.1_1|P4_Normal	Normal
TGACGGATCAACATTCAACGGGAA.1_3|P4_Normal	Normal
TGACGGATCAATCCTGAACGGGAA.1_3|P4_Normal	Normal
TGACGGATCTTCGCTTACTTTAGG.1_1|P4_Normal	Normal
TGACGTACAGTTATCCACTTTAGG.1_2|P4_Normal	Normal_holdout
TGACTACGTCAACAAGAACGGGAA.1_3|P4_Normal	Normal
TGAGACTAGAGGCGAGACTTTAGG.1_2|P4_Normal	Normal
TGAGACTAGCAACATAAACGGGAA.1_3|P4_Normal	Normal_holdout
TGAGACTAGCCTATATACTTTAGG.1_2|P4_Normal	Normal_holdout
TGAGACTAGGATGTTAACTTTAGG.1_2|P4_Normal	Normal_holdout
TGAGACTAGGCCTCTGACTTTAGG.1_2|P4_Normal	Normal
TGAGACTAGTAAACCAACTTTAGG.1_2|P4_Normal	Normal
TGAGACTAGTAAGCTAACTTTAGG.1_2|P4_Normal	Normal
TGAGACTAGTCTATGTACTTTAGG.1_2|P4_Normal	Normal
TGAGACTAGTGTGAGTAACGGGAA.1_3|P4_Normal	Normal_holdout
TGAGCGATCCCATTGAACTTTAGG.1_1|P4_Normal	Normal
TGAGCGATCGCCACATACTTTAGG.1_1|P4_Normal	Normal
TGAGCGATCTGCAACCACTTTAGG.1_2|P4_Normal	Normal
TGAGCGGGTAATGCGAACTTTAGG.1_1|P4_Normal	Normal
TGAGCGGGTAATGCGAACTTTAGG.1_2|P4_Normal	Normal
TGAGCGGGTGAACGACAACGGGAA.1_3|P4_Normal	Normal
TGAGCGGGTGCTCCAAACTTTAGG.1_1|P4_Normal	Normal
TGAGCTTGTCAAGCTTAACGGGAA.1_3|P4_Normal	Normal
TGAGCTTGTGTGTCGCACTTTAGG.1_1|P4_Normal	Normal
TGAGGCGGTAAACTGGAACGGGAA.1_3|P4_Normal	Normal
TGAGGCGGTCAAAGATACTTTAGG.1_1|P4_Normal	Normal
TGAGGCGGTCCGCTAAAACGGGAA.1_3|P4_Normal	Normal
TGAGGTAGTCACTAGTACTTTAGG.1_1|P4_Normal	Normal
TGAGGTAGTCCGTGACACTTTAGG.1_1|P4_Normal	Normal_holdout
TGAGGTAGTTAAGCCTACTTTAGG.1_2|P4_Normal	Normal
TGAGGTAGTTTGTCCCAACGGGAA.1_3|P4_Normal	Normal_holdout
TGAGGTCCAAGGCGTTACTTTAGG.1_1|P4_Normal	Normal_holdout
TGAGGTCCATTAGCGAAACGGGAA.1_3|P4_Normal	Normal
TGAGGTCCATTGTGAGAACGGGAA.1_3|P4_Normal	Normal
TGAGTCGAGGACACGCACTTTAGG.1_2|P4_Normal	Normal
TGAGTCTGTAACTTGCAACGGGAA.1_3|P4_Normal	Normal
TGAGTCTGTAGCCCGTACTTTAGG.1_1|P4_Normal	Normal
TGAGTCTGTCACTATAAACGGGAA.1_3|P4_Normal	Normal
TGAGTCTGTGGAAGCTACTTTAGG.1_2|P4_Normal	Normal
TGAGTGAGTACCTAGTAACGGGAA.1_3|P4_Normal	Normal
TGAGTGAGTGATTACCACTTTAGG.1_2|P4_Normal	Normal
TGATCTTAGATGCTAAACTTTAGG.1_2|P4_Normal	Normal
TGATCTTAGCGCCTTGAACGGGAA.1_3|P4_Normal	Normal_holdout
TGATCTTAGGGCGGTTACTTTAGG.1_2|P4_Normal	Normal_holdout
TGATGGCCATAGTCAGAACGGGAA.1_3|P4_Normal	Normal
TGATGGCCATTACTTGACTTTAGG.1_2|P4_Normal	Normal
TGATTACTCCATAACTACTTTAGG.1_2|P4_Normal	Normal
TGATTACTCCGAAAGTACTTTAGG.1_1|P4_Normal	Normal_holdout
TGATTACTCGTCCATAACTTTAGG.1_1|P4_Normal	Normal_holdout
TGATTCAGTAACGTGAAACGGGAA.1_3|P4_Normal	Normal
TGATTCAGTCCTTCGTAACGGGAA.1_3|P4_Normal	Normal
TGATTCAGTTAACGTCACTTTAGG.1_2|P4_Normal	Normal_holdout
TGATTCAGTTACTCCCAACGGGAA.1_3|P4_Normal	Normal
TGATTCAGTTTGTTTCACTTTAGG.1_2|P4_Normal	Normal_holdout
TGATTGCGTACTTACAACTTTAGG.1_1|P4_Normal	Normal
TGATTGCGTATGGTCTACTTTAGG.1_1|P4_Normal	Normal
TGATTGCGTATTGGGAACTTTAGG.1_1|P4_Normal	Normal_holdout
TGATTGTTCAATCGCCACTTTAGG.1_1|P4_Normal	Normal
TGATTGTTCACCAGCTACTTTAGG.1_1|P4_Normal	Normal
TGATTGTTCAGTCTATAACGGGAA.1_3|P4_Normal	Normal
TGATTGTTCGATATGAAACGGGAA.1_3|P4_Normal	Normal
TGATTGTTCGGTAATAAACGGGAA.1_3|P4_Normal	Normal_holdout
TGATTGTTCGTTAGGGAACGGGAA.1_3|P4_Normal	Normal
TGATTGTTCTAGCCTAACTTTAGG.1_1|P4_Normal	Normal
TGATTTGGTAATGTCCACTTTAGG.1_2|P4_Normal	Normal
TGATTTGGTACGTCCAACTTTAGG.1_1|P4_Normal	Normal_holdout
TGATTTGGTTATGTGCACTTTAGG.1_2|P4_Normal	Normal
TGCAAATCAAACCCAAACTTTAGG.1_2|P4_Normal	Normal
TGCAAATCAACCGGATAACGGGAA.1_3|P4_Normal	Normal
TGCAAATCAAGTAAGAACTTTAGG.1_2|P4_Normal	Normal
TGCAAATCAATATGGTAACGGGAA.1_3|P4_Normal	Normal
TGCAAATCACCAACAAACTTTAGG.1_2|P4_Normal	Normal
TGCAAATCAGGAATAAACTTTAGG.1_2|P4_Normal	Normal
TGCAAATCATGTGGCGAACGGGAA.1_3|P4_Normal	Normal
TGCAAGCCAAATAGGAACTTTAGG.1_2|P4_Normal	Normal
TGCAATAAGAGGATAGACTTTAGG.1_1|P4_Normal	Normal
TGCAATAAGGATGTTAAACGGGAA.1_3|P4_Normal	Normal
TGCAATAAGGGAGGCAACTTTAGG.1_1|P4_Normal	Normal
TGCAATAAGTCGAAACACTTTAGG.1_1|P4_Normal	Normal
TGCACACTCAAGCGATACTTTAGG.1_1|P4_Normal	Normal
TGCACACTCATGTCATACTTTAGG.1_2|P4_Normal	Normal
TGCACACTCCCAGTACAACGGGAA.1_3|P4_Normal	Normal
TGCACACTCCCAGTACACTTTAGG.1_2|P4_Normal	Normal
TGCACACTCCGCCCAAACTTTAGG.1_2|P4_Normal	Normal
TGCACACTCCTCACGGACTTTAGG.1_2|P4_Normal	Normal
TGCACACTCGTTAGGGAACGGGAA.1_3|P4_Normal	Normal
TGCACACTCTTTAAGCACTTTAGG.1_1|P4_Normal	Normal
TGCACGTTCGCCTAGTACTTTAGG.1_2|P4_Normal	Normal
TGCACGTTCTAATCACACTTTAGG.1_2|P4_Normal	Normal
TGCAGCAAGCATCTATAACGGGAA.1_3|P4_Normal	Normal
TGCAGCAAGGAAGGTAAACGGGAA.1_3|P4_Normal	Normal
TGCAGGTCAAATAACCAACGGGAA.1_3|P4_Normal	Normal_holdout
TGCAGGTCAAATCACGACTTTAGG.1_2|P4_Normal	Normal
TGCAGGTCACGGGCTAACTTTAGG.1_2|P4_Normal	Normal_holdout
TGCAGGTCACTGACAAAACGGGAA.1_3|P4_Normal	Normal_holdout
TGCAGGTCAGTAAGGGACTTTAGG.1_2|P4_Normal	Normal
TGCATCCAGTGCAACGAACGGGAA.1_3|P4_Normal	Normal
TGCATGACAAGTTGCAACTTTAGG.1_1|P4_Normal	Normal
TGCATGACAATCAAGTACTTTAGG.1_2|P4_Normal	Normal
TGCATGACACACCCACACTTTAGG.1_2|P4_Normal	Normal
TGCATGACATACTTGCAACGGGAA.1_3|P4_Normal	Normal_holdout
TGCATTAGTGAACCAAACTTTAGG.1_1|P4_Normal	Normal
TGCATTAGTGGTTAAGACTTTAGG.1_2|P4_Normal	Normal
TGCCCATAGGTTGTAAAACGGGAA.1_3|P4_Normal	Normal
TGCCCATAGTAGCGCAAACGGGAA.1_3|P4_Normal	Normal
TGCCCTGAGCCTCTAAAACGGGAA.1_3|P4_Normal	Normal
TGCCCTGAGTCATTCGACTTTAGG.1_2|P4_Normal	Normal
TGCCGGTGTACGTTCGACTTTAGG.1_2|P4_Normal	Normal
TGCCGGTGTTTCCACCACTTTAGG.1_1|P4_Normal	Normal
TGCCTTAAGGTTGGGCACTTTAGG.1_2|P4_Normal	Normal
TGCCTTAAGTATGGGTAACGGGAA.1_3|P4_Normal	Normal
TGCGATACAAGCTAATACTTTAGG.1_2|P4_Normal	Normal_holdout
TGCGATACAAGTTAACACTTTAGG.1_2|P4_Normal	Normal
TGCGATACACTATGGAAACGGGAA.1_3|P4_Normal	Normal
TGCGATACAGGATCCGACTTTAGG.1_2|P4_Normal	Normal
TGCGCAGCAAATAAGGACTTTAGG.1_2|P4_Normal	Normal
TGCGCAGCAAGCGAAGAACGGGAA.1_3|P4_Normal	Normal
TGCGCATTCAATCGCCAACGGGAA.1_3|P4_Normal	Normal
TGCGCATTCAGGGATTACTTTAGG.1_1|P4_Normal	Normal
TGCGCATTCGCAGCAAACTTTAGG.1_2|P4_Normal	Normal
TGCGCATTCGGTAAGTACTTTAGG.1_1|P4_Normal	Normal
TGCGCCATCACAGATAACTTTAGG.1_1|P4_Normal	Normal_holdout
TGCGCCATCAGGTCGAAACGGGAA.1_3|P4_Normal	Normal
TGCGCCATCTGTCAGCACTTTAGG.1_2|P4_Normal	Normal
TGCGCCTCAATGGGAGAACGGGAA.1_3|P4_Normal	Normal
TGCGCCTCATCATCACAACGGGAA.1_3|P4_Normal	Normal
TGCGCTAGTACTTCAAACTTTAGG.1_2|P4_Normal	Normal
TGCGCTAGTATTGTCAAACGGGAA.1_3|P4_Normal	Normal
TGCGCTAGTATTTCGAACTTTAGG.1_2|P4_Normal	Normal
TGCGCTAGTTCCTTCAACTTTAGG.1_2|P4_Normal	Normal
TGCGCTTAGATGAACCACTTTAGG.1_1|P4_Normal	Normal
TGCGCTTAGATGCTAAAACGGGAA.1_3|P4_Normal	Normal
TGCGCTTAGTAAGCACACTTTAGG.1_1|P4_Normal	Normal
TGCGCTTAGTCGAAGTAACGGGAA.1_3|P4_Normal	Normal
TGCGCTTAGTTTCGCAACTTTAGG.1_2|P4_Normal	Normal_holdout
TGCGGAATCAAAGGCTACTTTAGG.1_2|P4_Normal	Normal
TGCGGAATCCCGTTCCAACGGGAA.1_3|P4_Normal	Normal
TGCGGAATCTTCAAGTAACGGGAA.1_3|P4_Normal	Normal
TGCGGCTGTAAAGGCCACTTTAGG.1_1|P4_Normal	Normal_holdout
TGCGGCTGTCTTACTTAACGGGAA.1_3|P4_Normal	Normal
TGCGGTTTCAGGCCTTAACGGGAA.1_3|P4_Normal	Normal
TGCGGTTTCCAGAACGACTTTAGG.1_2|P4_Normal	Normal
TGCGGTTTCCTGACTAACTTTAGG.1_2|P4_Normal	Normal
TGCTATTAGCCAAACGAACGGGAA.1_3|P4_Normal	Normal
TGCTATTAGTACCCACAACGGGAA.1_3|P4_Normal	Normal
TGCTATTAGTTAGGGTAACGGGAA.1_3|P4_Normal	Normal
TGCTCCACAGCGATCGACTTTAGG.1_2|P4_Normal	Normal
TGCTCCACAGGTATTGAACGGGAA.1_3|P4_Normal	Normal
TGCTGGTTCAGGCATGAACGGGAA.1_3|P4_Normal	Normal
TGCTGGTTCGCGGAACACTTTAGG.1_2|P4_Normal	Normal
TGCTGGTTCTTGAATCAACGGGAA.1_3|P4_Normal	Normal
TGCTTAAGTAACTTGCAACGGGAA.1_3|P4_Normal	Normal_holdout
TGCTTAAGTGCCCTTTACTTTAGG.1_1|P4_Normal	Normal_holdout
TGCTTGATCACAAAGCAACGGGAA.1_3|P4_Normal	Normal
TGGAAACTCAGGTTAAACTTTAGG.1_2|P4_Normal	Normal
TGGAAACTCCAATGAAACTTTAGG.1_1|P4_Normal	Normal
TGGAAACTCGGTCAAGACTTTAGG.1_2|P4_Normal	Normal
TGGAAACTCTAATCGTACTTTAGG.1_1|P4_Normal	Normal
TGGAAACTCTGGAAACACTTTAGG.1_1|P4_Normal	Normal
TGGAAACTCTTAATGCACTTTAGG.1_2|P4_Normal	Normal
TGGACAAGTAGTAACGACTTTAGG.1_2|P4_Normal	Normal
TGGACAAGTCAATTGCACTTTAGG.1_2|P4_Normal	Normal
TGGACAAGTCATGATCAACGGGAA.1_3|P4_Normal	Normal
TGGACAAGTTAGGCGGAACGGGAA.1_3|P4_Normal	Normal
TGGACAAGTTGGGTTTAACGGGAA.1_3|P4_Normal	Normal
TGGACCAAGTAAAGGGACTTTAGG.1_2|P4_Normal	Normal
TGGACCAAGTGTGCAGACTTTAGG.1_2|P4_Normal	Normal_holdout
TGGATCGAGAAACTCAAACGGGAA.1_3|P4_Normal	Normal
TGGATCGAGACAAGCTACTTTAGG.1_1|P4_Normal	Normal
TGGATCGAGCATCTATAACGGGAA.1_3|P4_Normal	Normal
TGGATCGAGCGCTCCAAACGGGAA.1_3|P4_Normal	Normal
TGGATCGAGGAACTTAAACGGGAA.1_3|P4_Normal	Normal_holdout
TGGATTAAGGCTTATTAACGGGAA.1_3|P4_Normal	Normal
TGGATTCGTCCAATACACTTTAGG.1_1|P4_Normal	Normal
TGGATTCGTCCTTAGGAACGGGAA.1_3|P4_Normal	Normal_holdout
TGGATTCGTGAACGACACTTTAGG.1_1|P4_Normal	Normal
TGGATTCGTGCGTACCACTTTAGG.1_2|P4_Normal	Normal
TGGATTCGTTTCCTCAACTTTAGG.1_1|P4_Normal	Normal
TGGCAATAGACATAGCAACGGGAA.1_3|P4_Normal	Normal
TGGCAATAGACCATGGACTTTAGG.1_1|P4_Normal	Normal
TGGCAATAGCGCTAGAAACGGGAA.1_3|P4_Normal	Normal
TGGCATGAGACAACACACTTTAGG.1_2|P4_Normal	Normal
TGGCATGAGAGCAACTAACGGGAA.1_3|P4_Normal	Normal_holdout
TGGCATGAGTTTGACTACTTTAGG.1_2|P4_Normal	Normal
TGGCCAGCATTTCATGAACGGGAA.1_3|P4_Normal	Normal
TGGCCTTAGACAAGCTACTTTAGG.1_2|P4_Normal	Normal
TGGCCTTAGCAAGTTAACTTTAGG.1_2|P4_Normal	Normal
TGGCGGTAGACCATTTACTTTAGG.1_1|P4_Normal	Normal
TGGCGTGCAATATGCGACTTTAGG.1_2|P4_Normal	Normal
TGGCGTGCACCACATTACTTTAGG.1_2|P4_Normal	Normal
TGGCGTGCACGGTAACACTTTAGG.1_2|P4_Normal	Normal
TGGCGTGCATCCGTCAACTTTAGG.1_2|P4_Normal	Normal
TGGCTACTCAGCACCTACTTTAGG.1_1|P4_Normal	Normal
TGGCTACTCGATGAACACTTTAGG.1_2|P4_Normal	Normal
TGGCTACTCGCGTTCGACTTTAGG.1_2|P4_Normal	Normal
TGGCTACTCTCCATCTAACGGGAA.1_3|P4_Normal	Normal
TGGCTACTCTCTATGGACTTTAGG.1_2|P4_Normal	Normal
TGGCTACTCTTCGCTTAACGGGAA.1_3|P4_Normal	Normal
TGGGACATCCAACAGGACTTTAGG.1_2|P4_Normal	Normal
TGGGACATCTTTAAGCAACGGGAA.1_3|P4_Normal	Normal
TGGGCCACATACTTCAACTTTAGG.1_2|P4_Normal	Normal
TGGGCGTAGACTCCTAACTTTAGG.1_2|P4_Normal	Normal
TGGGCGTAGATGGATCACTTTAGG.1_2|P4_Normal	Normal
TGGGCGTAGCGCTAGAACTTTAGG.1_1|P4_Normal	Normal
TGGGCGTAGCTGGACAAACGGGAA.1_3|P4_Normal	Normal
TGGGCGTAGGAGGCCTACTTTAGG.1_1|P4_Normal	Normal
TGGGTCCGTAACTTGCACTTTAGG.1_1|P4_Normal	Normal
TGGGTCCGTAGCCACCACTTTAGG.1_1|P4_Normal	Normal
TGGGTCCGTCAACTACACTTTAGG.1_2|P4_Normal	Normal
TGGGTCCGTGGGAACTACTTTAGG.1_1|P4_Normal	Normal_holdout
TGGGTCCGTTGCGGCTAACGGGAA.1_3|P4_Normal	Normal
TGGTAAGGTACAAAGTAACGGGAA.1_3|P4_Normal	Normal_holdout
TGGTAAGGTTTACGACACTTTAGG.1_2|P4_Normal	Normal
TGGTAATCAATAAGGAACTTTAGG.1_2|P4_Normal	Normal
TGGTAATCACATAAGTAACGGGAA.1_3|P4_Normal	Normal_holdout
TGGTAATCAGGTGACTACTTTAGG.1_2|P4_Normal	Normal
TGGTAATCATAGGCGTAACGGGAA.1_3|P4_Normal	Normal
TGGTAATCATCTATGCACTTTAGG.1_1|P4_Normal	Normal_holdout
TGGTAGTAGCTTACCAAACGGGAA.1_3|P4_Normal	Normal_holdout
TGGTAGTAGGAAGCCCAACGGGAA.1_3|P4_Normal	Normal
TGGTAGTAGGTTAGTAAACGGGAA.1_3|P4_Normal	Normal
TGGTAGTAGGTTATCTACTTTAGG.1_2|P4_Normal	Normal
TGGTCAACAAACGGTCAACGGGAA.1_3|P4_Normal	Normal
TGGTCAACAATAGAAGACTTTAGG.1_1|P4_Normal	Normal
TGGTCAACATCGTTCGACTTTAGG.1_2|P4_Normal	Normal
TGGTCTATCACGAACGAACGGGAA.1_3|P4_Normal	Normal
TGGTCTATCCATAAAGACTTTAGG.1_2|P4_Normal	Normal_holdout
TGGTGAAGTTGGAGCGACTTTAGG.1_1|P4_Normal	Normal
TGGTGAGTCCACAACCACTTTAGG.1_2|P4_Normal	Normal_holdout
TGGTGAGTCGACCGTTACTTTAGG.1_2|P4_Normal	Normal
TGGTGAGTCTTGATCGACTTTAGG.1_2|P4_Normal	Normal
TGGTGCGCAACCATTCACTTTAGG.1_2|P4_Normal	Normal_holdout
TGGTGCGCAACTGTTCACTTTAGG.1_1|P4_Normal	Normal
TGGTGCGCAAGGAATAACTTTAGG.1_2|P4_Normal	Normal
TGGTGCGCACATACCTACTTTAGG.1_2|P4_Normal	Normal
TGGTGCGCACTCCCAAACTTTAGG.1_1|P4_Normal	Normal
TGGTGCGCATGCCTCAACTTTAGG.1_2|P4_Normal	Normal
TGGTGCTTCTAACCTGAACGGGAA.1_3|P4_Normal	Normal_holdout
TGGTGCTTCTAGCCTAACTTTAGG.1_2|P4_Normal	Normal
TGGTGTGAGGAACCATACTTTAGG.1_2|P4_Normal	Normal
TGGTGTGAGGCACAATAACGGGAA.1_3|P4_Normal	Normal_holdout
TGGTGTGAGTCAATAGACTTTAGG.1_2|P4_Normal	Normal_holdout
TGGTTAAAGATTCGTTACTTTAGG.1_1|P4_Normal	Normal
TGGTTAAAGCAAGACTAACGGGAA.1_3|P4_Normal	Normal_holdout
TGGTTAAAGTGAGGAAAACGGGAA.1_3|P4_Normal	Normal
TGGTTACGTCTACCAGAACGGGAA.1_3|P4_Normal	Normal
TGGTTACGTTAGTGAGAACGGGAA.1_3|P4_Normal	Normal
TGGTTAGCACAGCAACACTTTAGG.1_1|P4_Normal	Normal
TGGTTAGCACATAAGTACTTTAGG.1_2|P4_Normal	Normal
TGGTTAGCATAGCCGGACTTTAGG.1_1|P4_Normal	Normal_holdout
TGGTTCATCACCTAATACTTTAGG.1_1|P4_Normal	Normal
TGGTTCATCCATAACTACTTTAGG.1_1|P4_Normal	Normal
TGGTTCATCTCCATCTACTTTAGG.1_2|P4_Normal	Normal
TGGTTCATCTCTATGGAACGGGAA.1_3|P4_Normal	Normal
TGGTTTAGTCACAGGGACTTTAGG.1_1|P4_Normal	Normal
TGGTTTAGTGGAAGCTACTTTAGG.1_1|P4_Normal	Normal
TGGTTTAGTTAGCATCAACGGGAA.1_3|P4_Normal	Normal
TGGTTTGTCAGCATGGACTTTAGG.1_2|P4_Normal	Normal
TGGTTTGTCATAGGTAACTTTAGG.1_2|P4_Normal	Normal
TGGTTTGTCCAACAGGACTTTAGG.1_1|P4_Normal	Normal_holdout
TGGTTTGTCTAACTACACTTTAGG.1_2|P4_Normal	Normal
TGTAACCGTATTCGGTACTTTAGG.1_1|P4_Normal	Normal
TGTAACTTCAATGGGTAACGGGAA.1_3|P4_Normal	Normal
TGTAACTTCATCAGCCAACGGGAA.1_3|P4_Normal	Normal
TGTAACTTCATCAGCCACTTTAGG.1_2|P4_Normal	Normal
TGTAACTTCCATCCTTAACGGGAA.1_3|P4_Normal	Normal
TGTAACTTCGTCAATTACTTTAGG.1_1|P4_Normal	Normal
TGTAAGTCACCTAACTAACGGGAA.1_3|P4_Normal	Normal
TGTAAGTCAGATTGCAACTTTAGG.1_1|P4_Normal	Normal
TGTAAGTCAGGCTATAAACGGGAA.1_3|P4_Normal	Normal
TGTAAGTCATACTTCAACTTTAGG.1_2|P4_Normal	Normal
TGTAATGAGAGGTTTAACTTTAGG.1_2|P4_Normal	Normal_holdout
TGTAATGAGCCATAAAACTTTAGG.1_2|P4_Normal	Normal
TGTAATGAGTAACGGTAACGGGAA.1_3|P4_Normal	Normal
TGTACCGGTTGCGCTAACTTTAGG.1_1|P4_Normal	Normal
TGTACCGGTTTGCAACAACGGGAA.1_3|P4_Normal	Normal_holdout
TGTACCTCAAGTTAACAACGGGAA.1_3|P4_Normal	Normal
TGTACCTCATTAGCGAACTTTAGG.1_1|P4_Normal	Normal
TGTATTGGTGCTGATTACTTTAGG.1_1|P4_Normal	Normal_holdout
TGTATTGGTGTTAGTCAACGGGAA.1_3|P4_Normal	Normal
TGTATTGGTTCGATGTAACGGGAA.1_3|P4_Normal	Normal
TGTCAGGAGATATTGGACTTTAGG.1_2|P4_Normal	Normal
TGTCAGGAGCCATAAAAACGGGAA.1_3|P4_Normal	Normal_holdout
TGTCAGGAGCTATTACACTTTAGG.1_1|P4_Normal	Normal
TGTCAGGAGGCTTAAAACTTTAGG.1_2|P4_Normal	Normal
TGTCAGGAGTTATTGCACTTTAGG.1_2|P4_Normal	Normal
TGTCAGGAGTTTCCAGACTTTAGG.1_2|P4_Normal	Normal
TGTCATCCAAATGACTACTTTAGG.1_2|P4_Normal	Normal
TGTCATCCAAGAACAAAACGGGAA.1_3|P4_Normal	Normal
TGTCATCCAAGCTAATAACGGGAA.1_3|P4_Normal	Normal
TGTCATCCACTTCGATAACGGGAA.1_3|P4_Normal	Normal
TGTCATCCATCATGTCAACGGGAA.1_3|P4_Normal	Normal
TGTCATCCATCATGTCACTTTAGG.1_2|P4_Normal	Normal
TGTCATCCATTGACTCAACGGGAA.1_3|P4_Normal	Normal
TGTCCAGGTATTGCGTAACGGGAA.1_3|P4_Normal	Normal_holdout
TGTCCAGGTGCTGAAAACTTTAGG.1_2|P4_Normal	Normal
TGTCCAGGTGGTTCGCACTTTAGG.1_2|P4_Normal	Normal
TGTCCAGGTTAACCACAACGGGAA.1_3|P4_Normal	Normal
TGTCCAGGTTTCCACCACTTTAGG.1_1|P4_Normal	Normal_holdout
TGTCCTTTCAAGGGTTACTTTAGG.1_2|P4_Normal	Normal_holdout
TGTCCTTTCCTTAGATACTTTAGG.1_2|P4_Normal	Normal_holdout
TGTCCTTTCGTCCCGAACTTTAGG.1_1|P4_Normal	Normal_holdout
TGTCGAGAGCAATTGAACTTTAGG.1_2|P4_Normal	Normal
TGTCTTGAGATAGCTAACTTTAGG.1_2|P4_Normal	Normal
TGTGAGCCAAATAAGGAACGGGAA.1_3|P4_Normal	Normal
TGTGAGCCAACTAGTGAACGGGAA.1_3|P4_Normal	Normal
TGTGAGCCAATAAGGAACTTTAGG.1_2|P4_Normal	Normal
TGTGAGCCACATTCGTACTTTAGG.1_2|P4_Normal	Normal
TGTGAGGTCCGGACAAAACGGGAA.1_3|P4_Normal	Normal
TGTGAGGTCGGTAAACAACGGGAA.1_3|P4_Normal	Normal
TGTGAGGTCGGTAAACACTTTAGG.1_2|P4_Normal	Normal
TGTGAGGTCTAACCATACTTTAGG.1_2|P4_Normal	Normal
TGTGAGGTCTATCACGACTTTAGG.1_2|P4_Normal	Normal
TGTGAGGTCTATTCGGAACGGGAA.1_3|P4_Normal	Normal
TGTGAGGTCTTGAGGGAACGGGAA.1_3|P4_Normal	Normal
TGTGCGCGTCCGCTAAACTTTAGG.1_2|P4_Normal	Normal
TGTGGCGCAATGAAGAACTTTAGG.1_2|P4_Normal	Normal
TGTGGGTCAAGGCCATAACGGGAA.1_3|P4_Normal	Normal
TGTGGGTCACATAAGTACTTTAGG.1_2|P4_Normal	Normal
TGTGGGTCATTCCTGGACTTTAGG.1_2|P4_Normal	Normal
TGTGTCCAGCTCCCTCAACGGGAA.1_3|P4_Normal	Normal_holdout
TGTGTCCAGCTTGAAAAACGGGAA.1_3|P4_Normal	Normal
TGTGTCCAGGAAGGTAACTTTAGG.1_1|P4_Normal	Normal
TGTGTCCAGGGCACTAACTTTAGG.1_2|P4_Normal	Normal
TGTGTCCAGTACCCACACTTTAGG.1_2|P4_Normal	Normal
TGTGTCCAGTCATGAAAACGGGAA.1_3|P4_Normal	Normal
TGTGTCCAGTGTTTCGACTTTAGG.1_2|P4_Normal	Normal
TGTGTGACAATAACCGACTTTAGG.1_2|P4_Normal	Normal
TGTGTGACACCGGTAGAACGGGAA.1_3|P4_Normal	Normal
TGTGTGACACCTTTGGAACGGGAA.1_3|P4_Normal	Normal
TGTGTGACATAGACGCACTTTAGG.1_1|P4_Normal	Normal
TGTGTGACATGACATGACTTTAGG.1_2|P4_Normal	Normal
TGTGTGACATGCAATGAACGGGAA.1_3|P4_Normal	Normal
TGTTAGCGTAGCTTGTACTTTAGG.1_2|P4_Normal	Normal_holdout
TGTTAGCGTTAGCGCCACTTTAGG.1_2|P4_Normal	Normal_holdout
TGTTAGTTCAAGTTTCACTTTAGG.1_2|P4_Normal	Normal
TGTTAGTTCCCATTGAAACGGGAA.1_3|P4_Normal	Normal
TGTTAGTTCTCAGCACAACGGGAA.1_3|P4_Normal	Normal
TGTTCAAGTAATGTCCAACGGGAA.1_3|P4_Normal	Normal
TGTTCAAGTACGTCCAACTTTAGG.1_2|P4_Normal	Normal_holdout
TGTTCAAGTCGGTTTGAACGGGAA.1_3|P4_Normal	Normal
TGTTCAAGTGCAATAGACTTTAGG.1_1|P4_Normal	Normal
TGTTCAAGTGGATGGTAACGGGAA.1_3|P4_Normal	Normal
TGTTCAAGTGGATGGTACTTTAGG.1_2|P4_Normal	Normal
TGTTCAAGTTGTCAGTAACGGGAA.1_3|P4_Normal	Normal
TGTTCACCAATGAAGAACTTTAGG.1_1|P4_Normal	Normal
TGTTCACCAGAATGAAACTTTAGG.1_1|P4_Normal	Normal
TGTTCCTTCAGGTAGTAACGGGAA.1_3|P4_Normal	Normal
TGTTCCTTCTAAGTCTAACGGGAA.1_3|P4_Normal	Normal
TGTTCTTGTCAATGTCACTTTAGG.1_2|P4_Normal	Normal_holdout
TGTTCTTGTCACACCAACTTTAGG.1_2|P4_Normal	Normal
TGTTCTTGTCCTCCATACTTTAGG.1_2|P4_Normal	Normal_holdout
TGTTCTTGTGCCCGATACTTTAGG.1_1|P4_Normal	Normal_holdout
TGTTCTTGTTCAAGCTACTTTAGG.1_1|P4_Normal	Normal
TGTTCTTGTTGGATGAACTTTAGG.1_2|P4_Normal	Normal
TGTTCTTGTTGGGCGAACTTTAGG.1_2|P4_Normal	Normal
TGTTGACGTATTTCGAAACGGGAA.1_3|P4_Normal	Normal
TGTTGACGTCGCAACCACTTTAGG.1_2|P4_Normal	Normal
TGTTGACGTGCTTCTCAACGGGAA.1_3|P4_Normal	Normal
TGTTGACGTTGAGCTTAACGGGAA.1_3|P4_Normal	Normal
TGTTGAGCAACTTAGGACTTTAGG.1_2|P4_Normal	Normal_holdout
TGTTGAGCATAGGCGTACTTTAGG.1_2|P4_Normal	Normal
TGTTGCATCGAGCTAGAACGGGAA.1_3|P4_Normal	Normal
TGTTGCATCGTTAGGGACTTTAGG.1_2|P4_Normal	Normal
TGTTGGTGTACTTCAAACTTTAGG.1_1|P4_Normal	Normal_holdout
TGTTGGTGTCACCAGCAACGGGAA.1_3|P4_Normal	Normal
TGTTGGTGTCCTTATTAACGGGAA.1_3|P4_Normal	Normal_holdout
TGTTGGTGTCGCAACCACTTTAGG.1_2|P4_Normal	Normal_holdout
TGTTGGTGTGACATGAACTTTAGG.1_2|P4_Normal	Normal
TGTTGGTGTGACCTATAACGGGAA.1_3|P4_Normal	Normal
TGTTGTCCAATGAATCACTTTAGG.1_2|P4_Normal	Normal
TGTTGTCCACATAGTGAACGGGAA.1_3|P4_Normal	Normal_holdout
TGTTTCGAGACAACTAACTTTAGG.1_2|P4_Normal	Normal
TGTTTCGAGGGTTATAACTTTAGG.1_1|P4_Normal	Normal_holdout
TGTTTCGAGTAACGGTACTTTAGG.1_2|P4_Normal	Normal
TGTTTCGAGTATGGTAACTTTAGG.1_1|P4_Normal	Normal
TGTTTGAGTTAGCGCCAACGGGAA.1_3|P4_Normal	Normal
TTAAACCTCAGGCCTTACTTTAGG.1_1|P4_Normal	Normal
TTAAACCTCAGGTCGAAACGGGAA.1_3|P4_Normal	Normal
TTAAACCTCATGTCATACTTTAGG.1_2|P4_Normal	Normal
TTAAACCTCCTAAATCACTTTAGG.1_1|P4_Normal	Normal
TTAACCGTCAAACTTCACTTTAGG.1_1|P4_Normal	Normal
TTAACCGTCAAAGGGAACTTTAGG.1_2|P4_Normal	Normal_holdout
TTAACCGTCCATTAACACTTTAGG.1_2|P4_Normal	Normal
TTAACGTTCGATTGAAACTTTAGG.1_2|P4_Normal	Normal
TTAAGCTTCATAGGTAACTTTAGG.1_2|P4_Normal	Normal
TTAAGCTTCATCAGCCAACGGGAA.1_3|P4_Normal	Normal_holdout
TTAAGCTTCCTTGAGCACTTTAGG.1_1|P4_Normal	Normal
TTAAGCTTCTCAAGAAACTTTAGG.1_1|P4_Normal	Normal
TTAAGGATCAAACCAAAACGGGAA.1_3|P4_Normal	Normal
TTAAGGATCCAAACGGAACGGGAA.1_3|P4_Normal	Normal
TTAAGGATCCCTCTCAAACGGGAA.1_3|P4_Normal	Normal
TTAAGGTCATCAGGACACTTTAGG.1_1|P4_Normal	Normal
TTACACCCACGGTAACACTTTAGG.1_2|P4_Normal	Normal
TTACACCCATTACACCACTTTAGG.1_1|P4_Normal	Normal
TTACCATAGATTGAGCACTTTAGG.1_2|P4_Normal	Normal
TTACCATAGGGTTTCCACTTTAGG.1_2|P4_Normal	Normal
TTACCTTGTAAGGCTAACTTTAGG.1_2|P4_Normal	Normal
TTACCTTGTATTACCAACTTTAGG.1_1|P4_Normal	Normal
TTACCTTGTGAACCAAAACGGGAA.1_3|P4_Normal	Normal
TTACCTTGTGTTGCTGAACGGGAA.1_3|P4_Normal	Normal
TTACCTTGTTAAGCTCAACGGGAA.1_3|P4_Normal	Normal
TTACCTTGTTCACTCCACTTTAGG.1_1|P4_Normal	Normal
TTACCTTGTTGCCTGAACTTTAGG.1_1|P4_Normal	Normal_holdout
TTACCTTGTTGGAGCGACTTTAGG.1_2|P4_Normal	Normal
TTACGGACAAGCCAGTACTTTAGG.1_2|P4_Normal	Normal
TTACGGACACATGAATACTTTAGG.1_1|P4_Normal	Normal
TTACGGACATTTGTTGACTTTAGG.1_2|P4_Normal	Normal
TTACTTCGTAGGTTTCAACGGGAA.1_3|P4_Normal	Normal
TTACTTCGTGCGGAATAACGGGAA.1_3|P4_Normal	Normal
TTACTTCGTTTACTGAACTTTAGG.1_1|P4_Normal	Normal
TTACTTGCAACAGGGAACTTTAGG.1_2|P4_Normal	Normal
TTACTTGCAGATTCGAACTTTAGG.1_2|P4_Normal	Normal
TTAGAGCAGACTAACAACTTTAGG.1_2|P4_Normal	Normal
TTAGCCGGTACTTCCCAACGGGAA.1_3|P4_Normal	Normal
TTAGCCGGTTAAGGCAACTTTAGG.1_1|P4_Normal	Normal_holdout
TTAGCGGAGAAGGTTCAACGGGAA.1_3|P4_Normal	Normal
TTAGCGGAGCAAATCAACTTTAGG.1_2|P4_Normal	Normal
TTAGCGGAGCCTAGTCAACGGGAA.1_3|P4_Normal	Normal
TTAGCGGAGTACGGGCAACGGGAA.1_3|P4_Normal	Normal_holdout
TTAGCGGAGTAGCCTCAACGGGAA.1_3|P4_Normal	Normal_holdout
TTAGCGGAGTTATTGCACTTTAGG.1_1|P4_Normal	Normal_holdout
TTAGGTGCAGGTATTGACTTTAGG.1_2|P4_Normal	Normal_holdout
TTAGGTTTCAAGGGCCAACGGGAA.1_3|P4_Normal	Normal
TTAGGTTTCCTGCCAGAACGGGAA.1_3|P4_Normal	Normal
TTAGGTTTCGATTATCACTTTAGG.1_2|P4_Normal	Normal
TTAGGTTTCTATGCATAACGGGAA.1_3|P4_Normal	Normal
TTAGTCAGTCCCTCATACTTTAGG.1_2|P4_Normal	Normal
TTAGTCAGTCTATCTTACTTTAGG.1_1|P4_Normal	Normal
TTAGTCAGTGGTTCGCACTTTAGG.1_1|P4_Normal	Normal
TTAGTCAGTTGGTTACACTTTAGG.1_2|P4_Normal	Normal
TTAGTCGTCCATAGGGAACGGGAA.1_3|P4_Normal	Normal
TTAGTCGTCCCTGGATACTTTAGG.1_1|P4_Normal	Normal
TTAGTCGTCGGCTAGAACTTTAGG.1_1|P4_Normal	Normal
TTAGTCGTCGGGACTAACTTTAGG.1_1|P4_Normal	Normal
TTAGTCGTCGTTAGGGAACGGGAA.1_3|P4_Normal	Normal_holdout
TTAGTCGTCTCACTAGAACGGGAA.1_3|P4_Normal	Normal
TTAGTTGGTACGCACCAACGGGAA.1_3|P4_Normal	Normal
TTAGTTGGTTAGTTTGACTTTAGG.1_2|P4_Normal	Normal
TTATAGCTCAGCCCTGACTTTAGG.1_2|P4_Normal	Normal_holdout
TTATAGCTCAGTAAGCAACGGGAA.1_3|P4_Normal	Normal
TTATAGCTCAGTAAGCACTTTAGG.1_1|P4_Normal	Normal
TTATAGCTCATGTCATAACGGGAA.1_3|P4_Normal	Normal
TTATAGCTCATTGTACAACGGGAA.1_3|P4_Normal	Normal
TTATAGCTCGCGTTCGAACGGGAA.1_3|P4_Normal	Normal
TTATAGCTCGCTTCAAACTTTAGG.1_2|P4_Normal	Normal
TTATCACAGACCAGGCAACGGGAA.1_3|P4_Normal	Normal
TTATCACAGACCAGGCACTTTAGG.1_2|P4_Normal	Normal
TTATCACAGATTGCAAAACGGGAA.1_3|P4_Normal	Normal
TTATCACAGCAAGTTAAACGGGAA.1_3|P4_Normal	Normal
TTATCACAGCGCTACTACTTTAGG.1_1|P4_Normal	Normal
TTATCACAGTCTAATCAACGGGAA.1_3|P4_Normal	Normal_holdout
TTATCGCCACCTTCAGAACGGGAA.1_3|P4_Normal	Normal
TTATCGCCATCAGGACACTTTAGG.1_2|P4_Normal	Normal
TTATCGCCATTGAAGTAACGGGAA.1_3|P4_Normal	Normal_holdout
TTATGGGCAAGTTTCCAACGGGAA.1_3|P4_Normal	Normal
TTATGGGCAATGAAGAACTTTAGG.1_1|P4_Normal	Normal
TTATGGGCATTACTCAAACGGGAA.1_3|P4_Normal	Normal
TTATGTCAGCCTTAATAACGGGAA.1_3|P4_Normal	Normal
TTATGTCAGCGAAGTTACTTTAGG.1_1|P4_Normal	Normal
TTATGTCAGCTTATCGACTTTAGG.1_1|P4_Normal	Normal
TTATGTCAGGTAATTGACTTTAGG.1_1|P4_Normal	Normal
TTATGTCAGTCTACCAACTTTAGG.1_1|P4_Normal	Normal
TTATTGCAGAATGGGAACTTTAGG.1_2|P4_Normal	Normal
TTATTGCAGCTCGACTACTTTAGG.1_2|P4_Normal	Normal
TTATTGCAGGCTTAAAAACGGGAA.1_3|P4_Normal	Normal
TTATTGCAGGTCAAGTAACGGGAA.1_3|P4_Normal	Normal
TTATTGGGTAGCTTTAACTTTAGG.1_2|P4_Normal	Normal
TTATTGGGTCCGGTACACTTTAGG.1_2|P4_Normal	Normal
TTATTGGGTGTAATGGAACGGGAA.1_3|P4_Normal	Normal
TTATTGGGTTAATGCCACTTTAGG.1_1|P4_Normal	Normal_holdout
TTATTGGGTTACTTCTACTTTAGG.1_1|P4_Normal	Normal
TTCAACTAGCCTAAGGAACGGGAA.1_3|P4_Normal	Normal_holdout
TTCAACTAGGCCCATTAACGGGAA.1_3|P4_Normal	Normal
TTCAAGCGTATTGTCAACTTTAGG.1_2|P4_Normal	Normal
TTCACTTGTAGCCACCACTTTAGG.1_1|P4_Normal	Normal
TTCACTTGTTTGCATAAACGGGAA.1_3|P4_Normal	Normal
TTCAGGACATAGCGCGAACGGGAA.1_3|P4_Normal	Normal_holdout
TTCATGAGTCAAAGATACTTTAGG.1_1|P4_Normal	Normal
TTCATGAGTGATCCTGACTTTAGG.1_2|P4_Normal	Normal
TTCATGAGTTGGATAGACTTTAGG.1_2|P4_Normal	Normal
TTCATGCCAACTTCGTACTTTAGG.1_2|P4_Normal	Normal
TTCATGCCACTCAATCACTTTAGG.1_2|P4_Normal	Normal
TTCATGCCAGGTGACTACTTTAGG.1_2|P4_Normal	Normal_holdout
TTCCAAAGTCACCAGCACTTTAGG.1_1|P4_Normal	Normal
TTCCAAAGTCTTACTTAACGGGAA.1_3|P4_Normal	Normal
TTCCAAAGTCTTTATCACTTTAGG.1_2|P4_Normal	Normal
TTCCAACCAGGATTGCACTTTAGG.1_2|P4_Normal	Normal
TTCCAACCATAAGTCGACTTTAGG.1_1|P4_Normal	Normal
TTCCATTGTCGGTTTGAACGGGAA.1_3|P4_Normal	Normal
TTCCATTGTGCTCCTTAACGGGAA.1_3|P4_Normal	Normal
TTCCATTGTTTAGTTGAACGGGAA.1_3|P4_Normal	Normal
TTCCGCACACATAGTGACTTTAGG.1_2|P4_Normal	Normal
TTCCGCACACGTTACTACTTTAGG.1_1|P4_Normal	Normal
TTCCGCACATCACTCGACTTTAGG.1_1|P4_Normal	Normal
TTCCGCACATCCGTCAAACGGGAA.1_3|P4_Normal	Normal
TTCCGCACATCGATAGACTTTAGG.1_2|P4_Normal	Normal
TTCCTCAGTAAACCCTAACGGGAA.1_3|P4_Normal	Normal
TTCCTCAGTGTGTCGCAACGGGAA.1_3|P4_Normal	Normal
TTCCTCCCACCATACTAACGGGAA.1_3|P4_Normal	Normal_holdout
TTCCTCCCATGTGGGTACTTTAGG.1_1|P4_Normal	Normal
TTCCTCCCATTAGTGGACTTTAGG.1_2|P4_Normal	Normal
TTCCTCGTCAAACTTCACTTTAGG.1_2|P4_Normal	Normal
TTCCTCGTCCAGGAATACTTTAGG.1_2|P4_Normal	Normal
TTCCTCGTCCGCAATCACTTTAGG.1_2|P4_Normal	Normal
TTCCTCGTCTAACCTGAACGGGAA.1_3|P4_Normal	Normal
TTCCTCGTCTTAAGGAACTTTAGG.1_1|P4_Normal	Normal_holdout
TTCCTCTAGACCTTTGAACGGGAA.1_3|P4_Normal	Normal_holdout
TTCCTCTAGATATTGGACTTTAGG.1_1|P4_Normal	Normal
TTCCTCTAGCGTGCTTAACGGGAA.1_3|P4_Normal	Normal
TTCCTCTAGGCGGATCACTTTAGG.1_1|P4_Normal	Normal
TTCCTCTAGGGTTAACACTTTAGG.1_2|P4_Normal	Normal
TTCCTCTAGGTTAGACAACGGGAA.1_3|P4_Normal	Normal
TTCCTTTCATCCGTCAAACGGGAA.1_3|P4_Normal	Normal
TTCGAACGTATGGGACACTTTAGG.1_2|P4_Normal	Normal
TTCGAACGTTAGTCTAACTTTAGG.1_2|P4_Normal	Normal
TTCGAGGAGAAGCATCAACGGGAA.1_3|P4_Normal	Normal
TTCGAGGAGACAGACTACTTTAGG.1_1|P4_Normal	Normal_holdout
TTCGATAGTACAGCAAACTTTAGG.1_1|P4_Normal	Normal
TTCGATAGTGCATTACACTTTAGG.1_2|P4_Normal	Normal
TTCGATAGTTTGGCCAAACGGGAA.1_3|P4_Normal	Normal
TTCGATGTCCAGGAATACTTTAGG.1_1|P4_Normal	Normal
TTCGATTAGCCTAAGGACTTTAGG.1_2|P4_Normal	Normal_holdout
TTCGATTAGCTATCCAACTTTAGG.1_2|P4_Normal	Normal_holdout
TTCGATTAGCTTACATAACGGGAA.1_3|P4_Normal	Normal
TTCGATTAGGAGGATAAACGGGAA.1_3|P4_Normal	Normal
TTCGATTAGGATTATGACTTTAGG.1_2|P4_Normal	Normal
TTCGATTAGGCTCCATACTTTAGG.1_2|P4_Normal	Normal
TTCGATTAGGGTTACGAACGGGAA.1_3|P4_Normal	Normal
TTCGATTAGGTCAATAACTTTAGG.1_2|P4_Normal	Normal
TTCGATTAGGTCACAGAACGGGAA.1_3|P4_Normal	Normal
TTCGATTAGGTTGCTCAACGGGAA.1_3|P4_Normal	Normal
TTCGCCACAAGACATTACTTTAGG.1_1|P4_Normal	Normal
TTCGCCACAAGGCCATACTTTAGG.1_2|P4_Normal	Normal
TTCGCCACAGTAAGGGACTTTAGG.1_1|P4_Normal	Normal
TTCGCCACATCAAGTGAACGGGAA.1_3|P4_Normal	Normal
TTCGCCTGTATGGTGAAACGGGAA.1_3|P4_Normal	Normal
TTCGCCTGTCGAAGGTACTTTAGG.1_2|P4_Normal	Normal
TTCGCCTGTGCACTATACTTTAGG.1_1|P4_Normal	Normal
TTCGCCTGTGCGATAAACTTTAGG.1_1|P4_Normal	Normal
TTCGCCTGTTGCTGTGACTTTAGG.1_2|P4_Normal	Normal
TTCGGTCAGCAGGTTGACTTTAGG.1_1|P4_Normal	Normal_holdout
TTCGGTCAGCTAGCCTAACGGGAA.1_3|P4_Normal	Normal_holdout
TTCGGTCAGGCTACTCACTTTAGG.1_2|P4_Normal	Normal
TTCGGTCAGTCAACAAACTTTAGG.1_1|P4_Normal	Normal
TTCGGTCAGTGCTGAGACTTTAGG.1_2|P4_Normal	Normal
TTCGTTCTCCCAGACTACTTTAGG.1_2|P4_Normal	Normal
TTCGTTCTCCTGATCAAACGGGAA.1_3|P4_Normal	Normal_holdout
TTCGTTCTCGTAGTTTACTTTAGG.1_1|P4_Normal	Normal
TTCTAAGGTCACCAGCAACGGGAA.1_3|P4_Normal	Normal
TTCTAAGGTTTGTTGAACTTTAGG.1_2|P4_Normal	Normal
TTCTATCGTATTCGGTAACGGGAA.1_3|P4_Normal	Normal
TTCTATCGTTACTTCTAACGGGAA.1_3|P4_Normal	Normal
TTCTCACTCAGGCTGAAACGGGAA.1_3|P4_Normal	Normal
TTCTCACTCAGGCTGAACTTTAGG.1_2|P4_Normal	Normal
TTCTCACTCCAGCTACAACGGGAA.1_3|P4_Normal	Normal
TTCTGGCAGCCGCTATACTTTAGG.1_2|P4_Normal	Normal
TTCTGGCAGGGTTGCAACTTTAGG.1_2|P4_Normal	Normal_holdout
TTCTGTGAGAAAGGCAAACGGGAA.1_3|P4_Normal	Normal
TTCTGTGAGCGAATGTACTTTAGG.1_1|P4_Normal	Normal
TTCTGTGAGGGCCTTTACTTTAGG.1_1|P4_Normal	Normal
TTCTGTGAGTTAGTTCAACGGGAA.1_3|P4_Normal	Normal
TTCTGTGAGTTTCAGTACTTTAGG.1_2|P4_Normal	Normal
TTCTTGCTCAAGTTAGACTTTAGG.1_2|P4_Normal	Normal
TTCTTGCTCTTTAGCGAACGGGAA.1_3|P4_Normal	Normal
TTGAAAGTCAATTGGAACTTTAGG.1_2|P4_Normal	Normal
TTGAAAGTCCTTTCGTACTTTAGG.1_2|P4_Normal	Normal
TTGAAAGTCGTAAAGCACTTTAGG.1_2|P4_Normal	Normal
TTGAAAGTCTTGAATCAACGGGAA.1_3|P4_Normal	Normal
TTGAACAAGAGGAAATAACGGGAA.1_3|P4_Normal	Normal
TTGAACAAGATAACTGAACGGGAA.1_3|P4_Normal	Normal
TTGAATCTCAAACCAAAACGGGAA.1_3|P4_Normal	Normal
TTGAATCTCGACTTTGACTTTAGG.1_2|P4_Normal	Normal_holdout
TTGACATTCACAATGAAACGGGAA.1_3|P4_Normal	Normal
TTGACATTCCTTTAGGACTTTAGG.1_2|P4_Normal	Normal
TTGACATTCGCCTAGTACTTTAGG.1_1|P4_Normal	Normal
TTGAGGAGTATCCGCAACTTTAGG.1_2|P4_Normal	Normal
TTGAGGAGTCATCATAAACGGGAA.1_3|P4_Normal	Normal
TTGAGGAGTCCTCCTGACTTTAGG.1_2|P4_Normal	Normal
TTGAGGAGTTTCCTCAACTTTAGG.1_2|P4_Normal	Normal
TTGAGGTAGCGAAGTTAACGGGAA.1_3|P4_Normal	Normal
TTGAGGTAGCTAGCCTAACGGGAA.1_3|P4_Normal	Normal
TTGAGGTAGCTGATTTACTTTAGG.1_2|P4_Normal	Normal
TTGAGTAAGACTATTCACTTTAGG.1_2|P4_Normal	Normal
TTGAGTAAGCTTCCTTACTTTAGG.1_1|P4_Normal	Normal
TTGAGTAAGTTACAGAACTTTAGG.1_2|P4_Normal	Normal_holdout
TTGAGTAAGTTTGACTACTTTAGG.1_1|P4_Normal	Normal
TTGAGTAAGTTTGAGAACTTTAGG.1_1|P4_Normal	Normal
TTGATCAGTGCTTCGAAACGGGAA.1_3|P4_Normal	Normal
TTGCACGGTGTCCAATACTTTAGG.1_2|P4_Normal	Normal
TTGCACGGTGTGGCTCACTTTAGG.1_2|P4_Normal	Normal
TTGCACGGTTTGTAGCACTTTAGG.1_2|P4_Normal	Normal
TTGCATCCAAATCACGACTTTAGG.1_1|P4_Normal	Normal
TTGCATCCAATAAGGAAACGGGAA.1_3|P4_Normal	Normal
TTGCGCAGTCACGATTACTTTAGG.1_1|P4_Normal	Normal
TTGCGCTAGACATAGCAACGGGAA.1_3|P4_Normal	Normal
TTGCGCTAGATTCCCAACTTTAGG.1_1|P4_Normal	Normal
TTGCGCTAGCAAACCGAACGGGAA.1_3|P4_Normal	Normal_holdout
TTGCGCTAGGCGCAACACTTTAGG.1_1|P4_Normal	Normal
TTGCGCTAGGCTTTATACTTTAGG.1_2|P4_Normal	Normal
TTGCGGGCAACTATCCAACGGGAA.1_3|P4_Normal	Normal
TTGCGGGCAAGGCCATACTTTAGG.1_2|P4_Normal	Normal
TTGCGGGCAGAATCGCAACGGGAA.1_3|P4_Normal	Normal
TTGCGGGCATTCGGTTAACGGGAA.1_3|P4_Normal	Normal
TTGCGGTTCACCATATACTTTAGG.1_1|P4_Normal	Normal
TTGCGGTTCCGCACCAACTTTAGG.1_2|P4_Normal	Normal
TTGCTCAAGGACAAAGAACGGGAA.1_3|P4_Normal	Normal
TTGCTCAAGGAGTCATAACGGGAA.1_3|P4_Normal	Normal
TTGGCCAGTATGGTGAACTTTAGG.1_2|P4_Normal	Normal
TTGGCCAGTTTATCGAACTTTAGG.1_1|P4_Normal	Normal
TTGGTCATCACTTGATACTTTAGG.1_2|P4_Normal	Normal
TTGGTCATCGAAATGCACTTTAGG.1_1|P4_Normal	Normal
TTGGTCATCGCAAATAAACGGGAA.1_3|P4_Normal	Normal
TTGGTTAGTCGAAGTAACTTTAGG.1_2|P4_Normal	Normal
TTGGTTAGTCTAACCGACTTTAGG.1_2|P4_Normal	Normal
TTGGTTAGTTTGTGACACTTTAGG.1_2|P4_Normal	Normal
TTGGTTAGTTTGTTTCACTTTAGG.1_2|P4_Normal	Normal
TTGTACGTCCAAATAGAACGGGAA.1_3|P4_Normal	Normal_holdout
TTGTACGTCCTTGTTCACTTTAGG.1_2|P4_Normal	Normal
TTGTACGTCTCAGCACACTTTAGG.1_1|P4_Normal	Normal
TTGTCAGTCAATCGCCACTTTAGG.1_2|P4_Normal	Normal
TTGTCAGTCACCACACACTTTAGG.1_2|P4_Normal	Normal
TTGTCAGTCACGTTATACTTTAGG.1_2|P4_Normal	Normal
TTGTCAGTCTCACCGGAACGGGAA.1_3|P4_Normal	Normal
TTGTCAGTCTTGAAGAACTTTAGG.1_2|P4_Normal	Normal
TTGTGAGCAAGCTAATACTTTAGG.1_2|P4_Normal	Normal
TTGTGAGCACCACATTACTTTAGG.1_2|P4_Normal	Normal_holdout
TTGTGAGCAGCTACCCACTTTAGG.1_1|P4_Normal	Normal_holdout
TTGTGAGCAGGCGAAAACTTTAGG.1_2|P4_Normal	Normal
TTGTGATTCAACCGGAACTTTAGG.1_2|P4_Normal	Normal_holdout
TTGTGATTCAATCGCCACTTTAGG.1_2|P4_Normal	Normal
TTGTGATTCAATGTTCACTTTAGG.1_1|P4_Normal	Normal
TTGTGGACAACCGGATACTTTAGG.1_2|P4_Normal	Normal
TTGTGGACAATAACCGACTTTAGG.1_1|P4_Normal	Normal
TTGTGGACACATTGAGACTTTAGG.1_1|P4_Normal	Normal
TTGTGGACACTCAATCACTTTAGG.1_1|P4_Normal	Normal_holdout
TTGTGGACATCGAACAAACGGGAA.1_3|P4_Normal	Normal
TTGTTGTAGAAACCCGAACGGGAA.1_3|P4_Normal	Normal_holdout
TTGTTGTAGAGCCGGTAACGGGAA.1_3|P4_Normal	Normal
TTGTTGTAGCCATCGTACTTTAGG.1_2|P4_Normal	Normal
TTGTTGTAGGGTTTCCAACGGGAA.1_3|P4_Normal	Normal
TTTAACGGTGTTAGAGACTTTAGG.1_1|P4_Normal	Normal_holdout
TTTAACGGTTGTTTGAACTTTAGG.1_1|P4_Normal	Normal_holdout
TTTACTGCACTAACAGACTTTAGG.1_2|P4_Normal	Normal_holdout
TTTACTGCAGACTCAAAACGGGAA.1_3|P4_Normal	Normal_holdout
TTTACTGCAGCCCTTAAACGGGAA.1_3|P4_Normal	Normal
TTTACTGCATCAAGTGACTTTAGG.1_1|P4_Normal	Normal
TTTACTGCATTTATCGAACGGGAA.1_3|P4_Normal	Normal
TTTACTGCATTTCATGAACGGGAA.1_3|P4_Normal	Normal
TTTAGTCAGCAGGTTGAACGGGAA.1_3|P4_Normal	Normal_holdout
TTTAGTCAGCGCTTACAACGGGAA.1_3|P4_Normal	Normal_holdout
TTTATGGGTAGCTATCACTTTAGG.1_2|P4_Normal	Normal
TTTATGGGTATGTGAGACTTTAGG.1_2|P4_Normal	Normal
TTTATGGGTTTGTTTCACTTTAGG.1_2|P4_Normal	Normal_holdout
TTTCAAGGTACACCCAAACGGGAA.1_3|P4_Normal	Normal
TTTCAAGGTTACTTCTACTTTAGG.1_1|P4_Normal	Normal
TTTCACCTCAGGCATGACTTTAGG.1_2|P4_Normal	Normal_holdout
TTTCACCTCCTTTGAGAACGGGAA.1_3|P4_Normal	Normal
TTTCAGTAGACTCAAAAACGGGAA.1_3|P4_Normal	Normal
TTTCAGTAGATTGCAAACTTTAGG.1_2|P4_Normal	Normal
TTTCAGTAGTTAGTTCACTTTAGG.1_2|P4_Normal	Normal
TTTCATCGTCATGATCAACGGGAA.1_3|P4_Normal	Normal_holdout
TTTCATCGTCCAATACAACGGGAA.1_3|P4_Normal	Normal
TTTCATCGTGCTTCGAACTTTAGG.1_2|P4_Normal	Normal
TTTCATCGTGGACCCTACTTTAGG.1_1|P4_Normal	Normal
TTTCATCGTTATGAGGACTTTAGG.1_1|P4_Normal	Normal
TTTCATCGTTTCGCCTACTTTAGG.1_2|P4_Normal	Normal
TTTCATGCAAAGCTCAACTTTAGG.1_1|P4_Normal	Normal
TTTCATGCAAGCCTCCACTTTAGG.1_1|P4_Normal	Normal
TTTCATGCAATCTCTAACTTTAGG.1_2|P4_Normal	Normal
TTTCATGCACCTAAAGACTTTAGG.1_2|P4_Normal	Normal
TTTCATGCACCTTCAGACTTTAGG.1_2|P4_Normal	Normal
TTTCATGCATCTATCAAACGGGAA.1_3|P4_Normal	Normal
TTTCCTGGTGCCCGATAACGGGAA.1_3|P4_Normal	Normal
TTTCGCGCATCCGTCAAACGGGAA.1_3|P4_Normal	Normal_holdout
TTTCGCGCATCGGGCAACTTTAGG.1_2|P4_Normal	Normal
TTTCGCGCATTACACCACTTTAGG.1_2|P4_Normal	Normal
TTTGAGAAGACTAATGACTTTAGG.1_1|P4_Normal	Normal
TTTGAGAAGAGGCGTCACTTTAGG.1_1|P4_Normal	Normal_holdout
TTTGAGAAGATAATCGACTTTAGG.1_1|P4_Normal	Normal
TTTGAGAAGGCTTAAAACTTTAGG.1_2|P4_Normal	Normal
TTTGAGAAGGGAGGATAACGGGAA.1_3|P4_Normal	Normal
TTTGAGAAGGTGCACAACTTTAGG.1_1|P4_Normal	Normal
TTTGCCCGTCACCAGCACTTTAGG.1_1|P4_Normal	Normal
TTTGCCCGTTAAGCCTAACGGGAA.1_3|P4_Normal	Normal
TTTGCCCGTTGTTGGTAACGGGAA.1_3|P4_Normal	Normal
TTTGCGCAGGACTTGGAACGGGAA.1_3|P4_Normal	Normal
TTTGCGCAGGATTATGACTTTAGG.1_1|P4_Normal	Normal
TTTGCGCAGGCGCAACACTTTAGG.1_1|P4_Normal	Normal
TTTGCGCAGGTTAGTAACTTTAGG.1_2|P4_Normal	Normal
TTTGCGCAGTTAACAGAACGGGAA.1_3|P4_Normal	Normal
TTTGCGGGTAAAGCATACTTTAGG.1_2|P4_Normal	Normal
TTTGCTGAGCGCGAACACTTTAGG.1_2|P4_Normal	Normal_holdout
TTTGCTGAGCGCTACTACTTTAGG.1_2|P4_Normal	Normal
TTTGCTGAGGAACCTGACTTTAGG.1_2|P4_Normal	Normal
TTTGCTGAGGAGCCGTAACGGGAA.1_3|P4_Normal	Normal
TTTGCTGAGTATGGTAACTTTAGG.1_1|P4_Normal	Normal
TTTGCTGAGTCATGAAAACGGGAA.1_3|P4_Normal	Normal_holdout
TTTGCTGAGTCCTCAAACTTTAGG.1_2|P4_Normal	Normal
TTTGGACGTTTGACTAAACGGGAA.1_3|P4_Normal	Normal
TTTGTGAGTACCTCAGACTTTAGG.1_1|P4_Normal	Normal
TTTGTGAGTATTCAGCACTTTAGG.1_2|P4_Normal	Normal
TTTGTGAGTATTGGGAACTTTAGG.1_1|P4_Normal	Normal
TTTGTGAGTGACCTTGACTTTAGG.1_2|P4_Normal	Normal
TTTGTGAGTGCAGCTCACTTTAGG.1_2|P4_Normal	Normal_holdout
TTTGTGAGTGGTTCGCACTTTAGG.1_2|P4_Normal	Normal_holdout
AAACAAGCATTGGGTAAGTAGGCT.1|P4_Normal1	Normal
AAACCAATCACCATATAGTAGGCT.1|P4_Normal1	Normal
AAACCAATCACTGTCAAGTAGGCT.1|P4_Normal1	Normal
AAACCAATCAGTAGCGAGTAGGCT.1|P4_Normal1	Normal
AAACCAATCCCTGGATAGTAGGCT.1|P4_Normal1	Normal
AAACCAGGTTAGCATCAGTAGGCT.1|P4_Normal1	Normal
AAACGGGCAGCGATCGAGTAGGCT.1|P4_Normal1	Normal
AAACGGGCATACTTGCAGTAGGCT.1|P4_Normal1	Normal
AAACGTTCACCTAACTAGTAGGCT.1|P4_Normal1	Normal
AAACGTTCAGTTGCCCAGTAGGCT.1|P4_Normal1	Normal_holdout
AAACTGGGTGGTTCTGAGTAGGCT.1|P4_Normal1	Normal
AAACTGTCAGGATTATAGTAGGCT.1|P4_Normal1	Normal
AAACTGTCATCCGCTAAGTAGGCT.1|P4_Normal1	Normal
AAACTGTCATTACTCAAGTAGGCT.1|P4_Normal1	Normal
AAAGATGCAGCTACCCAGTAGGCT.1|P4_Normal1	Normal
AAAGCGAAGTAGCTAAAGTAGGCT.1|P4_Normal1	Normal
AAAGGCAAGGTTACTTAGTAGGCT.1|P4_Normal1	Normal_holdout
AAAGGCTTCACGTTCAAGTAGGCT.1|P4_Normal1	Normal
AAAGGCTTCCGGATAGAGTAGGCT.1|P4_Normal1	Normal_holdout
AAAGGCTTCTATGGCCAGTAGGCT.1|P4_Normal1	Normal
AAAGGCTTCTATTGACAGTAGGCT.1|P4_Normal1	Normal_holdout
AAAGGGATCAGGTTAAAGTAGGCT.1|P4_Normal1	Normal
AAAGGGATCATAACCTAGTAGGCT.1|P4_Normal1	Normal
AAAGGGATCCTTGTTCAGTAGGCT.1|P4_Normal1	Normal
AAAGGGATCGACTTTGAGTAGGCT.1|P4_Normal1	Normal
AAAGGGATCTGGTCTAAGTAGGCT.1|P4_Normal1	Normal
AAAGGTGAGAAACTCAAGTAGGCT.1|P4_Normal1	Normal
AAAGGTGAGCTCCCTCAGTAGGCT.1|P4_Normal1	Normal
AAAGTAGCAATAGCTGAGTAGGCT.1|P4_Normal1	Normal_holdout
AAAGTAGCAGCATTTCAGTAGGCT.1|P4_Normal1	Normal
AAAGTCATCCTGGATCAGTAGGCT.1|P4_Normal1	Normal
AAAGTCATCCTTTGGAAGTAGGCT.1|P4_Normal1	Normal
AAATCCTTCAATACAGAGTAGGCT.1|P4_Normal1	Normal
AAATCCTTCATCCCAAAGTAGGCT.1|P4_Normal1	Normal
AAATCCTTCTAGTTACAGTAGGCT.1|P4_Normal1	Normal
AAATGAGCAACAGGGAAGTAGGCT.1|P4_Normal1	Normal
AAATGAGCAAGCTTTCAGTAGGCT.1|P4_Normal1	Normal
AAATGAGCATGCAATGAGTAGGCT.1|P4_Normal1	Normal
AAATGGTGTTGTTTAGAGTAGGCT.1|P4_Normal1	Normal
AACACTAAGGTAGACTAGTAGGCT.1|P4_Normal1	Normal
AACATTGAGCGAGCTAAGTAGGCT.1|P4_Normal1	Normal_holdout
AACATTGAGGACACGCAGTAGGCT.1|P4_Normal1	Normal
AACATTGAGTGATTTCAGTAGGCT.1|P4_Normal1	Normal
AACCAGGTCAGTAAGCAGTAGGCT.1|P4_Normal1	Normal
AACCAGGTCTTCGCCCAGTAGGCT.1|P4_Normal1	Normal
AACCATAAGGTAGTTAAGTAGGCT.1|P4_Normal1	Normal_holdout
AACCATTTCCTCCCACAGTAGGCT.1|P4_Normal1	Normal
AACCATTTCGTGATGGAGTAGGCT.1|P4_Normal1	Normal
AACCTAAAGCACCTTAAGTAGGCT.1|P4_Normal1	Normal
AACCTAAAGGACAAAGAGTAGGCT.1|P4_Normal1	Normal
AACCTAAAGGCGATATAGTAGGCT.1|P4_Normal1	Normal
AACCTAAAGGGTCTAGAGTAGGCT.1|P4_Normal1	Normal
AACCTATTCGCGAGTAAGTAGGCT.1|P4_Normal1	Normal_holdout
AACCTCATCCAAACAAAGTAGGCT.1|P4_Normal1	Normal
AACCTCATCCCATTGAAGTAGGCT.1|P4_Normal1	Normal
AACCTGCTCTTGAAAGAGTAGGCT.1|P4_Normal1	Normal
AACCTTTAGAGAGCAAAGTAGGCT.1|P4_Normal1	Normal
AACGGCTCAGCCAGCAAGTAGGCT.1|P4_Normal1	Normal
AACGGTTAGACGCATGAGTAGGCT.1|P4_Normal1	Normal
AACGGTTAGCATCTATAGTAGGCT.1|P4_Normal1	Normal
AACGTTAAGAAAGGCAAGTAGGCT.1|P4_Normal1	Normal
AACGTTAAGTTACACTAGTAGGCT.1|P4_Normal1	Normal
AACGTTCGTGTAATGGAGTAGGCT.1|P4_Normal1	Normal
AACGTTCGTTAGTCTAAGTAGGCT.1|P4_Normal1	Normal
AACTAACCAAGCCACGAGTAGGCT.1|P4_Normal1	Normal_holdout
AACTAAGTCGCAAATAAGTAGGCT.1|P4_Normal1	Normal
AACTAAGTCGTGATGGAGTAGGCT.1|P4_Normal1	Normal
AACTGAATCAGTAGGTAGTAGGCT.1|P4_Normal1	Normal
AACTGAATCGCGTTACAGTAGGCT.1|P4_Normal1	Normal
AACTGAGGTTCGATGTAGTAGGCT.1|P4_Normal1	Normal
AACTGGCCACTATGGAAGTAGGCT.1|P4_Normal1	Normal
AACTGGCCATCAGGACAGTAGGCT.1|P4_Normal1	Normal_holdout
AACTGGGTCATGATGAAGTAGGCT.1|P4_Normal1	Normal
AACTTACTCAAGGTGTAGTAGGCT.1|P4_Normal1	Normal
AACTTACTCACCTAATAGTAGGCT.1|P4_Normal1	Normal
AACTTACTCATAATGGAGTAGGCT.1|P4_Normal1	Normal
AACTTACTCGACCCATAGTAGGCT.1|P4_Normal1	Normal
AACTTCGTCACCACACAGTAGGCT.1|P4_Normal1	Normal
AACTTCGTCCTAAGGGAGTAGGCT.1|P4_Normal1	Normal
AACTTGTTCATGACCCAGTAGGCT.1|P4_Normal1	Normal
AACTTGTTCCAATGAAAGTAGGCT.1|P4_Normal1	Normal_holdout
AACTTGTTCGCAAATAAGTAGGCT.1|P4_Normal1	Normal
AAGAATCGTTAATGCCAGTAGGCT.1|P4_Normal1	Normal
AAGACAACACTAACAGAGTAGGCT.1|P4_Normal1	Normal
AAGACTCAGCTTAAAGAGTAGGCT.1|P4_Normal1	Normal
AAGACTCAGGTGGATTAGTAGGCT.1|P4_Normal1	Normal
AAGCAACTCAAGGTCGAGTAGGCT.1|P4_Normal1	Normal
AAGCAACTCAAGGTGTAGTAGGCT.1|P4_Normal1	Normal
AAGCATGGTAACCTTAAGTAGGCT.1|P4_Normal1	Normal
AAGCATGGTCTATCTTAGTAGGCT.1|P4_Normal1	Normal
AAGCATGGTGTTAGAGAGTAGGCT.1|P4_Normal1	Normal
AAGCCTCTCCTGTTCTAGTAGGCT.1|P4_Normal1	Normal
AAGCCTCTCTTAAGGAAGTAGGCT.1|P4_Normal1	Normal_holdout
AAGCCTGAGGGCCTTTAGTAGGCT.1|P4_Normal1	Normal
AAGCCTGAGTGTGCAGAGTAGGCT.1|P4_Normal1	Normal_holdout
AAGCCTTGTCAAAGATAGTAGGCT.1|P4_Normal1	Normal
AAGCGCTCAATTGCGAAGTAGGCT.1|P4_Normal1	Normal
AAGCGGCTCCTTGTTCAGTAGGCT.1|P4_Normal1	Normal
AAGCGGCTCGAAGGCCAGTAGGCT.1|P4_Normal1	Normal
AAGCTAATCAACTTGTAGTAGGCT.1|P4_Normal1	Normal_holdout
AAGCTAATCATTGAGAAGTAGGCT.1|P4_Normal1	Normal
AAGCTTAAGCCTTAATAGTAGGCT.1|P4_Normal1	Normal
AAGCTTAAGTCACCTAAGTAGGCT.1|P4_Normal1	Normal
AAGGAACCAGTTGCCCAGTAGGCT.1|P4_Normal1	Normal
AAGGACAAGCCAAACGAGTAGGCT.1|P4_Normal1	Normal
AAGGACAAGCGATAACAGTAGGCT.1|P4_Normal1	Normal
AAGGACAAGTAAGCACAGTAGGCT.1|P4_Normal1	Normal
AAGGACAAGTAGCCTCAGTAGGCT.1|P4_Normal1	Normal
AAGGAGCAGCACTACCAGTAGGCT.1|P4_Normal1	Normal
AAGGAGCAGCGCTCCAAGTAGGCT.1|P4_Normal1	Normal
AAGGCACGTCGTTGCAAGTAGGCT.1|P4_Normal1	Normal
AAGGCCATCCGAAAGTAGTAGGCT.1|P4_Normal1	Normal
AAGGCCCAGGTTAGGTAGTAGGCT.1|P4_Normal1	Normal
AAGGCCGGTAGCCCGTAGTAGGCT.1|P4_Normal1	Normal
AAGGCCGGTTAGCTCGAGTAGGCT.1|P4_Normal1	Normal
AAGGCTGTCTTCGCTTAGTAGGCT.1|P4_Normal1	Normal
AAGGGAGGTCGTCCAAAGTAGGCT.1|P4_Normal1	Normal_holdout
AAGGGAGGTTGCGGGAAGTAGGCT.1|P4_Normal1	Normal
AAGGTTGGTAAATAGCAGTAGGCT.1|P4_Normal1	Normal_holdout
AAGGTTGGTTGGCCACAGTAGGCT.1|P4_Normal1	Normal
AAGTACCAGAAGCATCAGTAGGCT.1|P4_Normal1	Normal_holdout
AAGTCATCATAGACGCAGTAGGCT.1|P4_Normal1	Normal_holdout
AAGTCATCATGAGTCAAGTAGGCT.1|P4_Normal1	Normal
AAGTGAACAACAGGGAAGTAGGCT.1|P4_Normal1	Normal
AAGTTCGCAACTAGTGAGTAGGCT.1|P4_Normal1	Normal
AAGTTGCAGGTAAGTCAGTAGGCT.1|P4_Normal1	Normal
AAGTTGTCAAGGTGCTAGTAGGCT.1|P4_Normal1	Normal
AATACTGAGAACCTCCAGTAGGCT.1|P4_Normal1	Normal
AATACTGAGCACTAGGAGTAGGCT.1|P4_Normal1	Normal
AATACTGAGCGGGACTAGTAGGCT.1|P4_Normal1	Normal
AATATGGTCGTAACCCAGTAGGCT.1|P4_Normal1	Normal
AATCACGCACCGGCAAAGTAGGCT.1|P4_Normal1	Normal
AATCACGCACGCAATAAGTAGGCT.1|P4_Normal1	Normal
AATCACGCATTGCCGCAGTAGGCT.1|P4_Normal1	Normal
AATCCAAAGCTGATTTAGTAGGCT.1|P4_Normal1	Normal
AATCCAAAGGTGAGGGAGTAGGCT.1|P4_Normal1	Normal_holdout
AATCCGTGTCCTTCGTAGTAGGCT.1|P4_Normal1	Normal
AATCGCACAACATGATAGTAGGCT.1|P4_Normal1	Normal
AATCGCACAAGAACAAAGTAGGCT.1|P4_Normal1	Normal
AATCGCACAGGCTATAAGTAGGCT.1|P4_Normal1	Normal
AATCGCACATACCTTAAGTAGGCT.1|P4_Normal1	Normal
AATCGCCTCTCAAACTAGTAGGCT.1|P4_Normal1	Normal
AATCGCCTCTTCAAGTAGTAGGCT.1|P4_Normal1	Normal
AATCGCGAGGTCGAGCAGTAGGCT.1|P4_Normal1	Normal
AATCGGCCAGGATTGCAGTAGGCT.1|P4_Normal1	Normal_holdout
AATCGGCCATCCCTCTAGTAGGCT.1|P4_Normal1	Normal
AATCGGCCATGTTTCAAGTAGGCT.1|P4_Normal1	Normal
AATCGTTTCATTAGTCAGTAGGCT.1|P4_Normal1	Normal
AATCGTTTCCTCACGGAGTAGGCT.1|P4_Normal1	Normal
AATGAAGCAACAGGCTAGTAGGCT.1|P4_Normal1	Normal_holdout
AATGAAGCACCATACTAGTAGGCT.1|P4_Normal1	Normal
AATGACCAGGCCATTCAGTAGGCT.1|P4_Normal1	Normal_holdout
AATGGATGTAAAGCATAGTAGGCT.1|P4_Normal1	Normal
AATGGCAGTGCGCATCAGTAGGCT.1|P4_Normal1	Normal
AATGTGATCAAGGGTTAGTAGGCT.1|P4_Normal1	Normal
AATGTGATCATAGGCGAGTAGGCT.1|P4_Normal1	Normal
AATTACCTCGAGCTAGAGTAGGCT.1|P4_Normal1	Normal
AATTGACCAATCAAACAGTAGGCT.1|P4_Normal1	Normal
ACAAACCAGATATTGGAGTAGGCT.1|P4_Normal1	Normal
ACAAACCAGTCGCATCAGTAGGCT.1|P4_Normal1	Normal_holdout
ACAAAGGAGCGCTAGAAGTAGGCT.1|P4_Normal1	Normal
ACAAAGGAGGTAAGTCAGTAGGCT.1|P4_Normal1	Normal
ACAAAGGAGTGTGCAGAGTAGGCT.1|P4_Normal1	Normal
ACAACATCACCTAAAGAGTAGGCT.1|P4_Normal1	Normal
ACAACCTGTGAACCAAAGTAGGCT.1|P4_Normal1	Normal
ACAACGGTCGATTGAAAGTAGGCT.1|P4_Normal1	Normal
ACAAGTATCCAAATAGAGTAGGCT.1|P4_Normal1	Normal
ACAATCAAGCTTGAAAAGTAGGCT.1|P4_Normal1	Normal
ACAATCAAGGAACTTAAGTAGGCT.1|P4_Normal1	Normal
ACAATGTCAGCTCATTAGTAGGCT.1|P4_Normal1	Normal
ACAATTGAGTGAGTTAAGTAGGCT.1|P4_Normal1	Normal
ACACAAGGTAGTTGTCAGTAGGCT.1|P4_Normal1	Normal
ACACAAGGTGTCCAATAGTAGGCT.1|P4_Normal1	Normal
ACACAAGGTTTACCGGAGTAGGCT.1|P4_Normal1	Normal_holdout
ACACAATCAACCCTATAGTAGGCT.1|P4_Normal1	Normal
ACACAATCAGAATCGCAGTAGGCT.1|P4_Normal1	Normal
ACACCTATCCAAATAGAGTAGGCT.1|P4_Normal1	Normal_holdout
ACACCTATCGCAAATAAGTAGGCT.1|P4_Normal1	Normal
ACACCTTCAGACTCAAAGTAGGCT.1|P4_Normal1	Normal
ACACGCGCACACTGGGAGTAGGCT.1|P4_Normal1	Normal
ACACGCGCACTAACAGAGTAGGCT.1|P4_Normal1	Normal
ACACGCGCAGTAAGTTAGTAGGCT.1|P4_Normal1	Normal
ACACGCGCATATTTCGAGTAGGCT.1|P4_Normal1	Normal
ACACTTGTCCGCCCAAAGTAGGCT.1|P4_Normal1	Normal
ACAGCACCAATAACCGAGTAGGCT.1|P4_Normal1	Normal
ACAGCACCACCGTTTGAGTAGGCT.1|P4_Normal1	Normal_holdout
ACAGCCGCAATGGGAGAGTAGGCT.1|P4_Normal1	Normal
ACAGCCGCACCTTCTCAGTAGGCT.1|P4_Normal1	Normal_holdout
ACAGCCGCAGCACCTCAGTAGGCT.1|P4_Normal1	Normal
ACAGCCGCAGGCAACTAGTAGGCT.1|P4_Normal1	Normal_holdout
ACAGCGGGTAGGTTTCAGTAGGCT.1|P4_Normal1	Normal
ACAGCGGGTATGTTTGAGTAGGCT.1|P4_Normal1	Normal_holdout
ACAGGCATCCCTCGCTAGTAGGCT.1|P4_Normal1	Normal
ACAGGCATCGGTAATAAGTAGGCT.1|P4_Normal1	Normal
ACAGGTAGTTCGGTATAGTAGGCT.1|P4_Normal1	Normal
ACAGTTGCAACTTGTCAGTAGGCT.1|P4_Normal1	Normal
ACAGTTGCAAGATAAGAGTAGGCT.1|P4_Normal1	Normal
ACAGTTGCACCATCCAAGTAGGCT.1|P4_Normal1	Normal
ACATACTTCGATTGGGAGTAGGCT.1|P4_Normal1	Normal
ACATACTTCTGGCTACAGTAGGCT.1|P4_Normal1	Normal
ACATTACTCAAACTTCAGTAGGCT.1|P4_Normal1	Normal
ACATTACTCACCTAATAGTAGGCT.1|P4_Normal1	Normal_holdout
ACATTACTCCCATTGAAGTAGGCT.1|P4_Normal1	Normal_holdout
ACATTACTCGTCCCGAAGTAGGCT.1|P4_Normal1	Normal
ACATTGTTCAACCGCTAGTAGGCT.1|P4_Normal1	Normal
ACCAATAAGAGCAATCAGTAGGCT.1|P4_Normal1	Normal
ACCAATAAGGCACAATAGTAGGCT.1|P4_Normal1	Normal
ACCAATAAGTTAGGCGAGTAGGCT.1|P4_Normal1	Normal
ACCAATCGTCCTGACAAGTAGGCT.1|P4_Normal1	Normal
ACCAATCGTGCTCATGAGTAGGCT.1|P4_Normal1	Normal
ACCACGTTCATTTAGCAGTAGGCT.1|P4_Normal1	Normal
ACCACGTTCCTCCCACAGTAGGCT.1|P4_Normal1	Normal
ACCATATTCACAAAGCAGTAGGCT.1|P4_Normal1	Normal_holdout
ACCATATTCCCGTTCCAGTAGGCT.1|P4_Normal1	Normal_holdout
ACCATATTCTAATCACAGTAGGCT.1|P4_Normal1	Normal
ACCATTAGTTCATTGAAGTAGGCT.1|P4_Normal1	Normal
ACCATTAGTTGTCATAAGTAGGCT.1|P4_Normal1	Normal
ACCCAACTCATTTGCGAGTAGGCT.1|P4_Normal1	Normal_holdout
ACCCGCTCAACTAAGTAGTAGGCT.1|P4_Normal1	Normal_holdout
ACCCGCTCACAATGGCAGTAGGCT.1|P4_Normal1	Normal_holdout
ACCCGCTCATGAGTCAAGTAGGCT.1|P4_Normal1	Normal_holdout
ACCCGTTAGGATGCATAGTAGGCT.1|P4_Normal1	Normal
ACCCGTTAGTCTGTGCAGTAGGCT.1|P4_Normal1	Normal
ACCCTAATCCCAGTACAGTAGGCT.1|P4_Normal1	Normal_holdout
ACCCTCACAAATAAGGAGTAGGCT.1|P4_Normal1	Normal
ACCCTCCTCAATCCTGAGTAGGCT.1|P4_Normal1	Normal
ACCCTCCTCAGCATGGAGTAGGCT.1|P4_Normal1	Normal
ACCCTGGTCGCGAGTAAGTAGGCT.1|P4_Normal1	Normal_holdout
ACCCTTCGTATTACCAAGTAGGCT.1|P4_Normal1	Normal
ACCCTTCGTTGCCTGAAGTAGGCT.1|P4_Normal1	Normal
ACCGCCATCAGGGATTAGTAGGCT.1|P4_Normal1	Normal
ACCGCCTCACTCAGTTAGTAGGCT.1|P4_Normal1	Normal
ACCGGCTGTTCGGTATAGTAGGCT.1|P4_Normal1	Normal
ACCGGCTGTTGTTGTAAGTAGGCT.1|P4_Normal1	Normal
ACCGGTAAGATATTGGAGTAGGCT.1|P4_Normal1	Normal
ACCGGTAAGCACGTTCAGTAGGCT.1|P4_Normal1	Normal
ACCGGTAAGCTTAGTTAGTAGGCT.1|P4_Normal1	Normal
ACCGGTTTCAAACCGGAGTAGGCT.1|P4_Normal1	Normal
ACCGGTTTCAACCTCAAGTAGGCT.1|P4_Normal1	Normal
ACCGGTTTCGGTTCCGAGTAGGCT.1|P4_Normal1	Normal
ACCGTTATCATGAATGAGTAGGCT.1|P4_Normal1	Normal
ACCGTTATCCATAGGGAGTAGGCT.1|P4_Normal1	Normal
ACCTAAGCAAGTTCCTAGTAGGCT.1|P4_Normal1	Normal_holdout
ACCTAAGCATCCGGAGAGTAGGCT.1|P4_Normal1	Normal
ACCTAAGCATGGTCAAAGTAGGCT.1|P4_Normal1	Normal
ACCTAAGCATTGACTCAGTAGGCT.1|P4_Normal1	Normal
ACCTAGTGTTGCCTGAAGTAGGCT.1|P4_Normal1	Normal
ACCTAGTGTTGCGGGAAGTAGGCT.1|P4_Normal1	Normal
ACCTATCCAACAAGCCAGTAGGCT.1|P4_Normal1	Normal
ACCTATCCAACAGCTAAGTAGGCT.1|P4_Normal1	Normal
ACCTCACAGGCGCGATAGTAGGCT.1|P4_Normal1	Normal
ACCTCACAGGCTACTCAGTAGGCT.1|P4_Normal1	Normal
ACCTCACAGTCATGAAAGTAGGCT.1|P4_Normal1	Normal
ACCTCATCAATAGAAGAGTAGGCT.1|P4_Normal1	Normal
ACCTCCCTCCCATAATAGTAGGCT.1|P4_Normal1	Normal
ACCTCCCTCCCTCGCTAGTAGGCT.1|P4_Normal1	Normal
ACCTCTAAGCGCTAGAAGTAGGCT.1|P4_Normal1	Normal
ACCTCTAAGTCCTCAAAGTAGGCT.1|P4_Normal1	Normal
ACCTCTAAGTTACATCAGTAGGCT.1|P4_Normal1	Normal
ACCTGGAAGTCAGGCAAGTAGGCT.1|P4_Normal1	Normal
ACGAATATCACATTACAGTAGGCT.1|P4_Normal1	Normal
ACGAATATCACGGACAAGTAGGCT.1|P4_Normal1	Normal
ACGAATATCCTGACTAAGTAGGCT.1|P4_Normal1	Normal_holdout
ACGAATATCGAGGCGTAGTAGGCT.1|P4_Normal1	Normal
ACGAGGGAGCAACATAAGTAGGCT.1|P4_Normal1	Normal_holdout
ACGAGGGAGGCTAGATAGTAGGCT.1|P4_Normal1	Normal
ACGATTCGTAATTTCGAGTAGGCT.1|P4_Normal1	Normal
ACGATTGCATAGTCAGAGTAGGCT.1|P4_Normal1	Normal
ACGATTGCATCTATCAAGTAGGCT.1|P4_Normal1	Normal
ACGCAAGTCTATTGACAGTAGGCT.1|P4_Normal1	Normal
ACGCATGAGCGCTAGAAGTAGGCT.1|P4_Normal1	Normal
ACGCATGAGGGTTACGAGTAGGCT.1|P4_Normal1	Normal
ACGCATTGTTAAGGCAAGTAGGCT.1|P4_Normal1	Normal
ACGCCCATCACATTACAGTAGGCT.1|P4_Normal1	Normal
ACGCCTAGTACCGCACAGTAGGCT.1|P4_Normal1	Normal
ACGCCTAGTGCAGCTCAGTAGGCT.1|P4_Normal1	Normal
ACGCCTAGTTTGTGACAGTAGGCT.1|P4_Normal1	Normal
ACGGAACGTATTTCGAAGTAGGCT.1|P4_Normal1	Normal_holdout
ACGGAACGTTAATTCGAGTAGGCT.1|P4_Normal1	Normal
ACGGATTAGATAGCCGAGTAGGCT.1|P4_Normal1	Normal
ACGGATTAGCGAATCGAGTAGGCT.1|P4_Normal1	Normal
ACGGATTAGCGCTACTAGTAGGCT.1|P4_Normal1	Normal
ACGGATTAGGTGGATTAGTAGGCT.1|P4_Normal1	Normal
ACGGTAAGTCATTTAGAGTAGGCT.1|P4_Normal1	Normal
ACGGTAAGTGAACCAAAGTAGGCT.1|P4_Normal1	Normal
ACGGTAAGTGTTAGCTAGTAGGCT.1|P4_Normal1	Normal
ACGGTAAGTTAATTCGAGTAGGCT.1|P4_Normal1	Normal
ACGTAATCAACATAGTAGTAGGCT.1|P4_Normal1	Normal
ACGTATTTCCAATAGAAGTAGGCT.1|P4_Normal1	Normal
ACGTCAACAAGAAATGAGTAGGCT.1|P4_Normal1	Normal_holdout
ACGTCAACAAGCTAATAGTAGGCT.1|P4_Normal1	Normal
ACGTCAACAAGGCCTGAGTAGGCT.1|P4_Normal1	Normal
ACGTCAACAAGTGCACAGTAGGCT.1|P4_Normal1	Normal
ACGTCAACAATGAGCCAGTAGGCT.1|P4_Normal1	Normal
ACGTCAACAGATAGCCAGTAGGCT.1|P4_Normal1	Normal
ACGTTCGGTAAGAATCAGTAGGCT.1|P4_Normal1	Normal
ACGTTCGGTTAAGCTCAGTAGGCT.1|P4_Normal1	Normal
ACTAAACCACATACCTAGTAGGCT.1|P4_Normal1	Normal
ACTAAGTCATTGCCCAAGTAGGCT.1|P4_Normal1	Normal
ACTAATGAGAGGATGAAGTAGGCT.1|P4_Normal1	Normal
ACTACAAAGACTCCTAAGTAGGCT.1|P4_Normal1	Normal
ACTACTAGTGATCCTGAGTAGGCT.1|P4_Normal1	Normal
ACTAGGTAGTATGGGTAGTAGGCT.1|P4_Normal1	Normal
ACTAGTCGTAATTGCCAGTAGGCT.1|P4_Normal1	Normal
ACTAGTGCAGGCTGTGAGTAGGCT.1|P4_Normal1	Normal_holdout
ACTCAATTCATTGCATAGTAGGCT.1|P4_Normal1	Normal
ACTCAATTCTGTGACCAGTAGGCT.1|P4_Normal1	Normal
ACTCACTCACCACAAAAGTAGGCT.1|P4_Normal1	Normal
ACTCACTCATAATGACAGTAGGCT.1|P4_Normal1	Normal
ACTCCCACACTCCCAAAGTAGGCT.1|P4_Normal1	Normal
ACTCGCCCAAGATGCCAGTAGGCT.1|P4_Normal1	Normal_holdout
ACTCGCCCAATCGTTCAGTAGGCT.1|P4_Normal1	Normal
ACTCGCCCAGTGAGAGAGTAGGCT.1|P4_Normal1	Normal
ACTGGCTTCGGTAAACAGTAGGCT.1|P4_Normal1	Normal
ACTTAGAAGTGATTTCAGTAGGCT.1|P4_Normal1	Normal
ACTTAGCGTACGTCCAAGTAGGCT.1|P4_Normal1	Normal
ACTTAGCGTGTTTGTAAGTAGGCT.1|P4_Normal1	Normal
ACTTAGGCACTCCCTTAGTAGGCT.1|P4_Normal1	Normal
ACTTATGGTGACACAAAGTAGGCT.1|P4_Normal1	Normal_holdout
ACTTATGGTTGCACGCAGTAGGCT.1|P4_Normal1	Normal
ACTTCAAGTAATGCCTAGTAGGCT.1|P4_Normal1	Normal
ACTTCAAGTGCTCCAAAGTAGGCT.1|P4_Normal1	Normal
ACTTCAAGTTCTCAAAAGTAGGCT.1|P4_Normal1	Normal
ACTTCCCGTGACCTTGAGTAGGCT.1|P4_Normal1	Normal
ACTTCCCGTGCGGAATAGTAGGCT.1|P4_Normal1	Normal
ACTTCCTTCATCAAGAAGTAGGCT.1|P4_Normal1	Normal
ACTTCCTTCATTAGTCAGTAGGCT.1|P4_Normal1	Normal
ACTTCCTTCTTTGGTGAGTAGGCT.1|P4_Normal1	Normal_holdout
ACTTGAAAGTCGCATCAGTAGGCT.1|P4_Normal1	Normal
ACTTGCATCCTCACGGAGTAGGCT.1|P4_Normal1	Normal
ACTTGCATCGAGCTAGAGTAGGCT.1|P4_Normal1	Normal_holdout
ACTTGCGGTGCTCCAAAGTAGGCT.1|P4_Normal1	Normal
ACTTGCGGTTAGAGGCAGTAGGCT.1|P4_Normal1	Normal
ACTTGCTCACGGGCTAAGTAGGCT.1|P4_Normal1	Normal
ACTTGCTCAGCCTGAGAGTAGGCT.1|P4_Normal1	Normal
AGAAACCTCAAACCAAAGTAGGCT.1|P4_Normal1	Normal
AGAAATGCATGAGCTAAGTAGGCT.1|P4_Normal1	Normal_holdout
AGAACAACACCTTCTCAGTAGGCT.1|P4_Normal1	Normal
AGAAGCAAGTTGCAGGAGTAGGCT.1|P4_Normal1	Normal
AGAAGGTCACTCCCTTAGTAGGCT.1|P4_Normal1	Normal
AGACAAACACTAGCGGAGTAGGCT.1|P4_Normal1	Normal
AGACAAACAGCCTGAGAGTAGGCT.1|P4_Normal1	Normal
AGACAAACAGTAAGTTAGTAGGCT.1|P4_Normal1	Normal
AGACACTAGGTTATGAAGTAGGCT.1|P4_Normal1	Normal
AGACTAATCAGGTAGTAGTAGGCT.1|P4_Normal1	Normal_holdout
AGACTAATCATTATGCAGTAGGCT.1|P4_Normal1	Normal
AGACTAATCCAAATAGAGTAGGCT.1|P4_Normal1	Normal
AGACTAATCGGGATGCAGTAGGCT.1|P4_Normal1	Normal_holdout
AGACTAATCTTAATGCAGTAGGCT.1|P4_Normal1	Normal
AGACTAGGTACAGCAAAGTAGGCT.1|P4_Normal1	Normal
AGACTCACATCATGTCAGTAGGCT.1|P4_Normal1	Normal
AGACTCCTCAAGCCAGAGTAGGCT.1|P4_Normal1	Normal
AGACTCCTCGAGGCGTAGTAGGCT.1|P4_Normal1	Normal
AGACTGAGTCACTAGTAGTAGGCT.1|P4_Normal1	Normal
AGACTGAGTTTCAGGTAGTAGGCT.1|P4_Normal1	Normal
AGAGAGCAGGCACTAGAGTAGGCT.1|P4_Normal1	Normal_holdout
AGAGAGCAGTGTTTCGAGTAGGCT.1|P4_Normal1	Normal
AGAGGAATCGATATAGAGTAGGCT.1|P4_Normal1	Normal_holdout
AGAGGAGGTCAATGTCAGTAGGCT.1|P4_Normal1	Normal
AGAGGTTTCATTATGCAGTAGGCT.1|P4_Normal1	Normal
AGATAACGTAACGTGAAGTAGGCT.1|P4_Normal1	Normal_holdout
AGATGCCCAAGGCCATAGTAGGCT.1|P4_Normal1	Normal_holdout
AGATTAGTCTGTCAGCAGTAGGCT.1|P4_Normal1	Normal
AGATTCAAGCTGGACAAGTAGGCT.1|P4_Normal1	Normal
AGATTCAAGGAACCATAGTAGGCT.1|P4_Normal1	Normal
AGATTCAAGGTCAAACAGTAGGCT.1|P4_Normal1	Normal_holdout
AGATTGATCACTTGATAGTAGGCT.1|P4_Normal1	Normal
AGATTGATCCATAGAAAGTAGGCT.1|P4_Normal1	Normal_holdout
AGATTGATCCGCCATGAGTAGGCT.1|P4_Normal1	Normal_holdout
AGATTGATCGAGGCGTAGTAGGCT.1|P4_Normal1	Normal
AGATTGATCGCTATATAGTAGGCT.1|P4_Normal1	Normal
AGCAGCCAGCAAATCAAGTAGGCT.1|P4_Normal1	Normal_holdout
AGCAGCCAGCGGCTTTAGTAGGCT.1|P4_Normal1	Normal
AGCAGCCAGGACAACTAGTAGGCT.1|P4_Normal1	Normal
AGCAGCCAGTCAAACAAGTAGGCT.1|P4_Normal1	Normal
AGCAGCCAGTGGACCAAGTAGGCT.1|P4_Normal1	Normal
AGCAGGCTCAATGTGAAGTAGGCT.1|P4_Normal1	Normal
AGCAGGCTCACTTGATAGTAGGCT.1|P4_Normal1	Normal
AGCATCCTCACAACAAAGTAGGCT.1|P4_Normal1	Normal
AGCATCCTCCAGAAACAGTAGGCT.1|P4_Normal1	Normal
AGCATCCTCCATGATTAGTAGGCT.1|P4_Normal1	Normal
AGCATGGTCACCTGTAAGTAGGCT.1|P4_Normal1	Normal
AGCATGGTCCTCACGGAGTAGGCT.1|P4_Normal1	Normal
AGCATGGTCTCACTAGAGTAGGCT.1|P4_Normal1	Normal
AGCCAATAGGGAGGCAAGTAGGCT.1|P4_Normal1	Normal
AGCCAATAGTGGCTTCAGTAGGCT.1|P4_Normal1	Normal
AGCCATTGTAATAGGTAGTAGGCT.1|P4_Normal1	Normal
AGCCCTGTCACAGATAAGTAGGCT.1|P4_Normal1	Normal
AGCCCTTAGTAACGTAAGTAGGCT.1|P4_Normal1	Normal
AGCCTCTAGTTGGCCTAGTAGGCT.1|P4_Normal1	Normal
AGCCTGTTCATTAGTCAGTAGGCT.1|P4_Normal1	Normal
AGCCTTCAGAGCAACTAGTAGGCT.1|P4_Normal1	Normal
AGCCTTCAGATGAAGGAGTAGGCT.1|P4_Normal1	Normal
AGCCTTCAGCATCTATAGTAGGCT.1|P4_Normal1	Normal
AGCCTTCAGCTTACTGAGTAGGCT.1|P4_Normal1	Normal
AGCCTTTCAACTTCGTAGTAGGCT.1|P4_Normal1	Normal
AGCCTTTCAGCCCTTAAGTAGGCT.1|P4_Normal1	Normal
AGCGAACGTAATTTCGAGTAGGCT.1|P4_Normal1	Normal
AGCGAACGTTCCGCAAAGTAGGCT.1|P4_Normal1	Normal
AGCGAAGCAATGAAGAAGTAGGCT.1|P4_Normal1	Normal
AGCGACTCAAAGCCTAAGTAGGCT.1|P4_Normal1	Normal_holdout
AGCGACTCAAATACCGAGTAGGCT.1|P4_Normal1	Normal
AGCGACTCAAGCTATGAGTAGGCT.1|P4_Normal1	Normal
AGCGACTCAGCAAGCTAGTAGGCT.1|P4_Normal1	Normal
AGCGATCCAATAAGGAAGTAGGCT.1|P4_Normal1	Normal
AGCGCGAGTGTGTTACAGTAGGCT.1|P4_Normal1	Normal
AGCGCGAGTTGGCGAGAGTAGGCT.1|P4_Normal1	Normal
AGCGCGAGTTTACTGAAGTAGGCT.1|P4_Normal1	Normal
AGCGCTAAGCGAGGGAAGTAGGCT.1|P4_Normal1	Normal
AGCGCTAAGGGATGAAAGTAGGCT.1|P4_Normal1	Normal
AGCGGCTAGGGTTTCCAGTAGGCT.1|P4_Normal1	Normal
AGCGGCTAGTGTGCAGAGTAGGCT.1|P4_Normal1	Normal
AGCGTTTGTAGCCATTAGTAGGCT.1|P4_Normal1	Normal
AGCGTTTGTTTGAGCTAGTAGGCT.1|P4_Normal1	Normal_holdout
AGCTAAATCCAATTACAGTAGGCT.1|P4_Normal1	Normal
AGCTAAATCGTTAGGGAGTAGGCT.1|P4_Normal1	Normal
AGCTAATCATAGGCGTAGTAGGCT.1|P4_Normal1	Normal
AGCTATGCAAAGGTAAAGTAGGCT.1|P4_Normal1	Normal_holdout
AGCTCAACAATGAATCAGTAGGCT.1|P4_Normal1	Normal
AGCTGCAAGGAGTCATAGTAGGCT.1|P4_Normal1	Normal
AGCTGCAAGGTCAAACAGTAGGCT.1|P4_Normal1	Normal
AGCTGCAAGGTTGTGGAGTAGGCT.1|P4_Normal1	Normal
AGCTGGATCGATTGAAAGTAGGCT.1|P4_Normal1	Normal
AGCTGGCAGGCCCATTAGTAGGCT.1|P4_Normal1	Normal
AGCTTCCAGATTCGTTAGTAGGCT.1|P4_Normal1	Normal
AGCTTCCAGGCGAGTCAGTAGGCT.1|P4_Normal1	Normal
AGCTTCCAGGCGCATAAGTAGGCT.1|P4_Normal1	Normal_holdout
AGCTTCTCAATCATCCAGTAGGCT.1|P4_Normal1	Normal
AGCTTCTCATACTTGCAGTAGGCT.1|P4_Normal1	Normal
AGCTTGTGTATTGGGAAGTAGGCT.1|P4_Normal1	Normal
AGGAACCGTACGTTCGAGTAGGCT.1|P4_Normal1	Normal
AGGAACCGTCAATACCAGTAGGCT.1|P4_Normal1	Normal
AGGAACCGTCGGTTATAGTAGGCT.1|P4_Normal1	Normal
AGGAACCGTTAGCATCAGTAGGCT.1|P4_Normal1	Normal_holdout
AGGAACCGTTGGATAGAGTAGGCT.1|P4_Normal1	Normal
AGGACAAAGGTATAGCAGTAGGCT.1|P4_Normal1	Normal
AGGACAAAGTTACCCAAGTAGGCT.1|P4_Normal1	Normal_holdout
AGGAGGTAGAGGTTCGAGTAGGCT.1|P4_Normal1	Normal
AGGAGGTAGCAACTTTAGTAGGCT.1|P4_Normal1	Normal
AGGCCAGGTCATTATGAGTAGGCT.1|P4_Normal1	Normal
AGGCCATCAAACTTGGAGTAGGCT.1|P4_Normal1	Normal
AGGCCATCAAGTTGGCAGTAGGCT.1|P4_Normal1	Normal
AGGCGAGAGATAACCAAGTAGGCT.1|P4_Normal1	Normal
AGGCTATAGCTAAACAAGTAGGCT.1|P4_Normal1	Normal
AGGCTTTGTAGCCCGTAGTAGGCT.1|P4_Normal1	Normal
AGGGACCTCAACATTCAGTAGGCT.1|P4_Normal1	Normal
AGGGACCTCGAGCTAGAGTAGGCT.1|P4_Normal1	Normal
AGGGAGTAGAAGCATCAGTAGGCT.1|P4_Normal1	Normal
AGGGCTATCATCGATTAGTAGGCT.1|P4_Normal1	Normal
AGGGCTATCGAAGTTAAGTAGGCT.1|P4_Normal1	Normal_holdout
AGGGCTTCAGATAGCCAGTAGGCT.1|P4_Normal1	Normal
AGGGTGGAGAGGAGTAAGTAGGCT.1|P4_Normal1	Normal
AGGGTGGAGCACGGTAAGTAGGCT.1|P4_Normal1	Normal_holdout
AGGGTGGAGGATGTTAAGTAGGCT.1|P4_Normal1	Normal
AGGGTGGAGTGAGTTAAGTAGGCT.1|P4_Normal1	Normal
AGGGTTAGTTGAGTCTAGTAGGCT.1|P4_Normal1	Normal
AGGTGATTCAGGCTGAAGTAGGCT.1|P4_Normal1	Normal
AGGTGATTCCGCCCAAAGTAGGCT.1|P4_Normal1	Normal
AGGTGATTCCTTTGAGAGTAGGCT.1|P4_Normal1	Normal
AGGTGGGAGGGCGGAAAGTAGGCT.1|P4_Normal1	Normal
AGGTTCGAGTGCTGAGAGTAGGCT.1|P4_Normal1	Normal_holdout
AGGTTCTGTGCTTCGAAGTAGGCT.1|P4_Normal1	Normal
AGGTTGAGTTACTTCTAGTAGGCT.1|P4_Normal1	Normal
AGGTTGAGTTCTCAAAAGTAGGCT.1|P4_Normal1	Normal
AGTAAACGTCACTATAAGTAGGCT.1|P4_Normal1	Normal
AGTAAACGTCCAGCTAAGTAGGCT.1|P4_Normal1	Normal
AGTAAACGTCCTGACAAGTAGGCT.1|P4_Normal1	Normal
AGTAACCAGCCTGCCAAGTAGGCT.1|P4_Normal1	Normal
AGTAACGGTGGTTATCAGTAGGCT.1|P4_Normal1	Normal_holdout
AGTAAGTGTAAAGGCCAGTAGGCT.1|P4_Normal1	Normal
AGTAAGTGTATGGGACAGTAGGCT.1|P4_Normal1	Normal
AGTACTGCAATAGAGAAGTAGGCT.1|P4_Normal1	Normal
AGTACTGCACCTGGTCAGTAGGCT.1|P4_Normal1	Normal
AGTACTGCACTCAGTTAGTAGGCT.1|P4_Normal1	Normal
AGTAGGCGTACGCACCAGTAGGCT.1|P4_Normal1	Normal
AGTAGGCGTGACCTGCAGTAGGCT.1|P4_Normal1	Normal
AGTAGGTTCATGTCATAGTAGGCT.1|P4_Normal1	Normal
AGTAGGTTCCCTGGATAGTAGGCT.1|P4_Normal1	Normal_holdout
AGTATCCGTAATAGGTAGTAGGCT.1|P4_Normal1	Normal_holdout
AGTATCCGTCCATTAAAGTAGGCT.1|P4_Normal1	Normal
AGTCAATCATCACAGAAGTAGGCT.1|P4_Normal1	Normal
AGTCACACAAATATGCAGTAGGCT.1|P4_Normal1	Normal
AGTCACACATCCCTCTAGTAGGCT.1|P4_Normal1	Normal
AGTCAGCCAATGGCCGAGTAGGCT.1|P4_Normal1	Normal
AGTCAGCCATAGTCAGAGTAGGCT.1|P4_Normal1	Normal
AGTCAGCCATCACTCGAGTAGGCT.1|P4_Normal1	Normal_holdout
AGTCATAAGCTTGAAAAGTAGGCT.1|P4_Normal1	Normal
AGTCATAAGGTTCATTAGTAGGCT.1|P4_Normal1	Normal
AGTCGCGCACCACATTAGTAGGCT.1|P4_Normal1	Normal
AGTCGTTGTCAGGGCAAGTAGGCT.1|P4_Normal1	Normal
AGTCGTTGTCTGTCAGAGTAGGCT.1|P4_Normal1	Normal
AGTCGTTGTTAACGGAAGTAGGCT.1|P4_Normal1	Normal
AGTCGTTGTTTCCACCAGTAGGCT.1|P4_Normal1	Normal_holdout
AGTCGTTGTTTGGCCAAGTAGGCT.1|P4_Normal1	Normal
AGTGAGAAGGTTATCTAGTAGGCT.1|P4_Normal1	Normal
AGTGATCAGCGAATACAGTAGGCT.1|P4_Normal1	Normal
AGTGATTCAACGTTAGAGTAGGCT.1|P4_Normal1	Normal
AGTGATTCAAGAAATGAGTAGGCT.1|P4_Normal1	Normal_holdout
AGTGATTCAAGAACAAAGTAGGCT.1|P4_Normal1	Normal
AGTGATTCAAGTTAACAGTAGGCT.1|P4_Normal1	Normal
AGTGATTCATCGTTCGAGTAGGCT.1|P4_Normal1	Normal
AGTGCAAGTTTCGCCTAGTAGGCT.1|P4_Normal1	Normal_holdout
AGTGCGGGTGATAAACAGTAGGCT.1|P4_Normal1	Normal
AGTGCGGGTTTACTGAAGTAGGCT.1|P4_Normal1	Normal
AGTGCTGAGTGATTTCAGTAGGCT.1|P4_Normal1	Normal
AGTGGATTCGAAACTAAGTAGGCT.1|P4_Normal1	Normal
AGTGGATTCGCGTTACAGTAGGCT.1|P4_Normal1	Normal
AGTGGATTCTATCTGGAGTAGGCT.1|P4_Normal1	Normal
AGTGGCGGTTGAATCCAGTAGGCT.1|P4_Normal1	Normal
AGTGGGTGTGCTTCGAAGTAGGCT.1|P4_Normal1	Normal
AGTGGGTGTGTTAGTCAGTAGGCT.1|P4_Normal1	Normal
AGTGGGTGTTAGTGCTAGTAGGCT.1|P4_Normal1	Normal
AGTTACGCAAGCTCAAAGTAGGCT.1|P4_Normal1	Normal_holdout
AGTTACTTCGAGAGAAAGTAGGCT.1|P4_Normal1	Normal
AGTTAGGGTCCGGGTTAGTAGGCT.1|P4_Normal1	Normal
AGTTCCTCAGATAGCCAGTAGGCT.1|P4_Normal1	Normal
AGTTGGCCAGCCTTCAAGTAGGCT.1|P4_Normal1	Normal_holdout
AGTTGGCCATCAATCCAGTAGGCT.1|P4_Normal1	Normal
ATAAAGGCAACGTTAGAGTAGGCT.1|P4_Normal1	Normal
ATAAAGGCAGATAGCCAGTAGGCT.1|P4_Normal1	Normal
ATAAAGGCATTCAGGAAGTAGGCT.1|P4_Normal1	Normal
ATAACCAAGATAGCCGAGTAGGCT.1|P4_Normal1	Normal
ATAAGCATCACCATATAGTAGGCT.1|P4_Normal1	Normal_holdout
ATAAGCATCAGGCCAAAGTAGGCT.1|P4_Normal1	Normal
ATAAGCATCCCGTTCCAGTAGGCT.1|P4_Normal1	Normal
ATAAGCATCTTTAGCGAGTAGGCT.1|P4_Normal1	Normal_holdout
ATAAGCCAGTATCGCCAGTAGGCT.1|P4_Normal1	Normal
ATAAGCCAGTGGACCAAGTAGGCT.1|P4_Normal1	Normal
ATAAGGTGTAAGGCCGAGTAGGCT.1|P4_Normal1	Normal_holdout
ATAAGGTGTGTTTGCGAGTAGGCT.1|P4_Normal1	Normal
ATAAGGTGTTTGTGACAGTAGGCT.1|P4_Normal1	Normal
ATAATGGTCACATTACAGTAGGCT.1|P4_Normal1	Normal
ATAATGGTCGGTAACGAGTAGGCT.1|P4_Normal1	Normal
ATACCCGGTTAATGCCAGTAGGCT.1|P4_Normal1	Normal
ATACCCGGTTGAGGACAGTAGGCT.1|P4_Normal1	Normal
ATACCTTAGGAGGATAAGTAGGCT.1|P4_Normal1	Normal
ATACCTTAGGTCAAACAGTAGGCT.1|P4_Normal1	Normal
ATACTGGCAAATGACTAGTAGGCT.1|P4_Normal1	Normal
ATACTGGCACTAACTCAGTAGGCT.1|P4_Normal1	Normal
ATACTGTTCAATCGCCAGTAGGCT.1|P4_Normal1	Normal
ATACTGTTCGCAACGAAGTAGGCT.1|P4_Normal1	Normal
ATAGAAGCATGAAGCCAGTAGGCT.1|P4_Normal1	Normal
ATAGAAGCATGCGCCTAGTAGGCT.1|P4_Normal1	Normal
ATAGACTCACCTAAGAAGTAGGCT.1|P4_Normal1	Normal
ATAGCAGGTCATCATAAGTAGGCT.1|P4_Normal1	Normal
ATAGCAGGTGCGTACCAGTAGGCT.1|P4_Normal1	Normal
ATAGCGAGTTGCACGCAGTAGGCT.1|P4_Normal1	Normal
ATAGCTTTCCTAATCGAGTAGGCT.1|P4_Normal1	Normal_holdout
ATAGGCGTCTGGAACGAGTAGGCT.1|P4_Normal1	Normal
ATAGGCTAGCTGATGGAGTAGGCT.1|P4_Normal1	Normal
ATAGGCTAGGCGAGTCAGTAGGCT.1|P4_Normal1	Normal
ATATAGCCAACTTGTCAGTAGGCT.1|P4_Normal1	Normal
ATATAGCCACTTTACAAGTAGGCT.1|P4_Normal1	Normal
ATATAGCCAGGCTTAAAGTAGGCT.1|P4_Normal1	Normal
ATATCGAAGGAGGATAAGTAGGCT.1|P4_Normal1	Normal
ATATTCGGTTAAGCTCAGTAGGCT.1|P4_Normal1	Normal
ATATTCGGTTAAGTCCAGTAGGCT.1|P4_Normal1	Normal
ATCAGGTAGCACGTTCAGTAGGCT.1|P4_Normal1	Normal
ATCAGGTAGGTATAGCAGTAGGCT.1|P4_Normal1	Normal
ATCATCAGTCCGTGACAGTAGGCT.1|P4_Normal1	Normal
ATCCATCCAGGTATATAGTAGGCT.1|P4_Normal1	Normal
ATCCCAATCGCTTGCGAGTAGGCT.1|P4_Normal1	Normal
ATCCTTGAGCCATAAAAGTAGGCT.1|P4_Normal1	Normal
ATCCTTTGTATATTCGAGTAGGCT.1|P4_Normal1	Normal
ATCGAACAGACAACACAGTAGGCT.1|P4_Normal1	Normal
ATCGAACAGCTCGATCAGTAGGCT.1|P4_Normal1	Normal
ATCGAACAGTCGAAACAGTAGGCT.1|P4_Normal1	Normal
ATCGATGCAATAAGGAAGTAGGCT.1|P4_Normal1	Normal
ATCGATTTCATAATGGAGTAGGCT.1|P4_Normal1	Normal
ATCGCTCAGCTCAAGGAGTAGGCT.1|P4_Normal1	Normal_holdout
ATCGGGCAGTGTGAGTAGTAGGCT.1|P4_Normal1	Normal
ATCGTGACAAGGCCTGAGTAGGCT.1|P4_Normal1	Normal
ATCGTGACATACTTCAAGTAGGCT.1|P4_Normal1	Normal
ATCGTGCTCCAGCTACAGTAGGCT.1|P4_Normal1	Normal
ATCGTGCTCCCTTTGTAGTAGGCT.1|P4_Normal1	Normal
ATCGTTAGTACACCCAAGTAGGCT.1|P4_Normal1	Normal
ATCGTTAGTGGTTCGCAGTAGGCT.1|P4_Normal1	Normal
ATCTTAGGTATGGTCTAGTAGGCT.1|P4_Normal1	Normal_holdout
ATCTTAGGTATGTTGCAGTAGGCT.1|P4_Normal1	Normal
ATCTTAGGTCACAGAAAGTAGGCT.1|P4_Normal1	Normal
ATCTTAGGTGACCTGCAGTAGGCT.1|P4_Normal1	Normal
ATGAAAGCACCAACAAAGTAGGCT.1|P4_Normal1	Normal_holdout
ATGACTTTCATTAGCTAGTAGGCT.1|P4_Normal1	Normal
ATGACTTTCGCAGCAAAGTAGGCT.1|P4_Normal1	Normal_holdout
ATGAGGAAGTTAGGGTAGTAGGCT.1|P4_Normal1	Normal
ATGAGGCGTGCTCCTTAGTAGGCT.1|P4_Normal1	Normal
ATGAGGTTCGCGCATTAGTAGGCT.1|P4_Normal1	Normal
ATGAGGTTCTCACCTTAGTAGGCT.1|P4_Normal1	Normal
ATGATCAAGCAGCTAGAGTAGGCT.1|P4_Normal1	Normal
ATGATCAAGGTCACAGAGTAGGCT.1|P4_Normal1	Normal_holdout
ATGCAACAGAGGTTCGAGTAGGCT.1|P4_Normal1	Normal
ATGCACCTCAAGGTGTAGTAGGCT.1|P4_Normal1	Normal
ATGCACCTCACAGGGCAGTAGGCT.1|P4_Normal1	Normal
ATGCACCTCCAGAAACAGTAGGCT.1|P4_Normal1	Normal
ATGCGCAAGGAACCTGAGTAGGCT.1|P4_Normal1	Normal
ATGCGCAAGTTATTGCAGTAGGCT.1|P4_Normal1	Normal
ATGCGTCTCGATATGAAGTAGGCT.1|P4_Normal1	Normal
ATGCGTCTCGTGATGGAGTAGGCT.1|P4_Normal1	Normal
ATGGACCCAACCTTGTAGTAGGCT.1|P4_Normal1	Normal
ATGGACCCAATGAATCAGTAGGCT.1|P4_Normal1	Normal
ATGGAGGCACATGCTTAGTAGGCT.1|P4_Normal1	Normal
ATGGATCAGATTGCAAAGTAGGCT.1|P4_Normal1	Normal_holdout
ATGGATCAGTGATTTCAGTAGGCT.1|P4_Normal1	Normal
ATGGATGGTAAATAGCAGTAGGCT.1|P4_Normal1	Normal
ATGGATTCACCATCATAGTAGGCT.1|P4_Normal1	Normal
ATGGATTCACCTAAGAAGTAGGCT.1|P4_Normal1	Normal
ATGGCCCGTACAGCAAAGTAGGCT.1|P4_Normal1	Normal
ATGGCCCGTCGTAAAGAGTAGGCT.1|P4_Normal1	Normal
ATGGCCCGTTGCTCCTAGTAGGCT.1|P4_Normal1	Normal
ATGGCCCGTTTGCAACAGTAGGCT.1|P4_Normal1	Normal
ATGGCCTTCAACATTCAGTAGGCT.1|P4_Normal1	Normal
ATGGCCTTCAAGCGATAGTAGGCT.1|P4_Normal1	Normal
ATGGCCTTCGCAAATAAGTAGGCT.1|P4_Normal1	Normal
ATGGCCTTCTTTAGCGAGTAGGCT.1|P4_Normal1	Normal
ATGGCTTGTCACGATTAGTAGGCT.1|P4_Normal1	Normal
ATGGGACGTATTCGTAAGTAGGCT.1|P4_Normal1	Normal
ATGGGCGGTTTGGCCAAGTAGGCT.1|P4_Normal1	Normal
ATGGGTTAGAGGATGAAGTAGGCT.1|P4_Normal1	Normal
ATGGGTTAGGTTGCTCAGTAGGCT.1|P4_Normal1	Normal
ATGGGTTAGTCACACCAGTAGGCT.1|P4_Normal1	Normal
ATGGTAATCACGTTCAAGTAGGCT.1|P4_Normal1	Normal
ATGGTAATCGACTTGCAGTAGGCT.1|P4_Normal1	Normal
ATGGTGAGTACGTTACAGTAGGCT.1|P4_Normal1	Normal
ATGGTGAGTGACCTATAGTAGGCT.1|P4_Normal1	Normal
ATGTAAGTCCTAAAGAAGTAGGCT.1|P4_Normal1	Normal_holdout
ATGTCAAAGGCCAACAAGTAGGCT.1|P4_Normal1	Normal
ATGTCAAAGTTGACGGAGTAGGCT.1|P4_Normal1	Normal
ATGTGAGGTTGGTTTAAGTAGGCT.1|P4_Normal1	Normal
ATGTGGGTCCCATAATAGTAGGCT.1|P4_Normal1	Normal
ATGTGGGTCGCCTATAAGTAGGCT.1|P4_Normal1	Normal
ATGTGGGTCTAACCATAGTAGGCT.1|P4_Normal1	Normal
ATGTTAGAGTCTTGCAAGTAGGCT.1|P4_Normal1	Normal
ATGTTCCCAACCATTCAGTAGGCT.1|P4_Normal1	Normal
ATGTTGCGTCCAATACAGTAGGCT.1|P4_Normal1	Normal
ATTACGTTCGTGATGGAGTAGGCT.1|P4_Normal1	Normal
ATTATGGAGCAAATTGAGTAGGCT.1|P4_Normal1	Normal
ATTATGGAGGTGAGAAAGTAGGCT.1|P4_Normal1	Normal
ATTCACCCATGGCGCAAGTAGGCT.1|P4_Normal1	Normal
ATTCAGTTCACCTGTAAGTAGGCT.1|P4_Normal1	Normal
ATTCAGTTCCAACAGGAGTAGGCT.1|P4_Normal1	Normal
ATTCAGTTCGAGGTTGAGTAGGCT.1|P4_Normal1	Normal
ATTCGATTCAGGTTGGAGTAGGCT.1|P4_Normal1	Normal
ATTCGATTCCAACTATAGTAGGCT.1|P4_Normal1	Normal
ATTCGATTCCCAGACTAGTAGGCT.1|P4_Normal1	Normal
ATTCGTCCATCGGGCAAGTAGGCT.1|P4_Normal1	Normal
ATTCGTTAGAAGGTCTAGTAGGCT.1|P4_Normal1	Normal
ATTCGTTAGGTAATGCAGTAGGCT.1|P4_Normal1	Normal
ATTGACCGTGGACACGAGTAGGCT.1|P4_Normal1	Normal
ATTGACTTCGATTAAGAGTAGGCT.1|P4_Normal1	Normal_holdout
ATTGAGCAGCGAATACAGTAGGCT.1|P4_Normal1	Normal
ATTGAGCAGGATCCCTAGTAGGCT.1|P4_Normal1	Normal
ATTGAGCAGGGTTTGGAGTAGGCT.1|P4_Normal1	Normal
ATTGAGCAGTTGACGGAGTAGGCT.1|P4_Normal1	Normal
ATTGAGTCACCTAAGAAGTAGGCT.1|P4_Normal1	Normal
ATTGCACGTGCGCAAGAGTAGGCT.1|P4_Normal1	Normal_holdout
ATTGCACGTGGGAACTAGTAGGCT.1|P4_Normal1	Normal
ATTGCATTCGCAAATAAGTAGGCT.1|P4_Normal1	Normal
ATTGCATTCTGGCTACAGTAGGCT.1|P4_Normal1	Normal
ATTGCCGGTAATAGGTAGTAGGCT.1|P4_Normal1	Normal
ATTGCCTCACGCAATAAGTAGGCT.1|P4_Normal1	Normal
ATTGCGACATTGAGATAGTAGGCT.1|P4_Normal1	Normal
ATTGCTCCAACCGGATAGTAGGCT.1|P4_Normal1	Normal_holdout
ATTGGCTGTCATCATAAGTAGGCT.1|P4_Normal1	Normal
ATTGGCTGTTCGGTATAGTAGGCT.1|P4_Normal1	Normal
ATTGGGAGTCCCTCATAGTAGGCT.1|P4_Normal1	Normal
ATTGTTGGTCATCAGTAGTAGGCT.1|P4_Normal1	Normal_holdout
ATTGTTGGTCTATCTTAGTAGGCT.1|P4_Normal1	Normal
ATTGTTGGTTCAAGGAAGTAGGCT.1|P4_Normal1	Normal
ATTGTTGGTTGGGTTTAGTAGGCT.1|P4_Normal1	Normal
ATTGTTGGTTGTCAGTAGTAGGCT.1|P4_Normal1	Normal
ATTTACGGTGTGTTACAGTAGGCT.1|P4_Normal1	Normal
ATTTACGGTTGAGCTTAGTAGGCT.1|P4_Normal1	Normal
ATTTAGCTCCATCCGGAGTAGGCT.1|P4_Normal1	Normal_holdout
ATTTAGCTCCATTAACAGTAGGCT.1|P4_Normal1	Normal
ATTTAGGAGTAAGTGCAGTAGGCT.1|P4_Normal1	Normal
ATTTCCTGTACCGTTGAGTAGGCT.1|P4_Normal1	Normal
ATTTCGAGTCCATCCTAGTAGGCT.1|P4_Normal1	Normal
ATTTCGAGTTATGTGCAGTAGGCT.1|P4_Normal1	Normal
ATTTGCCCATTGAGATAGTAGGCT.1|P4_Normal1	Normal
ATTTGGTTCTCAGCTAAGTAGGCT.1|P4_Normal1	Normal_holdout
ATTTGTGGTGCGCAAGAGTAGGCT.1|P4_Normal1	Normal
CAAACAATCAAGTTAGAGTAGGCT.1|P4_Normal1	Normal
CAAACTTTCAAGGTCGAGTAGGCT.1|P4_Normal1	Normal
CAAACTTTCAGGTAGTAGTAGGCT.1|P4_Normal1	Normal
CAAACTTTCATCAAGAAGTAGGCT.1|P4_Normal1	Normal
CAAAGCTAGGTTGGGCAGTAGGCT.1|P4_Normal1	Normal
CAAAGGGCAAATCACGAGTAGGCT.1|P4_Normal1	Normal
CAAAGGGCATAGCCTTAGTAGGCT.1|P4_Normal1	Normal
CAAAGGGCATTGTACCAGTAGGCT.1|P4_Normal1	Normal
CAAAGTCAGCGAAGAAAGTAGGCT.1|P4_Normal1	Normal
CAAAGTCAGGATGCATAGTAGGCT.1|P4_Normal1	Normal
CAAAGTCAGTTAGGGTAGTAGGCT.1|P4_Normal1	Normal_holdout
CAAATCCGTCCATAGTAGTAGGCT.1|P4_Normal1	Normal
CAAATTGAGCTTACCAAGTAGGCT.1|P4_Normal1	Normal
CAACCAACAAACCGGTAGTAGGCT.1|P4_Normal1	Normal
CAACCAACATGAGGGAAGTAGGCT.1|P4_Normal1	Normal
CAACCGTTCCAAATAGAGTAGGCT.1|P4_Normal1	Normal
CAACCGTTCGAAGGCCAGTAGGCT.1|P4_Normal1	Normal_holdout
CAACCTATCGGTCAAGAGTAGGCT.1|P4_Normal1	Normal
CAACCTATCTAATCACAGTAGGCT.1|P4_Normal1	Normal
CAACCTGGTCGCAACCAGTAGGCT.1|P4_Normal1	Normal
CAACCTTCAACTAAACAGTAGGCT.1|P4_Normal1	Normal
CAACCTTCACGTAGGTAGTAGGCT.1|P4_Normal1	Normal
CAACTAAAGGTTGTAAAGTAGGCT.1|P4_Normal1	Normal
CAACTTAGTAGCTTGTAGTAGGCT.1|P4_Normal1	Normal
CAACTTAGTCGCAACCAGTAGGCT.1|P4_Normal1	Normal
CAACTTAGTTTAACCAAGTAGGCT.1|P4_Normal1	Normal_holdout
CAACTTAGTTTGCATAAGTAGGCT.1|P4_Normal1	Normal
CAACTTGTCAGTTAGAAGTAGGCT.1|P4_Normal1	Normal
CAAGCGATCAATTGGAAGTAGGCT.1|P4_Normal1	Normal
CAAGCGATCAGGCTGAAGTAGGCT.1|P4_Normal1	Normal
CAAGGCCAGATTGCAAAGTAGGCT.1|P4_Normal1	Normal
CAAGGCCAGTAATTGGAGTAGGCT.1|P4_Normal1	Normal_holdout
CAAGGCCAGTCACACCAGTAGGCT.1|P4_Normal1	Normal
CAAGGCCAGTGTAATGAGTAGGCT.1|P4_Normal1	Normal
CAAGGTCCACATTCGTAGTAGGCT.1|P4_Normal1	Normal
CAAGGTTAGTTGGATAAGTAGGCT.1|P4_Normal1	Normal_holdout
CAAGTCCTCCCAAATTAGTAGGCT.1|P4_Normal1	Normal_holdout
CAAGTCGAGGTTGCAGAGTAGGCT.1|P4_Normal1	Normal
CAATAAGTCAAACCAAAGTAGGCT.1|P4_Normal1	Normal
CAATAAGTCCGCAATCAGTAGGCT.1|P4_Normal1	Normal
CAATAAGTCGTCAATTAGTAGGCT.1|P4_Normal1	Normal
CAATACTTCCGCAACTAGTAGGCT.1|P4_Normal1	Normal
CAATACTTCTAGCGGAAGTAGGCT.1|P4_Normal1	Normal
CAATAGCAGGTTTCCAAGTAGGCT.1|P4_Normal1	Normal
CAATAGTCAGATTCGAAGTAGGCT.1|P4_Normal1	Normal
CAATCCATCCTGTTCTAGTAGGCT.1|P4_Normal1	Normal
CAATCCATCGTTCGTAAGTAGGCT.1|P4_Normal1	Normal
CAATCGCTCAGGCATGAGTAGGCT.1|P4_Normal1	Normal
CAATCGCTCCATCCGGAGTAGGCT.1|P4_Normal1	Normal
CAATCGCTCCCTCAAAAGTAGGCT.1|P4_Normal1	Normal
CAATGCCTCATGTCATAGTAGGCT.1|P4_Normal1	Normal
CAATGGGTCATGAGGTAGTAGGCT.1|P4_Normal1	Normal_holdout
CAATGTTTCATGAATGAGTAGGCT.1|P4_Normal1	Normal
CAATGTTTCATTAGCTAGTAGGCT.1|P4_Normal1	Normal
CAATGTTTCCAGGAATAGTAGGCT.1|P4_Normal1	Normal
CAATGTTTCCGCCATGAGTAGGCT.1|P4_Normal1	Normal
CAATGTTTCTAGTTACAGTAGGCT.1|P4_Normal1	Normal
CAATTGCGTCCTCCATAGTAGGCT.1|P4_Normal1	Normal
CAATTGCGTGACATTCAGTAGGCT.1|P4_Normal1	Normal
CAATTGCGTGGATGCGAGTAGGCT.1|P4_Normal1	Normal
CAATTGCGTTTGGCCAAGTAGGCT.1|P4_Normal1	Normal
CACAAGCCAACCTGTTAGTAGGCT.1|P4_Normal1	Normal_holdout
CACAAGCCACTAGCGGAGTAGGCT.1|P4_Normal1	Normal
CACAAGCCACTTTATGAGTAGGCT.1|P4_Normal1	Normal
CACAAGCCATTACTTGAGTAGGCT.1|P4_Normal1	Normal
CACAAGCCATTTGCTAAGTAGGCT.1|P4_Normal1	Normal
CACAAGGTCAGCACCTAGTAGGCT.1|P4_Normal1	Normal
CACAAGGTCTAGCGGAAGTAGGCT.1|P4_Normal1	Normal_holdout
CACAATAAGTTTCGCAAGTAGGCT.1|P4_Normal1	Normal
CACAGATAGGAACCGCAGTAGGCT.1|P4_Normal1	Normal
CACAGATAGTCAAACAAGTAGGCT.1|P4_Normal1	Normal
CACATAAAGGCTTATTAGTAGGCT.1|P4_Normal1	Normal
CACATAAAGGTAATGCAGTAGGCT.1|P4_Normal1	Normal
CACCAACTCACAGCCTAGTAGGCT.1|P4_Normal1	Normal
CACCAACTCCGGCTCAAGTAGGCT.1|P4_Normal1	Normal
CACCAACTCCTTTAGGAGTAGGCT.1|P4_Normal1	Normal
CACCAACTCGAAGGCCAGTAGGCT.1|P4_Normal1	Normal
CACCTGGTCGTAAAGCAGTAGGCT.1|P4_Normal1	Normal
CACCTGGTCTGGTCTAAGTAGGCT.1|P4_Normal1	Normal
CACGCATTCACTAGGGAGTAGGCT.1|P4_Normal1	Normal
CACGCATTCGCCTCTCAGTAGGCT.1|P4_Normal1	Normal
CACGTTATCGAACGTGAGTAGGCT.1|P4_Normal1	Normal
CACTAACGTAAAGCATAGTAGGCT.1|P4_Normal1	Normal
CACTAACGTGCTGCACAGTAGGCT.1|P4_Normal1	Normal
CACTAGCTCCGGCTCAAGTAGGCT.1|P4_Normal1	Normal
CACTAGCTCGAAGGCCAGTAGGCT.1|P4_Normal1	Normal
CACTAGCTCGGGCAACAGTAGGCT.1|P4_Normal1	Normal
CACTATGTCACAACAAAGTAGGCT.1|P4_Normal1	Normal
CACTCCCTCCAACATTAGTAGGCT.1|P4_Normal1	Normal
CACTCCCTCGCGTTCGAGTAGGCT.1|P4_Normal1	Normal
CACTGTCAGGTCTTGCAGTAGGCT.1|P4_Normal1	Normal
CACTTGATCAGCACAGAGTAGGCT.1|P4_Normal1	Normal_holdout
CACTTTACAAGCTATGAGTAGGCT.1|P4_Normal1	Normal
CAGAATGGTGCACTATAGTAGGCT.1|P4_Normal1	Normal
CAGACCAAGTGGCTTCAGTAGGCT.1|P4_Normal1	Normal_holdout
CAGATTCGTTGCGGGAAGTAGGCT.1|P4_Normal1	Normal
CAGCAATAGAATGGCTAGTAGGCT.1|P4_Normal1	Normal
CAGCCAGCAGCACGTGAGTAGGCT.1|P4_Normal1	Normal
CAGCCAGCATAAGCTGAGTAGGCT.1|P4_Normal1	Normal_holdout
CAGCTGGCAACTTGTCAGTAGGCT.1|P4_Normal1	Normal
CAGCTGGCAATGAGCCAGTAGGCT.1|P4_Normal1	Normal
CAGCTGGCATAAGCCAAGTAGGCT.1|P4_Normal1	Normal
CAGGAAGCAACCTGTTAGTAGGCT.1|P4_Normal1	Normal
CAGGATTAGAATGGCTAGTAGGCT.1|P4_Normal1	Normal_holdout
CAGGATTAGAGGAAATAGTAGGCT.1|P4_Normal1	Normal
CAGGATTAGATGCTAAAGTAGGCT.1|P4_Normal1	Normal
CAGGATTAGCTATCGCAGTAGGCT.1|P4_Normal1	Normal
CAGGCGAGTCACTAGTAGTAGGCT.1|P4_Normal1	Normal
CAGGCGAGTCGTTCGAAGTAGGCT.1|P4_Normal1	Normal_holdout
CAGGCGAGTTAGGTGAAGTAGGCT.1|P4_Normal1	Normal
CAGGCGAGTTCACCTCAGTAGGCT.1|P4_Normal1	Normal
CAGGCGAGTTTGTTGAAGTAGGCT.1|P4_Normal1	Normal
CAGGCTAAGACAAGCTAGTAGGCT.1|P4_Normal1	Normal_holdout
CAGGTAAGTATGTTTGAGTAGGCT.1|P4_Normal1	Normal
CAGGTATAGTAAAGGGAGTAGGCT.1|P4_Normal1	Normal
CAGGTTACAAACTGGCAGTAGGCT.1|P4_Normal1	Normal
CAGGTTACATCATGTCAGTAGGCT.1|P4_Normal1	Normal
CAGGTTGAGGATCCAGAGTAGGCT.1|P4_Normal1	Normal
CAGGTTTGTGCTGAAAAGTAGGCT.1|P4_Normal1	Normal_holdout
CAGGTTTGTTTGACTAAGTAGGCT.1|P4_Normal1	Normal
CAGTATTTCGTTAGGGAGTAGGCT.1|P4_Normal1	Normal
CAGTGAAGTTAAGGATAGTAGGCT.1|P4_Normal1	Normal
CAGTGAGTCAACCTATAGTAGGCT.1|P4_Normal1	Normal
CAGTGAGTCAACTTGTAGTAGGCT.1|P4_Normal1	Normal
CAGTGAGTCCAAATAGAGTAGGCT.1|P4_Normal1	Normal
CAGTGTGAGACAACTAAGTAGGCT.1|P4_Normal1	Normal_holdout
CAGTGTGAGATATTGGAGTAGGCT.1|P4_Normal1	Normal
CAGTGTGAGCACCTTAAGTAGGCT.1|P4_Normal1	Normal
CAGTGTGAGGCTGTGAAGTAGGCT.1|P4_Normal1	Normal
CAGTGTGAGTGTTTGTAGTAGGCT.1|P4_Normal1	Normal
CAGTTAAAGTAAACCAAGTAGGCT.1|P4_Normal1	Normal
CAGTTAAAGTTACCCAAGTAGGCT.1|P4_Normal1	Normal
CATAATCTCCAACAGGAGTAGGCT.1|P4_Normal1	Normal
CATAATCTCGCTTCAAAGTAGGCT.1|P4_Normal1	Normal_holdout
CATAATGAGTAAACCAAGTAGGCT.1|P4_Normal1	Normal
CATAGAGGTCATGATCAGTAGGCT.1|P4_Normal1	Normal
CATAGCCTCAATACAGAGTAGGCT.1|P4_Normal1	Normal
CATAGCCTCTCAGCACAGTAGGCT.1|P4_Normal1	Normal
CATAGCCTCTTTAGCGAGTAGGCT.1|P4_Normal1	Normal
CATAGCTGTGCGGTTCAGTAGGCT.1|P4_Normal1	Normal
CATAGCTGTTGCGGGAAGTAGGCT.1|P4_Normal1	Normal
CATAGGGTCTAAATCCAGTAGGCT.1|P4_Normal1	Normal
CATAGGTAGCAGGCTAAGTAGGCT.1|P4_Normal1	Normal_holdout
CATAGGTAGCGAAGAAAGTAGGCT.1|P4_Normal1	Normal
CATATTCAGGTGAGTTAGTAGGCT.1|P4_Normal1	Normal
CATATTGGTGCATCGCAGTAGGCT.1|P4_Normal1	Normal
CATATTGGTGGTTCTGAGTAGGCT.1|P4_Normal1	Normal
CATATTGGTTAGGCTTAGTAGGCT.1|P4_Normal1	Normal
CATCAAGCAATTAGACAGTAGGCT.1|P4_Normal1	Normal
CATCAAGCATGCGCCTAGTAGGCT.1|P4_Normal1	Normal_holdout
CATCAATTCATGCGGAAGTAGGCT.1|P4_Normal1	Normal_holdout
CATCATGTCAAGCGATAGTAGGCT.1|P4_Normal1	Normal
CATCATGTCGAACCTCAGTAGGCT.1|P4_Normal1	Normal
CATCCTGCATGCTCCAAGTAGGCT.1|P4_Normal1	Normal
CATCCTTTCTTGATCGAGTAGGCT.1|P4_Normal1	Normal_holdout
CATCGGTTCAAACCGGAGTAGGCT.1|P4_Normal1	Normal
CATGAAGGTTTCCACCAGTAGGCT.1|P4_Normal1	Normal
CATGAGGTCTCACCTTAGTAGGCT.1|P4_Normal1	Normal
CATGCTCAGCTTTACGAGTAGGCT.1|P4_Normal1	Normal
CATGCTCAGTCAACAAAGTAGGCT.1|P4_Normal1	Normal
CATGCTGGTATTTCGAAGTAGGCT.1|P4_Normal1	Normal
CATGCTGGTGGGTGTGAGTAGGCT.1|P4_Normal1	Normal
CATGCTTCAGGCTAACAGTAGGCT.1|P4_Normal1	Normal
CATGCTTCATTCAGGAAGTAGGCT.1|P4_Normal1	Normal_holdout
CATGGTTGTAGCGGATAGTAGGCT.1|P4_Normal1	Normal
CATGGTTGTCGGTTTGAGTAGGCT.1|P4_Normal1	Normal
CATGTTGTCCAAAGACAGTAGGCT.1|P4_Normal1	Normal_holdout
CATTACGTCGAAGTTAAGTAGGCT.1|P4_Normal1	Normal
CATTACGTCGCCTAACAGTAGGCT.1|P4_Normal1	Normal
CATTAGCGTAGTAGGCAGTAGGCT.1|P4_Normal1	Normal
CATTAGGCAATTAGACAGTAGGCT.1|P4_Normal1	Normal
CATTATGGTGCGGAATAGTAGGCT.1|P4_Normal1	Normal
CATTCCTTCGGGCAACAGTAGGCT.1|P4_Normal1	Normal
CATTCGCAGACATAGCAGTAGGCT.1|P4_Normal1	Normal
CATTCGCAGTTACATCAGTAGGCT.1|P4_Normal1	Normal
CATTGAAAGGTTCCGTAGTAGGCT.1|P4_Normal1	Normal
CATTGCGGTAGGTTTCAGTAGGCT.1|P4_Normal1	Normal
CATTGTCCAATGTTCCAGTAGGCT.1|P4_Normal1	Normal
CATTGTCCACCTATCGAGTAGGCT.1|P4_Normal1	Normal
CATTGTCCAGCAAGCTAGTAGGCT.1|P4_Normal1	Normal
CATTGTCCAGCAATTGAGTAGGCT.1|P4_Normal1	Normal_holdout
CATTGTGTCGTTAGGGAGTAGGCT.1|P4_Normal1	Normal
CATTTAGGTACGATTCAGTAGGCT.1|P4_Normal1	Normal
CATTTCGAGCAGGTTGAGTAGGCT.1|P4_Normal1	Normal
CATTTCGAGCCTTAATAGTAGGCT.1|P4_Normal1	Normal
CCAAACCTCAATTGGAAGTAGGCT.1|P4_Normal1	Normal
CCAAAGCCAATTAGGTAGTAGGCT.1|P4_Normal1	Normal
CCAAAGCCATCGTTCGAGTAGGCT.1|P4_Normal1	Normal
CCAACCGTCTTGATCGAGTAGGCT.1|P4_Normal1	Normal
CCAAGCTTCACAAACAAGTAGGCT.1|P4_Normal1	Normal
CCAAGCTTCATTGTACAGTAGGCT.1|P4_Normal1	Normal
CCAAGCTTCTTAAGCTAGTAGGCT.1|P4_Normal1	Normal_holdout
CCAAGGATCCTTTCGTAGTAGGCT.1|P4_Normal1	Normal
CCAAGGATCCTTTGTCAGTAGGCT.1|P4_Normal1	Normal
CCAAGGATCTAGCCTAAGTAGGCT.1|P4_Normal1	Normal
CCAAGGATCTGTGACCAGTAGGCT.1|P4_Normal1	Normal
CCAAGTGAGCTGGGTAAGTAGGCT.1|P4_Normal1	Normal
CCAAGTGAGGCCTCTGAGTAGGCT.1|P4_Normal1	Normal_holdout
CCAATACGTAATGCCTAGTAGGCT.1|P4_Normal1	Normal
CCAATTAGTGTTAGCTAGTAGGCT.1|P4_Normal1	Normal
CCAATTTAGCTTAGTTAGTAGGCT.1|P4_Normal1	Normal
CCACATTCATAAGCCAAGTAGGCT.1|P4_Normal1	Normal
CCAGAAAGTGAACGGTAGTAGGCT.1|P4_Normal1	Normal
CCAGCACGTACTTCAAAGTAGGCT.1|P4_Normal1	Normal
CCAGCTAGTCAGGGCAAGTAGGCT.1|P4_Normal1	Normal
CCAGCTAGTCCACAATAGTAGGCT.1|P4_Normal1	Normal
CCAGCTAGTGACATGAAGTAGGCT.1|P4_Normal1	Normal
CCAGCTAGTGCCCGATAGTAGGCT.1|P4_Normal1	Normal
CCAGCTAGTTAAGTCCAGTAGGCT.1|P4_Normal1	Normal
CCAGCTTAGCCCTTGGAGTAGGCT.1|P4_Normal1	Normal
CCAGGTTTCAACTGGGAGTAGGCT.1|P4_Normal1	Normal
CCAGGTTTCCATTAGTAGTAGGCT.1|P4_Normal1	Normal
CCATAACGTAAGTCGAAGTAGGCT.1|P4_Normal1	Normal
CCATAACGTCGTTCTCAGTAGGCT.1|P4_Normal1	Normal
CCATAACGTGCGGCAAAGTAGGCT.1|P4_Normal1	Normal
CCATAACGTTTAGTTGAGTAGGCT.1|P4_Normal1	Normal
CCATCAGGTATGGTAGAGTAGGCT.1|P4_Normal1	Normal
CCATCAGGTATTGACCAGTAGGCT.1|P4_Normal1	Normal_holdout
CCATCATCAAACTTGGAGTAGGCT.1|P4_Normal1	Normal
CCATCATCAGAAACTTAGTAGGCT.1|P4_Normal1	Normal_holdout
CCATCCCTCGCACACTAGTAGGCT.1|P4_Normal1	Normal
CCATGGTTCATAATCCAGTAGGCT.1|P4_Normal1	Normal
CCATGGTTCCATAGGGAGTAGGCT.1|P4_Normal1	Normal
CCATGGTTCCTTTCGTAGTAGGCT.1|P4_Normal1	Normal_holdout
CCATGGTTCGCCTATAAGTAGGCT.1|P4_Normal1	Normal_holdout
CCATTAAGTAAGGCTAAGTAGGCT.1|P4_Normal1	Normal
CCATTAAGTACACCCAAGTAGGCT.1|P4_Normal1	Normal_holdout
CCATTAAGTCGTAACTAGTAGGCT.1|P4_Normal1	Normal
CCATTAGTCAACCTATAGTAGGCT.1|P4_Normal1	Normal
CCATTAGTCTCAAACTAGTAGGCT.1|P4_Normal1	Normal
CCATTCGCATCAAGTGAGTAGGCT.1|P4_Normal1	Normal_holdout
CCATTGTCAATGGCCGAGTAGGCT.1|P4_Normal1	Normal
CCATTGTCAATGTGGCAGTAGGCT.1|P4_Normal1	Normal
CCATTGTCACAATGGCAGTAGGCT.1|P4_Normal1	Normal
CCCAACTAGCTCGACTAGTAGGCT.1|P4_Normal1	Normal
CCCAACTAGCTTACATAGTAGGCT.1|P4_Normal1	Normal
CCCAACTAGGTATTTCAGTAGGCT.1|P4_Normal1	Normal
CCCAACTAGTAACGGTAGTAGGCT.1|P4_Normal1	Normal
CCCACCTTCAAACTTCAGTAGGCT.1|P4_Normal1	Normal
CCCACTTGTTGGCGAGAGTAGGCT.1|P4_Normal1	Normal
CCCATAGGTTGCGGGAAGTAGGCT.1|P4_Normal1	Normal
CCCATCCTCATCACATAGTAGGCT.1|P4_Normal1	Normal
CCCATCCTCCCATTGAAGTAGGCT.1|P4_Normal1	Normal
CCCGAACGTGCATTACAGTAGGCT.1|P4_Normal1	Normal_holdout
CCCGAAGCAACCGGATAGTAGGCT.1|P4_Normal1	Normal
CCCGAAGCACTATGGAAGTAGGCT.1|P4_Normal1	Normal
CCCGAAGCAGGTCAACAGTAGGCT.1|P4_Normal1	Normal
CCCGAAGCATATGGTGAGTAGGCT.1|P4_Normal1	Normal
CCCGCAATCAAGCCAGAGTAGGCT.1|P4_Normal1	Normal
CCCGTAAGTGCTGCACAGTAGGCT.1|P4_Normal1	Normal
CCCGTAGTCCTGACTAAGTAGGCT.1|P4_Normal1	Normal_holdout
CCCGTAGTCTGTGCACAGTAGGCT.1|P4_Normal1	Normal
CCCTAAGGTTAGACTCAGTAGGCT.1|P4_Normal1	Normal
CCCTAAGGTTGACCCAAGTAGGCT.1|P4_Normal1	Normal
CCCTGGATCAGCATGGAGTAGGCT.1|P4_Normal1	Normal
CCCTGGATCCTGACTAAGTAGGCT.1|P4_Normal1	Normal_holdout
CCCTGGATCGATATGAAGTAGGCT.1|P4_Normal1	Normal
CCCTGTGAGACAGACTAGTAGGCT.1|P4_Normal1	Normal
CCCTTACGTTAAGCCTAGTAGGCT.1|P4_Normal1	Normal
CCCTTGCTCAGTTAGAAGTAGGCT.1|P4_Normal1	Normal
CCGATACTCAGCGATGAGTAGGCT.1|P4_Normal1	Normal
CCGATACTCGCGGATAAGTAGGCT.1|P4_Normal1	Normal
CCGATACTCGTCCCGAAGTAGGCT.1|P4_Normal1	Normal
CCGATTGGTTTCCTGCAGTAGGCT.1|P4_Normal1	Normal
CCGCATTAGGTTGCAGAGTAGGCT.1|P4_Normal1	Normal
CCGCATTAGTAGCTAAAGTAGGCT.1|P4_Normal1	Normal
CCGCCATCAGAAACTTAGTAGGCT.1|P4_Normal1	Normal
CCGCCATCAGCTTAAGAGTAGGCT.1|P4_Normal1	Normal
CCGCCATCAGTTAAACAGTAGGCT.1|P4_Normal1	Normal
CCGCCATCATCTATCAAGTAGGCT.1|P4_Normal1	Normal
CCGCCATCATGACCAAAGTAGGCT.1|P4_Normal1	Normal
CCGCTAAGTGTGTCGCAGTAGGCT.1|P4_Normal1	Normal
CCGCTATAGAAGTAGGAGTAGGCT.1|P4_Normal1	Normal
CCGCTATAGGAAACCTAGTAGGCT.1|P4_Normal1	Normal
CCGCTATAGTGTGATAAGTAGGCT.1|P4_Normal1	Normal
CCGCTTACAATCATCCAGTAGGCT.1|P4_Normal1	Normal
CCGGCTATCATCCAGCAGTAGGCT.1|P4_Normal1	Normal
CCGGTACGTTTAGTTGAGTAGGCT.1|P4_Normal1	Normal
CCGTACGTCATAGGTAAGTAGGCT.1|P4_Normal1	Normal
CCGTACGTCTAAGTCTAGTAGGCT.1|P4_Normal1	Normal
CCGTCAAGTACTTAGCAGTAGGCT.1|P4_Normal1	Normal_holdout
CCGTCAAGTCCACAATAGTAGGCT.1|P4_Normal1	Normal
CCGTTGTAGCGCTTACAGTAGGCT.1|P4_Normal1	Normal
CCGTTGTAGGTATGGTAGTAGGCT.1|P4_Normal1	Normal
CCGTTGTAGTTTGACTAGTAGGCT.1|P4_Normal1	Normal
CCTAACGGTAATGAACAGTAGGCT.1|P4_Normal1	Normal
CCTAACTCAATACCCTAGTAGGCT.1|P4_Normal1	Normal
CCTAACTCACATTCGTAGTAGGCT.1|P4_Normal1	Normal
CCTAACTCAGGTCAACAGTAGGCT.1|P4_Normal1	Normal
CCTAAGCTCGCAAATAAGTAGGCT.1|P4_Normal1	Normal
CCTAAGGAGAAGCAAGAGTAGGCT.1|P4_Normal1	Normal_holdout
CCTAAGGAGCCTCTAAAGTAGGCT.1|P4_Normal1	Normal
CCTAATCCAACAGATTAGTAGGCT.1|P4_Normal1	Normal
CCTAATCCAGAAACTTAGTAGGCT.1|P4_Normal1	Normal
CCTACCTGTAAGAATCAGTAGGCT.1|P4_Normal1	Normal_holdout
CCTACCTGTACGTTCGAGTAGGCT.1|P4_Normal1	Normal
CCTACCTGTCTTTATCAGTAGGCT.1|P4_Normal1	Normal
CCTATCGCAGGCAACTAGTAGGCT.1|P4_Normal1	Normal
CCTATCGCATGGCTAAAGTAGGCT.1|P4_Normal1	Normal
CCTATCGCATTTGGAGAGTAGGCT.1|P4_Normal1	Normal
CCTATGATCTAACCTGAGTAGGCT.1|P4_Normal1	Normal
CCTATGGGTTAGCATCAGTAGGCT.1|P4_Normal1	Normal
CCTATTGAGTTTACCGAGTAGGCT.1|P4_Normal1	Normal
CCTATTTGTGCTTCTCAGTAGGCT.1|P4_Normal1	Normal_holdout
CCTCAAGGTGTTAGCTAGTAGGCT.1|P4_Normal1	Normal
CCTCACACAATAGAAGAGTAGGCT.1|P4_Normal1	Normal
CCTCCAACAATCGTGAAGTAGGCT.1|P4_Normal1	Normal
CCTCGATAGGTTTCGCAGTAGGCT.1|P4_Normal1	Normal_holdout
CCTCGATAGTTAACAGAGTAGGCT.1|P4_Normal1	Normal
CCTGATTCAGCCATAAAGTAGGCT.1|P4_Normal1	Normal_holdout
CCTGGTAGTGATCCTGAGTAGGCT.1|P4_Normal1	Normal
CCTTAAAGTCCATCAGAGTAGGCT.1|P4_Normal1	Normal
CCTTAATAGAGGAGGTAGTAGGCT.1|P4_Normal1	Normal
CCTTATGAGCGCCTTGAGTAGGCT.1|P4_Normal1	Normal
CCTTATGAGGTTGTAAAGTAGGCT.1|P4_Normal1	Normal
CCTTATTGTTACCGTGAGTAGGCT.1|P4_Normal1	Normal
CCTTCCATCACACAAAAGTAGGCT.1|P4_Normal1	Normal
CCTTCCATCGATATTCAGTAGGCT.1|P4_Normal1	Normal
CCTTCCATCTATTGACAGTAGGCT.1|P4_Normal1	Normal_holdout
CCTTCCATCTCAGCTAAGTAGGCT.1|P4_Normal1	Normal
CCTTCCTCAACCTGTTAGTAGGCT.1|P4_Normal1	Normal
CCTTCCTCACCTCGACAGTAGGCT.1|P4_Normal1	Normal
CCTTCCTCATAACCGAAGTAGGCT.1|P4_Normal1	Normal_holdout
CCTTGAATCACTATGTAGTAGGCT.1|P4_Normal1	Normal
CCTTGAATCCCTCAAAAGTAGGCT.1|P4_Normal1	Normal
CCTTGAATCTCAAACTAGTAGGCT.1|P4_Normal1	Normal
CCTTGAGGTGTGTCGCAGTAGGCT.1|P4_Normal1	Normal
CCTTGAGGTTAGGTAGAGTAGGCT.1|P4_Normal1	Normal
CCTTGAGGTTGGGTTTAGTAGGCT.1|P4_Normal1	Normal
CGAAATGGTAATTTCGAGTAGGCT.1|P4_Normal1	Normal
CGAACTTGTACGATTCAGTAGGCT.1|P4_Normal1	Normal
CGAACTTGTACGTAAGAGTAGGCT.1|P4_Normal1	Normal_holdout
CGAACTTGTCTCACTCAGTAGGCT.1|P4_Normal1	Normal
CGAATAGGTGGGAACTAGTAGGCT.1|P4_Normal1	Normal
CGAATAGGTTGAGCTTAGTAGGCT.1|P4_Normal1	Normal
CGAATATCATGAGCTAAGTAGGCT.1|P4_Normal1	Normal
CGACACAAGCCTTAATAGTAGGCT.1|P4_Normal1	Normal_holdout
CGACACAAGTAGCGCAAGTAGGCT.1|P4_Normal1	Normal
CGACACCGTAATTGCCAGTAGGCT.1|P4_Normal1	Normal_holdout
CGACCGTGTAATAGGTAGTAGGCT.1|P4_Normal1	Normal
CGACCGTGTCAAGCTTAGTAGGCT.1|P4_Normal1	Normal
CGACTCCCAATCATCCAGTAGGCT.1|P4_Normal1	Normal
CGACTCCCATAAGCCAAGTAGGCT.1|P4_Normal1	Normal
CGACTTATCGGTAACGAGTAGGCT.1|P4_Normal1	Normal
CGACTTTCATTTCGCGAGTAGGCT.1|P4_Normal1	Normal
CGAGAGGAGATTGCAAAGTAGGCT.1|P4_Normal1	Normal
CGAGAGGAGTTGCGCTAGTAGGCT.1|P4_Normal1	Normal
CGAGCGAGTAGTAGGCAGTAGGCT.1|P4_Normal1	Normal
CGAGCGAGTATTTCGAAGTAGGCT.1|P4_Normal1	Normal_holdout
CGAGCGAGTTAGACTCAGTAGGCT.1|P4_Normal1	Normal
CGAGCGAGTTAGGTAGAGTAGGCT.1|P4_Normal1	Normal
CGAGCGAGTTTGGCCAAGTAGGCT.1|P4_Normal1	Normal
CGAGCTTTCCCTTTGTAGTAGGCT.1|P4_Normal1	Normal
CGAGCTTTCTTTGGATAGTAGGCT.1|P4_Normal1	Normal
CGAGGAGAGTCAGGCAAGTAGGCT.1|P4_Normal1	Normal_holdout
CGAGGAGAGTTACTCGAGTAGGCT.1|P4_Normal1	Normal
CGATAAATCCACAATTAGTAGGCT.1|P4_Normal1	Normal
CGATAGCCAAGGAATAAGTAGGCT.1|P4_Normal1	Normal
CGATAGCCAAGTTGCAAGTAGGCT.1|P4_Normal1	Normal_holdout
CGATATGCAAACTGGCAGTAGGCT.1|P4_Normal1	Normal
CGATATGCAACGACTAAGTAGGCT.1|P4_Normal1	Normal
CGATGAAGTAGCGGATAGTAGGCT.1|P4_Normal1	Normal_holdout
CGATGAAGTTAGGCGGAGTAGGCT.1|P4_Normal1	Normal
CGATGTTGTGTTAGCTAGTAGGCT.1|P4_Normal1	Normal
CGATTGACATCGGGCAAGTAGGCT.1|P4_Normal1	Normal
CGATTGACATGAGGGAAGTAGGCT.1|P4_Normal1	Normal
CGATTGTGTAACTACCAGTAGGCT.1|P4_Normal1	Normal
CGATTTAGTCAATTGCAGTAGGCT.1|P4_Normal1	Normal
CGATTTAGTTAGGTGAAGTAGGCT.1|P4_Normal1	Normal
CGCAAGGGTTGCGCTAAGTAGGCT.1|P4_Normal1	Normal
CGCAATTGTAACGGGTAGTAGGCT.1|P4_Normal1	Normal
CGCAATTGTAGGAGGAAGTAGGCT.1|P4_Normal1	Normal
CGCAATTGTATGGTCTAGTAGGCT.1|P4_Normal1	Normal_holdout
CGCACATTCCTTTGAGAGTAGGCT.1|P4_Normal1	Normal
CGCAGCACAAGCCAGTAGTAGGCT.1|P4_Normal1	Normal
CGCAGCACAGGGCTATAGTAGGCT.1|P4_Normal1	Normal
CGCAGGTAGATTATCCAGTAGGCT.1|P4_Normal1	Normal
CGCAGGTAGCACGTTCAGTAGGCT.1|P4_Normal1	Normal
CGCATAACAGCAATTGAGTAGGCT.1|P4_Normal1	Normal
CGCATCCCACGTTACTAGTAGGCT.1|P4_Normal1	Normal
CGCATCCCAGGAATAAAGTAGGCT.1|P4_Normal1	Normal
CGCATTATCACTTGATAGTAGGCT.1|P4_Normal1	Normal
CGCATTATCGATTGAAAGTAGGCT.1|P4_Normal1	Normal
CGCATTATCGCGGATAAGTAGGCT.1|P4_Normal1	Normal
CGCATTTCATAGCCGGAGTAGGCT.1|P4_Normal1	Normal
CGCCATCCAAAGCCTAAGTAGGCT.1|P4_Normal1	Normal_holdout
CGCCATCCAAGGGTCTAGTAGGCT.1|P4_Normal1	Normal
CGCCATCCATCTATGCAGTAGGCT.1|P4_Normal1	Normal
CGCGACACATCGGGCAAGTAGGCT.1|P4_Normal1	Normal
CGCGACACATGACCAAAGTAGGCT.1|P4_Normal1	Normal
CGCGATAAGCATCTTGAGTAGGCT.1|P4_Normal1	Normal
CGCGATAAGGATTATGAGTAGGCT.1|P4_Normal1	Normal
CGCGTGACAAACTGGCAGTAGGCT.1|P4_Normal1	Normal_holdout
CGCGTGACACCTTACGAGTAGGCT.1|P4_Normal1	Normal
CGCGTTCCAGGTATATAGTAGGCT.1|P4_Normal1	Normal
CGCTAAACAATTCGGAAGTAGGCT.1|P4_Normal1	Normal
CGCTAAACACCTGGTCAGTAGGCT.1|P4_Normal1	Normal
CGCTAAACAGGCTGTGAGTAGGCT.1|P4_Normal1	Normal
CGCTAAACATATGGTGAGTAGGCT.1|P4_Normal1	Normal
CGCTAAACATCATGCTAGTAGGCT.1|P4_Normal1	Normal
CGCTACTAGCGAAGAAAGTAGGCT.1|P4_Normal1	Normal
CGCTACTAGGCGATATAGTAGGCT.1|P4_Normal1	Normal
CGCTATATCAATGTTCAGTAGGCT.1|P4_Normal1	Normal
CGCTATATCCTCACTTAGTAGGCT.1|P4_Normal1	Normal
CGCTATATCTAATCGTAGTAGGCT.1|P4_Normal1	Normal
CGCTCAGTCAAGTTTCAGTAGGCT.1|P4_Normal1	Normal
CGCTCAGTCTATCACGAGTAGGCT.1|P4_Normal1	Normal
CGCTGGACATATGGTGAGTAGGCT.1|P4_Normal1	Normal
CGCTTTAAGATGAACCAGTAGGCT.1|P4_Normal1	Normal
CGGAACCAGACAACACAGTAGGCT.1|P4_Normal1	Normal
CGGAACGGTAGGTTTCAGTAGGCT.1|P4_Normal1	Normal
CGGAACGGTATTGTCAAGTAGGCT.1|P4_Normal1	Normal
CGGCTAAAGCACTACCAGTAGGCT.1|P4_Normal1	Normal
CGGGATGGTCTTACTTAGTAGGCT.1|P4_Normal1	Normal
CGGGATGGTGAGTAATAGTAGGCT.1|P4_Normal1	Normal
CGGGATGGTGGTGCAGAGTAGGCT.1|P4_Normal1	Normal
CGGGATGGTTCATTGAAGTAGGCT.1|P4_Normal1	Normal
CGGGCTACATTTAGCCAGTAGGCT.1|P4_Normal1	Normal
CGGGTTAAGATTATCCAGTAGGCT.1|P4_Normal1	Normal
CGGGTTAAGCTACGTCAGTAGGCT.1|P4_Normal1	Normal
CGGGTTAAGGGCAGTCAGTAGGCT.1|P4_Normal1	Normal
CGGGTTAAGTGCCCTGAGTAGGCT.1|P4_Normal1	Normal
CGGTATTGTGGGTGTGAGTAGGCT.1|P4_Normal1	Normal
CGGTATTGTTTACGACAGTAGGCT.1|P4_Normal1	Normal
CGGTGCACACTAGCGGAGTAGGCT.1|P4_Normal1	Normal
CGGTGTGCACATTGAGAGTAGGCT.1|P4_Normal1	Normal_holdout
CGGTTAGAGGGAGGATAGTAGGCT.1|P4_Normal1	Normal
CGGTTATGTAGGAGGAAGTAGGCT.1|P4_Normal1	Normal
CGTAAACAGCCGCTATAGTAGGCT.1|P4_Normal1	Normal
CGTAAACAGCGGCTTTAGTAGGCT.1|P4_Normal1	Normal_holdout
CGTAAAGGTCCAGCTAAGTAGGCT.1|P4_Normal1	Normal
CGTAAAGGTCCCTCTGAGTAGGCT.1|P4_Normal1	Normal
CGTACGTTCGTCCATAAGTAGGCT.1|P4_Normal1	Normal
CGTACTTCACCACATTAGTAGGCT.1|P4_Normal1	Normal
CGTAGCGCAGCAAGCTAGTAGGCT.1|P4_Normal1	Normal
CGTCATTCAACCCTATAGTAGGCT.1|P4_Normal1	Normal
CGTCATTCAGAGGCTTAGTAGGCT.1|P4_Normal1	Normal
CGTCCATAGGACTTGGAGTAGGCT.1|P4_Normal1	Normal_holdout
CGTGAACCAACGACTAAGTAGGCT.1|P4_Normal1	Normal
CGTGCGTGTGGTTAAGAGTAGGCT.1|P4_Normal1	Normal_holdout
CGTGCGTGTTAACCACAGTAGGCT.1|P4_Normal1	Normal
CGTGCTTAGCTAACTTAGTAGGCT.1|P4_Normal1	Normal
CGTGTTTCAAAGGGATAGTAGGCT.1|P4_Normal1	Normal
CGTGTTTCACCGGCAAAGTAGGCT.1|P4_Normal1	Normal
CGTTACTCACGTTACTAGTAGGCT.1|P4_Normal1	Normal
CGTTATAGTCACACCAAGTAGGCT.1|P4_Normal1	Normal
CGTTATTAGCAAATCAAGTAGGCT.1|P4_Normal1	Normal
CGTTCGTAGGCAAGCCAGTAGGCT.1|P4_Normal1	Normal
CGTTCGTAGGTAATGCAGTAGGCT.1|P4_Normal1	Normal
CGTTGCGTCATTGAAGAGTAGGCT.1|P4_Normal1	Normal
CGTTGCGTCTTGAAGAAGTAGGCT.1|P4_Normal1	Normal
CGTTGTCAGCAATTGAAGTAGGCT.1|P4_Normal1	Normal
CGTTGTCAGGTGGATTAGTAGGCT.1|P4_Normal1	Normal
CGTTTGGGTATTACCAAGTAGGCT.1|P4_Normal1	Normal
CGTTTGGGTTGTTGGTAGTAGGCT.1|P4_Normal1	Normal
CGTTTGTCAGAATGAAAGTAGGCT.1|P4_Normal1	Normal
CGTTTGTCAGCAAGCTAGTAGGCT.1|P4_Normal1	Normal
CTAACAGCAAATCACGAGTAGGCT.1|P4_Normal1	Normal
CTAACCATCCCAGTACAGTAGGCT.1|P4_Normal1	Normal_holdout
CTAACCATCCCTGGATAGTAGGCT.1|P4_Normal1	Normal
CTAACCATCCGGATAGAGTAGGCT.1|P4_Normal1	Normal
CTAACCATCGGTACCTAGTAGGCT.1|P4_Normal1	Normal
CTAACCATCTTAAGCTAGTAGGCT.1|P4_Normal1	Normal
CTAACCTCAAGCCTAAAGTAGGCT.1|P4_Normal1	Normal
CTAACTAGTACAAACGAGTAGGCT.1|P4_Normal1	Normal
CTAACTAGTCTTACTTAGTAGGCT.1|P4_Normal1	Normal
CTAACTAGTGGAAGCTAGTAGGCT.1|P4_Normal1	Normal
CTAACTAGTTAACGAGAGTAGGCT.1|P4_Normal1	Normal
CTAAGGCCAGCTAGACAGTAGGCT.1|P4_Normal1	Normal
CTAAGGCCATAGCCGGAGTAGGCT.1|P4_Normal1	Normal
CTAAGTAAGTTGACCCAGTAGGCT.1|P4_Normal1	Normal
CTAAGTGCACAGCAACAGTAGGCT.1|P4_Normal1	Normal
CTAAGTGCACCTTACGAGTAGGCT.1|P4_Normal1	Normal
CTAAGTGCACCTTTGGAGTAGGCT.1|P4_Normal1	Normal
CTAAGTGCACTCAAAGAGTAGGCT.1|P4_Normal1	Normal
CTAATCTAGAAGTAGGAGTAGGCT.1|P4_Normal1	Normal
CTACATCCAAGGAATAAGTAGGCT.1|P4_Normal1	Normal
CTACATCCACTGTCATAGTAGGCT.1|P4_Normal1	Normal_holdout
CTACCATCACAGCAACAGTAGGCT.1|P4_Normal1	Normal
CTACCCACAAACCTGAAGTAGGCT.1|P4_Normal1	Normal
CTACCCACAAATAAGGAGTAGGCT.1|P4_Normal1	Normal
CTACCCACAAGATGCCAGTAGGCT.1|P4_Normal1	Normal
CTACCCACATTTGTTGAGTAGGCT.1|P4_Normal1	Normal
CTACGAACAAATAACCAGTAGGCT.1|P4_Normal1	Normal
CTACGAACAATCAAACAGTAGGCT.1|P4_Normal1	Normal_holdout
CTACGAACACCACAAAAGTAGGCT.1|P4_Normal1	Normal
CTACGAACACTAGCGGAGTAGGCT.1|P4_Normal1	Normal
CTACTGATCACACAAAAGTAGGCT.1|P4_Normal1	Normal
CTACTGATCTAATGGAAGTAGGCT.1|P4_Normal1	Normal
CTAGATAAGGATGTTAAGTAGGCT.1|P4_Normal1	Normal_holdout
CTAGATGCAGGATCCGAGTAGGCT.1|P4_Normal1	Normal_holdout
CTAGGCGCAACAAAGAAGTAGGCT.1|P4_Normal1	Normal
CTAGGCGCAACTTCGTAGTAGGCT.1|P4_Normal1	Normal
CTAGGCGCACGGATACAGTAGGCT.1|P4_Normal1	Normal
CTAGGCGCATTACTTGAGTAGGCT.1|P4_Normal1	Normal
CTAGGTACAATCGTGAAGTAGGCT.1|P4_Normal1	Normal
CTAGGTACACGTAGGTAGTAGGCT.1|P4_Normal1	Normal
CTAGGTACATTGCATCAGTAGGCT.1|P4_Normal1	Normal
CTAGTCTCAAGCGAAGAGTAGGCT.1|P4_Normal1	Normal
CTATAGGCAAGCGATCAGTAGGCT.1|P4_Normal1	Normal
CTATAGGCACCACACCAGTAGGCT.1|P4_Normal1	Normal_holdout
CTATAGGCACTTCGATAGTAGGCT.1|P4_Normal1	Normal
CTATAGGCATTGTGAGAGTAGGCT.1|P4_Normal1	Normal
CTATATCAGTAAGCTAAGTAGGCT.1|P4_Normal1	Normal
CTATGAGCACAACATGAGTAGGCT.1|P4_Normal1	Normal
CTATGGCTCTAACTACAGTAGGCT.1|P4_Normal1	Normal
CTATGGGAGGTGAGGGAGTAGGCT.1|P4_Normal1	Normal
CTATGTCCACAACATGAGTAGGCT.1|P4_Normal1	Normal
CTATGTTAGGTTTCGCAGTAGGCT.1|P4_Normal1	Normal
CTATTACAGTCATTCGAGTAGGCT.1|P4_Normal1	Normal
CTATTAGGTGGCTTTGAGTAGGCT.1|P4_Normal1	Normal
CTATTGGTCCATCCTTAGTAGGCT.1|P4_Normal1	Normal
CTCAACATCAGCTACCAGTAGGCT.1|P4_Normal1	Normal_holdout
CTCAACATCCCGCTGAAGTAGGCT.1|P4_Normal1	Normal_holdout
CTCAACATCCTAATCGAGTAGGCT.1|P4_Normal1	Normal_holdout
CTCAAGACAAATAAGGAGTAGGCT.1|P4_Normal1	Normal
CTCAAGCTCAACCTATAGTAGGCT.1|P4_Normal1	Normal
CTCAAGCTCACAAAGCAGTAGGCT.1|P4_Normal1	Normal
CTCAAGCTCCTCTAAGAGTAGGCT.1|P4_Normal1	Normal
CTCAAGCTCTGGAACGAGTAGGCT.1|P4_Normal1	Normal
CTCAATAGTACGAATGAGTAGGCT.1|P4_Normal1	Normal
CTCAATAGTGGACACGAGTAGGCT.1|P4_Normal1	Normal_holdout
CTCACACAGGATGTTAAGTAGGCT.1|P4_Normal1	Normal
CTCACACAGGCGATATAGTAGGCT.1|P4_Normal1	Normal_holdout
CTCACCCTCACAAATGAGTAGGCT.1|P4_Normal1	Normal
CTCACCCTCCCATAATAGTAGGCT.1|P4_Normal1	Normal_holdout
CTCAGCTAGCCTATATAGTAGGCT.1|P4_Normal1	Normal
CTCATAAGTTGAGTCTAGTAGGCT.1|P4_Normal1	Normal
CTCATGATCAATACAGAGTAGGCT.1|P4_Normal1	Normal_holdout
CTCATGATCGGGACTAAGTAGGCT.1|P4_Normal1	Normal
CTCATTACACTATCACAGTAGGCT.1|P4_Normal1	Normal
CTCATTACATTTGGGAAGTAGGCT.1|P4_Normal1	Normal
CTCCATCGTAATGGTGAGTAGGCT.1|P4_Normal1	Normal
CTCCATCGTCTACCAGAGTAGGCT.1|P4_Normal1	Normal
CTCCATCGTTACTCCCAGTAGGCT.1|P4_Normal1	Normal
CTCCATCGTTAGTGCTAGTAGGCT.1|P4_Normal1	Normal_holdout
CTCCTAAAGAGGCGAGAGTAGGCT.1|P4_Normal1	Normal_holdout
CTCGACCCAAGCGAAGAGTAGGCT.1|P4_Normal1	Normal
CTCGACCCACGTTACTAGTAGGCT.1|P4_Normal1	Normal
CTCGACTAGACTATTCAGTAGGCT.1|P4_Normal1	Normal
CTCGACTAGTAAAGGGAGTAGGCT.1|P4_Normal1	Normal
CTCGATCAGGATGTTAAGTAGGCT.1|P4_Normal1	Normal_holdout
CTCGATCAGGTTGGGCAGTAGGCT.1|P4_Normal1	Normal
CTCGATTCAAACACGCAGTAGGCT.1|P4_Normal1	Normal
CTCGATTCACATGCTTAGTAGGCT.1|P4_Normal1	Normal
CTCGCTTGTCACTATAAGTAGGCT.1|P4_Normal1	Normal
CTCGCTTGTGAACGACAGTAGGCT.1|P4_Normal1	Normal
CTCGCTTGTGCTGATTAGTAGGCT.1|P4_Normal1	Normal
CTCGTTAAGCGTGCTTAGTAGGCT.1|P4_Normal1	Normal
CTCGTTAAGGGTTAACAGTAGGCT.1|P4_Normal1	Normal_holdout
CTCTAACCAAGCTAATAGTAGGCT.1|P4_Normal1	Normal
CTCTAACCAGCGATCGAGTAGGCT.1|P4_Normal1	Normal
CTCTCAGCAAGTGCACAGTAGGCT.1|P4_Normal1	Normal
CTCTCGACACCAGCCTAGTAGGCT.1|P4_Normal1	Normal
CTCTTGAAGAAGCATCAGTAGGCT.1|P4_Normal1	Normal
CTGAATCGTGAGTAATAGTAGGCT.1|P4_Normal1	Normal_holdout
CTGAATCGTTAAGGATAGTAGGCT.1|P4_Normal1	Normal_holdout
CTGATCCAGAAACCCGAGTAGGCT.1|P4_Normal1	Normal
CTGATTTAGGAAACTCAGTAGGCT.1|P4_Normal1	Normal
CTGCAAACAAGTCGCGAGTAGGCT.1|P4_Normal1	Normal
CTGCAACTCTCAGCACAGTAGGCT.1|P4_Normal1	Normal
CTGGCTGTCCAGCTTAAGTAGGCT.1|P4_Normal1	Normal
CTGGCTGTCGCATTTGAGTAGGCT.1|P4_Normal1	Normal_holdout
CTGGCTGTCGCCTATAAGTAGGCT.1|P4_Normal1	Normal
CTGGTCAGTATTCGGTAGTAGGCT.1|P4_Normal1	Normal
CTGGTGAAGAAGGTTCAGTAGGCT.1|P4_Normal1	Normal
CTGGTTATCAAGCTCCAGTAGGCT.1|P4_Normal1	Normal
CTGTCATCAAATAGGAAGTAGGCT.1|P4_Normal1	Normal_holdout
CTGTGCAGTAGCCACCAGTAGGCT.1|P4_Normal1	Normal
CTGTGGCGTATGTTTGAGTAGGCT.1|P4_Normal1	Normal_holdout
CTGTGGCGTGCTTCTCAGTAGGCT.1|P4_Normal1	Normal
CTGTGGCGTTGTCCAGAGTAGGCT.1|P4_Normal1	Normal
CTGTTAAGTATGGTCTAGTAGGCT.1|P4_Normal1	Normal
CTGTTAAGTTAGGCGGAGTAGGCT.1|P4_Normal1	Normal
CTGTTAAGTTCACCAGAGTAGGCT.1|P4_Normal1	Normal_holdout
CTGTTGCAGGAAACCTAGTAGGCT.1|P4_Normal1	Normal
CTGTTGCAGTTTGCATAGTAGGCT.1|P4_Normal1	Normal
CTGTTTACAAAGTGCCAGTAGGCT.1|P4_Normal1	Normal
CTGTTTACACGTAGTAAGTAGGCT.1|P4_Normal1	Normal
CTGTTTACACGTTACTAGTAGGCT.1|P4_Normal1	Normal
CTTAACAGTAAATAGCAGTAGGCT.1|P4_Normal1	Normal
CTTAACAGTTCATTGAAGTAGGCT.1|P4_Normal1	Normal
CTTAACGTCGAGGCGTAGTAGGCT.1|P4_Normal1	Normal
CTTAAGGCAAACAATCAGTAGGCT.1|P4_Normal1	Normal
CTTAAGGCAGAATGAAAGTAGGCT.1|P4_Normal1	Normal
CTTAAGTTCAATTTGCAGTAGGCT.1|P4_Normal1	Normal
CTTAAGTTCCAGATAAAGTAGGCT.1|P4_Normal1	Normal_holdout
CTTAAGTTCGCAGCAAAGTAGGCT.1|P4_Normal1	Normal
CTTAATGGTGGTTCTGAGTAGGCT.1|P4_Normal1	Normal
CTTACCGCAAGGCCTGAGTAGGCT.1|P4_Normal1	Normal
CTTACCGCAATCAAGTAGTAGGCT.1|P4_Normal1	Normal
CTTACCGCACATAAGTAGTAGGCT.1|P4_Normal1	Normal_holdout
CTTACCTTCATTGAAGAGTAGGCT.1|P4_Normal1	Normal
CTTACTGAGCCCGTTGAGTAGGCT.1|P4_Normal1	Normal_holdout
CTTACTGAGTAACTTCAGTAGGCT.1|P4_Normal1	Normal
CTTAGAAAGACATAGCAGTAGGCT.1|P4_Normal1	Normal
CTTAGAAAGCTCAACCAGTAGGCT.1|P4_Normal1	Normal_holdout
CTTAGAAAGGTTCTTGAGTAGGCT.1|P4_Normal1	Normal
CTTAGCCAGGATTAGCAGTAGGCT.1|P4_Normal1	Normal
CTTAGCCAGTGATTAGAGTAGGCT.1|P4_Normal1	Normal
CTTAGCGGTATGGGACAGTAGGCT.1|P4_Normal1	Normal_holdout
CTTAGCGGTCAGGAACAGTAGGCT.1|P4_Normal1	Normal
CTTAGCGGTTAGTAGGAGTAGGCT.1|P4_Normal1	Normal
CTTAGCTCAGAAAGGTAGTAGGCT.1|P4_Normal1	Normal
CTTAGCTCATTCGGTTAGTAGGCT.1|P4_Normal1	Normal_holdout
CTTAGTAGTCCGCTAAAGTAGGCT.1|P4_Normal1	Normal
CTTAGTAGTCGGTTATAGTAGGCT.1|P4_Normal1	Normal
CTTAGTAGTCTCACTCAGTAGGCT.1|P4_Normal1	Normal_holdout
CTTAGTAGTTTGAGCTAGTAGGCT.1|P4_Normal1	Normal
CTTAGTGTCAAACCAAAGTAGGCT.1|P4_Normal1	Normal_holdout
CTTAGTGTCAGGGCACAGTAGGCT.1|P4_Normal1	Normal
CTTAGTGTCCAACTATAGTAGGCT.1|P4_Normal1	Normal
CTTCAATAGACCATTTAGTAGGCT.1|P4_Normal1	Normal
CTTCCTCCAGCTAGCGAGTAGGCT.1|P4_Normal1	Normal
CTTCGAATCACCTAATAGTAGGCT.1|P4_Normal1	Normal
CTTCGCCTCCCGTTCCAGTAGGCT.1|P4_Normal1	Normal
CTTCGCCTCGCGCATTAGTAGGCT.1|P4_Normal1	Normal
CTTCGCCTCGTTAACTAGTAGGCT.1|P4_Normal1	Normal
CTTGAACGTATTGTCAAGTAGGCT.1|P4_Normal1	Normal
CTTGAACGTCCGTGACAGTAGGCT.1|P4_Normal1	Normal
CTTGACTCAAACCGTAAGTAGGCT.1|P4_Normal1	Normal
CTTGACTCAGCACTAAAGTAGGCT.1|P4_Normal1	Normal_holdout
CTTGAGGAGGAAACTCAGTAGGCT.1|P4_Normal1	Normal
CTTGAGGAGTAAAGGGAGTAGGCT.1|P4_Normal1	Normal
CTTGATGTCCTTGAGCAGTAGGCT.1|P4_Normal1	Normal
CTTGATTAGGTTCCGTAGTAGGCT.1|P4_Normal1	Normal
CTTGTGATCCATAGGGAGTAGGCT.1|P4_Normal1	Normal_holdout
CTTGTGTCATCGTTCGAGTAGGCT.1|P4_Normal1	Normal
CTTGTGTCATTGAGATAGTAGGCT.1|P4_Normal1	Normal
CTTTAACAGAGGATGAAGTAGGCT.1|P4_Normal1	Normal
CTTTAAGGTAACTACCAGTAGGCT.1|P4_Normal1	Normal
CTTTAAGGTAATGAACAGTAGGCT.1|P4_Normal1	Normal
CTTTAAGGTCCAGCTAAGTAGGCT.1|P4_Normal1	Normal
CTTTAAGGTTAGGTGAAGTAGGCT.1|P4_Normal1	Normal
CTTTAGGTCACCCTGGAGTAGGCT.1|P4_Normal1	Normal
CTTTAGGTCGATATGAAGTAGGCT.1|P4_Normal1	Normal_holdout
CTTTCGTTCCAGGAATAGTAGGCT.1|P4_Normal1	Normal
CTTTGGATCAAGCCAGAGTAGGCT.1|P4_Normal1	Normal
CTTTGGATCGAACGTGAGTAGGCT.1|P4_Normal1	Normal
CTTTGGATCTAATGGAAGTAGGCT.1|P4_Normal1	Normal
GAAATACGTTGCATCGAGTAGGCT.1|P4_Normal1	Normal
GAACAATGTGCTGATTAGTAGGCT.1|P4_Normal1	Normal
GAACAATGTGGACCCTAGTAGGCT.1|P4_Normal1	Normal
GAACAATGTTCGGTATAGTAGGCT.1|P4_Normal1	Normal_holdout
GAACAATGTTTGTTGAAGTAGGCT.1|P4_Normal1	Normal
GAACAGGCAACAAGTTAGTAGGCT.1|P4_Normal1	Normal
GAACAGGCAACCCTATAGTAGGCT.1|P4_Normal1	Normal
GAACAGGCATAAGCTGAGTAGGCT.1|P4_Normal1	Normal_holdout
GAACAGGCATCACAGAAGTAGGCT.1|P4_Normal1	Normal
GAACGAAAGATAATCGAGTAGGCT.1|P4_Normal1	Normal
GAACGAAAGGCAGGCTAGTAGGCT.1|P4_Normal1	Normal
GAACGAAAGGTCAAACAGTAGGCT.1|P4_Normal1	Normal
GAACGAAAGTGATTAGAGTAGGCT.1|P4_Normal1	Normal
GAACGAAAGTTTCGCAAGTAGGCT.1|P4_Normal1	Normal
GAACGGCTCCCACATAAGTAGGCT.1|P4_Normal1	Normal
GAACGGCTCCGTCAACAGTAGGCT.1|P4_Normal1	Normal
GAACTTAAGAACCTAAAGTAGGCT.1|P4_Normal1	Normal
GAACTTAAGCCTAGTCAGTAGGCT.1|P4_Normal1	Normal
GAACTTAAGGTGCACAAGTAGGCT.1|P4_Normal1	Normal
GAACTTAAGTCTAACTAGTAGGCT.1|P4_Normal1	Normal
GAACTTGCAACGTTAGAGTAGGCT.1|P4_Normal1	Normal
GAACTTGCAATAGCTGAGTAGGCT.1|P4_Normal1	Normal
GAACTTGCACGGTTCCAGTAGGCT.1|P4_Normal1	Normal_holdout
GAAGAATAGAGGCGTCAGTAGGCT.1|P4_Normal1	Normal
GAAGAATAGCGATGGCAGTAGGCT.1|P4_Normal1	Normal
GAAGAATAGGTTACTTAGTAGGCT.1|P4_Normal1	Normal_holdout
GAAGCACGTGTGGCTCAGTAGGCT.1|P4_Normal1	Normal
GAAGCACGTTGCACGCAGTAGGCT.1|P4_Normal1	Normal
GAAGCCATCGTGATGGAGTAGGCT.1|P4_Normal1	Normal
GAAGCCATCTCACTAGAGTAGGCT.1|P4_Normal1	Normal_holdout
GAAGGATCAAACTTGGAGTAGGCT.1|P4_Normal1	Normal_holdout
GAAGGATCAGACTCAAAGTAGGCT.1|P4_Normal1	Normal
GAAGGATCATAAGCTGAGTAGGCT.1|P4_Normal1	Normal
GAAGGATCATTGTACCAGTAGGCT.1|P4_Normal1	Normal
GAAGGCTGTCATCAGTAGTAGGCT.1|P4_Normal1	Normal
GAAGGCTGTGCTGCACAGTAGGCT.1|P4_Normal1	Normal
GAAGGGTAGAGGAGTAAGTAGGCT.1|P4_Normal1	Normal
GAAGGGTAGTCACCTAAGTAGGCT.1|P4_Normal1	Normal
GAAGTATGTGAACCAAAGTAGGCT.1|P4_Normal1	Normal
GAAGTATGTGTCCAGCAGTAGGCT.1|P4_Normal1	Normal
GAAGTATGTTAGCTCGAGTAGGCT.1|P4_Normal1	Normal
GAATAACGTGCTCATGAGTAGGCT.1|P4_Normal1	Normal
GAATAACGTTGGTTTAAGTAGGCT.1|P4_Normal1	Normal
GAATCACAGCACGGTAAGTAGGCT.1|P4_Normal1	Normal_holdout
GAATCAGGTACGGGCAAGTAGGCT.1|P4_Normal1	Normal
GAATCAGGTAGTCATCAGTAGGCT.1|P4_Normal1	Normal
GAATCGAGTCTGTGATAGTAGGCT.1|P4_Normal1	Normal
GAATCGGTCAGGTAGTAGTAGGCT.1|P4_Normal1	Normal
GAATCGGTCGGTTCCGAGTAGGCT.1|P4_Normal1	Normal
GAATCTAAGATTCATCAGTAGGCT.1|P4_Normal1	Normal
GAATCTAAGCGCTTACAGTAGGCT.1|P4_Normal1	Normal
GAATGACTCGGTAATAAGTAGGCT.1|P4_Normal1	Normal
GAATGCGTCAGGTAACAGTAGGCT.1|P4_Normal1	Normal_holdout
GAATGGTTCAAGGGTTAGTAGGCT.1|P4_Normal1	Normal
GAATGTCAGCAAACCGAGTAGGCT.1|P4_Normal1	Normal
GAATGTCAGTTAGTTCAGTAGGCT.1|P4_Normal1	Normal
GAATTGATCCGTCAACAGTAGGCT.1|P4_Normal1	Normal
GACAAACTCGGTTATTAGTAGGCT.1|P4_Normal1	Normal_holdout
GACAACTAGTAAGCTAAGTAGGCT.1|P4_Normal1	Normal_holdout
GACAGGCTCAAGGGCCAGTAGGCT.1|P4_Normal1	Normal
GACAGGCTCAGCACCTAGTAGGCT.1|P4_Normal1	Normal
GACAGGGAGCTGATGGAGTAGGCT.1|P4_Normal1	Normal
GACAGGGAGTTTACCGAGTAGGCT.1|P4_Normal1	Normal
GACAGTTAGGCTACTCAGTAGGCT.1|P4_Normal1	Normal
GACATAATCCCATAGCAGTAGGCT.1|P4_Normal1	Normal
GACATCCTCGATATGAAGTAGGCT.1|P4_Normal1	Normal
GACATTAAGGTCAAACAGTAGGCT.1|P4_Normal1	Normal_holdout
GACATTAAGTCAATGAAGTAGGCT.1|P4_Normal1	Normal
GACATTAAGTTAGGCGAGTAGGCT.1|P4_Normal1	Normal
GACATTCGTATGTTTGAGTAGGCT.1|P4_Normal1	Normal
GACATTCGTTAACGGAAGTAGGCT.1|P4_Normal1	Normal_holdout
GACATTCGTTGTCCAGAGTAGGCT.1|P4_Normal1	Normal
GACATTGCAACCTTGTAGTAGGCT.1|P4_Normal1	Normal
GACCAAGTCGCCTAGTAGTAGGCT.1|P4_Normal1	Normal
GACCAATAGCCCTGATAGTAGGCT.1|P4_Normal1	Normal
GACCAATAGTCCTGCGAGTAGGCT.1|P4_Normal1	Normal
GACCAGGGTTGCTCCTAGTAGGCT.1|P4_Normal1	Normal
GACCCAAAGCTTAGTTAGTAGGCT.1|P4_Normal1	Normal
GACCCAAAGGATGAAGAGTAGGCT.1|P4_Normal1	Normal
GACCCAAAGGTTAGACAGTAGGCT.1|P4_Normal1	Normal
GACCGTGCAGCGATCGAGTAGGCT.1|P4_Normal1	Normal
GACCTCAGTCAAAGATAGTAGGCT.1|P4_Normal1	Normal
GACCTCAGTGGTTACTAGTAGGCT.1|P4_Normal1	Normal
GACCTGAAGGTAAGCTAGTAGGCT.1|P4_Normal1	Normal
GACCTTCAGAAACCCGAGTAGGCT.1|P4_Normal1	Normal
GACCTTCAGAAGGTTCAGTAGGCT.1|P4_Normal1	Normal
GACCTTCAGCTATCCAAGTAGGCT.1|P4_Normal1	Normal
GACCTTCAGGTTAGCGAGTAGGCT.1|P4_Normal1	Normal
GACGAGGAGGAACCGCAGTAGGCT.1|P4_Normal1	Normal_holdout
GACGCAATCAAAGGGAAGTAGGCT.1|P4_Normal1	Normal
GACGCAATCGCCTGCAAGTAGGCT.1|P4_Normal1	Normal
GACGTAAGTCATGATCAGTAGGCT.1|P4_Normal1	Normal
GACGTAAGTTCACCAGAGTAGGCT.1|P4_Normal1	Normal
GACTAAATCACCACACAGTAGGCT.1|P4_Normal1	Normal
GACTAAATCAGGCATGAGTAGGCT.1|P4_Normal1	Normal
GACTAAATCCGCAACTAGTAGGCT.1|P4_Normal1	Normal
GACTAAATCGACCCATAGTAGGCT.1|P4_Normal1	Normal
GACTAACAGTGTGAGTAGTAGGCT.1|P4_Normal1	Normal_holdout
GACTAAGGTCACACCAAGTAGGCT.1|P4_Normal1	Normal
GACTAAGGTGCTCCTTAGTAGGCT.1|P4_Normal1	Normal
GACTAAGGTTGTCCAGAGTAGGCT.1|P4_Normal1	Normal
GACTAGTAGGCTGTGAAGTAGGCT.1|P4_Normal1	Normal
GACTAGTAGTCTACCAAGTAGGCT.1|P4_Normal1	Normal_holdout
GACTCAACATTCGGTTAGTAGGCT.1|P4_Normal1	Normal
GACTGAGTCAAGGTACAGTAGGCT.1|P4_Normal1	Normal
GACTGAGTCACATTACAGTAGGCT.1|P4_Normal1	Normal
GACTGAGTCACCAGGAAGTAGGCT.1|P4_Normal1	Normal
GACTGAGTCCATCCAAAGTAGGCT.1|P4_Normal1	Normal
GACTGAGTCGAGGCGTAGTAGGCT.1|P4_Normal1	Normal
GACTGAGTCTAGCGGAAGTAGGCT.1|P4_Normal1	Normal
GACTTAAAGGCGATATAGTAGGCT.1|P4_Normal1	Normal
GACTTACGTCCTCCTGAGTAGGCT.1|P4_Normal1	Normal
GACTTCGGTAAATAGCAGTAGGCT.1|P4_Normal1	Normal
GACTTCGGTAACTAGGAGTAGGCT.1|P4_Normal1	Normal
GACTTTGTCACCAGGAAGTAGGCT.1|P4_Normal1	Normal_holdout
GACTTTGTCCCATAGCAGTAGGCT.1|P4_Normal1	Normal
GAGACCCAGGTGAGAAAGTAGGCT.1|P4_Normal1	Normal
GAGATACTCACAGGGCAGTAGGCT.1|P4_Normal1	Normal
GAGATACTCCAGAACGAGTAGGCT.1|P4_Normal1	Normal
GAGATACTCCCAGACTAGTAGGCT.1|P4_Normal1	Normal
GAGATACTCGCAGCAAAGTAGGCT.1|P4_Normal1	Normal
GAGATACTCGCCTCTCAGTAGGCT.1|P4_Normal1	Normal
GAGCAAGCAAGTTGGCAGTAGGCT.1|P4_Normal1	Normal
GAGCCATCAAGGCGTTAGTAGGCT.1|P4_Normal1	Normal
GAGCCATCAAGTTTCCAGTAGGCT.1|P4_Normal1	Normal
GAGCCATCACTCAAAGAGTAGGCT.1|P4_Normal1	Normal
GAGCCATCATGGCGCAAGTAGGCT.1|P4_Normal1	Normal
GAGCCTGCACCTACTGAGTAGGCT.1|P4_Normal1	Normal
GAGCCTTTCCGCAATCAGTAGGCT.1|P4_Normal1	Normal
GAGCCTTTCGATTAAGAGTAGGCT.1|P4_Normal1	Normal
GAGCCTTTCGTAGTTTAGTAGGCT.1|P4_Normal1	Normal
GAGCTAGTCAAGCTCCAGTAGGCT.1|P4_Normal1	Normal
GAGCTATAGGTGAGAAAGTAGGCT.1|P4_Normal1	Normal
GAGCTTGAGCAGCTAGAGTAGGCT.1|P4_Normal1	Normal
GAGCTTTGTCGTTCTCAGTAGGCT.1|P4_Normal1	Normal
GAGGAGTAGATAGCTAAGTAGGCT.1|P4_Normal1	Normal
GAGGCAACAAGATAAGAGTAGGCT.1|P4_Normal1	Normal
GAGGTTTAGGACAACTAGTAGGCT.1|P4_Normal1	Normal
GAGTAACTCCGTCCAGAGTAGGCT.1|P4_Normal1	Normal_holdout
GAGTAACTCGATGAACAGTAGGCT.1|P4_Normal1	Normal_holdout
GAGTAATGTCACGATTAGTAGGCT.1|P4_Normal1	Normal
GAGTAATGTCCTTATTAGTAGGCT.1|P4_Normal1	Normal_holdout
GAGTAATGTGCTCATGAGTAGGCT.1|P4_Normal1	Normal
GAGTGACGTAACGTGAAGTAGGCT.1|P4_Normal1	Normal
GAGTGACGTAGCTTGTAGTAGGCT.1|P4_Normal1	Normal_holdout
GAGTGCGGTCAGTGCCAGTAGGCT.1|P4_Normal1	Normal
GAGTGCGGTCATCCCTAGTAGGCT.1|P4_Normal1	Normal
GAGTTACAGCGAGCTAAGTAGGCT.1|P4_Normal1	Normal
GAGTTACAGTATCGCCAGTAGGCT.1|P4_Normal1	Normal
GATAAAGCACCGGCAAAGTAGGCT.1|P4_Normal1	Normal
GATAGGTTCAAACCGGAGTAGGCT.1|P4_Normal1	Normal_holdout
GATAGGTTCAAAGGCTAGTAGGCT.1|P4_Normal1	Normal
GATATGATCACGGACAAGTAGGCT.1|P4_Normal1	Normal
GATCAAATCAATTGGAAGTAGGCT.1|P4_Normal1	Normal
GATCAAATCCTGATCAAGTAGGCT.1|P4_Normal1	Normal
GATCAAATCGACTTGCAGTAGGCT.1|P4_Normal1	Normal
GATCAAATCGATTATCAGTAGGCT.1|P4_Normal1	Normal
GATCAATCAAGAAATGAGTAGGCT.1|P4_Normal1	Normal
GATCAATCAGGATTATAGTAGGCT.1|P4_Normal1	Normal
GATCACACAACCGTGGAGTAGGCT.1|P4_Normal1	Normal
GATCACACAATAACCGAGTAGGCT.1|P4_Normal1	Normal
GATCACACACAACATGAGTAGGCT.1|P4_Normal1	Normal
GATCACACATGTGGGTAGTAGGCT.1|P4_Normal1	Normal
GATCATGCAAATATGCAGTAGGCT.1|P4_Normal1	Normal
GATCGATAGCAGGTCAAGTAGGCT.1|P4_Normal1	Normal
GATCGATAGTGAATCAAGTAGGCT.1|P4_Normal1	Normal
GATGACAGTCAGGATAAGTAGGCT.1|P4_Normal1	Normal
GATGACAGTCCCTCATAGTAGGCT.1|P4_Normal1	Normal
GATGCAAGTAAGCTAGAGTAGGCT.1|P4_Normal1	Normal
GATGCCCGTAATGAACAGTAGGCT.1|P4_Normal1	Normal
GATGCCCGTTAACGAGAGTAGGCT.1|P4_Normal1	Normal_holdout
GATGCCCGTTGCTCCTAGTAGGCT.1|P4_Normal1	Normal
GATGGACGTTCGGTATAGTAGGCT.1|P4_Normal1	Normal
GATGGAGCAATACTGGAGTAGGCT.1|P4_Normal1	Normal
GATGGAGCACCATCATAGTAGGCT.1|P4_Normal1	Normal
GATGGAGCAGCCTATTAGTAGGCT.1|P4_Normal1	Normal_holdout
GATGGCTCAAGTAAGAAGTAGGCT.1|P4_Normal1	Normal
GATGGCTCAGCACCTCAGTAGGCT.1|P4_Normal1	Normal
GATGGCTCATCTATGCAGTAGGCT.1|P4_Normal1	Normal_holdout
GATTAACCAGCCATTTAGTAGGCT.1|P4_Normal1	Normal
GATTAACCAGGATTATAGTAGGCT.1|P4_Normal1	Normal
GATTACCGTTAGGTGAAGTAGGCT.1|P4_Normal1	Normal
GATTAGTCAACATGATAGTAGGCT.1|P4_Normal1	Normal
GATTATCTCAACCGCTAGTAGGCT.1|P4_Normal1	Normal
GATTATCTCATAATCCAGTAGGCT.1|P4_Normal1	Normal_holdout
GATTATCTCATGAATGAGTAGGCT.1|P4_Normal1	Normal
GATTATCTCATTTAGCAGTAGGCT.1|P4_Normal1	Normal
GATTCAGCACAACATGAGTAGGCT.1|P4_Normal1	Normal
GATTCAGCATTACTTGAGTAGGCT.1|P4_Normal1	Normal_holdout
GATTCGCTCTAGCCTAAGTAGGCT.1|P4_Normal1	Normal_holdout
GATTGACAGGTCTTGCAGTAGGCT.1|P4_Normal1	Normal
GATTGATCAAACAATCAGTAGGCT.1|P4_Normal1	Normal
GATTGATCATATCGCTAGTAGGCT.1|P4_Normal1	Normal
GATTGCTGTTGCTCCTAGTAGGCT.1|P4_Normal1	Normal
GATTGGCCAAACAATCAGTAGGCT.1|P4_Normal1	Normal
GATTGGCCACTATGGAAGTAGGCT.1|P4_Normal1	Normal
GATTGTGCAATCATCCAGTAGGCT.1|P4_Normal1	Normal
GATTGTGCACCTACTGAGTAGGCT.1|P4_Normal1	Normal
GATTGTGCATTAGTGGAGTAGGCT.1|P4_Normal1	Normal
GATTTGAAGTTTCCAGAGTAGGCT.1|P4_Normal1	Normal
GCAAACCCAAACGGGAAGTAGGCT.1|P4_Normal1	Normal
GCAAACCCATGGCCGAAGTAGGCT.1|P4_Normal1	Normal
GCAAACTAGACTAATGAGTAGGCT.1|P4_Normal1	Normal
GCAAACTAGCTAAATGAGTAGGCT.1|P4_Normal1	Normal
GCAAACTAGTAGCCTCAGTAGGCT.1|P4_Normal1	Normal
GCAAATATCTATTGACAGTAGGCT.1|P4_Normal1	Normal
GCAAATGGTATATTCGAGTAGGCT.1|P4_Normal1	Normal
GCAAATGGTCAGGATAAGTAGGCT.1|P4_Normal1	Normal
GCAAATGGTTAGCGCCAGTAGGCT.1|P4_Normal1	Normal_holdout
GCAAATTCATTCAGGAAGTAGGCT.1|P4_Normal1	Normal
GCAACGGGTACAGCAAAGTAGGCT.1|P4_Normal1	Normal
GCAACGGGTGAGTAATAGTAGGCT.1|P4_Normal1	Normal
GCAACTTGTCGGTTTGAGTAGGCT.1|P4_Normal1	Normal
GCAAGGCTCCCTCAAAAGTAGGCT.1|P4_Normal1	Normal
GCAAGGCTCGCAAATAAGTAGGCT.1|P4_Normal1	Normal
GCAAGGCTCTCACCGGAGTAGGCT.1|P4_Normal1	Normal
GCAAGGTGTACTAACCAGTAGGCT.1|P4_Normal1	Normal
GCAAGGTGTCGTAATCAGTAGGCT.1|P4_Normal1	Normal
GCAAGTTAGAATGGCTAGTAGGCT.1|P4_Normal1	Normal
GCAAGTTAGCACCTTAAGTAGGCT.1|P4_Normal1	Normal
GCAAGTTAGGTGTCCTAGTAGGCT.1|P4_Normal1	Normal_holdout
GCAATTAAGCCATAAAAGTAGGCT.1|P4_Normal1	Normal
GCAATTAAGGATTATGAGTAGGCT.1|P4_Normal1	Normal_holdout
GCAATTAAGGCCTTCGAGTAGGCT.1|P4_Normal1	Normal_holdout
GCACAAAGTGGTTAAGAGTAGGCT.1|P4_Normal1	Normal
GCACAACCAAGCGATCAGTAGGCT.1|P4_Normal1	Normal
GCACAACCATTACTTGAGTAGGCT.1|P4_Normal1	Normal_holdout
GCACAACCATTGAGATAGTAGGCT.1|P4_Normal1	Normal
GCACACCGTACGATTCAGTAGGCT.1|P4_Normal1	Normal
GCACACCGTGCTGCACAGTAGGCT.1|P4_Normal1	Normal
GCACAGCAGGTATGGTAGTAGGCT.1|P4_Normal1	Normal
GCACCAAAGAGGCGGAAGTAGGCT.1|P4_Normal1	Normal_holdout
GCACGAATCACCAGCTAGTAGGCT.1|P4_Normal1	Normal
GCACGAATCCCTCGTCAGTAGGCT.1|P4_Normal1	Normal
GCACGAATCGAAATGCAGTAGGCT.1|P4_Normal1	Normal
GCACTAACAGCTCGAGAGTAGGCT.1|P4_Normal1	Normal
GCACTTGGTAAGTCGAAGTAGGCT.1|P4_Normal1	Normal
GCACTTGGTTAGCGCCAGTAGGCT.1|P4_Normal1	Normal
GCAGCAATCACAGGGCAGTAGGCT.1|P4_Normal1	Normal
GCAGCTAAGCAACTTTAGTAGGCT.1|P4_Normal1	Normal
GCAGGCTAGCAAACCGAGTAGGCT.1|P4_Normal1	Normal
GCAGGCTAGCGCTTACAGTAGGCT.1|P4_Normal1	Normal
GCAGGCTAGCGGGACTAGTAGGCT.1|P4_Normal1	Normal_holdout
GCAGGTTCACGTAAATAGTAGGCT.1|P4_Normal1	Normal
GCAGTAAGTATGGTCTAGTAGGCT.1|P4_Normal1	Normal
GCAGTAAGTCATGATCAGTAGGCT.1|P4_Normal1	Normal_holdout
GCAGTACCAGCTTTCGAGTAGGCT.1|P4_Normal1	Normal
GCAGTTTGTCATCCTCAGTAGGCT.1|P4_Normal1	Normal
GCAGTTTGTTGTCAGTAGTAGGCT.1|P4_Normal1	Normal
GCAGTTTGTTTACCGGAGTAGGCT.1|P4_Normal1	Normal_holdout
GCATAAATCTAGCCTAAGTAGGCT.1|P4_Normal1	Normal_holdout
GCATAATCATAGGGTCAGTAGGCT.1|P4_Normal1	Normal_holdout
GCATCACTCAGCATGGAGTAGGCT.1|P4_Normal1	Normal
GCATCTATCACATTACAGTAGGCT.1|P4_Normal1	Normal
GCATGAGTCACTTCGAAGTAGGCT.1|P4_Normal1	Normal
GCATGCTTCCCTGGATAGTAGGCT.1|P4_Normal1	Normal
GCATGCTTCGACCCATAGTAGGCT.1|P4_Normal1	Normal
GCATGGATCAAGGTACAGTAGGCT.1|P4_Normal1	Normal
GCATTACGTGTTAGCTAGTAGGCT.1|P4_Normal1	Normal
GCATTGTGTCGAAGGTAGTAGGCT.1|P4_Normal1	Normal
GCATTTAGTGAACGGTAGTAGGCT.1|P4_Normal1	Normal
GCATTTGTCGCTTGACAGTAGGCT.1|P4_Normal1	Normal
GCCAACAAGTGTCCACAGTAGGCT.1|P4_Normal1	Normal
GCCAATACAATATGCGAGTAGGCT.1|P4_Normal1	Normal
GCCACAAAGGGTTACGAGTAGGCT.1|P4_Normal1	Normal
GCCACAAAGGTAACTAAGTAGGCT.1|P4_Normal1	Normal
GCCACAAAGTGGACCAAGTAGGCT.1|P4_Normal1	Normal
GCCAGTTTCCTGGAAGAGTAGGCT.1|P4_Normal1	Normal
GCCATAACATTGTGTCAGTAGGCT.1|P4_Normal1	Normal_holdout
GCCATAGAGACTCAAAAGTAGGCT.1|P4_Normal1	Normal
GCCATAGAGCTATCCAAGTAGGCT.1|P4_Normal1	Normal_holdout
GCCATAGAGGTAATTGAGTAGGCT.1|P4_Normal1	Normal
GCCATCAGTCGTAATCAGTAGGCT.1|P4_Normal1	Normal
GCCATTTCAATGAAGAAGTAGGCT.1|P4_Normal1	Normal
GCCATTTCATTTAGCCAGTAGGCT.1|P4_Normal1	Normal
GCCCAGTGTCCTCATCAGTAGGCT.1|P4_Normal1	Normal
GCCCAGTGTCCTTATTAGTAGGCT.1|P4_Normal1	Normal
GCCCAGTGTGAACGTAAGTAGGCT.1|P4_Normal1	Normal
GCCCATAGTACCGTTGAGTAGGCT.1|P4_Normal1	Normal
GCCCATAGTCCTCCATAGTAGGCT.1|P4_Normal1	Normal
GCCCATTAGGGAGGCAAGTAGGCT.1|P4_Normal1	Normal
GCCCTGATCACCCTGGAGTAGGCT.1|P4_Normal1	Normal
GCCCTGATCAGGGATTAGTAGGCT.1|P4_Normal1	Normal
GCCCTTTGTTCAAGGAAGTAGGCT.1|P4_Normal1	Normal
GCCGCTTCACTCAATCAGTAGGCT.1|P4_Normal1	Normal
GCCGCTTCAGTGAGAGAGTAGGCT.1|P4_Normal1	Normal
GCCTAATGTTCACCAGAGTAGGCT.1|P4_Normal1	Normal
GCCTCATAGGGTTTCCAGTAGGCT.1|P4_Normal1	Normal
GCCTCGATCAACCGGAAGTAGGCT.1|P4_Normal1	Normal
GCCTCGATCGACTCACAGTAGGCT.1|P4_Normal1	Normal
GCCTGAGCAAACTTCCAGTAGGCT.1|P4_Normal1	Normal
GCCTGAGCAAATAAGGAGTAGGCT.1|P4_Normal1	Normal
GCCTGAGCAACTAAGTAGTAGGCT.1|P4_Normal1	Normal
GCCTGAGCAGTAAGTTAGTAGGCT.1|P4_Normal1	Normal_holdout
GCCTGAGCATCATCACAGTAGGCT.1|P4_Normal1	Normal
GCGAACGGTTAGTGGAAGTAGGCT.1|P4_Normal1	Normal_holdout
GCGAACGGTTCTCAAAAGTAGGCT.1|P4_Normal1	Normal
GCGAACGGTTGGTTTAAGTAGGCT.1|P4_Normal1	Normal_holdout
GCGAACGGTTTGTAGCAGTAGGCT.1|P4_Normal1	Normal
GCGAGCTAGAGCAAGAAGTAGGCT.1|P4_Normal1	Normal_holdout
GCGAGCTAGGACAAGAAGTAGGCT.1|P4_Normal1	Normal
GCGAGCTAGGCCATGAAGTAGGCT.1|P4_Normal1	Normal
GCGAGGTTCCTGCAACAGTAGGCT.1|P4_Normal1	Normal
GCGAGGTTCTGTGCACAGTAGGCT.1|P4_Normal1	Normal_holdout
GCGATAAGTAGTAGGCAGTAGGCT.1|P4_Normal1	Normal
GCGATTGAGAAGCATCAGTAGGCT.1|P4_Normal1	Normal
GCGATTGAGCTATTACAGTAGGCT.1|P4_Normal1	Normal
GCGATTGAGGGTTGGCAGTAGGCT.1|P4_Normal1	Normal
GCGATTGAGGTGAGAAAGTAGGCT.1|P4_Normal1	Normal_holdout
GCGATTGAGGTTGCAGAGTAGGCT.1|P4_Normal1	Normal
GCGATTGAGTCTAATCAGTAGGCT.1|P4_Normal1	Normal
GCGCAAGGTCCATTAAAGTAGGCT.1|P4_Normal1	Normal
GCGCAAGGTGATAAACAGTAGGCT.1|P4_Normal1	Normal
GCGCAAGGTGTGATGAAGTAGGCT.1|P4_Normal1	Normal
GCGCAATCAACGACTAAGTAGGCT.1|P4_Normal1	Normal_holdout
GCGCAATCATATGGTGAGTAGGCT.1|P4_Normal1	Normal
GCGCACACATTTGGAGAGTAGGCT.1|P4_Normal1	Normal
GCGCCTATCAACCTCAAGTAGGCT.1|P4_Normal1	Normal
GCGCTACGTGTGAGACAGTAGGCT.1|P4_Normal1	Normal
GCGCTACGTTGAGCTTAGTAGGCT.1|P4_Normal1	Normal_holdout
GCGCTACGTTGTTGTAAGTAGGCT.1|P4_Normal1	Normal
GCGCTTAGTTTGTTGAAGTAGGCT.1|P4_Normal1	Normal
GCGGATTCAAGATGCCAGTAGGCT.1|P4_Normal1	Normal
GCGGATTCAATAAGCTAGTAGGCT.1|P4_Normal1	Normal_holdout
GCGGATTCATGTGGCGAGTAGGCT.1|P4_Normal1	Normal
GCGGATTCATTGAAGTAGTAGGCT.1|P4_Normal1	Normal
GCGGATTCATTTCTTCAGTAGGCT.1|P4_Normal1	Normal
GCGGGTTAGACGCATGAGTAGGCT.1|P4_Normal1	Normal
GCGGGTTAGGCTTTATAGTAGGCT.1|P4_Normal1	Normal
GCGGTAATCAGTTAGAAGTAGGCT.1|P4_Normal1	Normal
GCGGTTCGTAATGAACAGTAGGCT.1|P4_Normal1	Normal
GCGTGTTTCAACTTGTAGTAGGCT.1|P4_Normal1	Normal
GCGTTACTCCGGCTCAAGTAGGCT.1|P4_Normal1	Normal_holdout
GCGTTATGTATTTACGAGTAGGCT.1|P4_Normal1	Normal
GCGTTTGGTCAGGGCAAGTAGGCT.1|P4_Normal1	Normal
GCTAACGAGACGCATGAGTAGGCT.1|P4_Normal1	Normal_holdout
GCTAACGAGATAGCCGAGTAGGCT.1|P4_Normal1	Normal
GCTAACGAGTTTCAGTAGTAGGCT.1|P4_Normal1	Normal
GCTAACTGTATCCGCAAGTAGGCT.1|P4_Normal1	Normal
GCTAACTGTTGGTTACAGTAGGCT.1|P4_Normal1	Normal
GCTAATAAGCTATTACAGTAGGCT.1|P4_Normal1	Normal
GCTAATAAGGCACAATAGTAGGCT.1|P4_Normal1	Normal
GCTACAACACTAACGAAGTAGGCT.1|P4_Normal1	Normal
GCTACTATCAACTTGTAGTAGGCT.1|P4_Normal1	Normal
GCTACTATCAATGGGTAGTAGGCT.1|P4_Normal1	Normal_holdout
GCTACTATCTTTAAGCAGTAGGCT.1|P4_Normal1	Normal
GCTAGACCAGGAGCAAAGTAGGCT.1|P4_Normal1	Normal
GCTAGACCATGTGGCGAGTAGGCT.1|P4_Normal1	Normal
GCTAGTCTCCATAGAAAGTAGGCT.1|P4_Normal1	Normal
GCTAGTCTCCCTCTCAAGTAGGCT.1|P4_Normal1	Normal_holdout
GCTAGTCTCCGTCAACAGTAGGCT.1|P4_Normal1	Normal
GCTATAAAGAAACCCGAGTAGGCT.1|P4_Normal1	Normal
GCTATAAAGGCGAGTCAGTAGGCT.1|P4_Normal1	Normal
GCTATAAAGGTCTTTGAGTAGGCT.1|P4_Normal1	Normal
GCTATAAAGGTTAGGTAGTAGGCT.1|P4_Normal1	Normal
GCTATGCTCTCGCCTCAGTAGGCT.1|P4_Normal1	Normal
GCTATTAGTTAGTGAGAGTAGGCT.1|P4_Normal1	Normal_holdout
GCTATTAGTTCCTTCAAGTAGGCT.1|P4_Normal1	Normal
GCTATTGTCCGCTATAAGTAGGCT.1|P4_Normal1	Normal
GCTCAATGTGTGAGTAAGTAGGCT.1|P4_Normal1	Normal
GCTCACCCATGCCTCAAGTAGGCT.1|P4_Normal1	Normal_holdout
GCTCACTAGCCTCTAAAGTAGGCT.1|P4_Normal1	Normal
GCTCAGGCAAACGGGAAGTAGGCT.1|P4_Normal1	Normal
GCTCAGGCAAGCTTTCAGTAGGCT.1|P4_Normal1	Normal
GCTCAGGCACCATACTAGTAGGCT.1|P4_Normal1	Normal
GCTCCATAGACTGAGTAGTAGGCT.1|P4_Normal1	Normal_holdout
GCTCCATAGTAACGGTAGTAGGCT.1|P4_Normal1	Normal
GCTCCTGAGATGATTGAGTAGGCT.1|P4_Normal1	Normal
GCTCGCTCAATTCGGAAGTAGGCT.1|P4_Normal1	Normal
GCTCGCTCACACCCACAGTAGGCT.1|P4_Normal1	Normal
GCTCGTTAGCCTAAGGAGTAGGCT.1|P4_Normal1	Normal
GCTGAAAGTGTTAGTCAGTAGGCT.1|P4_Normal1	Normal
GCTGAATAGCGAGTTGAGTAGGCT.1|P4_Normal1	Normal_holdout
GCTGACTTCACCACACAGTAGGCT.1|P4_Normal1	Normal
GCTGACTTCCACAATTAGTAGGCT.1|P4_Normal1	Normal
GCTGCTCCAAACCTGAAGTAGGCT.1|P4_Normal1	Normal
GCTGCTCCAACCCTATAGTAGGCT.1|P4_Normal1	Normal
GCTGCTCCACCTTTGGAGTAGGCT.1|P4_Normal1	Normal
GCTGGATCAAGTTGCAAGTAGGCT.1|P4_Normal1	Normal
GCTGGATCAGTTATGGAGTAGGCT.1|P4_Normal1	Normal
GCTGGATCATAAGCCAAGTAGGCT.1|P4_Normal1	Normal
GCTGGGTAGGAGGCCTAGTAGGCT.1|P4_Normal1	Normal
GCTGGGTAGTTACCCAAGTAGGCT.1|P4_Normal1	Normal
GCTGTAACACTAGCGGAGTAGGCT.1|P4_Normal1	Normal
GCTGTAACATTCAGGAAGTAGGCT.1|P4_Normal1	Normal
GCTGTCAGTAGGTGACAGTAGGCT.1|P4_Normal1	Normal_holdout
GCTGTCAGTGTTTGCGAGTAGGCT.1|P4_Normal1	Normal
GCTGTTGGTATGGTGAAGTAGGCT.1|P4_Normal1	Normal
GCTGTTGGTCATTACAAGTAGGCT.1|P4_Normal1	Normal
GCTGTTGGTTAGGCGGAGTAGGCT.1|P4_Normal1	Normal_holdout
GCTGTTGGTTGCACGCAGTAGGCT.1|P4_Normal1	Normal
GCTTAGCTCGTTAGGGAGTAGGCT.1|P4_Normal1	Normal
GCTTAGCTCTGGAAACAGTAGGCT.1|P4_Normal1	Normal
GCTTAGCTCTGTGACCAGTAGGCT.1|P4_Normal1	Normal
GCTTAGCTCTTGATCGAGTAGGCT.1|P4_Normal1	Normal_holdout
GCTTAGGAGATGCTAAAGTAGGCT.1|P4_Normal1	Normal_holdout
GCTTAGGAGCTATATCAGTAGGCT.1|P4_Normal1	Normal
GCTTCATCAGGATGCTAGTAGGCT.1|P4_Normal1	Normal
GCTTCATCATCCGGAGAGTAGGCT.1|P4_Normal1	Normal
GCTTCTAAGTCGAAGTAGTAGGCT.1|P4_Normal1	Normal
GCTTGAACAAGTAAGAAGTAGGCT.1|P4_Normal1	Normal
GCTTGATGTGCCCTTTAGTAGGCT.1|P4_Normal1	Normal
GCTTGCGTCCTGAGGAAGTAGGCT.1|P4_Normal1	Normal
GCTTGGTTCAACCTATAGTAGGCT.1|P4_Normal1	Normal_holdout
GCTTGGTTCGTTCGTAAGTAGGCT.1|P4_Normal1	Normal
GCTTGGTTCTCACCTTAGTAGGCT.1|P4_Normal1	Normal_holdout
GCTTGTTCAGGATTGCAGTAGGCT.1|P4_Normal1	Normal
GCTTGTTCATTTAGCCAGTAGGCT.1|P4_Normal1	Normal
GCTTTCAAGATAACTGAGTAGGCT.1|P4_Normal1	Normal
GCTTTCAAGGTCAAACAGTAGGCT.1|P4_Normal1	Normal
GCTTTGTCAAGATGCCAGTAGGCT.1|P4_Normal1	Normal
GCTTTGTCATTGCCGCAGTAGGCT.1|P4_Normal1	Normal_holdout
GCTTTGTCATTTGCTAAGTAGGCT.1|P4_Normal1	Normal
GGAAATTGTCCTGAGCAGTAGGCT.1|P4_Normal1	Normal
GGAACAAAGCGGCTTTAGTAGGCT.1|P4_Normal1	Normal
GGAACATTCAACCTCAAGTAGGCT.1|P4_Normal1	Normal
GGAACATTCAACTGTTAGTAGGCT.1|P4_Normal1	Normal
GGAACCATCCGGATAGAGTAGGCT.1|P4_Normal1	Normal_holdout
GGAACCATCCTGCAACAGTAGGCT.1|P4_Normal1	Normal_holdout
GGAACCATCGCTTGGTAGTAGGCT.1|P4_Normal1	Normal
GGAACCTCAAACGGGAAGTAGGCT.1|P4_Normal1	Normal
GGAACCTCAGCCTGAGAGTAGGCT.1|P4_Normal1	Normal_holdout
GGAACCTCAGGCCTCTAGTAGGCT.1|P4_Normal1	Normal_holdout
GGAACCTCATTAGCGAAGTAGGCT.1|P4_Normal1	Normal
GGAACTAGTCAATGTCAGTAGGCT.1|P4_Normal1	Normal
GGAACTAGTCACAGGGAGTAGGCT.1|P4_Normal1	Normal
GGAAGCCTCCTCTAAGAGTAGGCT.1|P4_Normal1	Normal
GGAAGCCTCGTCCATAAGTAGGCT.1|P4_Normal1	Normal
GGAAGCCTCTCCATCTAGTAGGCT.1|P4_Normal1	Normal_holdout
GGAAGTAAGATTGCAAAGTAGGCT.1|P4_Normal1	Normal
GGAAGTAAGGAAGGTAAGTAGGCT.1|P4_Normal1	Normal
GGAATAACAATATGCGAGTAGGCT.1|P4_Normal1	Normal
GGAATAACACACCCACAGTAGGCT.1|P4_Normal1	Normal_holdout
GGACATCCAATGAAGAAGTAGGCT.1|P4_Normal1	Normal
GGACATCCAATGGATTAGTAGGCT.1|P4_Normal1	Normal
GGACCAGGTGTTTGGTAGTAGGCT.1|P4_Normal1	Normal
GGACCCACATTGCGCCAGTAGGCT.1|P4_Normal1	Normal
GGACCTGCATATAGGTAGTAGGCT.1|P4_Normal1	Normal
GGACCTTTCCCTCGTCAGTAGGCT.1|P4_Normal1	Normal
GGACTAAGTATTCAGCAGTAGGCT.1|P4_Normal1	Normal
GGACTAAGTCCAGCTAAGTAGGCT.1|P4_Normal1	Normal
GGACTTACAATATGGTAGTAGGCT.1|P4_Normal1	Normal
GGACTTACATGAGGGAAGTAGGCT.1|P4_Normal1	Normal
GGACTTACATGGCTAAAGTAGGCT.1|P4_Normal1	Normal
GGAGCATGTGACACAAAGTAGGCT.1|P4_Normal1	Normal
GGAGCTATCTTTGGATAGTAGGCT.1|P4_Normal1	Normal
GGAGTCGGTTCGAATCAGTAGGCT.1|P4_Normal1	Normal
GGAGTCTCACATTGTCAGTAGGCT.1|P4_Normal1	Normal
GGATAATGTGTGTTACAGTAGGCT.1|P4_Normal1	Normal
GGATAGGCAAATAGGAAGTAGGCT.1|P4_Normal1	Normal
GGATAGGCAAGTCGCGAGTAGGCT.1|P4_Normal1	Normal
GGATAGGCACACTAAGAGTAGGCT.1|P4_Normal1	Normal
GGATAGGCATAGCCTTAGTAGGCT.1|P4_Normal1	Normal_holdout
GGATATTCACTCAGTTAGTAGGCT.1|P4_Normal1	Normal
GGATATTCAGGTATATAGTAGGCT.1|P4_Normal1	Normal
GGATATTCAGGTCAACAGTAGGCT.1|P4_Normal1	Normal_holdout
GGATCCGCAATTGAACAGTAGGCT.1|P4_Normal1	Normal
GGATGGCTCACTATACAGTAGGCT.1|P4_Normal1	Normal
GGATGGCTCCTTTAGGAGTAGGCT.1|P4_Normal1	Normal
GGATGGCTCGGTAAGTAGTAGGCT.1|P4_Normal1	Normal
GGATGTCCACACTAAGAGTAGGCT.1|P4_Normal1	Normal
GGATGTCCATCCGCTAAGTAGGCT.1|P4_Normal1	Normal_holdout
GGATTGCCAAGGCTTAAGTAGGCT.1|P4_Normal1	Normal
GGATTGCCACTAACAGAGTAGGCT.1|P4_Normal1	Normal
GGATTGGTCGCCTCTCAGTAGGCT.1|P4_Normal1	Normal
GGCAAATTCCGCTATAAGTAGGCT.1|P4_Normal1	Normal
GGCAAATTCGCCTAGTAGTAGGCT.1|P4_Normal1	Normal
GGCAAATTCTAACTACAGTAGGCT.1|P4_Normal1	Normal
GGCAACATCGACTCACAGTAGGCT.1|P4_Normal1	Normal
GGCAAGCTCATGATGAAGTAGGCT.1|P4_Normal1	Normal_holdout
GGCAAGTGTGCTCCAAAGTAGGCT.1|P4_Normal1	Normal
GGCAAGTGTTAGTTTGAGTAGGCT.1|P4_Normal1	Normal
GGCAATAGTACAAAGTAGTAGGCT.1|P4_Normal1	Normal
GGCAATAGTTCTTGAAAGTAGGCT.1|P4_Normal1	Normal
GGCAATCCAACCTCGCAGTAGGCT.1|P4_Normal1	Normal
GGCACAATCTAAGTCTAGTAGGCT.1|P4_Normal1	Normal
GGCACGTAGGTTCATTAGTAGGCT.1|P4_Normal1	Normal
GGCACTAAGCTATCGCAGTAGGCT.1|P4_Normal1	Normal
GGCAGGTTCGAGGCACAGTAGGCT.1|P4_Normal1	Normal
GGCAGGTTCGATATTCAGTAGGCT.1|P4_Normal1	Normal_holdout
GGCATGATCAATGTTCAGTAGGCT.1|P4_Normal1	Normal
GGCATGATCATGGAACAGTAGGCT.1|P4_Normal1	Normal
GGCATGATCTGGAAACAGTAGGCT.1|P4_Normal1	Normal_holdout
GGCATTACACGCCACTAGTAGGCT.1|P4_Normal1	Normal
GGCATTACATTAGTGGAGTAGGCT.1|P4_Normal1	Normal
GGCATTTGTCGAAGGTAGTAGGCT.1|P4_Normal1	Normal
GGCCAAATCGCGTTCGAGTAGGCT.1|P4_Normal1	Normal
GGCCATCGTAGGAGGAAGTAGGCT.1|P4_Normal1	Normal
GGCCATCGTCCCTCTGAGTAGGCT.1|P4_Normal1	Normal
GGCCATCGTGTCCTTCAGTAGGCT.1|P4_Normal1	Normal
GGCCATTTCGCTTCAAAGTAGGCT.1|P4_Normal1	Normal
GGCCATTTCGCTTGGTAGTAGGCT.1|P4_Normal1	Normal
GGCCGTTGTCGAAGGTAGTAGGCT.1|P4_Normal1	Normal
GGCCGTTGTTGACCCAAGTAGGCT.1|P4_Normal1	Normal
GGCCTAAAGAGGCGTCAGTAGGCT.1|P4_Normal1	Normal
GGCCTAAAGCAAACTAAGTAGGCT.1|P4_Normal1	Normal_holdout
GGCCTAAAGGCGCATAAGTAGGCT.1|P4_Normal1	Normal
GGCCTATTCAGGGCACAGTAGGCT.1|P4_Normal1	Normal
GGCCTATTCGGTTCCGAGTAGGCT.1|P4_Normal1	Normal
GGCCTATTCTAAGTAGAGTAGGCT.1|P4_Normal1	Normal
GGCCTTTAGAAGCATCAGTAGGCT.1|P4_Normal1	Normal_holdout
GGCCTTTAGCACTAGGAGTAGGCT.1|P4_Normal1	Normal
GGCCTTTAGCCATAAAAGTAGGCT.1|P4_Normal1	Normal
GGCCTTTAGCGAATACAGTAGGCT.1|P4_Normal1	Normal
GGCCTTTAGGACAACTAGTAGGCT.1|P4_Normal1	Normal
GGCGAAACAGGATGCTAGTAGGCT.1|P4_Normal1	Normal
GGCGAAACATGGGTTAAGTAGGCT.1|P4_Normal1	Normal
GGCGAATGTAACGTTCAGTAGGCT.1|P4_Normal1	Normal
GGCGAATGTCAACATCAGTAGGCT.1|P4_Normal1	Normal
GGCGAATGTCTCACTCAGTAGGCT.1|P4_Normal1	Normal_holdout
GGCGAATGTGTCCAATAGTAGGCT.1|P4_Normal1	Normal_holdout
GGCGATTCAAGGTTATAGTAGGCT.1|P4_Normal1	Normal
GGCGATTCACCTCGACAGTAGGCT.1|P4_Normal1	Normal
GGCGATTCACTAACTCAGTAGGCT.1|P4_Normal1	Normal
GGCGCTTGTATAGTGGAGTAGGCT.1|P4_Normal1	Normal
GGCGCTTGTGGTTAAGAGTAGGCT.1|P4_Normal1	Normal
GGCGTAATCCAAACGGAGTAGGCT.1|P4_Normal1	Normal
GGCTAATAGAAGTACCAGTAGGCT.1|P4_Normal1	Normal
GGCTAATAGATTGAGCAGTAGGCT.1|P4_Normal1	Normal
GGCTATTGTCCTTCTAAGTAGGCT.1|P4_Normal1	Normal
GGCTCAAAGACTCAAAAGTAGGCT.1|P4_Normal1	Normal
GGCTCAAAGCGCGAACAGTAGGCT.1|P4_Normal1	Normal
GGCTCAAAGGTTTCCAAGTAGGCT.1|P4_Normal1	Normal
GGCTGAGGTAAACCCTAGTAGGCT.1|P4_Normal1	Normal
GGCTGAGGTTAAGCTCAGTAGGCT.1|P4_Normal1	Normal
GGCTGAGGTTTACTGAAGTAGGCT.1|P4_Normal1	Normal_holdout
GGCTGATCAATTGCGAAGTAGGCT.1|P4_Normal1	Normal
GGCTGATCATTTCGACAGTAGGCT.1|P4_Normal1	Normal
GGCTGGTAGATGCAACAGTAGGCT.1|P4_Normal1	Normal
GGCTGGTAGCCCTGATAGTAGGCT.1|P4_Normal1	Normal
GGCTGGTAGCGCAAGCAGTAGGCT.1|P4_Normal1	Normal
GGCTGTGCAACATAGTAGTAGGCT.1|P4_Normal1	Normal
GGCTGTGCATGGCGCAAGTAGGCT.1|P4_Normal1	Normal
GGCTTAACAATTAGCGAGTAGGCT.1|P4_Normal1	Normal
GGCTTAACACTATGGAAGTAGGCT.1|P4_Normal1	Normal
GGCTTAACATAGTCAGAGTAGGCT.1|P4_Normal1	Normal
GGCTTAACATGAGTCAAGTAGGCT.1|P4_Normal1	Normal
GGCTTAACATTCATGCAGTAGGCT.1|P4_Normal1	Normal
GGCTTAGAGGATTAGCAGTAGGCT.1|P4_Normal1	Normal_holdout
GGCTTAGAGTCCTGACAGTAGGCT.1|P4_Normal1	Normal
GGCTTATGTCGGTTTGAGTAGGCT.1|P4_Normal1	Normal
GGCTTGAAGCAAATTGAGTAGGCT.1|P4_Normal1	Normal
GGCTTGAAGTAGCTAAAGTAGGCT.1|P4_Normal1	Normal
GGCTTGAAGTCATGAAAGTAGGCT.1|P4_Normal1	Normal_holdout
GGCTTGTTCATTAGCTAGTAGGCT.1|P4_Normal1	Normal
GGGAAGTAGATAACCAAGTAGGCT.1|P4_Normal1	Normal
GGGAAGTAGATGATTGAGTAGGCT.1|P4_Normal1	Normal
GGGACAACATACCTTAAGTAGGCT.1|P4_Normal1	Normal
GGGACTCAGGATGAAGAGTAGGCT.1|P4_Normal1	Normal_holdout
GGGACTCAGTCATTCGAGTAGGCT.1|P4_Normal1	Normal
GGGACTCAGTTATTGCAGTAGGCT.1|P4_Normal1	Normal
GGGACTCAGTTGCGGAAGTAGGCT.1|P4_Normal1	Normal
GGGAGTCTCACGGACAAGTAGGCT.1|P4_Normal1	Normal_holdout
GGGATATTCACTAGGGAGTAGGCT.1|P4_Normal1	Normal
GGGATGACAGCATTTCAGTAGGCT.1|P4_Normal1	Normal
GGGATGGAGGCGCAACAGTAGGCT.1|P4_Normal1	Normal
GGGATTTAGATAGCTAAGTAGGCT.1|P4_Normal1	Normal
GGGATTTAGTAGCCTCAGTAGGCT.1|P4_Normal1	Normal_holdout
GGGATTTAGTTGACCCAGTAGGCT.1|P4_Normal1	Normal
GGGCAATGTATTGTCAAGTAGGCT.1|P4_Normal1	Normal
GGGCAATGTTTGTGACAGTAGGCT.1|P4_Normal1	Normal
GGGCTAATCAAGCGATAGTAGGCT.1|P4_Normal1	Normal
GGGCTAATCTTAAGGAAGTAGGCT.1|P4_Normal1	Normal
GGGCTTAAGTTACTCGAGTAGGCT.1|P4_Normal1	Normal
GGGTGAGAGGTTTCGCAGTAGGCT.1|P4_Normal1	Normal
GGGTGGAAGAGGTTCGAGTAGGCT.1|P4_Normal1	Normal
GGGTGGAAGCCTATATAGTAGGCT.1|P4_Normal1	Normal
GGGTGGAAGTTTACCGAGTAGGCT.1|P4_Normal1	Normal
GGGTTAGTCACAGATAAGTAGGCT.1|P4_Normal1	Normal_holdout
GGGTTAGTCACGGACAAGTAGGCT.1|P4_Normal1	Normal
GGGTTAGTCAGGCATGAGTAGGCT.1|P4_Normal1	Normal_holdout
GGGTTATAGCAACATAAGTAGGCT.1|P4_Normal1	Normal
GGGTTATAGCAGGCTAAGTAGGCT.1|P4_Normal1	Normal
GGGTTATAGTCCTGACAGTAGGCT.1|P4_Normal1	Normal
GGGTTGGGTGGTTATCAGTAGGCT.1|P4_Normal1	Normal
GGGTTTCTCAACCGGAAGTAGGCT.1|P4_Normal1	Normal_holdout
GGGTTTCTCAAGCTCCAGTAGGCT.1|P4_Normal1	Normal
GGGTTTCTCACAGCCTAGTAGGCT.1|P4_Normal1	Normal
GGGTTTCTCATTGCATAGTAGGCT.1|P4_Normal1	Normal
GGGTTTCTCGTTCGTAAGTAGGCT.1|P4_Normal1	Normal
GGTAACCCAAAGTGCCAGTAGGCT.1|P4_Normal1	Normal
GGTAACCCATAAGCTGAGTAGGCT.1|P4_Normal1	Normal
GGTAACCCATGAGGGAAGTAGGCT.1|P4_Normal1	Normal
GGTAAGGCAGAAACTTAGTAGGCT.1|P4_Normal1	Normal
GGTAATGGTGAATCTCAGTAGGCT.1|P4_Normal1	Normal
GGTACCGCAAACCTGAAGTAGGCT.1|P4_Normal1	Normal
GGTACCGCAGGTTTCTAGTAGGCT.1|P4_Normal1	Normal
GGTACTGAGAACCTCCAGTAGGCT.1|P4_Normal1	Normal_holdout
GGTACTGAGTTTACCGAGTAGGCT.1|P4_Normal1	Normal
GGTAGTTAGACAAGCTAGTAGGCT.1|P4_Normal1	Normal
GGTAGTTAGCTATCCAAGTAGGCT.1|P4_Normal1	Normal
GGTAGTTAGTTTCACGAGTAGGCT.1|P4_Normal1	Normal
GGTCACGCATCATGCTAGTAGGCT.1|P4_Normal1	Normal
GGTCATTGTCATCATAAGTAGGCT.1|P4_Normal1	Normal
GGTCATTGTGGTGAGTAGTAGGCT.1|P4_Normal1	Normal
GGTCCGTGTTAGGTAGAGTAGGCT.1|P4_Normal1	Normal
GGTCTAACAACAAGCCAGTAGGCT.1|P4_Normal1	Normal
GGTCTAACACCACAAAAGTAGGCT.1|P4_Normal1	Normal
GGTCTAACATGCAATGAGTAGGCT.1|P4_Normal1	Normal
GGTGAACGTGTGTCGCAGTAGGCT.1|P4_Normal1	Normal
GGTGAAGCAAGGTTATAGTAGGCT.1|P4_Normal1	Normal
GGTGATTAGACTAATGAGTAGGCT.1|P4_Normal1	Normal
GGTGATTAGTTTCACGAGTAGGCT.1|P4_Normal1	Normal
GGTGCACAGCTGGGTAAGTAGGCT.1|P4_Normal1	Normal
GGTGCACAGGAAGGTAAGTAGGCT.1|P4_Normal1	Normal
GGTGCACAGGATTAGCAGTAGGCT.1|P4_Normal1	Normal
GGTGCTTTCCCTCATTAGTAGGCT.1|P4_Normal1	Normal_holdout
GGTGGATGTGGTGCAGAGTAGGCT.1|P4_Normal1	Normal
GGTGGATGTTAAGCTCAGTAGGCT.1|P4_Normal1	Normal
GGTGTCGCAAACGGGAAGTAGGCT.1|P4_Normal1	Normal
GGTGTCGCAACAGAGGAGTAGGCT.1|P4_Normal1	Normal_holdout
GGTGTCGCAGCTCGCTAGTAGGCT.1|P4_Normal1	Normal
GGTGTGATCAGGCATGAGTAGGCT.1|P4_Normal1	Normal
GGTGTGATCGACTCACAGTAGGCT.1|P4_Normal1	Normal
GGTGTGCAGATTCCCAAGTAGGCT.1|P4_Normal1	Normal
GGTTAAATCAGCATGGAGTAGGCT.1|P4_Normal1	Normal_holdout
GGTTAATCAAACCTGAAGTAGGCT.1|P4_Normal1	Normal
GGTTAATCAAGGTGCTAGTAGGCT.1|P4_Normal1	Normal
GGTTACCTCAGGCCAAAGTAGGCT.1|P4_Normal1	Normal
GGTTACCTCGCAAATAAGTAGGCT.1|P4_Normal1	Normal
GGTTAGTAGATAACGCAGTAGGCT.1|P4_Normal1	Normal
GGTTAGTAGATGATTGAGTAGGCT.1|P4_Normal1	Normal_holdout
GGTTAGTAGTCACTATAGTAGGCT.1|P4_Normal1	Normal
GGTTCACTCACAAATGAGTAGGCT.1|P4_Normal1	Normal
GGTTCACTCAGCATGGAGTAGGCT.1|P4_Normal1	Normal
GGTTCACTCTGGGAATAGTAGGCT.1|P4_Normal1	Normal
GGTTGAGTCACAAAGCAGTAGGCT.1|P4_Normal1	Normal
GGTTTATTCCTGTTCTAGTAGGCT.1|P4_Normal1	Normal
GGTTTCTCATTGCCTGAGTAGGCT.1|P4_Normal1	Normal_holdout
GTAAACCAGGTATTTCAGTAGGCT.1|P4_Normal1	Normal
GTAAACGGTCATGATCAGTAGGCT.1|P4_Normal1	Normal
GTAAACGGTTCACCAGAGTAGGCT.1|P4_Normal1	Normal
GTAAAGCTCGTGATTTAGTAGGCT.1|P4_Normal1	Normal
GTAACCACAGAGGCTTAGTAGGCT.1|P4_Normal1	Normal
GTAACCTGTAAGAATCAGTAGGCT.1|P4_Normal1	Normal
GTAACCTGTATTCGGTAGTAGGCT.1|P4_Normal1	Normal
GTAACCTGTCAATCGTAGTAGGCT.1|P4_Normal1	Normal
GTAACCTGTCACCAGCAGTAGGCT.1|P4_Normal1	Normal_holdout
GTAACCTGTCGTAACTAGTAGGCT.1|P4_Normal1	Normal
GTAACCTGTTCCGTGAAGTAGGCT.1|P4_Normal1	Normal
GTAACTAAGACTTAAGAGTAGGCT.1|P4_Normal1	Normal
GTAACTAAGCTTTACGAGTAGGCT.1|P4_Normal1	Normal
GTAACTAAGGCTGGTAAGTAGGCT.1|P4_Normal1	Normal
GTAAGAACAAAGGGATAGTAGGCT.1|P4_Normal1	Normal
GTAAGGTTCATCACATAGTAGGCT.1|P4_Normal1	Normal
GTAAGGTTCGCAGGACAGTAGGCT.1|P4_Normal1	Normal
GTAAGGTTCGCTATATAGTAGGCT.1|P4_Normal1	Normal
GTAATCCGTATGGTGAAGTAGGCT.1|P4_Normal1	Normal
GTAATGGGTAGCTTTAAGTAGGCT.1|P4_Normal1	Normal
GTAATGGGTCCTCCTGAGTAGGCT.1|P4_Normal1	Normal
GTACCTATCATGAATGAGTAGGCT.1|P4_Normal1	Normal
GTACCTATCATGACCCAGTAGGCT.1|P4_Normal1	Normal
GTACCTATCCAGCTACAGTAGGCT.1|P4_Normal1	Normal
GTACGCAAGCTCAAGGAGTAGGCT.1|P4_Normal1	Normal
GTACGCAAGGTCTTGCAGTAGGCT.1|P4_Normal1	Normal
GTACTTAGTAGTTGTCAGTAGGCT.1|P4_Normal1	Normal
GTACTTAGTGATAAACAGTAGGCT.1|P4_Normal1	Normal
GTAGTAGGTTTAGTTGAGTAGGCT.1|P4_Normal1	Normal_holdout
GTATGGGTCACCAGGAAGTAGGCT.1|P4_Normal1	Normal
GTATGGGTCTGTGACCAGTAGGCT.1|P4_Normal1	Normal
GTATTCGTCAGTTAGAAGTAGGCT.1|P4_Normal1	Normal
GTCAAAGGTCTCAGCAAGTAGGCT.1|P4_Normal1	Normal
GTCACAACACATTGAGAGTAGGCT.1|P4_Normal1	Normal
GTCACACTCTATGGCCAGTAGGCT.1|P4_Normal1	Normal_holdout
GTCACTCAGAAGGTTCAGTAGGCT.1|P4_Normal1	Normal
GTCACTCAGCACTACCAGTAGGCT.1|P4_Normal1	Normal
GTCACTCAGGGTTGGCAGTAGGCT.1|P4_Normal1	Normal
GTCACTCAGTCATCATAGTAGGCT.1|P4_Normal1	Normal_holdout
GTCACTCAGTGAATCAAGTAGGCT.1|P4_Normal1	Normal
GTCAGTGAGGATTATGAGTAGGCT.1|P4_Normal1	Normal
GTCATTGTCCGTTAGCAGTAGGCT.1|P4_Normal1	Normal
GTCATTGTCCTTGTTCAGTAGGCT.1|P4_Normal1	Normal
GTCCCTCTCGATATGAAGTAGGCT.1|P4_Normal1	Normal
GTCCTCACATCCGTCAAGTAGGCT.1|P4_Normal1	Normal
GTCGATTGTGACATTCAGTAGGCT.1|P4_Normal1	Normal
GTCTTGCAGACCAGGCAGTAGGCT.1|P4_Normal1	Normal
GTGAAACTCCGCTATAAGTAGGCT.1|P4_Normal1	Normal
GTGAGTTAGACTAACAAGTAGGCT.1|P4_Normal1	Normal
GTGAGTTAGCTAAACAAGTAGGCT.1|P4_Normal1	Normal
GTGAGTTAGCTTGAAAAGTAGGCT.1|P4_Normal1	Normal
GTGAGTTAGGGTTATAAGTAGGCT.1|P4_Normal1	Normal
GTGAGTTAGTTAACAGAGTAGGCT.1|P4_Normal1	Normal
GTGCCTTAGGCTTATTAGTAGGCT.1|P4_Normal1	Normal
GTGCTCAGTTTGTAGCAGTAGGCT.1|P4_Normal1	Normal
GTGCTTATCAGGCCAAAGTAGGCT.1|P4_Normal1	Normal
GTGCTTATCGAACCGAAGTAGGCT.1|P4_Normal1	Normal
GTGGAAGCAATGAATCAGTAGGCT.1|P4_Normal1	Normal_holdout
GTGGACCAGCTATCGCAGTAGGCT.1|P4_Normal1	Normal
GTGGCGAGTTGTGAGAAGTAGGCT.1|P4_Normal1	Normal
GTGGCGTAGCGGGACTAGTAGGCT.1|P4_Normal1	Normal
GTGGCGTAGTAATTGGAGTAGGCT.1|P4_Normal1	Normal
GTGGCGTAGTGATCAAAGTAGGCT.1|P4_Normal1	Normal
GTGGCTAAGGAAGCAAAGTAGGCT.1|P4_Normal1	Normal
GTGGGAACACGTAAATAGTAGGCT.1|P4_Normal1	Normal
GTGGGAACAGCTAAGCAGTAGGCT.1|P4_Normal1	Normal
GTGGTTACAACAAAGAAGTAGGCT.1|P4_Normal1	Normal
GTGGTTACAGTTGCCCAGTAGGCT.1|P4_Normal1	Normal
GTGGTTCTCGAACCTCAGTAGGCT.1|P4_Normal1	Normal
GTGTGAGTCCGCCACAAGTAGGCT.1|P4_Normal1	Normal_holdout
GTGTGCGCACGATTAGAGTAGGCT.1|P4_Normal1	Normal
GTGTGCGCAGTTGCCCAGTAGGCT.1|P4_Normal1	Normal
GTGTTAAAGGCCATTCAGTAGGCT.1|P4_Normal1	Normal
GTGTTAAAGTCAACTTAGTAGGCT.1|P4_Normal1	Normal
GTTAACCGTATGTGAGAGTAGGCT.1|P4_Normal1	Normal_holdout
GTTAACCGTTCTTGAAAGTAGGCT.1|P4_Normal1	Normal
GTTAACTTCACAAAGCAGTAGGCT.1|P4_Normal1	Normal
GTTAAGGGTAACGGGTAGTAGGCT.1|P4_Normal1	Normal_holdout
GTTAAGGGTTAACGTCAGTAGGCT.1|P4_Normal1	Normal
GTTACCGGTTGCACTGAGTAGGCT.1|P4_Normal1	Normal_holdout
GTTAGAATCAAGGTGTAGTAGGCT.1|P4_Normal1	Normal
GTTAGAATCGGTAAGTAGTAGGCT.1|P4_Normal1	Normal
GTTAGAATCTTACTCCAGTAGGCT.1|P4_Normal1	Normal
GTTAGCGAGGATGAAGAGTAGGCT.1|P4_Normal1	Normal
GTTAGTCGTGCCCTTTAGTAGGCT.1|P4_Normal1	Normal
GTTAGTCGTTTCCAAAAGTAGGCT.1|P4_Normal1	Normal
GTTCACCAGGCAGGCTAGTAGGCT.1|P4_Normal1	Normal
GTTCACCAGGCTAGATAGTAGGCT.1|P4_Normal1	Normal
GTTCATCCAGGCGAAAAGTAGGCT.1|P4_Normal1	Normal_holdout
GTTCATCCAGGCTAACAGTAGGCT.1|P4_Normal1	Normal
GTTCATCCATTGCCTGAGTAGGCT.1|P4_Normal1	Normal
GTTCGCGTCACTCGCGAGTAGGCT.1|P4_Normal1	Normal
GTTCGCGTCGCTTGACAGTAGGCT.1|P4_Normal1	Normal
GTTCGGGCAAAGAACAAGTAGGCT.1|P4_Normal1	Normal
GTTCGGGCATTCATGCAGTAGGCT.1|P4_Normal1	Normal_holdout
GTTCGTTCAATACCCTAGTAGGCT.1|P4_Normal1	Normal_holdout
GTTCGTTCAATCGTTCAGTAGGCT.1|P4_Normal1	Normal
GTTCTGTCAATAACCGAGTAGGCT.1|P4_Normal1	Normal
GTTCTGTCAGCAATTGAGTAGGCT.1|P4_Normal1	Normal
GTTGAATCAACAAGTTAGTAGGCT.1|P4_Normal1	Normal
GTTGAATCAATGGCCGAGTAGGCT.1|P4_Normal1	Normal
GTTGAATCACTGACTTAGTAGGCT.1|P4_Normal1	Normal
GTTGAATCAGATAGCCAGTAGGCT.1|P4_Normal1	Normal_holdout
GTTGAGGTCAACTGGGAGTAGGCT.1|P4_Normal1	Normal
GTTGAGGTCACAGGGCAGTAGGCT.1|P4_Normal1	Normal_holdout
GTTGAGGTCGACTTGCAGTAGGCT.1|P4_Normal1	Normal
GTTGAGGTCGATTCTGAGTAGGCT.1|P4_Normal1	Normal
GTTGCGCGTATTGTCAAGTAGGCT.1|P4_Normal1	Normal
GTTGCGCGTTAGTTTGAGTAGGCT.1|P4_Normal1	Normal
GTTGGATAGGAAGCAAAGTAGGCT.1|P4_Normal1	Normal
GTTGGATAGGCTGGTAAGTAGGCT.1|P4_Normal1	Normal
GTTGGATAGTTACACTAGTAGGCT.1|P4_Normal1	Normal
GTTGGGTCACACCCACAGTAGGCT.1|P4_Normal1	Normal
GTTGTCCAGGGAGGATAGTAGGCT.1|P4_Normal1	Normal
GTTGTGACATCATGCTAGTAGGCT.1|P4_Normal1	Normal_holdout
GTTGTTCCATTGCATCAGTAGGCT.1|P4_Normal1	Normal
GTTGTTGTCAGGAGCCAGTAGGCT.1|P4_Normal1	Normal
GTTGTTGTCGTTAACTAGTAGGCT.1|P4_Normal1	Normal_holdout
GTTTACGTCTGTCAATAGTAGGCT.1|P4_Normal1	Normal
GTTTAGCGTCATCAGTAGTAGGCT.1|P4_Normal1	Normal_holdout
GTTTAGTTCACTTGATAGTAGGCT.1|P4_Normal1	Normal_holdout
GTTTAGTTCTCAAGAAAGTAGGCT.1|P4_Normal1	Normal
GTTTATCAGGATCCAGAGTAGGCT.1|P4_Normal1	Normal
GTTTATCAGTTACCTGAGTAGGCT.1|P4_Normal1	Normal_holdout
GTTTGAGCAAGGCTTAAGTAGGCT.1|P4_Normal1	Normal
GTTTGCATCACGTTCAAGTAGGCT.1|P4_Normal1	Normal
GTTTGGGAGGTGAGAAAGTAGGCT.1|P4_Normal1	Normal
GTTTGTAGTGACACAAAGTAGGCT.1|P4_Normal1	Normal
GTTTGTAGTTCCTTCAAGTAGGCT.1|P4_Normal1	Normal
GTTTGTCCAGGCTGTGAGTAGGCT.1|P4_Normal1	Normal
GTTTGTCCATGTTTCAAGTAGGCT.1|P4_Normal1	Normal_holdout
TAAACGGGTTTGCTCCAGTAGGCT.1|P4_Normal1	Normal
TAAACTGAGAATGGGAAGTAGGCT.1|P4_Normal1	Normal
TAAACTGAGACCTTTGAGTAGGCT.1|P4_Normal1	Normal
TAAACTGAGTTTGCTGAGTAGGCT.1|P4_Normal1	Normal
TAAAGCCAGTATGGGTAGTAGGCT.1|P4_Normal1	Normal
TAAAGCCAGTCGCATCAGTAGGCT.1|P4_Normal1	Normal
TAAAGCCAGTTGGCCTAGTAGGCT.1|P4_Normal1	Normal
TAAAGGCTCGACTTTGAGTAGGCT.1|P4_Normal1	Normal
TAAAGGGAGACTAATGAGTAGGCT.1|P4_Normal1	Normal
TAACACGCAGTGAGGAAGTAGGCT.1|P4_Normal1	Normal
TAACACGCATTGTACCAGTAGGCT.1|P4_Normal1	Normal
TAACCACGTCCTCCATAGTAGGCT.1|P4_Normal1	Normal
TAACCACGTGACCTGCAGTAGGCT.1|P4_Normal1	Normal
TAACCACGTGCTCATGAGTAGGCT.1|P4_Normal1	Normal_holdout
TAACCACGTGGCGTAGAGTAGGCT.1|P4_Normal1	Normal
TAACCACGTTTGCATAAGTAGGCT.1|P4_Normal1	Normal_holdout
TAACCCTCACGTAAATAGTAGGCT.1|P4_Normal1	Normal_holdout
TAACCCTCACTATCACAGTAGGCT.1|P4_Normal1	Normal
TAACCCTCAGACTCAAAGTAGGCT.1|P4_Normal1	Normal
TAACCGCTCTATGCATAGTAGGCT.1|P4_Normal1	Normal
TAACCGTGTAACCTTAAGTAGGCT.1|P4_Normal1	Normal_holdout
TAACCGTGTATGTTTGAGTAGGCT.1|P4_Normal1	Normal
TAACCTGTCTCAAGAAAGTAGGCT.1|P4_Normal1	Normal_holdout
TAACCTTAGCCTAGTCAGTAGGCT.1|P4_Normal1	Normal
TAACCTTAGCTTCTAGAGTAGGCT.1|P4_Normal1	Normal
TAACCTTAGGTTTCCAAGTAGGCT.1|P4_Normal1	Normal
TAACGAATCAATACAGAGTAGGCT.1|P4_Normal1	Normal
TAACGCCTCCTGTTCTAGTAGGCT.1|P4_Normal1	Normal
TAACGTTTCTCAAACTAGTAGGCT.1|P4_Normal1	Normal
TAACTGTTCCCATAGCAGTAGGCT.1|P4_Normal1	Normal_holdout
TAACTGTTCGACTTGCAGTAGGCT.1|P4_Normal1	Normal
TAACTGTTCTATGCATAGTAGGCT.1|P4_Normal1	Normal_holdout
TAAGAAGCAATGAATCAGTAGGCT.1|P4_Normal1	Normal_holdout
TAAGAAGCACATAAACAGTAGGCT.1|P4_Normal1	Normal
TAAGAAGCACGTAAATAGTAGGCT.1|P4_Normal1	Normal
TAAGCTAAGTGTTTCGAGTAGGCT.1|P4_Normal1	Normal
TAAGGCTAGTTACAGAAGTAGGCT.1|P4_Normal1	Normal
TAAGTACCAAGGTTATAGTAGGCT.1|P4_Normal1	Normal
TAAGTACCAGACTCAAAGTAGGCT.1|P4_Normal1	Normal
TAATAGCCATTGCGCCAGTAGGCT.1|P4_Normal1	Normal
TAATGCGCAATATGCGAGTAGGCT.1|P4_Normal1	Normal
TAATGCGCATGCGCAGAGTAGGCT.1|P4_Normal1	Normal
TACAAACCAATGGATTAGTAGGCT.1|P4_Normal1	Normal
TACAGAATCAGCACAGAGTAGGCT.1|P4_Normal1	Normal
TACAGGTAGGCGATATAGTAGGCT.1|P4_Normal1	Normal
TACAGGTAGGTTACTTAGTAGGCT.1|P4_Normal1	Normal
TACATACTCAAGTTTCAGTAGGCT.1|P4_Normal1	Normal
TACATACTCCTGCCAGAGTAGGCT.1|P4_Normal1	Normal
TACATACTCGGCTAGAAGTAGGCT.1|P4_Normal1	Normal
TACATACTCTAATGAGAGTAGGCT.1|P4_Normal1	Normal
TACCATCCACCACAAAAGTAGGCT.1|P4_Normal1	Normal_holdout
TACCGAACAAATACCGAGTAGGCT.1|P4_Normal1	Normal_holdout
TACCGCCCAAATGACTAGTAGGCT.1|P4_Normal1	Normal
TACCGCCCACCAGCTCAGTAGGCT.1|P4_Normal1	Normal
TACCGCCCACCTTCAGAGTAGGCT.1|P4_Normal1	Normal
TACCGCCCATTACTCAAGTAGGCT.1|P4_Normal1	Normal
TACCGCCCATTAGCGAAGTAGGCT.1|P4_Normal1	Normal
TACCGGCGTTTCTAAGAGTAGGCT.1|P4_Normal1	Normal
TACCGGGCAGCACGTGAGTAGGCT.1|P4_Normal1	Normal
TACCGGGCATTGAGATAGTAGGCT.1|P4_Normal1	Normal
TACCTGCAGGATGTTAAGTAGGCT.1|P4_Normal1	Normal
TACGCAACATACTGAGAGTAGGCT.1|P4_Normal1	Normal
TACGCCTAGTAGCCTCAGTAGGCT.1|P4_Normal1	Normal
TACGGACCACGTGCTCAGTAGGCT.1|P4_Normal1	Normal
TACGGACCATCAAGTGAGTAGGCT.1|P4_Normal1	Normal
TACGGGCAGCAGGCTAAGTAGGCT.1|P4_Normal1	Normal
TACGGGCAGGAGGATAAGTAGGCT.1|P4_Normal1	Normal
TACGGGTCAAGTTGGCAGTAGGCT.1|P4_Normal1	Normal
TACGGGTCACTATGTCAGTAGGCT.1|P4_Normal1	Normal
TACGGGTCAGGCTAACAGTAGGCT.1|P4_Normal1	Normal
TACGTCCAGGGCAGTCAGTAGGCT.1|P4_Normal1	Normal
TACGTTAGTGCGGAATAGTAGGCT.1|P4_Normal1	Normal_holdout
TACGTTCCAACTTCGTAGTAGGCT.1|P4_Normal1	Normal
TACGTTCCATTGTGAGAGTAGGCT.1|P4_Normal1	Normal
TACTAGTTCAGGCAATAGTAGGCT.1|P4_Normal1	Normal
TACTAGTTCCCGTTCCAGTAGGCT.1|P4_Normal1	Normal
TACTCACCAGCAATTGAGTAGGCT.1|P4_Normal1	Normal
TAGAGGCGTAAGAATCAGTAGGCT.1|P4_Normal1	Normal
TAGCAAGGTCTACCAGAGTAGGCT.1|P4_Normal1	Normal_holdout
TAGCCTATCCAAACGGAGTAGGCT.1|P4_Normal1	Normal
TAGCCTATCCATAAAGAGTAGGCT.1|P4_Normal1	Normal
TAGCCTATCCATAGGGAGTAGGCT.1|P4_Normal1	Normal_holdout
TAGCCTTCAAGTTGGCAGTAGGCT.1|P4_Normal1	Normal
TAGCCTTCAATCGTGAAGTAGGCT.1|P4_Normal1	Normal
TAGCGGATCTAAATCCAGTAGGCT.1|P4_Normal1	Normal
TAGCGGTCATTCGGTTAGTAGGCT.1|P4_Normal1	Normal
TAGCTTGTCAAGTTAGAGTAGGCT.1|P4_Normal1	Normal
TAGCTTGTCCAATAGAAGTAGGCT.1|P4_Normal1	Normal
TAGGCGCAGAGGCGAGAGTAGGCT.1|P4_Normal1	Normal
TAGGCGCAGGAAACTCAGTAGGCT.1|P4_Normal1	Normal
TAGGCTGAGGTGTCCTAGTAGGCT.1|P4_Normal1	Normal
TAGGCTGAGTGATTAGAGTAGGCT.1|P4_Normal1	Normal
TAGGCTTGTTCCTTCAAGTAGGCT.1|P4_Normal1	Normal
TAGGTCGAGACTTAAGAGTAGGCT.1|P4_Normal1	Normal
TAGGTTAAGCTCAAGGAGTAGGCT.1|P4_Normal1	Normal
TAGGTTCGTTCGATGTAGTAGGCT.1|P4_Normal1	Normal
TAGTAGTCACTCCCTTAGTAGGCT.1|P4_Normal1	Normal
TAGTCCTCACACTAAGAGTAGGCT.1|P4_Normal1	Normal
TAGTCCTCACGCAATAAGTAGGCT.1|P4_Normal1	Normal
TAGTCTCCAAACCCAAAGTAGGCT.1|P4_Normal1	Normal
TAGTCTCCACATTCGTAGTAGGCT.1|P4_Normal1	Normal
TAGTGATCACATAAGTAGTAGGCT.1|P4_Normal1	Normal
TAGTGCACATAACCAGAGTAGGCT.1|P4_Normal1	Normal
TAGTGCACATCTATGCAGTAGGCT.1|P4_Normal1	Normal
TAGTGCACATTACTTGAGTAGGCT.1|P4_Normal1	Normal
TAGTGCACATTGCCGCAGTAGGCT.1|P4_Normal1	Normal
TAGTGCTGTCACAGGGAGTAGGCT.1|P4_Normal1	Normal_holdout
TAGTGCTGTGGACACGAGTAGGCT.1|P4_Normal1	Normal
TAGTGCTGTGGATGGTAGTAGGCT.1|P4_Normal1	Normal
TAGTGCTGTGTCCTTCAGTAGGCT.1|P4_Normal1	Normal
TAGTGGCCACCGGCAAAGTAGGCT.1|P4_Normal1	Normal
TAGTGGCCACTAGCGGAGTAGGCT.1|P4_Normal1	Normal_holdout
TAGTGGCCAGGTCAACAGTAGGCT.1|P4_Normal1	Normal
TAGTGTGCAAGATGCCAGTAGGCT.1|P4_Normal1	Normal
TAGTGTGCATAGGGTCAGTAGGCT.1|P4_Normal1	Normal
TAGTGTGCATCCACCAAGTAGGCT.1|P4_Normal1	Normal
TAGTGTGCATGCGGATAGTAGGCT.1|P4_Normal1	Normal
TAGTTACTCCATCCGGAGTAGGCT.1|P4_Normal1	Normal
TAGTTACTCGAAGTTAAGTAGGCT.1|P4_Normal1	Normal
TAGTTGAAGGTGAGAAAGTAGGCT.1|P4_Normal1	Normal
TAGTTGAAGGTTGTGGAGTAGGCT.1|P4_Normal1	Normal
TAGTTGTTCAAACTTCAGTAGGCT.1|P4_Normal1	Normal
TAGTTGTTCCATCCGGAGTAGGCT.1|P4_Normal1	Normal
TAGTTGTTCCTTTAGGAGTAGGCT.1|P4_Normal1	Normal
TAGTTGTTCGCCTATAAGTAGGCT.1|P4_Normal1	Normal
TAGTTTCAGGTTGCAGAGTAGGCT.1|P4_Normal1	Normal_holdout
TATAACGAGACATAGCAGTAGGCT.1|P4_Normal1	Normal
TATAACGAGCTTCCTTAGTAGGCT.1|P4_Normal1	Normal
TATAACGAGTCAACAAAGTAGGCT.1|P4_Normal1	Normal
TATATGCTCGTCAATTAGTAGGCT.1|P4_Normal1	Normal
TATCCTGAGTGTCCACAGTAGGCT.1|P4_Normal1	Normal_holdout
TATCGAGCACAGGCTGAGTAGGCT.1|P4_Normal1	Normal
TATCGAGCACATTCGTAGTAGGCT.1|P4_Normal1	Normal
TATCGAGCAGATAACTAGTAGGCT.1|P4_Normal1	Normal
TATCGATTCTGGAAACAGTAGGCT.1|P4_Normal1	Normal
TATCGCTCAGGTATATAGTAGGCT.1|P4_Normal1	Normal
TATGACTTCCTGAGGAAGTAGGCT.1|P4_Normal1	Normal
TATGAGCAGACCTTTGAGTAGGCT.1|P4_Normal1	Normal_holdout
TATGAGGGTTCACTCCAGTAGGCT.1|P4_Normal1	Normal_holdout
TATGATGAGCCTGGTTAGTAGGCT.1|P4_Normal1	Normal
TATGATGAGGGTTGGCAGTAGGCT.1|P4_Normal1	Normal
TATGGGAGTACCTCAGAGTAGGCT.1|P4_Normal1	Normal
TATGGGAGTATGTGAGAGTAGGCT.1|P4_Normal1	Normal
TATGGTGCAACAAGCCAGTAGGCT.1|P4_Normal1	Normal
TATGGTGCACGCCACTAGTAGGCT.1|P4_Normal1	Normal
TATGTCCCAACTAGTGAGTAGGCT.1|P4_Normal1	Normal_holdout
TATGTTGGTTTCCTCAAGTAGGCT.1|P4_Normal1	Normal
TATTGACTCATTGCATAGTAGGCT.1|P4_Normal1	Normal
TATTGACTCTAATGGAAGTAGGCT.1|P4_Normal1	Normal
TATTGCAGTTGACCCAAGTAGGCT.1|P4_Normal1	Normal
TATTGGCGTATTGTCAAGTAGGCT.1|P4_Normal1	Normal
TATTGGCGTTCGATGTAGTAGGCT.1|P4_Normal1	Normal
TATTGGGCATTCGGTTAGTAGGCT.1|P4_Normal1	Normal
TATTTGCAGCTCAACCAGTAGGCT.1|P4_Normal1	Normal_holdout
TCAACATTCTAGCGGAAGTAGGCT.1|P4_Normal1	Normal
TCAACATTCTTGAGGGAGTAGGCT.1|P4_Normal1	Normal
TCAACCGGTAACTAGGAGTAGGCT.1|P4_Normal1	Normal
TCAACCGGTGCACTATAGTAGGCT.1|P4_Normal1	Normal_holdout
TCAACCGGTTGAATCCAGTAGGCT.1|P4_Normal1	Normal
TCAACCTCACATGAATAGTAGGCT.1|P4_Normal1	Normal
TCAACTAGTGGTGAGTAGTAGGCT.1|P4_Normal1	Normal_holdout
TCAACTGTCATCACATAGTAGGCT.1|P4_Normal1	Normal_holdout
TCAACTGTCCATAAAGAGTAGGCT.1|P4_Normal1	Normal_holdout
TCAAGCGAGCTCGATCAGTAGGCT.1|P4_Normal1	Normal
TCAAGGTAGCGGGACTAGTAGGCT.1|P4_Normal1	Normal
TCAATCTAGGTTGCTCAGTAGGCT.1|P4_Normal1	Normal
TCAATGGCAAGATGCCAGTAGGCT.1|P4_Normal1	Normal_holdout
TCAATGGCATCGAACAAGTAGGCT.1|P4_Normal1	Normal
TCAATGGCATGGCGCAAGTAGGCT.1|P4_Normal1	Normal
TCAATGTTCCTTGAGCAGTAGGCT.1|P4_Normal1	Normal
TCACAAGCAGCCTATTAGTAGGCT.1|P4_Normal1	Normal
TCACAAGCATAGCGCGAGTAGGCT.1|P4_Normal1	Normal
TCACAAGCATGCGCAGAGTAGGCT.1|P4_Normal1	Normal
TCACCAATCCTTTGAGAGTAGGCT.1|P4_Normal1	Normal
TCACCAATCGGGCAACAGTAGGCT.1|P4_Normal1	Normal_holdout
TCACCATCACCTAAGAAGTAGGCT.1|P4_Normal1	Normal
TCACCATCATGCGCAGAGTAGGCT.1|P4_Normal1	Normal
TCACCCTGTGCTTCGAAGTAGGCT.1|P4_Normal1	Normal
TCACGTTCACCTTCAGAGTAGGCT.1|P4_Normal1	Normal
TCACTGTCAATCGTGAAGTAGGCT.1|P4_Normal1	Normal
TCACTGTCACCATCATAGTAGGCT.1|P4_Normal1	Normal
TCACTTTGTCAATTCAAGTAGGCT.1|P4_Normal1	Normal
TCAGCCAGTTAAGGCAAGTAGGCT.1|P4_Normal1	Normal
TCAGGCAAGCTTGATTAGTAGGCT.1|P4_Normal1	Normal_holdout
TCAGGCAAGTGAATCAAGTAGGCT.1|P4_Normal1	Normal
TCAGGCAAGTGATTAGAGTAGGCT.1|P4_Normal1	Normal
TCAGGCTTCCCTCGCTAGTAGGCT.1|P4_Normal1	Normal
TCAGGGATCACGTTATAGTAGGCT.1|P4_Normal1	Normal
TCAGGGATCATGACAAAGTAGGCT.1|P4_Normal1	Normal
TCAGGTTGTATTGACCAGTAGGCT.1|P4_Normal1	Normal
TCAGGTTGTGATTACCAGTAGGCT.1|P4_Normal1	Normal
TCAGGTTGTGGCTTTGAGTAGGCT.1|P4_Normal1	Normal
TCAGTAAAGACAACTAAGTAGGCT.1|P4_Normal1	Normal
TCAGTAAAGTCAACTTAGTAGGCT.1|P4_Normal1	Normal
TCATAGGCACGTAAATAGTAGGCT.1|P4_Normal1	Normal
TCATAGGCAGCGGATTAGTAGGCT.1|P4_Normal1	Normal
TCATCAGTCAAGGGCCAGTAGGCT.1|P4_Normal1	Normal
TCATCAGTCACGGACAAGTAGGCT.1|P4_Normal1	Normal_holdout
TCATCAGTCTCACTAGAGTAGGCT.1|P4_Normal1	Normal
TCATGAGCAAGCGATCAGTAGGCT.1|P4_Normal1	Normal
TCATGAGCATACCTTAAGTAGGCT.1|P4_Normal1	Normal
TCATGGTGTCACCAGCAGTAGGCT.1|P4_Normal1	Normal
TCATTACAGATTGAGCAGTAGGCT.1|P4_Normal1	Normal
TCATTACAGCACTACCAGTAGGCT.1|P4_Normal1	Normal
TCATTACAGCTCGATCAGTAGGCT.1|P4_Normal1	Normal
TCCAAGTGTATCCGCAAGTAGGCT.1|P4_Normal1	Normal
TCCAAGTGTTCACTCCAGTAGGCT.1|P4_Normal1	Normal_holdout
TCCAATAGTGCTCCAAAGTAGGCT.1|P4_Normal1	Normal
TCCAATAGTTTGCATAAGTAGGCT.1|P4_Normal1	Normal
TCCACCTGTATGTTGCAGTAGGCT.1|P4_Normal1	Normal
TCCACCTGTCTACCTCAGTAGGCT.1|P4_Normal1	Normal_holdout
TCCACCTGTGCTTCTCAGTAGGCT.1|P4_Normal1	Normal
TCCACCTGTTTGGCCAAGTAGGCT.1|P4_Normal1	Normal
TCCAGCTAGCCATAAAAGTAGGCT.1|P4_Normal1	Normal
TCCAGCTAGGTCAAGTAGTAGGCT.1|P4_Normal1	Normal
TCCATTACAGGTTTCTAGTAGGCT.1|P4_Normal1	Normal
TCCCATAAGGTAACTAAGTAGGCT.1|P4_Normal1	Normal
TCCCATAAGTTTGGTTAGTAGGCT.1|P4_Normal1	Normal
TCCCGCAAGACTGAGTAGTAGGCT.1|P4_Normal1	Normal
TCCCGCAAGTTGCGGAAGTAGGCT.1|P4_Normal1	Normal
TCCCGTTGTTAACGAGAGTAGGCT.1|P4_Normal1	Normal
TCCCTCATCAGCACGAAGTAGGCT.1|P4_Normal1	Normal
TCCCTTTAGCTATCCAAGTAGGCT.1|P4_Normal1	Normal_holdout
TCCGAATGTCATGAAGAGTAGGCT.1|P4_Normal1	Normal
TCCGAATGTGGGTGTGAGTAGGCT.1|P4_Normal1	Normal
TCCGGAGCATGCCTCAAGTAGGCT.1|P4_Normal1	Normal
TCCGTTAAGTGTTTGTAGTAGGCT.1|P4_Normal1	Normal
TCCTAAGTCTATTGACAGTAGGCT.1|P4_Normal1	Normal
TCCTGGTAGATAACTGAGTAGGCT.1|P4_Normal1	Normal_holdout
TCCTGGTAGTCTACCAAGTAGGCT.1|P4_Normal1	Normal
TCCTTATGTAATGCGAAGTAGGCT.1|P4_Normal1	Normal
TCCTTATGTGCATTACAGTAGGCT.1|P4_Normal1	Normal
TCCTTGAAGCTTTACGAGTAGGCT.1|P4_Normal1	Normal
TCCTTTCAGCACGGTAAGTAGGCT.1|P4_Normal1	Normal
TCGAACCTCATTAGCTAGTAGGCT.1|P4_Normal1	Normal_holdout
TCGAAGGTCACCACACAGTAGGCT.1|P4_Normal1	Normal
TCGAAGGTCAGTTAGAAGTAGGCT.1|P4_Normal1	Normal
TCGACTCAGGGTTGCAAGTAGGCT.1|P4_Normal1	Normal_holdout
TCGATAAAGGACACGCAGTAGGCT.1|P4_Normal1	Normal
TCGATAAAGGCACAATAGTAGGCT.1|P4_Normal1	Normal
TCGATATTCAGGTAGTAGTAGGCT.1|P4_Normal1	Normal
TCGATGACATATCGCTAGTAGGCT.1|P4_Normal1	Normal
TCGCATTCACTTAACCAGTAGGCT.1|P4_Normal1	Normal
TCGCATTCATGCGCCTAGTAGGCT.1|P4_Normal1	Normal
TCGCGGACACTCAGTTAGTAGGCT.1|P4_Normal1	Normal
TCGCTCGAGTCTTGCAAGTAGGCT.1|P4_Normal1	Normal
TCGCTTGCATGAGTCAAGTAGGCT.1|P4_Normal1	Normal
TCGGTTATCGCCTGCAAGTAGGCT.1|P4_Normal1	Normal
TCGTCAATCCATAGGGAGTAGGCT.1|P4_Normal1	Normal
TCGTCAATCCCGCTGAAGTAGGCT.1|P4_Normal1	Normal
TCGTCCCTCATCCCAAAGTAGGCT.1|P4_Normal1	Normal
TCGTTAAGTTACTTCTAGTAGGCT.1|P4_Normal1	Normal
TCGTTAAGTTGCACTGAGTAGGCT.1|P4_Normal1	Normal
TCGTTATAGACTAACAAGTAGGCT.1|P4_Normal1	Normal
TCGTTGCAGAGCAAGAAGTAGGCT.1|P4_Normal1	Normal
TCGTTGCAGATTCCCAAGTAGGCT.1|P4_Normal1	Normal
TCTAACAGTTAGTGCTAGTAGGCT.1|P4_Normal1	Normal_holdout
TCTAACCCAGGTCAACAGTAGGCT.1|P4_Normal1	Normal
TCTAACCCATTGAACGAGTAGGCT.1|P4_Normal1	Normal
TCTAAGGCAATCAAACAGTAGGCT.1|P4_Normal1	Normal
TCTAAGGCAATTAGACAGTAGGCT.1|P4_Normal1	Normal
TCTAAGTTCGTGATTTAGTAGGCT.1|P4_Normal1	Normal_holdout
TCTAATGGTCGTTCTCAGTAGGCT.1|P4_Normal1	Normal
TCTACCTTCTCAAACTAGTAGGCT.1|P4_Normal1	Normal
TCTATCTGTGGATGCGAGTAGGCT.1|P4_Normal1	Normal
TCTATCTGTTTCAGGTAGTAGGCT.1|P4_Normal1	Normal_holdout
TCTATGAGTACCGCACAGTAGGCT.1|P4_Normal1	Normal
TCTCAATAGCAAAGCTAGTAGGCT.1|P4_Normal1	Normal
TCTCTATGTCCTCCTGAGTAGGCT.1|P4_Normal1	Normal
TCTGGAACATGGCTAAAGTAGGCT.1|P4_Normal1	Normal_holdout
TCTGGGCGTATTCGACAGTAGGCT.1|P4_Normal1	Normal_holdout
TCTGGGCGTTTGCAACAGTAGGCT.1|P4_Normal1	Normal
TCTGTAAGTCCTCCTGAGTAGGCT.1|P4_Normal1	Normal
TCTGTAAGTCTACCTCAGTAGGCT.1|P4_Normal1	Normal
TCTGTGATCAAGGTCGAGTAGGCT.1|P4_Normal1	Normal
TCTTAAGGTTGAGGACAGTAGGCT.1|P4_Normal1	Normal
TCTTACTGTGCCCGATAGTAGGCT.1|P4_Normal1	Normal
TCTTGACCAAGAACAAAGTAGGCT.1|P4_Normal1	Normal
TCTTGCTTCAGTCTATAGTAGGCT.1|P4_Normal1	Normal_holdout
TCTTGCTTCCTGGTTAAGTAGGCT.1|P4_Normal1	Normal
TCTTGCTTCTCAGCACAGTAGGCT.1|P4_Normal1	Normal
TCTTTAGCACTCAATCAGTAGGCT.1|P4_Normal1	Normal
TCTTTGGAGAAGCATCAGTAGGCT.1|P4_Normal1	Normal
TCTTTGGAGGGATGAAAGTAGGCT.1|P4_Normal1	Normal_holdout
TCTTTGTGTTTAACCAAGTAGGCT.1|P4_Normal1	Normal
TGAAAGGAGACCATGGAGTAGGCT.1|P4_Normal1	Normal_holdout
TGAAAGGAGCCCTTGGAGTAGGCT.1|P4_Normal1	Normal
TGAAAGGAGTGGCTTCAGTAGGCT.1|P4_Normal1	Normal
TGAACAGGTAAGCTAGAGTAGGCT.1|P4_Normal1	Normal
TGAACAGGTAGTCATCAGTAGGCT.1|P4_Normal1	Normal
TGAACAGGTTAGGCTTAGTAGGCT.1|P4_Normal1	Normal
TGAACAGGTTTGAGCTAGTAGGCT.1|P4_Normal1	Normal
TGAACCACACCTATCGAGTAGGCT.1|P4_Normal1	Normal
TGAACCTGTACGGTTTAGTAGGCT.1|P4_Normal1	Normal
TGAACCTGTGGCCCATAGTAGGCT.1|P4_Normal1	Normal
TGAAGGAAGGTGAGCCAGTAGGCT.1|P4_Normal1	Normal
TGAAGGAAGTTGACCCAGTAGGCT.1|P4_Normal1	Normal
TGAATAGTCACGGACAAGTAGGCT.1|P4_Normal1	Normal_holdout
TGAATAGTCCAGGAATAGTAGGCT.1|P4_Normal1	Normal
TGAATAGTCCATTAGTAGTAGGCT.1|P4_Normal1	Normal
TGAATCGCAAATAGGAAGTAGGCT.1|P4_Normal1	Normal
TGAATCTTCTTGAATCAGTAGGCT.1|P4_Normal1	Normal
TGAATGTCACATAAGTAGTAGGCT.1|P4_Normal1	Normal_holdout
TGACAACAGAGAGCAAAGTAGGCT.1|P4_Normal1	Normal
TGACATAAGCAATTGAAGTAGGCT.1|P4_Normal1	Normal
TGACATAAGCGCGAACAGTAGGCT.1|P4_Normal1	Normal
TGACATGCATAGGGTCAGTAGGCT.1|P4_Normal1	Normal
TGACCTATCCAGAACGAGTAGGCT.1|P4_Normal1	Normal
TGACCTGGTCACAGAAAGTAGGCT.1|P4_Normal1	Normal
TGACCTGGTGTTAGAGAGTAGGCT.1|P4_Normal1	Normal_holdout
TGACCTTCAGGAGCAAAGTAGGCT.1|P4_Normal1	Normal_holdout
TGACGAAGTCACACCAAGTAGGCT.1|P4_Normal1	Normal
TGACGGATCCAAACAAAGTAGGCT.1|P4_Normal1	Normal
TGACGGATCCCTCGTCAGTAGGCT.1|P4_Normal1	Normal
TGACGGATCCTGCCAGAGTAGGCT.1|P4_Normal1	Normal
TGACGGATCTATTGGTAGTAGGCT.1|P4_Normal1	Normal
TGACGTACAGTTATCCAGTAGGCT.1|P4_Normal1	Normal
TGACGTACATAGCCTTAGTAGGCT.1|P4_Normal1	Normal
TGACGTACATATTTCGAGTAGGCT.1|P4_Normal1	Normal_holdout
TGACTACGTGATCCTGAGTAGGCT.1|P4_Normal1	Normal
TGACTACGTTGCGAAAAGTAGGCT.1|P4_Normal1	Normal
TGACTATTCGTGATTTAGTAGGCT.1|P4_Normal1	Normal
TGACTATTCTCACCTTAGTAGGCT.1|P4_Normal1	Normal
TGAGACTAGCCTATATAGTAGGCT.1|P4_Normal1	Normal
TGAGACTAGGTCTTGCAGTAGGCT.1|P4_Normal1	Normal
TGAGCGATCATAACCTAGTAGGCT.1|P4_Normal1	Normal
TGAGCGATCTGGAACGAGTAGGCT.1|P4_Normal1	Normal
TGAGCGGGTCCCTCTGAGTAGGCT.1|P4_Normal1	Normal
TGAGCTTGTGGTTACTAGTAGGCT.1|P4_Normal1	Normal
TGAGCTTGTTCGATGTAGTAGGCT.1|P4_Normal1	Normal
TGAGGTAGTATTACCAAGTAGGCT.1|P4_Normal1	Normal
TGAGGTCCAAAGGTAAAGTAGGCT.1|P4_Normal1	Normal
TGAGGTCCAAGTTAACAGTAGGCT.1|P4_Normal1	Normal
TGAGGTCCATCATCACAGTAGGCT.1|P4_Normal1	Normal
TGAGTCGAGCCCGTTGAGTAGGCT.1|P4_Normal1	Normal
TGAGTCTGTAAGGCCGAGTAGGCT.1|P4_Normal1	Normal
TGAGTCTGTACCTCAGAGTAGGCT.1|P4_Normal1	Normal
TGAGTCTGTCATTATGAGTAGGCT.1|P4_Normal1	Normal
TGATCTTAGGTTCGAGAGTAGGCT.1|P4_Normal1	Normal_holdout
TGATGGCCAGGATTGCAGTAGGCT.1|P4_Normal1	Normal
TGATGGCCATTACTTGAGTAGGCT.1|P4_Normal1	Normal_holdout
TGATTACTCACAGGGCAGTAGGCT.1|P4_Normal1	Normal
TGATTACTCATTGAGAAGTAGGCT.1|P4_Normal1	Normal
TGATTACTCCAGGAATAGTAGGCT.1|P4_Normal1	Normal
TGATTCAGTCTACCTCAGTAGGCT.1|P4_Normal1	Normal
TGATTGTTCAGGGATTAGTAGGCT.1|P4_Normal1	Normal
TGATTGTTCTATCGGCAGTAGGCT.1|P4_Normal1	Normal
TGATTTGGTCGCAACCAGTAGGCT.1|P4_Normal1	Normal
TGCAAGCCAAATAACCAGTAGGCT.1|P4_Normal1	Normal
TGCAAGCCAGATTGCAAGTAGGCT.1|P4_Normal1	Normal
TGCAAGCCATCCTTGGAGTAGGCT.1|P4_Normal1	Normal
TGCAATAAGCTCGACTAGTAGGCT.1|P4_Normal1	Normal
TGCACACTCCATTAACAGTAGGCT.1|P4_Normal1	Normal_holdout
TGCACACTCCCAGTACAGTAGGCT.1|P4_Normal1	Normal
TGCACACTCGGGACTAAGTAGGCT.1|P4_Normal1	Normal
TGCACGTTCATGCATTAGTAGGCT.1|P4_Normal1	Normal
TGCACGTTCCAACTTGAGTAGGCT.1|P4_Normal1	Normal
TGCAGCAAGTAAGTGCAGTAGGCT.1|P4_Normal1	Normal_holdout
TGCAGGATCATCAGCCAGTAGGCT.1|P4_Normal1	Normal
TGCAGGATCGAAGCATAGTAGGCT.1|P4_Normal1	Normal
TGCAGGTCAACCTCGCAGTAGGCT.1|P4_Normal1	Normal
TGCAGGTCACCATCATAGTAGGCT.1|P4_Normal1	Normal_holdout
TGCAGGTCATACTTGCAGTAGGCT.1|P4_Normal1	Normal
TGCAGGTCATCTATCAAGTAGGCT.1|P4_Normal1	Normal
TGCAGGTCATTGCCCAAGTAGGCT.1|P4_Normal1	Normal
TGCATGACAATCAAGTAGTAGGCT.1|P4_Normal1	Normal_holdout
TGCATTAGTTAAGGATAGTAGGCT.1|P4_Normal1	Normal
TGCCCTGAGACAAGCTAGTAGGCT.1|P4_Normal1	Normal
TGCCCTGAGAGGAGTAAGTAGGCT.1|P4_Normal1	Normal
TGCCGGTGTGGACCCTAGTAGGCT.1|P4_Normal1	Normal
TGCCTCCTCCCATTGAAGTAGGCT.1|P4_Normal1	Normal
TGCCTCCTCCTGAGGAAGTAGGCT.1|P4_Normal1	Normal
TGCCTCCTCGTAGTTTAGTAGGCT.1|P4_Normal1	Normal
TGCCTTAAGCGAAGTTAGTAGGCT.1|P4_Normal1	Normal_holdout
TGCGCAGCACGTAGGTAGTAGGCT.1|P4_Normal1	Normal
TGCGCAGCATTACACCAGTAGGCT.1|P4_Normal1	Normal
TGCGCATTCACTCGCGAGTAGGCT.1|P4_Normal1	Normal
TGCGCCATCTAAGTCTAGTAGGCT.1|P4_Normal1	Normal
TGCGCTAGTTAGTGGAAGTAGGCT.1|P4_Normal1	Normal
TGCGCTAGTTTACGACAGTAGGCT.1|P4_Normal1	Normal
TGCGCTTAGATTCCCAAGTAGGCT.1|P4_Normal1	Normal
TGCGGAATCCGTTAGCAGTAGGCT.1|P4_Normal1	Normal
TGCGGCTGTCACAGGGAGTAGGCT.1|P4_Normal1	Normal
TGCGGCTGTTGCGGCTAGTAGGCT.1|P4_Normal1	Normal_holdout
TGCGGTTTCCATTAACAGTAGGCT.1|P4_Normal1	Normal
TGCGGTTTCTATGGCCAGTAGGCT.1|P4_Normal1	Normal
TGCTAACGTCCTCACTAGTAGGCT.1|P4_Normal1	Normal
TGCTCCACAAACCGTAAGTAGGCT.1|P4_Normal1	Normal
TGCTCCACAGGTATTGAGTAGGCT.1|P4_Normal1	Normal_holdout
TGCTGGTTCCGCCATGAGTAGGCT.1|P4_Normal1	Normal
TGCTGGTTCGCCTCTCAGTAGGCT.1|P4_Normal1	Normal_holdout
TGCTTGATCAACTGGGAGTAGGCT.1|P4_Normal1	Normal
TGCTTGATCACCTGTAAGTAGGCT.1|P4_Normal1	Normal
TGCTTGATCCCTCAAAAGTAGGCT.1|P4_Normal1	Normal
TGCTTGATCGGTAAACAGTAGGCT.1|P4_Normal1	Normal
TGCTTGATCTGGTCTAAGTAGGCT.1|P4_Normal1	Normal
TGGACCAAGCCCTTGGAGTAGGCT.1|P4_Normal1	Normal
TGGACCAAGGGATTTAAGTAGGCT.1|P4_Normal1	Normal
TGGATCGAGCCATAAAAGTAGGCT.1|P4_Normal1	Normal
TGGATCGAGCGAAGAAAGTAGGCT.1|P4_Normal1	Normal
TGGATCGAGTTACCCAAGTAGGCT.1|P4_Normal1	Normal
TGGATTAAGGTAGACTAGTAGGCT.1|P4_Normal1	Normal
TGGATTCGTAAGCGTAAGTAGGCT.1|P4_Normal1	Normal
TGGATTCGTGCGTACCAGTAGGCT.1|P4_Normal1	Normal_holdout
TGGATTCGTTGCGAAAAGTAGGCT.1|P4_Normal1	Normal
TGGATTCGTTTGAGCTAGTAGGCT.1|P4_Normal1	Normal
TGGCATGAGTATCGCCAGTAGGCT.1|P4_Normal1	Normal
TGGCCAGCACTCCCAAAGTAGGCT.1|P4_Normal1	Normal_holdout
TGGCCTTAGGTGCACAAGTAGGCT.1|P4_Normal1	Normal_holdout
TGGCCTTAGTAGCGCAAGTAGGCT.1|P4_Normal1	Normal
TGGCGGTAGATAGCCGAGTAGGCT.1|P4_Normal1	Normal_holdout
TGGCGTGCAAGCTATGAGTAGGCT.1|P4_Normal1	Normal
TGGCGTGCATGGCTAAAGTAGGCT.1|P4_Normal1	Normal
TGGCTACTCTCAAGAAAGTAGGCT.1|P4_Normal1	Normal
TGGGCCACAAGCTCAAAGTAGGCT.1|P4_Normal1	Normal
TGGGCGTAGTGTTTCGAGTAGGCT.1|P4_Normal1	Normal
TGGGTCCGTATGGGACAGTAGGCT.1|P4_Normal1	Normal
TGGGTCCGTCTGTCAGAGTAGGCT.1|P4_Normal1	Normal_holdout
TGGGTCCGTGTGATGAAGTAGGCT.1|P4_Normal1	Normal
TGGTAATCAAGCTTTCAGTAGGCT.1|P4_Normal1	Normal
TGGTAGTAGTACCAGGAGTAGGCT.1|P4_Normal1	Normal
TGGTGAGTCACTCGCGAGTAGGCT.1|P4_Normal1	Normal
TGGTGAGTCGTTCGTAAGTAGGCT.1|P4_Normal1	Normal
TGGTGTGAGAGCAAGAAGTAGGCT.1|P4_Normal1	Normal
TGGTGTGAGCTTACATAGTAGGCT.1|P4_Normal1	Normal
TGGTTAAAGGATGGTTAGTAGGCT.1|P4_Normal1	Normal
TGGTTACGTACACCCAAGTAGGCT.1|P4_Normal1	Normal
TGGTTACGTCACTAGTAGTAGGCT.1|P4_Normal1	Normal
TGGTTACGTGAGTAATAGTAGGCT.1|P4_Normal1	Normal
TGGTTACGTTAATCCAAGTAGGCT.1|P4_Normal1	Normal
TGGTTCATCATTACCGAGTAGGCT.1|P4_Normal1	Normal
TGGTTCATCCCATAGCAGTAGGCT.1|P4_Normal1	Normal
TGGTTTAGTGCGTACCAGTAGGCT.1|P4_Normal1	Normal
TGGTTTGTCGAAATGCAGTAGGCT.1|P4_Normal1	Normal
TGGTTTGTCGAACCGAAGTAGGCT.1|P4_Normal1	Normal
TGGTTTGTCGCGTTCGAGTAGGCT.1|P4_Normal1	Normal
TGTAACTTCATTAGCTAGTAGGCT.1|P4_Normal1	Normal
TGTAACTTCCCGCTGAAGTAGGCT.1|P4_Normal1	Normal_holdout
TGTAAGTCACTATCACAGTAGGCT.1|P4_Normal1	Normal
TGTAAGTCATCCAAGAAGTAGGCT.1|P4_Normal1	Normal
TGTAATGAGACCTTTGAGTAGGCT.1|P4_Normal1	Normal
TGTACCGGTAGACTGAAGTAGGCT.1|P4_Normal1	Normal
TGTACCGGTTCAAGCTAGTAGGCT.1|P4_Normal1	Normal
TGTACCTCATAATGACAGTAGGCT.1|P4_Normal1	Normal
TGTATTGGTTAGCTCGAGTAGGCT.1|P4_Normal1	Normal_holdout
TGTCAGGAGGTTTCGCAGTAGGCT.1|P4_Normal1	Normal
TGTCATCCAGGCTGTGAGTAGGCT.1|P4_Normal1	Normal_holdout
TGTCATCCATGGCTTTAGTAGGCT.1|P4_Normal1	Normal
TGTCATCCATTGAAGTAGTAGGCT.1|P4_Normal1	Normal
TGTCATCCATTGACTCAGTAGGCT.1|P4_Normal1	Normal
TGTCGAGAGACGCATGAGTAGGCT.1|P4_Normal1	Normal_holdout
TGTCTTGAGAGCAAGAAGTAGGCT.1|P4_Normal1	Normal
TGTGAGCCAAACCGGTAGTAGGCT.1|P4_Normal1	Normal
TGTGCTGGTAATGAACAGTAGGCT.1|P4_Normal1	Normal
TGTGGCGCACCGTTTGAGTAGGCT.1|P4_Normal1	Normal
TGTGGCGCATTGAACGAGTAGGCT.1|P4_Normal1	Normal
TGTGTCCAGCCTAAGGAGTAGGCT.1|P4_Normal1	Normal
TGTGTCCAGGTCACAGAGTAGGCT.1|P4_Normal1	Normal
TGTGTGACATCCGGAGAGTAGGCT.1|P4_Normal1	Normal
TGTTAGTTCAAGTTTCAGTAGGCT.1|P4_Normal1	Normal
TGTTAGTTCTTGAGGGAGTAGGCT.1|P4_Normal1	Normal
TGTTCAAGTTAATGCCAGTAGGCT.1|P4_Normal1	Normal_holdout
TGTTCAAGTTCAAGGAAGTAGGCT.1|P4_Normal1	Normal_holdout
TGTTCCTTCTCAGCACAGTAGGCT.1|P4_Normal1	Normal
TGTTCTTGTGACCTATAGTAGGCT.1|P4_Normal1	Normal
TGTTGACGTACCTAGTAGTAGGCT.1|P4_Normal1	Normal
TGTTGACGTTGTTCCCAGTAGGCT.1|P4_Normal1	Normal
TGTTGACGTTTGCTCCAGTAGGCT.1|P4_Normal1	Normal
TGTTGCATCCCTGGTGAGTAGGCT.1|P4_Normal1	Normal
TGTTGCATCTTTGGATAGTAGGCT.1|P4_Normal1	Normal
TGTTGGTGTGGTTAAGAGTAGGCT.1|P4_Normal1	Normal
TGTTTCGAGCAAACCGAGTAGGCT.1|P4_Normal1	Normal
TGTTTCGAGTAACGTAAGTAGGCT.1|P4_Normal1	Normal
TGTTTGAGTATTTGTGAGTAGGCT.1|P4_Normal1	Normal_holdout
TGTTTGAGTCAATCGTAGTAGGCT.1|P4_Normal1	Normal
TTAAACCTCCTTAGGCAGTAGGCT.1|P4_Normal1	Normal_holdout
TTAACGTTCCAAACGGAGTAGGCT.1|P4_Normal1	Normal
TTAAGGATCCAAACGGAGTAGGCT.1|P4_Normal1	Normal
TTAAGGATCGAAGCATAGTAGGCT.1|P4_Normal1	Normal
TTAAGGTCAACTATCCAGTAGGCT.1|P4_Normal1	Normal_holdout
TTAAGGTCACATAAACAGTAGGCT.1|P4_Normal1	Normal
TTAAGGTCACCTTTGGAGTAGGCT.1|P4_Normal1	Normal
TTACACCCAAGCCTAAAGTAGGCT.1|P4_Normal1	Normal
TTACCATAGATAACCAAGTAGGCT.1|P4_Normal1	Normal
TTACCTTGTAATGGATAGTAGGCT.1|P4_Normal1	Normal
TTACGGACATTTATCGAGTAGGCT.1|P4_Normal1	Normal
TTACTTCGTACGATTCAGTAGGCT.1|P4_Normal1	Normal
TTAGAGCAGAACCTAAAGTAGGCT.1|P4_Normal1	Normal
TTAGAGCAGTCTGTGCAGTAGGCT.1|P4_Normal1	Normal_holdout
TTAGCCGGTATGGTCTAGTAGGCT.1|P4_Normal1	Normal
TTAGGTGCATTTGGAGAGTAGGCT.1|P4_Normal1	Normal
TTAGGTTTCCGCCTCTAGTAGGCT.1|P4_Normal1	Normal
TTAGGTTTCGATTATCAGTAGGCT.1|P4_Normal1	Normal
TTAGTCGTCCAACATTAGTAGGCT.1|P4_Normal1	Normal
TTAGTTGGTCGAATCTAGTAGGCT.1|P4_Normal1	Normal
TTATAGCTCCAGATAAAGTAGGCT.1|P4_Normal1	Normal_holdout
TTATCACAGAAGGTTCAGTAGGCT.1|P4_Normal1	Normal
TTATCCTGTTTGTCAAAGTAGGCT.1|P4_Normal1	Normal_holdout
TTATCGCCACAGCCAGAGTAGGCT.1|P4_Normal1	Normal_holdout
TTATCGCCACCTGGTCAGTAGGCT.1|P4_Normal1	Normal
TTATCGCCACGCAATAAGTAGGCT.1|P4_Normal1	Normal
TTATCGCCATCCGCTAAGTAGGCT.1|P4_Normal1	Normal_holdout
TTATGGGCAAGTGGCTAGTAGGCT.1|P4_Normal1	Normal
TTATGTCAGAGGATGAAGTAGGCT.1|P4_Normal1	Normal
TTATGTCAGATGATTGAGTAGGCT.1|P4_Normal1	Normal_holdout
TTATGTCAGGTAATGCAGTAGGCT.1|P4_Normal1	Normal
TTATTGCAGCTCAACCAGTAGGCT.1|P4_Normal1	Normal
TTATTGCAGGTATTTCAGTAGGCT.1|P4_Normal1	Normal
TTCAACTAGGTTCGAGAGTAGGCT.1|P4_Normal1	Normal
TTCAAGCGTATTGTCAAGTAGGCT.1|P4_Normal1	Normal
TTCAAGCGTGTCCAGCAGTAGGCT.1|P4_Normal1	Normal
TTCAAGCGTTAAGGATAGTAGGCT.1|P4_Normal1	Normal_holdout
TTCACTTGTGTGAGTAAGTAGGCT.1|P4_Normal1	Normal
TTCACTTGTGTTAGTCAGTAGGCT.1|P4_Normal1	Normal
TTCAGGACAAACAAGAAGTAGGCT.1|P4_Normal1	Normal
TTCATGAGTGCATTACAGTAGGCT.1|P4_Normal1	Normal
TTCATGCCAAGCCTAAAGTAGGCT.1|P4_Normal1	Normal
TTCATGCCAAGCTATGAGTAGGCT.1|P4_Normal1	Normal
TTCATGCCACTAACGAAGTAGGCT.1|P4_Normal1	Normal
TTCATGCCAGCGGATTAGTAGGCT.1|P4_Normal1	Normal
TTCCAAAGTACCGCACAGTAGGCT.1|P4_Normal1	Normal_holdout
TTCCATTGTCAACTACAGTAGGCT.1|P4_Normal1	Normal
TTCCATTGTGCGGAATAGTAGGCT.1|P4_Normal1	Normal
TTCCATTGTTGGCGAGAGTAGGCT.1|P4_Normal1	Normal_holdout
TTCCGCACACATAGTGAGTAGGCT.1|P4_Normal1	Normal
TTCCGCACACCTATCGAGTAGGCT.1|P4_Normal1	Normal
TTCCTCAGTGGTGCAGAGTAGGCT.1|P4_Normal1	Normal
TTCCTCCCACTAACGAAGTAGGCT.1|P4_Normal1	Normal
TTCCTCCCATGGCTTTAGTAGGCT.1|P4_Normal1	Normal
TTCCTCGTCAATCCTGAGTAGGCT.1|P4_Normal1	Normal
TTCCTCTAGGGTTAACAGTAGGCT.1|P4_Normal1	Normal
TTCCTTTCAGCGATCGAGTAGGCT.1|P4_Normal1	Normal
TTCGAGGAGTTACAGAAGTAGGCT.1|P4_Normal1	Normal
TTCGATAGTACAGCAAAGTAGGCT.1|P4_Normal1	Normal
TTCGATGTCACCACACAGTAGGCT.1|P4_Normal1	Normal
TTCGATGTCACCCTCCAGTAGGCT.1|P4_Normal1	Normal
TTCGATGTCACCTGTAAGTAGGCT.1|P4_Normal1	Normal_holdout
TTCGATTAGCTACGTCAGTAGGCT.1|P4_Normal1	Normal
TTCGATTAGTGCCCTGAGTAGGCT.1|P4_Normal1	Normal
TTCGCCACACAAATACAGTAGGCT.1|P4_Normal1	Normal
TTCGCCACACTCCCAAAGTAGGCT.1|P4_Normal1	Normal
TTCGCCACATGCTCCAAGTAGGCT.1|P4_Normal1	Normal
TTCGCCTGTTGCTGTGAGTAGGCT.1|P4_Normal1	Normal
TTCGCGCCAAATATGCAGTAGGCT.1|P4_Normal1	Normal
TTCGCGCCAACAAGCCAGTAGGCT.1|P4_Normal1	Normal
TTCGCGCCATTTCATGAGTAGGCT.1|P4_Normal1	Normal
TTCGGTCAGCATCTTGAGTAGGCT.1|P4_Normal1	Normal
TTCGGTCAGTCGAAACAGTAGGCT.1|P4_Normal1	Normal
TTCGTTCTCACAAGCGAGTAGGCT.1|P4_Normal1	Normal
TTCTAAGGTACTTATGAGTAGGCT.1|P4_Normal1	Normal
TTCTAAGGTTTGTAGCAGTAGGCT.1|P4_Normal1	Normal
TTCTATCGTATTCGTAAGTAGGCT.1|P4_Normal1	Normal
TTCTATCGTTCATTGAAGTAGGCT.1|P4_Normal1	Normal
TTCTCACTCTAACTACAGTAGGCT.1|P4_Normal1	Normal
TTCTGGCAGACAAGCTAGTAGGCT.1|P4_Normal1	Normal
TTCTGGCAGCGCAAGCAGTAGGCT.1|P4_Normal1	Normal
TTCTGGCAGTTACATCAGTAGGCT.1|P4_Normal1	Normal
TTCTGTGAGCAAATCAAGTAGGCT.1|P4_Normal1	Normal_holdout
TTCTGTGAGGATGGTTAGTAGGCT.1|P4_Normal1	Normal
TTCTTGCTCTGGGAATAGTAGGCT.1|P4_Normal1	Normal
TTGAAAGTCAGCACGAAGTAGGCT.1|P4_Normal1	Normal
TTGAACAAGAAGCAAGAGTAGGCT.1|P4_Normal1	Normal
TTGAACAAGTTACCCAAGTAGGCT.1|P4_Normal1	Normal_holdout
TTGAATCTCAACTGGGAGTAGGCT.1|P4_Normal1	Normal
TTGAATCTCAATGTTCAGTAGGCT.1|P4_Normal1	Normal
TTGAATCTCCATGATTAGTAGGCT.1|P4_Normal1	Normal
TTGACATTCACTATGTAGTAGGCT.1|P4_Normal1	Normal
TTGAGCGAGGAAACCTAGTAGGCT.1|P4_Normal1	Normal
TTGAGCGAGGTAATGCAGTAGGCT.1|P4_Normal1	Normal_holdout
TTGAGGAGTACGAACAAGTAGGCT.1|P4_Normal1	Normal
TTGAGGTAGGCTCCATAGTAGGCT.1|P4_Normal1	Normal
TTGAGTAAGTAAACCAAGTAGGCT.1|P4_Normal1	Normal
TTGAGTAAGTGTTTGTAGTAGGCT.1|P4_Normal1	Normal
TTGAGTAAGTTATCCGAGTAGGCT.1|P4_Normal1	Normal
TTGATCAGTAATGGATAGTAGGCT.1|P4_Normal1	Normal
TTGATCAGTACCGCACAGTAGGCT.1|P4_Normal1	Normal
TTGATCAGTGTTAGCTAGTAGGCT.1|P4_Normal1	Normal
TTGCACGGTGCACAAAAGTAGGCT.1|P4_Normal1	Normal
TTGCGGGCAACTGTTCAGTAGGCT.1|P4_Normal1	Normal
TTGCGGGCACTATGGAAGTAGGCT.1|P4_Normal1	Normal
TTGCGGGCATAAGTCGAGTAGGCT.1|P4_Normal1	Normal
TTGCGGGCATGAGTCAAGTAGGCT.1|P4_Normal1	Normal
TTGCGGTTCATGACAAAGTAGGCT.1|P4_Normal1	Normal
TTGCGGTTCGCGTTCGAGTAGGCT.1|P4_Normal1	Normal
TTGCTCAAGAGGAGTAAGTAGGCT.1|P4_Normal1	Normal_holdout
TTGGCCAGTATTGACCAGTAGGCT.1|P4_Normal1	Normal
TTGGCCAGTCGGTTATAGTAGGCT.1|P4_Normal1	Normal
TTGGCCAGTGCTCCAAAGTAGGCT.1|P4_Normal1	Normal
TTGGTCATCAACCAAAAGTAGGCT.1|P4_Normal1	Normal
TTGGTCATCCCTTTGTAGTAGGCT.1|P4_Normal1	Normal
TTGGTCATCGTTATGTAGTAGGCT.1|P4_Normal1	Normal
TTGGTTAGTGCGCATCAGTAGGCT.1|P4_Normal1	Normal
TTGGTTAGTTTGTGACAGTAGGCT.1|P4_Normal1	Normal
TTGTACGTCCAAAGACAGTAGGCT.1|P4_Normal1	Normal
TTGTACGTCCCTCGTCAGTAGGCT.1|P4_Normal1	Normal
TTGTCAGTCAATGTGAAGTAGGCT.1|P4_Normal1	Normal
TTGTCAGTCGCTATATAGTAGGCT.1|P4_Normal1	Normal_holdout
TTGTGAGCAATGGGAGAGTAGGCT.1|P4_Normal1	Normal
TTGTGATTCATAATCCAGTAGGCT.1|P4_Normal1	Normal
TTGTGGACAAATCACGAGTAGGCT.1|P4_Normal1	Normal
TTGTGGACATGAAGCCAGTAGGCT.1|P4_Normal1	Normal
TTGTTGTAGGATCCCTAGTAGGCT.1|P4_Normal1	Normal_holdout
TTGTTGTAGTGCAACGAGTAGGCT.1|P4_Normal1	Normal
TTTACTGCATTTATCGAGTAGGCT.1|P4_Normal1	Normal
TTTAGTCAGAGGAGTAAGTAGGCT.1|P4_Normal1	Normal
TTTAGTCAGGGTTAACAGTAGGCT.1|P4_Normal1	Normal
TTTAGTCAGTCTGTGCAGTAGGCT.1|P4_Normal1	Normal
TTTAGTCAGTGATCAAAGTAGGCT.1|P4_Normal1	Normal
TTTATGGGTATTTGTGAGTAGGCT.1|P4_Normal1	Normal
TTTATGGGTTCCTTCAAGTAGGCT.1|P4_Normal1	Normal
TTTCAAGGTCGGTTTGAGTAGGCT.1|P4_Normal1	Normal
TTTCAAGGTGATCCTGAGTAGGCT.1|P4_Normal1	Normal
TTTCAAGGTTTGTTGAAGTAGGCT.1|P4_Normal1	Normal
TTTCACCTCAGCCCTGAGTAGGCT.1|P4_Normal1	Normal
TTTCACCTCAGGCATGAGTAGGCT.1|P4_Normal1	Normal
TTTCACCTCCGGCTCAAGTAGGCT.1|P4_Normal1	Normal
TTTCACCTCTGTCAATAGTAGGCT.1|P4_Normal1	Normal
TTTCATCGTCGAGGCAAGTAGGCT.1|P4_Normal1	Normal
TTTCATCGTGCCCTTTAGTAGGCT.1|P4_Normal1	Normal
TTTCATGCATCTATCAAGTAGGCT.1|P4_Normal1	Normal_holdout
TTTGAGAAGACAAAGGAGTAGGCT.1|P4_Normal1	Normal
TTTGAGAAGCACGCAAAGTAGGCT.1|P4_Normal1	Normal
TTTGAGAAGTCAATGAAGTAGGCT.1|P4_Normal1	Normal
TTTGCCCGTATTTACGAGTAGGCT.1|P4_Normal1	Normal
TTTGCCCGTCGGTTATAGTAGGCT.1|P4_Normal1	Normal
TTTGCGGGTACAAACGAGTAGGCT.1|P4_Normal1	Normal_holdout
TTTGCGGGTACTTAGCAGTAGGCT.1|P4_Normal1	Normal_holdout
TTTGGCGGTGATAAACAGTAGGCT.1|P4_Normal1	Normal_holdout
TTTGGCGGTGCAATAGAGTAGGCT.1|P4_Normal1	Normal
TTTGGCGGTGGTTAAGAGTAGGCT.1|P4_Normal1	Normal
