template,tumor_term,normal_term,auc_train,auc_test,dens_test,dens_all
An H&E image patch of [] .,invasive adenocarcinoma with desmoplastic stroma,morphologically normal pneumocytes lining empty alveoli,0.9450969197727211,0.9406938230828694,0.5097613489726877,0.5150591658642621
An H&E image patch of [] .,invasive adenocarcinoma with desmoplastic stroma,normal lung parenchyma with patent alveolar spaces,0.8242467081713473,0.8178123885658792,0.21496710494926788,0.22028050949589273
An H&E image patch of [] .,invasive adenocarcinoma with desmoplastic stroma,thin alveolar walls lined by normal pneumocytes,0.7016819364017798,0.6937192252151548,0.02860652738414069,0.03373266779217347
An H&E image patch of [] .,invasive adenocarcinoma with desmoplastic stroma,aerated lung tissue with open alveolar spaces,0.7370396321093654,0.7313123240763455,0.018032474800686434,0.019921545482795296
An H&E image patch of [] .,invasive adenocarcinoma with desmoplastic stroma,empty alveoli lined by flat pneumocytes,0.8906595108577002,0.8855345760845833,0.43818770751380876,0.44524329616637087
An H&E image patch of [] .,invasive adenocarcinoma with desmoplastic stroma,normal lung with thin alveolar septa,0.8877794748726973,0.8829047097591632,0.35233183005526597,0.3561436660822034
An H&E image patch of [] .,invasive adenocarcinoma with desmoplastic stroma,intact alveolar spaces,0.7468457925639232,0.7397457426370234,0.16519980913264037,0.16726346537697234
An H&E image patch of [] .,invasive adenocarcinoma with desmoplastic stroma,unremarkable lung parenchyma,0.7417250969856793,0.7356791506601958,0.14899340111518977,0.15095847039280258
An H&E image patch of [] .,invasive adenocarcinoma with desmoplastic stroma,normal lung tissue,0.906450484784226,0.9028334509318948,0.33180957633442476,0.3321727871035638
An H&E image patch of [] .,invasive adenocarcinoma with desmoplastic stroma,alveolar spaces lined by normal epithelium,0.49506664392889005,0.49058364292524526,0.4079250919690695,0.4051558474803612
An H&E image patch of [] .,invasive adenocarcinoma with desmoplastic stroma,open alveolar spaces with thin septa,0.7557639439826863,0.7517960967393585,0.1677856117071505,0.16945773573953443
An H&E image patch of [] .,invasive adenocarcinoma with desmoplastic stroma,healthy lung tissue,0.8718122831775879,0.86705845112157,0.2791077678019772,0.2807581270719293
An H&E image patch of [] .,invasive adenocarcinoma,morphologically normal pneumocytes lining empty alveoli,0.8885611683262772,0.8859726412636914,0.4888707672913048,0.4922532551327541
An H&E image patch of [] .,invasive adenocarcinoma,normal lung parenchyma with patent alveolar spaces,0.6938377742023448,0.6869788887399588,0.06775125960087731,0.07215338939817509
An H&E image patch of [] .,invasive adenocarcinoma,thin alveolar walls lined by normal pneumocytes,0.459487296091162,0.4494325342532154,0.16761423876978448,0.16431981646833824
An H&E image patch of [] .,invasive adenocarcinoma,aerated lung tissue with open alveolar spaces,0.5572119531502943,0.5507377939858663,0.23492819416468536,0.2344760954518426
An H&E image patch of [] .,invasive adenocarcinoma,empty alveoli lined by flat pneumocytes,0.7942652196872897,0.7901247556352472,0.40496019555174395,0.40854914077380294
An H&E image patch of [] .,invasive adenocarcinoma,normal lung with thin alveolar septa,0.7521534569246827,0.747826196913101,0.18477044597516756,0.18577032280047173
An H&E image patch of [] .,invasive adenocarcinoma,intact alveolar spaces,0.5475530115608412,0.5395662256931361,0.057132878388708466,0.05596579296211578
An H&E image patch of [] .,invasive adenocarcinoma,unremarkable lung parenchyma,0.5625686767355473,0.5586099428530001,0.06365585486412498,0.06276269270307447
An H&E image patch of [] .,invasive adenocarcinoma,normal lung tissue,0.7911730468373482,0.7868152202043601,0.2099685233031716,0.210802451664416
An H&E image patch of [] .,invasive adenocarcinoma,alveolar spaces lined by normal epithelium,0.2544038789328733,0.24914633560353353,0.5239639732681965,0.5240793519906428
An H&E image patch of [] .,invasive adenocarcinoma,open alveolar spaces with thin septa,0.5691268364255886,0.56383915888788,0.0664496020643125,0.06746589028915413
An H&E image patch of [] .,invasive adenocarcinoma,healthy lung tissue,0.732130290755199,0.7259482701209453,0.13514218354648164,0.13669634461458918
An H&E image patch of [] .,neoplastic epithelial cells continuously lining alveolar walls in a lepidic pattern,morphologically normal pneumocytes lining empty alveoli,0.9665884849638214,0.9676817656475635,0.58260479516611,0.5917874611446698
An H&E image patch of [] .,neoplastic epithelial cells continuously lining alveolar walls in a lepidic pattern,normal lung parenchyma with patent alveolar spaces,0.9003579964064427,0.8992037860835801,0.4745507588294857,0.47990242697203367
An H&E image patch of [] .,neoplastic epithelial cells continuously lining alveolar walls in a lepidic pattern,thin alveolar walls lined by normal pneumocytes,0.6331362314112498,0.6310488864385676,0.35154414683945806,0.34348700671607507
An H&E image patch of [] .,neoplastic epithelial cells continuously lining alveolar walls in a lepidic pattern,aerated lung tissue with open alveolar spaces,0.75638457818541,0.756059740069244,0.06491524064123555,0.05473370527550874
An H&E image patch of [] .,neoplastic epithelial cells continuously lining alveolar walls in a lepidic pattern,empty alveoli lined by flat pneumocytes,0.9068637191588012,0.9083801830828357,0.35787320357189367,0.3665742975562795
An H&E image patch of [] .,neoplastic epithelial cells continuously lining alveolar walls in a lepidic pattern,normal lung with thin alveolar septa,0.8956112383932301,0.8989888209711534,0.5338764749282165,0.5345511822047864
An H&E image patch of [] .,neoplastic epithelial cells continuously lining alveolar walls in a lepidic pattern,intact alveolar spaces,0.7107468947694051,0.7087054969529749,0.2478598735274462,0.24321661559991928
An H&E image patch of [] .,neoplastic epithelial cells continuously lining alveolar walls in a lepidic pattern,unremarkable lung parenchyma,0.7441649592738411,0.745632499015797,0.3026274582113189,0.30547410759397065
An H&E image patch of [] .,neoplastic epithelial cells continuously lining alveolar walls in a lepidic pattern,normal lung tissue,0.9053112068404459,0.9079503793080483,0.6072800667810431,0.6021558600814266
An H&E image patch of [] .,neoplastic epithelial cells continuously lining alveolar walls in a lepidic pattern,alveolar spaces lined by normal epithelium,0.22296659606422267,0.21985577948457266,0.5259405908106112,0.5316766265852837
An H&E image patch of [] .,neoplastic epithelial cells continuously lining alveolar walls in a lepidic pattern,open alveolar spaces with thin septa,0.7781410467121257,0.7775318042991336,0.25223278011863215,0.24736186115540504
An H&E image patch of [] .,neoplastic epithelial cells continuously lining alveolar walls in a lepidic pattern,healthy lung tissue,0.877203566535595,0.8771261946369998,0.5619058537937862,0.5588076125146226
An H&E image patch of [] .,solid sheets of tumor cells replacing alveoli,morphologically normal pneumocytes lining empty alveoli,0.7552887162135999,0.7458255882667827,0.13977132762239108,0.14855638983154099
An H&E image patch of [] .,solid sheets of tumor cells replacing alveoli,normal lung parenchyma with patent alveolar spaces,0.3556675143902939,0.35515638079678713,0.2878262812310632,0.2863499955430656
An H&E image patch of [] .,solid sheets of tumor cells replacing alveoli,thin alveolar walls lined by normal pneumocytes,0.11449961650597815,0.11071820265561999,0.5186052664407225,0.5138233534551927
An H&E image patch of [] .,solid sheets of tumor cells replacing alveoli,aerated lung tissue with open alveolar spaces,0.2173854193183775,0.21368337240640378,0.4734072260069785,0.4729720095318998
An H&E image patch of [] .,solid sheets of tumor cells replacing alveoli,empty alveoli lined by flat pneumocytes,0.6136975743900138,0.5970641666645592,0.030876274158654862,0.03749903224512471
An H&E image patch of [] .,solid sheets of tumor cells replacing alveoli,normal lung with thin alveolar septa,0.32932831289816855,0.3260793145394815,0.29051278318359397,0.2899003951455053
An H&E image patch of [] .,solid sheets of tumor cells replacing alveoli,intact alveolar spaces,0.20776252040015192,0.20579916863296518,0.30682093845455066,0.30785843006522395
An H&E image patch of [] .,solid sheets of tumor cells replacing alveoli,unremarkable lung parenchyma,0.2681879557338329,0.2693444154171293,0.25746679676625467,0.25982252586908444
An H&E image patch of [] .,solid sheets of tumor cells replacing alveoli,normal lung tissue,0.4238022093539588,0.42028178975737607,0.23477107046562962,0.23189395583410852
An H&E image patch of [] .,solid sheets of tumor cells replacing alveoli,alveolar spaces lined by normal epithelium,0.0784415808027259,0.07097406171943428,0.7604575829913449,0.7558577808738947
An H&E image patch of [] .,solid sheets of tumor cells replacing alveoli,open alveolar spaces with thin septa,0.2301460902146001,0.23171034673451135,0.2952764197870858,0.29861577481303486
An H&E image patch of [] .,solid sheets of tumor cells replacing alveoli,healthy lung tissue,0.3266286962274239,0.31847991846499735,0.3750100787248985,0.36990650938600145
An H&E image patch of [] .,adenocarcinoma cells forming glands,morphologically normal pneumocytes lining empty alveoli,0.8891621541242289,0.8839668481646616,0.31514792544623615,0.32368953459214633
An H&E image patch of [] .,adenocarcinoma cells forming glands,normal lung parenchyma with patent alveolar spaces,0.6190025612951965,0.6114606331439111,0.052398756819071815,0.057572126714623924
An H&E image patch of [] .,adenocarcinoma cells forming glands,thin alveolar walls lined by normal pneumocytes,0.3294673346300457,0.3210159588413465,0.3372147695402833,0.3391347820822235
An H&E image patch of [] .,adenocarcinoma cells forming glands,aerated lung tissue with open alveolar spaces,0.4617364411590005,0.45621350334966226,0.3453607859532722,0.34918363091466914
An H&E image patch of [] .,adenocarcinoma cells forming glands,empty alveoli lined by flat pneumocytes,0.772598919626079,0.7657035386629507,0.2287183434946327,0.22795280327158968
An H&E image patch of [] .,adenocarcinoma cells forming glands,normal lung with thin alveolar septa,0.6737653428502463,0.6676373395243286,0.06320529940787545,0.07068799702729024
An H&E image patch of [] .,adenocarcinoma cells forming glands,intact alveolar spaces,0.4335390443048872,0.4298395180060679,0.1640184875088316,0.16909187254758468
An H&E image patch of [] .,adenocarcinoma cells forming glands,unremarkable lung parenchyma,0.4701803534076595,0.46785129303622625,0.08246306857050363,0.08530034606151907
An H&E image patch of [] .,adenocarcinoma cells forming glands,normal lung tissue,0.7490560939300847,0.7426838520736546,0.06828039398848436,0.05797880138502185
An H&E image patch of [] .,adenocarcinoma cells forming glands,alveolar spaces lined by normal epithelium,0.17508277456895024,0.17145086276880123,0.5514559548082157,0.5523672709273016
An H&E image patch of [] .,adenocarcinoma cells forming glands,open alveolar spaces with thin septa,0.4634650476710668,0.46109194690108823,0.16304037090578133,0.1728746921734593
An H&E image patch of [] .,adenocarcinoma cells forming glands,healthy lung tissue,0.6744315349894014,0.6663467058493272,0.04956341751306492,0.056464084460755924
An H&E image patch of [] .,tumor cells replacing normal alveolar architecture,morphologically normal pneumocytes lining empty alveoli,0.9453001592468194,0.9418094077163203,0.4872804110123674,0.5022762221929218
An H&E image patch of [] .,tumor cells replacing normal alveolar architecture,normal lung parenchyma with patent alveolar spaces,0.7691999515586498,0.7614213914733877,0.21494550931810388,0.22717305852949335
An H&E image patch of [] .,tumor cells replacing normal alveolar architecture,thin alveolar walls lined by normal pneumocytes,0.4070477633359943,0.3940927587105128,0.1672778147895391,0.15826441764200813
An H&E image patch of [] .,tumor cells replacing normal alveolar architecture,aerated lung tissue with open alveolar spaces,0.5417213897394959,0.531328003884546,0.2170663465113978,0.21204569335655946
An H&E image patch of [] .,tumor cells replacing normal alveolar architecture,empty alveoli lined by flat pneumocytes,0.8772748692371888,0.8697666321879486,0.3048276457525337,0.31688856598833676
An H&E image patch of [] .,tumor cells replacing normal alveolar architecture,normal lung with thin alveolar septa,0.7960404551180181,0.7933294639613097,0.2998052677410103,0.3111032527201425
An H&E image patch of [] .,tumor cells replacing normal alveolar architecture,intact alveolar spaces,0.5277697454110472,0.5219700667403449,0.0345867790351846,0.04250682454154168
An H&E image patch of [] .,tumor cells replacing normal alveolar architecture,unremarkable lung parenchyma,0.5415833154149767,0.5348122933068294,0.05178030226565666,0.05714438663189988
An H&E image patch of [] .,tumor cells replacing normal alveolar architecture,normal lung tissue,0.8677103800421637,0.8653224603136468,0.4929294152566961,0.49840782885558627
An H&E image patch of [] .,tumor cells replacing normal alveolar architecture,alveolar spaces lined by normal epithelium,0.1784703325564593,0.17131391734717877,0.69246139743358,0.6878286454676596
An H&E image patch of [] .,tumor cells replacing normal alveolar architecture,open alveolar spaces with thin septa,0.5760892919077406,0.5720924704043621,0.04070561518848544,0.04544337805971181
An H&E image patch of [] .,tumor cells replacing normal alveolar architecture,healthy lung tissue,0.812861054884544,0.80688061174856,0.39573859291483865,0.40506458063786455
An H&E image patch of [] .,atypical epithelial cells lining distorted alveoli,morphologically normal pneumocytes lining empty alveoli,0.9213903985619181,0.9137230777271697,0.3957535696001756,0.4089843454694656
An H&E image patch of [] .,atypical epithelial cells lining distorted alveoli,normal lung parenchyma with patent alveolar spaces,0.5695527578204358,0.5639194968298968,0.054436810650535926,0.05322718410303963
An H&E image patch of [] .,atypical epithelial cells lining distorted alveoli,thin alveolar walls lined by normal pneumocytes,0.20239471626797292,0.20104924049875278,0.24368011737192574,0.24529909620614176
An H&E image patch of [] .,atypical epithelial cells lining distorted alveoli,aerated lung tissue with open alveolar spaces,0.379578181290929,0.3790282986818002,0.24502975982841768,0.25359302817479523
An H&E image patch of [] .,atypical epithelial cells lining distorted alveoli,empty alveoli lined by flat pneumocytes,0.8164679170796127,0.8085612595775388,0.272995580984829,0.283466074203403
An H&E image patch of [] .,atypical epithelial cells lining distorted alveoli,normal lung with thin alveolar septa,0.598624405707841,0.5955055852994211,0.05926304537291254,0.05435814256470625
An H&E image patch of [] .,atypical epithelial cells lining distorted alveoli,intact alveolar spaces,0.3805015327403387,0.38486801563597217,0.040349792572876034,0.0468266821226443
An H&E image patch of [] .,atypical epithelial cells lining distorted alveoli,unremarkable lung parenchyma,0.4242542874302111,0.4248391765908894,0.003943560185404682,0.0014608597859014042
An H&E image patch of [] .,atypical epithelial cells lining distorted alveoli,normal lung tissue,0.7255731608557643,0.7209778973714404,0.17418190940984077,0.1736102999928555
An H&E image patch of [] .,atypical epithelial cells lining distorted alveoli,alveolar spaces lined by normal epithelium,0.13262063585038872,0.13503501402331233,0.5558534076947172,0.5603538444650097
An H&E image patch of [] .,atypical epithelial cells lining distorted alveoli,open alveolar spaces with thin septa,0.41059749274821455,0.4133654347901224,0.016524731517837246,0.025743244249238892
An H&E image patch of [] .,atypical epithelial cells lining distorted alveoli,healthy lung tissue,0.6353991756732154,0.6271248036862723,0.07744088429423249,0.07659034097467293
An H&E image patch of [] .,malignant epithelium with enlarged hyperchromatic nuclei,morphologically normal pneumocytes lining empty alveoli,0.8948461863558511,0.8873293661732585,0.30750030867212735,0.317414962811304
An H&E image patch of [] .,malignant epithelium with enlarged hyperchromatic nuclei,normal lung parenchyma with patent alveolar spaces,0.670026214349679,0.6654973829051313,0.023354142589079842,0.018194943918023173
An H&E image patch of [] .,malignant epithelium with enlarged hyperchromatic nuclei,thin alveolar walls lined by normal pneumocytes,0.4543522246360514,0.44591309171254695,0.33104912919846086,0.3270372399810898
An H&E image patch of [] .,malignant epithelium with enlarged hyperchromatic nuclei,aerated lung tissue with open alveolar spaces,0.5573362282806863,0.5525483903328081,0.28333642742190035,0.2836940367728923
An H&E image patch of [] .,malignant epithelium with enlarged hyperchromatic nuclei,empty alveoli lined by flat pneumocytes,0.8087120285309666,0.8006928199123449,0.19963949105050455,0.20566780317109715
An H&E image patch of [] .,malignant epithelium with enlarged hyperchromatic nuclei,normal lung with thin alveolar septa,0.7291162996081029,0.7235745916295114,0.007348280414254556,0.006134234051832441
An H&E image patch of [] .,malignant epithelium with enlarged hyperchromatic nuclei,intact alveolar spaces,0.5540913580796135,0.5500091887048056,0.10064880046511496,0.10111833506213624
An H&E image patch of [] .,malignant epithelium with enlarged hyperchromatic nuclei,unremarkable lung parenchyma,0.5663318611446823,0.5641525864518027,0.060862437299865346,0.05881089329492657
An H&E image patch of [] .,malignant epithelium with enlarged hyperchromatic nuclei,normal lung tissue,0.7996340124184509,0.7931393673618892,0.08424317736436462,0.08782226287755325
An H&E image patch of [] .,malignant epithelium with enlarged hyperchromatic nuclei,alveolar spaces lined by normal epithelium,0.3307640057701227,0.32720758632956765,0.5763883379443729,0.5747474864717462
An H&E image patch of [] .,malignant epithelium with enlarged hyperchromatic nuclei,open alveolar spaces with thin septa,0.5762052463300322,0.5739327403668232,0.07533041373442755,0.07713205166714013
An H&E image patch of [] .,malignant epithelium with enlarged hyperchromatic nuclei,healthy lung tissue,0.7324148424955863,0.7253931121805977,0.022654278451518843,0.018331541984269603
An H&E image patch of [] .,solid tumor growth pattern,morphologically normal pneumocytes lining empty alveoli,0.9334125860184094,0.9301985940438647,0.40167194353759683,0.4103837536538446
An H&E image patch of [] .,solid tumor growth pattern,normal lung parenchyma with patent alveolar spaces,0.8508050902961596,0.8445442275966311,0.3044208656169015,0.3148896613045198
An H&E image patch of [] .,solid tumor growth pattern,thin alveolar walls lined by normal pneumocytes,0.6804009016022718,0.6725406094387387,0.13950878611202566,0.1475733742982174
An H&E image patch of [] .,solid tumor growth pattern,aerated lung tissue with open alveolar spaces,0.7470914594110092,0.741345588873743,0.04076047725031649,0.04733877368359794
An H&E image patch of [] .,solid tumor growth pattern,empty alveoli lined by flat pneumocytes,0.8773776423397172,0.8730784437200261,0.28907582811993965,0.29614698217144647
An H&E image patch of [] .,solid tumor growth pattern,normal lung with thin alveolar septa,0.893295898385206,0.8883713568682197,0.41032472647293594,0.41712991718582243
An H&E image patch of [] .,solid tumor growth pattern,intact alveolar spaces,0.7819469056439939,0.7727914863699473,0.2713991541922333,0.284685902115434
An H&E image patch of [] .,solid tumor growth pattern,unremarkable lung parenchyma,0.740087606346476,0.7322290870558126,0.1853037937854482,0.19442194957183606
An H&E image patch of [] .,solid tumor growth pattern,normal lung tissue,0.9091639830323461,0.9051980671685891,0.5327372290027711,0.5388726222191723
An H&E image patch of [] .,solid tumor growth pattern,alveolar spaces lined by normal epithelium,0.4156223354168057,0.4028038194663976,0.34609154231707223,0.3429060473848177
An H&E image patch of [] .,solid tumor growth pattern,open alveolar spaces with thin septa,0.8018172096958492,0.7944518768983316,0.24330480695637585,0.2540275800454055
An H&E image patch of [] .,solid tumor growth pattern,healthy lung tissue,0.8728100678920351,0.8689106073902476,0.4724953842760524,0.47888650983458037
An H&E image patch of [] .,gland-forming malignant epithelium,morphologically normal pneumocytes lining empty alveoli,0.9579591692143686,0.9580130985408505,0.4333431946732585,0.44603538290861444
An H&E image patch of [] .,gland-forming malignant epithelium,normal lung parenchyma with patent alveolar spaces,0.8512595162949946,0.8489049002772628,0.32429748797221913,0.34052760357355155
An H&E image patch of [] .,gland-forming malignant epithelium,thin alveolar walls lined by normal pneumocytes,0.6788706739526411,0.6766430289343042,0.17545070117208011,0.1835169858736697
An H&E image patch of [] .,gland-forming malignant epithelium,aerated lung tissue with open alveolar spaces,0.7512646240564028,0.748812085928721,0.1412937267982115,0.15288654990745748
An H&E image patch of [] .,gland-forming malignant epithelium,empty alveoli lined by flat pneumocytes,0.8988215076299245,0.8996970256415444,0.32061359484097757,0.32883089699929097
An H&E image patch of [] .,gland-forming malignant epithelium,normal lung with thin alveolar septa,0.9071885151160903,0.9076910302224088,0.38359245129291714,0.4010793609279363
An H&E image patch of [] .,gland-forming malignant epithelium,intact alveolar spaces,0.7561226406467415,0.7509892610173835,0.2399261554094358,0.2528417504866644
An H&E image patch of [] .,gland-forming malignant epithelium,unremarkable lung parenchyma,0.7398767876135138,0.7383559299601513,0.21780289544350054,0.22751173385575987
An H&E image patch of [] .,gland-forming malignant epithelium,normal lung tissue,0.9221844495027759,0.9237322748619797,0.5045405171588586,0.5148817870830609
An H&E image patch of [] .,gland-forming malignant epithelium,alveolar spaces lined by normal epithelium,0.4312027377601148,0.4283668805358785,0.27037153430905286,0.2685904621616985
An H&E image patch of [] .,gland-forming malignant epithelium,open alveolar spaces with thin septa,0.7693667776369024,0.7667471310587496,0.21480636689962565,0.2304857327277435
An H&E image patch of [] .,gland-forming malignant epithelium,healthy lung tissue,0.8831524197195839,0.8841234354965568,0.44061415847728874,0.45416634965390135
An H&E image patch of [] .,carcinoma cells,morphologically normal pneumocytes lining empty alveoli,0.77948545894472,0.7690286696019942,0.09709675562830868,0.10233018834301132
An H&E image patch of [] .,carcinoma cells,normal lung parenchyma with patent alveolar spaces,0.4845917786460972,0.48050856530597963,0.21525539511653935,0.21955585900514402
An H&E image patch of [] .,carcinoma cells,thin alveolar walls lined by normal pneumocytes,0.22416416015633045,0.21971234295955536,0.5041569932208925,0.5015133368474368
An H&E image patch of [] .,carcinoma cells,aerated lung tissue with open alveolar spaces,0.3633123915115596,0.3596311957371154,0.4029498223690885,0.40423653109830027
An H&E image patch of [] .,carcinoma cells,empty alveoli lined by flat pneumocytes,0.6702484019709368,0.6567909586516714,0.03031161431628341,0.03209621939748893
An H&E image patch of [] .,carcinoma cells,normal lung with thin alveolar septa,0.4800343785296073,0.4760232128601403,0.2767986896613271,0.27719592276782257
An H&E image patch of [] .,carcinoma cells,intact alveolar spaces,0.3455246535990358,0.3461044949626509,0.31044177402447476,0.3147504505778612
An H&E image patch of [] .,carcinoma cells,unremarkable lung parenchyma,0.38640330389779864,0.3862228859445693,0.19888881659928062,0.2042903351382115
An H&E image patch of [] .,carcinoma cells,normal lung tissue,0.5739381829056407,0.5662289386877349,0.2283097795022809,0.2282701887379017
An H&E image patch of [] .,carcinoma cells,alveolar spaces lined by normal epithelium,0.17741179019622866,0.1739778408904108,0.7095309683471489,0.7093058570675903
An H&E image patch of [] .,carcinoma cells,open alveolar spaces with thin septa,0.38001402986722294,0.38195502761247946,0.31382725014676904,0.3225761827032764
An H&E image patch of [] .,carcinoma cells,healthy lung tissue,0.5010250947613316,0.493206554497028,0.3219947388004471,0.31885906226208666
An H&E image patch of [] .,malignant tumor tissue,morphologically normal pneumocytes lining empty alveoli,0.9134416508284872,0.9075007650229001,0.2973033816821399,0.30898577104148356
An H&E image patch of [] .,malignant tumor tissue,normal lung parenchyma with patent alveolar spaces,0.7071913985297885,0.6982036503605091,0.07593197915172992,0.08248814569365695
An H&E image patch of [] .,malignant tumor tissue,thin alveolar walls lined by normal pneumocytes,0.46040689910276406,0.4473838745817664,0.25509186977182935,0.2521523045044699
An H&E image patch of [] .,malignant tumor tissue,aerated lung tissue with open alveolar spaces,0.5674011133272205,0.5587839381439996,0.23301294320884652,0.2320926037559447
An H&E image patch of [] .,malignant tumor tissue,empty alveoli lined by flat pneumocytes,0.8309623434409341,0.8225447401408991,0.23924223795547137,0.2491687563279361
An H&E image patch of [] .,malignant tumor tissue,normal lung with thin alveolar septa,0.7771789751359117,0.7681769019565198,0.11248374827985427,0.12065615487020313
An H&E image patch of [] .,malignant tumor tissue,intact alveolar spaces,0.5685402676961278,0.562847368869174,0.04495082583191325,0.04143724893535024
An H&E image patch of [] .,malignant tumor tissue,unremarkable lung parenchyma,0.569078395075459,0.5615812665070024,0.004754178165931346,0.0065905513053190765
An H&E image patch of [] .,malignant tumor tissue,normal lung tissue,0.8485793420709007,0.8420223917777109,0.24864125398973583,0.256832934560194
An H&E image patch of [] .,malignant tumor tissue,alveolar spaces lined by normal epithelium,0.2658031666473066,0.2595990774203175,0.5522665582240116,0.5495563559288124
An H&E image patch of [] .,malignant tumor tissue,open alveolar spaces with thin septa,0.5948129859066976,0.5900541121983007,0.021952372234008075,0.02023002076032037
An H&E image patch of [] .,malignant tumor tissue,healthy lung tissue,0.7795368249001721,0.7711070871890066,0.14674991275778768,0.15639775954063714
An H&E image patch of [] .,dense cellular tumor with loss of alveolar spaces,morphologically normal pneumocytes lining empty alveoli,0.9194582230427594,0.9163060310780543,0.5577625137469748,0.5681918806863929
An H&E image patch of [] .,dense cellular tumor with loss of alveolar spaces,normal lung parenchyma with patent alveolar spaces,0.7384667159318493,0.7298438594583385,0.15398176124478075,0.16578305976592408
An H&E image patch of [] .,dense cellular tumor with loss of alveolar spaces,thin alveolar walls lined by normal pneumocytes,0.4030285729820841,0.3934866835435355,0.21049348885806854,0.20310984089773818
An H&E image patch of [] .,dense cellular tumor with loss of alveolar spaces,aerated lung tissue with open alveolar spaces,0.5444023054128265,0.5353772300522913,0.31317070238358596,0.3084264705700025
An H&E image patch of [] .,dense cellular tumor with loss of alveolar spaces,empty alveoli lined by flat pneumocytes,0.8306475982399643,0.8244030503127953,0.4053848363633424,0.41305339190571144
An H&E image patch of [] .,dense cellular tumor with loss of alveolar spaces,normal lung with thin alveolar septa,0.7918319068673852,0.7860962251283258,0.3148988934935678,0.3241731396723494
An H&E image patch of [] .,dense cellular tumor with loss of alveolar spaces,intact alveolar spaces,0.5106149168052765,0.5001854600969956,0.052845559179490825,0.04496399182265103
An H&E image patch of [] .,dense cellular tumor with loss of alveolar spaces,unremarkable lung parenchyma,0.5260675427301315,0.5193781775847869,0.040032273288685624,0.0350782836759628
An H&E image patch of [] .,dense cellular tumor with loss of alveolar spaces,normal lung tissue,0.8374396439725532,0.8321270840024649,0.42408361017299034,0.4283236122732155
An H&E image patch of [] .,dense cellular tumor with loss of alveolar spaces,alveolar spaces lined by normal epithelium,0.12670424166631652,0.12034598424094976,0.7367041231438255,0.733027251048719
An H&E image patch of [] .,dense cellular tumor with loss of alveolar spaces,open alveolar spaces with thin septa,0.5549396583896217,0.5473850969324057,0.08145731871520716,0.07862417424460895
An H&E image patch of [] .,dense cellular tumor with loss of alveolar spaces,healthy lung tissue,0.763209906750401,0.7576678477102844,0.30140436461342474,0.3081518651964346
An H&E image patch of [] .,invasive malignant epithelium,morphologically normal pneumocytes lining empty alveoli,0.9281230871639484,0.9250617287072841,0.41027102429225976,0.4217346683782
An H&E image patch of [] .,invasive malignant epithelium,normal lung parenchyma with patent alveolar spaces,0.7775602860016856,0.7700570879898571,0.22539202557739793,0.23590292987249095
An H&E image patch of [] .,invasive malignant epithelium,thin alveolar walls lined by normal pneumocytes,0.5799350243318925,0.5686554733068125,0.05898651227883749,0.0497778172753023
An H&E image patch of [] .,invasive malignant epithelium,aerated lung tissue with open alveolar spaces,0.6555382550733664,0.6483526506884363,0.03698816466669169,0.03147535887561327
An H&E image patch of [] .,invasive malignant epithelium,empty alveoli lined by flat pneumocytes,0.8528978307666832,0.8486136014749136,0.286568343138028,0.2958535507013335
An H&E image patch of [] .,invasive malignant epithelium,normal lung with thin alveolar septa,0.8433695902010069,0.8371606817850366,0.2700614381376123,0.2801277107056455
An H&E image patch of [] .,invasive malignant epithelium,intact alveolar spaces,0.6606820179611959,0.6533463324001318,0.11524096401637621,0.12398758444018242
An H&E image patch of [] .,invasive malignant epithelium,unremarkable lung parenchyma,0.662103293764659,0.6563002059450077,0.12673523936435183,0.1362735832541452
An H&E image patch of [] .,invasive malignant epithelium,normal lung tissue,0.8729988491060182,0.8692365956607395,0.3832145952627608,0.3886622587333975
An H&E image patch of [] .,invasive malignant epithelium,alveolar spaces lined by normal epithelium,0.3402252687547525,0.333737804944872,0.48240782223253753,0.48087972991084255
An H&E image patch of [] .,invasive malignant epithelium,open alveolar spaces with thin septa,0.6835341425016003,0.6776435440075735,0.11136298641017826,0.12159722962845763
An H&E image patch of [] .,invasive malignant epithelium,healthy lung tissue,0.8197976420266608,0.8135941829597577,0.3047766870409454,0.3123429152231487
a histopathology image of [],invasive adenocarcinoma with desmoplastic stroma,morphologically normal pneumocytes lining empty alveoli,0.9727442848680921,0.9710573501629941,0.5648234293554293,0.5740467096944738
a histopathology image of [],invasive adenocarcinoma with desmoplastic stroma,normal lung parenchyma with patent alveolar spaces,0.8469047789698634,0.8410477568179768,0.35278147192267484,0.36003353387598347
a histopathology image of [],invasive adenocarcinoma with desmoplastic stroma,thin alveolar walls lined by normal pneumocytes,0.8317882355073449,0.8279470241662936,0.419959630461416,0.428287063778017
a histopathology image of [],invasive adenocarcinoma with desmoplastic stroma,aerated lung tissue with open alveolar spaces,0.8723527584795018,0.8680123904204802,0.3808862010585455,0.38966980522031114
a histopathology image of [],invasive adenocarcinoma with desmoplastic stroma,empty alveoli lined by flat pneumocytes,0.93026241536151,0.9281007452966898,0.4548539175170299,0.4640894539896805
a histopathology image of [],invasive adenocarcinoma with desmoplastic stroma,normal lung with thin alveolar septa,0.9139564225568629,0.908362395773533,0.36060905916374913,0.3723413837409965
a histopathology image of [],invasive adenocarcinoma with desmoplastic stroma,intact alveolar spaces,0.8115742697342893,0.8047537637862184,0.32002448463476313,0.32699625457082143
a histopathology image of [],invasive adenocarcinoma with desmoplastic stroma,unremarkable lung parenchyma,0.749916010278134,0.744207701820628,0.21110915025978647,0.218444830396872
a histopathology image of [],invasive adenocarcinoma with desmoplastic stroma,normal lung tissue,0.9066646812303774,0.8999489984733262,0.4245105508961644,0.43262990844223115
a histopathology image of [],invasive adenocarcinoma with desmoplastic stroma,alveolar spaces lined by normal epithelium,0.5360337738365631,0.5347690052341897,0.261701605611101,0.260677982134756
a histopathology image of [],invasive adenocarcinoma with desmoplastic stroma,open alveolar spaces with thin septa,0.7806958336319726,0.7767742419529285,0.28651524379641524,0.29264116481733876
a histopathology image of [],invasive adenocarcinoma with desmoplastic stroma,healthy lung tissue,0.8626591747340463,0.8552876359654336,0.32607097118811756,0.3332394779587757
a histopathology image of [],invasive adenocarcinoma,morphologically normal pneumocytes lining empty alveoli,0.9661337294319923,0.9671317500099053,0.5539723174507362,0.5606324785590562
a histopathology image of [],invasive adenocarcinoma,normal lung parenchyma with patent alveolar spaces,0.855513457715562,0.8556673655140322,0.4034582171362835,0.4122349196847543
a histopathology image of [],invasive adenocarcinoma,thin alveolar walls lined by normal pneumocytes,0.7343163714462956,0.7355319206331945,0.4251711025012147,0.42705461418005786
a histopathology image of [],invasive adenocarcinoma,aerated lung tissue with open alveolar spaces,0.8555162587460117,0.8611159302636315,0.435050912562464,0.4482652476828583
a histopathology image of [],invasive adenocarcinoma,empty alveoli lined by flat pneumocytes,0.8912460795871611,0.8941701461509864,0.4687486445132819,0.47144469727159843
a histopathology image of [],invasive adenocarcinoma,normal lung with thin alveolar septa,0.9041504268688022,0.9053624522545626,0.4532931521284058,0.4735317573896383
a histopathology image of [],invasive adenocarcinoma,intact alveolar spaces,0.8292963481977429,0.8266080444160072,0.43000458263744384,0.4415261590959615
a histopathology image of [],invasive adenocarcinoma,unremarkable lung parenchyma,0.7223363642130464,0.7204337405868463,0.19792344858275204,0.20281464988177747
a histopathology image of [],invasive adenocarcinoma,normal lung tissue,0.9081026396416658,0.9061850099347601,0.5158513320840445,0.5228794943471907
a histopathology image of [],invasive adenocarcinoma,alveolar spaces lined by normal epithelium,0.4050394656952034,0.40664495097530934,0.30263464899808923,0.30394411902145224
a histopathology image of [],invasive adenocarcinoma,open alveolar spaces with thin septa,0.7678994084058923,0.7669668169736453,0.32093377385339555,0.3288104728131846
a histopathology image of [],invasive adenocarcinoma,healthy lung tissue,0.8660344576175258,0.8641167589330649,0.44219137556160854,0.4471826062252085
a histopathology image of [],neoplastic epithelial cells continuously lining alveolar walls in a lepidic pattern,morphologically normal pneumocytes lining empty alveoli,0.9671349330512531,0.9674260836138417,0.5618917244385028,0.5724282805379879
a histopathology image of [],neoplastic epithelial cells continuously lining alveolar walls in a lepidic pattern,normal lung parenchyma with patent alveolar spaces,0.861202226983974,0.8538102355427531,0.43972743620851307,0.44783406471212744
a histopathology image of [],neoplastic epithelial cells continuously lining alveolar walls in a lepidic pattern,thin alveolar walls lined by normal pneumocytes,0.7175631611770589,0.7115633948976555,0.5729034171899499,0.5766765911505829
a histopathology image of [],neoplastic epithelial cells continuously lining alveolar walls in a lepidic pattern,aerated lung tissue with open alveolar spaces,0.8618740211840286,0.8613815597025557,0.4674106513731579,0.47492707598086464
a histopathology image of [],neoplastic epithelial cells continuously lining alveolar walls in a lepidic pattern,empty alveoli lined by flat pneumocytes,0.884285683686222,0.8822015209413955,0.43158067971043906,0.44041624032758525
a histopathology image of [],neoplastic epithelial cells continuously lining alveolar walls in a lepidic pattern,normal lung with thin alveolar septa,0.9121021403991798,0.9081350807046472,0.4456831363647422,0.45812002907533245
a histopathology image of [],neoplastic epithelial cells continuously lining alveolar walls in a lepidic pattern,intact alveolar spaces,0.7534692821700407,0.7446721107635139,0.3115858748249486,0.31143374988681893
a histopathology image of [],neoplastic epithelial cells continuously lining alveolar walls in a lepidic pattern,unremarkable lung parenchyma,0.6808695387114766,0.67398277244299,0.16106420657018747,0.1639031212777581
a histopathology image of [],neoplastic epithelial cells continuously lining alveolar walls in a lepidic pattern,normal lung tissue,0.890524113988758,0.8864522242145133,0.48598992421304027,0.490387969197527
a histopathology image of [],neoplastic epithelial cells continuously lining alveolar walls in a lepidic pattern,alveolar spaces lined by normal epithelium,0.2718798786329983,0.2641153258323154,0.4954964356806778,0.4979525803660095
a histopathology image of [],neoplastic epithelial cells continuously lining alveolar walls in a lepidic pattern,open alveolar spaces with thin septa,0.7235606616692988,0.7174022688513866,0.2848171338168977,0.28322291298545793
a histopathology image of [],neoplastic epithelial cells continuously lining alveolar walls in a lepidic pattern,healthy lung tissue,0.8385485636892537,0.8329058899597804,0.3880615911931097,0.39047820017830653
a histopathology image of [],solid sheets of tumor cells replacing alveoli,morphologically normal pneumocytes lining empty alveoli,0.889508946408873,0.882878998245716,0.39854277932098225,0.40812037657311556
a histopathology image of [],solid sheets of tumor cells replacing alveoli,normal lung parenchyma with patent alveolar spaces,0.38674560629539834,0.38440116199180774,0.3478187475014623,0.341384110465261
a histopathology image of [],solid sheets of tumor cells replacing alveoli,thin alveolar walls lined by normal pneumocytes,0.16572593235181932,0.1585141780029151,0.4667019271360331,0.4602164834623544
a histopathology image of [],solid sheets of tumor cells replacing alveoli,aerated lung tissue with open alveolar spaces,0.35852468902383267,0.35346974766467804,0.42946098936789734,0.42607821354346836
a histopathology image of [],solid sheets of tumor cells replacing alveoli,empty alveoli lined by flat pneumocytes,0.7204029117535357,0.7052870037151029,0.23220109657838414,0.24013999558898538
a histopathology image of [],solid sheets of tumor cells replacing alveoli,normal lung with thin alveolar septa,0.4700417847836492,0.4622712623678702,0.23130493625003287,0.23150303755083665
a histopathology image of [],solid sheets of tumor cells replacing alveoli,intact alveolar spaces,0.2663012145762329,0.262091871874049,0.39739121842838654,0.3965713964294602
a histopathology image of [],solid sheets of tumor cells replacing alveoli,unremarkable lung parenchyma,0.2724146694907644,0.2703419378388335,0.44888936524090767,0.4455876074525133
a histopathology image of [],solid sheets of tumor cells replacing alveoli,normal lung tissue,0.44305941727032994,0.4305429175739459,0.32037393019747035,0.3149066765424749
a histopathology image of [],solid sheets of tumor cells replacing alveoli,alveolar spaces lined by normal epithelium,0.09253026966508739,0.08493149356917114,0.7733703846204825,0.7706614157955253
a histopathology image of [],solid sheets of tumor cells replacing alveoli,open alveolar spaces with thin septa,0.22771051185536137,0.22706128360305133,0.43846203301209113,0.43878171535856353
a histopathology image of [],solid sheets of tumor cells replacing alveoli,healthy lung tissue,0.31495989171545813,0.30238459534714335,0.532284513898527,0.5247026765150692
a histopathology image of [],adenocarcinoma cells forming glands,morphologically normal pneumocytes lining empty alveoli,0.9449849609379827,0.9457294862165213,0.44816779731558076,0.4606301422641943
a histopathology image of [],adenocarcinoma cells forming glands,normal lung parenchyma with patent alveolar spaces,0.6961371730517804,0.6909113593466409,0.0603307614605131,0.06043247622023414
a histopathology image of [],adenocarcinoma cells forming glands,thin alveolar walls lined by normal pneumocytes,0.5365405131982083,0.5294554891552208,0.025417462965419177,0.024292496252708528
a histopathology image of [],adenocarcinoma cells forming glands,aerated lung tissue with open alveolar spaces,0.7126121338991415,0.7121840539722603,0.08214323290446046,0.08589539511616938
a histopathology image of [],adenocarcinoma cells forming glands,empty alveoli lined by flat pneumocytes,0.8192461685610695,0.8179764364516763,0.3700906852179118,0.3733406318989117
a histopathology image of [],adenocarcinoma cells forming glands,normal lung with thin alveolar septa,0.7913574617391598,0.7876122349711989,0.2336178400836848,0.24328523650866893
a histopathology image of [],adenocarcinoma cells forming glands,intact alveolar spaces,0.5777464721433403,0.5715736036329947,0.08803718118981825,0.09044952971208255
a histopathology image of [],adenocarcinoma cells forming glands,unremarkable lung parenchyma,0.4938575873736138,0.4908794517799533,0.10850431303191363,0.11462327273886463
a histopathology image of [],adenocarcinoma cells forming glands,normal lung tissue,0.780334377129092,0.7741457244282138,0.1926042430365566,0.19305418624188966
a histopathology image of [],adenocarcinoma cells forming glands,alveolar spaces lined by normal epithelium,0.18255320516147527,0.18141580238046465,0.5281732248564359,0.5302900837235828
a histopathology image of [],adenocarcinoma cells forming glands,open alveolar spaces with thin septa,0.5105924673700548,0.5079081028359378,0.12573973165781305,0.13446327989226076
a histopathology image of [],adenocarcinoma cells forming glands,healthy lung tissue,0.6844705105042761,0.6769350864370502,0.02580684467404544,0.027281818728148877
a histopathology image of [],tumor cells replacing normal alveolar architecture,morphologically normal pneumocytes lining empty alveoli,0.9609893074781746,0.95940801137039,0.5398154420105798,0.5495388098761772
a histopathology image of [],tumor cells replacing normal alveolar architecture,normal lung parenchyma with patent alveolar spaces,0.779172114258975,0.7727113591780409,0.20829452386138433,0.21990440535651884
a histopathology image of [],tumor cells replacing normal alveolar architecture,thin alveolar walls lined by normal pneumocytes,0.5706985028492246,0.5612561633869735,0.1408844335384181,0.14969496488338335
a histopathology image of [],tumor cells replacing normal alveolar architecture,aerated lung tissue with open alveolar spaces,0.76542395655437,0.7629983080981151,0.22082597422589234,0.23362301878039995
a histopathology image of [],tumor cells replacing normal alveolar architecture,empty alveoli lined by flat pneumocytes,0.851446279119389,0.8458715317908111,0.402245329690246,0.41041188209665663
a histopathology image of [],tumor cells replacing normal alveolar architecture,normal lung with thin alveolar septa,0.8463765375803546,0.8397185980228268,0.3360759199254518,0.35061030550032035
a histopathology image of [],tumor cells replacing normal alveolar architecture,intact alveolar spaces,0.6431321616787729,0.6342629520695239,0.11366209134329844,0.12492785422355952
a histopathology image of [],tumor cells replacing normal alveolar architecture,unremarkable lung parenchyma,0.5203019922740989,0.5104103388946073,0.06341183764433247,0.05781965620489625
a histopathology image of [],tumor cells replacing normal alveolar architecture,normal lung tissue,0.8379554042999112,0.8285649013394434,0.36518681294120786,0.37604845241945656
a histopathology image of [],tumor cells replacing normal alveolar architecture,alveolar spaces lined by normal epithelium,0.16265081283432153,0.1579191039916914,0.7394111114253451,0.7348229935601442
a histopathology image of [],tumor cells replacing normal alveolar architecture,open alveolar spaces with thin septa,0.5932984934575343,0.5904228405911456,0.02426441490169768,0.03194643026367556
a histopathology image of [],tumor cells replacing normal alveolar architecture,healthy lung tissue,0.7245678792657017,0.7120500169021589,0.15749515367436503,0.1695267827798777
a histopathology image of [],atypical epithelial cells lining distorted alveoli,morphologically normal pneumocytes lining empty alveoli,0.9634676427433951,0.9608171287573584,0.5682014194707771,0.5794858151955189
a histopathology image of [],atypical epithelial cells lining distorted alveoli,normal lung parenchyma with patent alveolar spaces,0.5778186810606678,0.5710098892381721,0.022397696042855172,0.0256801010741218
a histopathology image of [],atypical epithelial cells lining distorted alveoli,thin alveolar walls lined by normal pneumocytes,0.3654143589059175,0.3605614045736146,0.0563346424864044,0.05414932695983146
a histopathology image of [],atypical epithelial cells lining distorted alveoli,aerated lung tissue with open alveolar spaces,0.6068477368085883,0.6017858121339797,0.04138690782025507,0.04513305765967256
a histopathology image of [],atypical epithelial cells lining distorted alveoli,empty alveoli lined by flat pneumocytes,0.8619223389592854,0.8588224211141262,0.4187910958871875,0.4264084467111317
a histopathology image of [],atypical epithelial cells lining distorted alveoli,normal lung with thin alveolar septa,0.7228289336559461,0.7138299280330523,0.18978725312608152,0.19553558539074226
a histopathology image of [],atypical epithelial cells lining distorted alveoli,intact alveolar spaces,0.4373388892596135,0.43922818251633944,0.06251467493180593,0.06570514347826288
a histopathology image of [],atypical epithelial cells lining distorted alveoli,unremarkable lung parenchyma,0.40973283936337523,0.4096589726016427,0.14679265800184707,0.1486809567113849
a histopathology image of [],atypical epithelial cells lining distorted alveoli,normal lung tissue,0.716666872624788,0.7055521273537626,0.15703656840719815,0.1601472202713679
a histopathology image of [],atypical epithelial cells lining distorted alveoli,alveolar spaces lined by normal epithelium,0.10967121669348241,0.11129599515780547,0.7508742542325189,0.7536233619134961
a histopathology image of [],atypical epithelial cells lining distorted alveoli,open alveolar spaces with thin septa,0.3939234115891811,0.3971916283312216,0.08965005590637164,0.09458907597521365
a histopathology image of [],atypical epithelial cells lining distorted alveoli,healthy lung tissue,0.5695351278052526,0.5591507697858527,0.07066770822461425,0.07010335422551346
a histopathology image of [],malignant epithelium with enlarged hyperchromatic nuclei,morphologically normal pneumocytes lining empty alveoli,0.958088552106169,0.954971384350034,0.40043041523235196,0.4115903432400204
a histopathology image of [],malignant epithelium with enlarged hyperchromatic nuclei,normal lung parenchyma with patent alveolar spaces,0.7276570451270721,0.7237499778712384,0.09162162650856157,0.09677516015423161
a histopathology image of [],malignant epithelium with enlarged hyperchromatic nuclei,thin alveolar walls lined by normal pneumocytes,0.6517459893775039,0.6434230791602704,0.013399590569568237,0.008625773729166522
a histopathology image of [],malignant epithelium with enlarged hyperchromatic nuclei,aerated lung tissue with open alveolar spaces,0.774804566338699,0.771232609954655,0.08193210600477599,0.08940026509016356
a histopathology image of [],malignant epithelium with enlarged hyperchromatic nuclei,empty alveoli lined by flat pneumocytes,0.8869291149814761,0.882456149224566,0.3165554582870042,0.3217536882754956
a histopathology image of [],malignant epithelium with enlarged hyperchromatic nuclei,normal lung with thin alveolar septa,0.8292678024021307,0.8222029034621186,0.1602906181687469,0.16740453876992034
a histopathology image of [],malignant epithelium with enlarged hyperchromatic nuclei,intact alveolar spaces,0.6674900872356219,0.6627215089033491,0.033390597268687046,0.03519883855801891
a histopathology image of [],malignant epithelium with enlarged hyperchromatic nuclei,unremarkable lung parenchyma,0.6023782808098932,0.6001909395998614,0.020776119086509785,0.01861168040993008
a histopathology image of [],malignant epithelium with enlarged hyperchromatic nuclei,normal lung tissue,0.83316988496827,0.8236951406925586,0.16351089840694225,0.16859723259736933
a histopathology image of [],malignant epithelium with enlarged hyperchromatic nuclei,alveolar spaces lined by normal epithelium,0.3846234961967773,0.38252725631175505,0.469483122536827,0.46727740034948106
a histopathology image of [],malignant epithelium with enlarged hyperchromatic nuclei,open alveolar spaces with thin septa,0.6207038165687542,0.6172951656453717,0.0023910255902391962,0.0015152435174205037
a histopathology image of [],malignant epithelium with enlarged hyperchromatic nuclei,healthy lung tissue,0.7551239085249362,0.7462346542307242,0.0322098662521716,0.036941732725847984
a histopathology image of [],solid tumor growth pattern,morphologically normal pneumocytes lining empty alveoli,0.9599508254389586,0.9565667205343948,0.47358511855292096,0.480976129490534
a histopathology image of [],solid tumor growth pattern,normal lung parenchyma with patent alveolar spaces,0.893106828829853,0.8877142801745685,0.43374486196841033,0.4439396065461677
a histopathology image of [],solid tumor growth pattern,thin alveolar walls lined by normal pneumocytes,0.80075413625695,0.7936864746480262,0.5657036979850499,0.5698209726217022
a histopathology image of [],solid tumor growth pattern,aerated lung tissue with open alveolar spaces,0.8794549771427677,0.8766202257723781,0.48962995487725525,0.4920856683814125
a histopathology image of [],solid tumor growth pattern,empty alveoli lined by flat pneumocytes,0.8986534869945685,0.8939703128964737,0.3858398534587084,0.3928066696543783
a histopathology image of [],solid tumor growth pattern,normal lung with thin alveolar septa,0.9170845968864075,0.9108456643222824,0.4734433347561158,0.475436718920028
a histopathology image of [],solid tumor growth pattern,intact alveolar spaces,0.8689318764679665,0.8631378668211044,0.47316023122209805,0.4825339092544151
a histopathology image of [],solid tumor growth pattern,unremarkable lung parenchyma,0.8164917670300592,0.8061694144266037,0.2689771496018537,0.2799366585608247
a histopathology image of [],solid tumor growth pattern,normal lung tissue,0.9192306393187235,0.9105003291916721,0.49077250897904945,0.49711783834677115
a histopathology image of [],solid tumor growth pattern,alveolar spaces lined by normal epithelium,0.581508503186996,0.565366380636617,0.09326406092620161,0.08592435723168163
a histopathology image of [],solid tumor growth pattern,open alveolar spaces with thin septa,0.8734272008066968,0.869297755342726,0.4932694316848376,0.5020330271208061
a histopathology image of [],solid tumor growth pattern,healthy lung tissue,0.883975675522042,0.8755738936251464,0.450626925472646,0.45828106212155173
a histopathology image of [],gland-forming malignant epithelium,morphologically normal pneumocytes lining empty alveoli,0.9571192308040852,0.9596347363389671,0.44603220055132453,0.4556230368009486
a histopathology image of [],gland-forming malignant epithelium,normal lung parenchyma with patent alveolar spaces,0.8455629618095974,0.8443926982673812,0.36649048083451563,0.38371194310642576
a histopathology image of [],gland-forming malignant epithelium,thin alveolar walls lined by normal pneumocytes,0.7249851092278301,0.7271914428711246,0.4261818806749759,0.44278170265493516
a histopathology image of [],gland-forming malignant epithelium,aerated lung tissue with open alveolar spaces,0.8442452829411479,0.8494500265123639,0.3649041436496568,0.3885811832767618
a histopathology image of [],gland-forming malignant epithelium,empty alveoli lined by flat pneumocytes,0.8888770668927263,0.8930089130436615,0.3751223940300481,0.38354616521638535
a histopathology image of [],gland-forming malignant epithelium,normal lung with thin alveolar septa,0.8893000636822511,0.8912401295185878,0.34694877396856405,0.3742359230507553
a histopathology image of [],gland-forming malignant epithelium,intact alveolar spaces,0.7893018761137185,0.7855830064599124,0.34650877908277894,0.359770386689233
a histopathology image of [],gland-forming malignant epithelium,unremarkable lung parenchyma,0.710951328800607,0.7081927419348041,0.20002554707266573,0.20845866086332873
a histopathology image of [],gland-forming malignant epithelium,normal lung tissue,0.9001559514894479,0.8998744772343515,0.4256710164308185,0.4413167239915922
a histopathology image of [],gland-forming malignant epithelium,alveolar spaces lined by normal epithelium,0.41321975154859913,0.4094617947985187,0.27480613603590215,0.2725415454194939
a histopathology image of [],gland-forming malignant epithelium,open alveolar spaces with thin septa,0.7400004036779178,0.7372601136870395,0.2720387226040394,0.285378705217828
a histopathology image of [],gland-forming malignant epithelium,healthy lung tissue,0.8560811194894875,0.8552242423322788,0.40246276076132914,0.41564144096873656
a histopathology image of [],carcinoma cells,morphologically normal pneumocytes lining empty alveoli,0.8895400872768134,0.8850335387725408,0.19596552109102322,0.2042798375632573
a histopathology image of [],carcinoma cells,normal lung parenchyma with patent alveolar spaces,0.5037148666338781,0.49968206238371865,0.19426939841706778,0.19727565303313171
a histopathology image of [],carcinoma cells,thin alveolar walls lined by normal pneumocytes,0.32258458494083647,0.30988906957198337,0.3888432600837594,0.3859587912645486
a histopathology image of [],carcinoma cells,aerated lung tissue with open alveolar spaces,0.5187004207312502,0.5131988157529807,0.2937647065888487,0.29334295991131915
a histopathology image of [],carcinoma cells,empty alveoli lined by flat pneumocytes,0.753877449974832,0.74292971315224,0.1329631404345513,0.1387187850991581
a histopathology image of [],carcinoma cells,normal lung with thin alveolar septa,0.5972974175323087,0.5884173846922922,0.15277864230918128,0.1554145921630552
a histopathology image of [],carcinoma cells,intact alveolar spaces,0.400376903361978,0.3982465590829504,0.32258728550006605,0.32389352998220944
a histopathology image of [],carcinoma cells,unremarkable lung parenchyma,0.38326796222563286,0.3808306336244214,0.25885263308735545,0.26506714039847185
a histopathology image of [],carcinoma cells,normal lung tissue,0.5805056107111405,0.5698773181458374,0.18468234116837653,0.18660729764889647
a histopathology image of [],carcinoma cells,alveolar spaces lined by normal epithelium,0.1965891687447841,0.1944524248486182,0.666706639368618,0.6653287285467526
a histopathology image of [],carcinoma cells,open alveolar spaces with thin septa,0.36184213886685135,0.36429834122803245,0.37303302745467676,0.3777343599478957
a histopathology image of [],carcinoma cells,healthy lung tissue,0.4758933845427606,0.4660336154855809,0.3280170964993801,0.32852971706184236
a histopathology image of [],malignant tumor tissue,morphologically normal pneumocytes lining empty alveoli,0.9646164771440034,0.9651199294577231,0.5048575984962891,0.5156188794861227
a histopathology image of [],malignant tumor tissue,normal lung parenchyma with patent alveolar spaces,0.7712754739302329,0.7674507413767377,0.1969767271999108,0.20445932816695825
a histopathology image of [],malignant tumor tissue,thin alveolar walls lined by normal pneumocytes,0.6444005753646077,0.638454223811559,0.14393565226227967,0.1499734063674146
a histopathology image of [],malignant tumor tissue,aerated lung tissue with open alveolar spaces,0.8171706873811106,0.8188409334038081,0.22000816022820552,0.23036710588031117
a histopathology image of [],malignant tumor tissue,empty alveoli lined by flat pneumocytes,0.8918983489573165,0.8911879056412747,0.43214925100644647,0.43858491697423124
a histopathology image of [],malignant tumor tissue,normal lung with thin alveolar septa,0.8810404015689066,0.8795609906603982,0.3202960666594316,0.3322112310086482
a histopathology image of [],malignant tumor tissue,intact alveolar spaces,0.710918828609066,0.7045060481066632,0.13906899216260654,0.14527451051160167
a histopathology image of [],malignant tumor tissue,unremarkable lung parenchyma,0.5960359240393496,0.5914750737414636,0.014839499931651904,0.018172328407878025
a histopathology image of [],malignant tumor tissue,normal lung tissue,0.8996077733537974,0.8951131685941872,0.35444347444112173,0.3633239191608604
a histopathology image of [],malignant tumor tissue,alveolar spaces lined by normal epithelium,0.2904217939940964,0.287042577423268,0.5481508067850491,0.5435647465012122
a histopathology image of [],malignant tumor tissue,open alveolar spaces with thin septa,0.6409300574458392,0.6379537765998251,0.09897362986202678,0.10108463948895008
a histopathology image of [],malignant tumor tissue,healthy lung tissue,0.8178420696649226,0.8100743189188688,0.18712630274752612,0.19633808355928753
a histopathology image of [],dense cellular tumor with loss of alveolar spaces,morphologically normal pneumocytes lining empty alveoli,0.952099125172284,0.9500031612516533,0.6531230289666083,0.660478220255003
a histopathology image of [],dense cellular tumor with loss of alveolar spaces,normal lung parenchyma with patent alveolar spaces,0.7773380983804277,0.7727963757725045,0.27316986001562876,0.28611280156543784
a histopathology image of [],dense cellular tumor with loss of alveolar spaces,thin alveolar walls lined by normal pneumocytes,0.5656190400868649,0.5585285090104102,0.2109514230628446,0.21797473474297172
a histopathology image of [],dense cellular tumor with loss of alveolar spaces,aerated lung tissue with open alveolar spaces,0.7654359845086539,0.7648473031151395,0.31762895902373717,0.3293548945993661
a histopathology image of [],dense cellular tumor with loss of alveolar spaces,empty alveoli lined by flat pneumocytes,0.8424440555955114,0.8373151616158295,0.5447323186925701,0.5494574498979483
a histopathology image of [],dense cellular tumor with loss of alveolar spaces,normal lung with thin alveolar septa,0.8376570533653969,0.8307820767990262,0.47200397040045,0.48339632150968476
a histopathology image of [],dense cellular tumor with loss of alveolar spaces,intact alveolar spaces,0.6960975467092423,0.6873740873466477,0.2284592932227644,0.24520861180196776
a histopathology image of [],dense cellular tumor with loss of alveolar spaces,unremarkable lung parenchyma,0.5413991888545351,0.532980411198755,0.049705098140771724,0.04221515209759729
a histopathology image of [],dense cellular tumor with loss of alveolar spaces,normal lung tissue,0.8414148004801296,0.8313157382281311,0.4690410965256925,0.4786425188882217
a histopathology image of [],dense cellular tumor with loss of alveolar spaces,alveolar spaces lined by normal epithelium,0.17251233483188463,0.16732627236164044,0.6406462099525853,0.6336781352300094
a histopathology image of [],dense cellular tumor with loss of alveolar spaces,open alveolar spaces with thin septa,0.6025545397701013,0.5970920278291305,0.11345214158669531,0.12331119410214611
a histopathology image of [],dense cellular tumor with loss of alveolar spaces,healthy lung tissue,0.7481415986798908,0.7380410692954792,0.24303641284082686,0.25455096947639716
a histopathology image of [],invasive malignant epithelium,morphologically normal pneumocytes lining empty alveoli,0.9522657452924153,0.9537991079369335,0.4069050574386262,0.41901230228457514
a histopathology image of [],invasive malignant epithelium,normal lung parenchyma with patent alveolar spaces,0.7705336539689366,0.7649906974901348,0.2258660857998769,0.23551173220706184
a histopathology image of [],invasive malignant epithelium,thin alveolar walls lined by normal pneumocytes,0.6702831677018122,0.6661907507677627,0.1860700700921568,0.19678786527426245
a histopathology image of [],invasive malignant epithelium,aerated lung tissue with open alveolar spaces,0.7942604826504998,0.7935741869892998,0.22992486216800112,0.248568077967292
a histopathology image of [],invasive malignant epithelium,empty alveoli lined by flat pneumocytes,0.8790608968734733,0.8803476786718359,0.3380586585847617,0.34594003799303574
a histopathology image of [],invasive malignant epithelium,normal lung with thin alveolar septa,0.8551984653648466,0.8522525814781001,0.23916919696565386,0.2573213546777068
a histopathology image of [],invasive malignant epithelium,intact alveolar spaces,0.7001685973180958,0.6918754568008639,0.1633551090137063,0.17176385662146681
a histopathology image of [],invasive malignant epithelium,unremarkable lung parenchyma,0.6225541443305084,0.6178809245017235,0.06723483172356359,0.0728041877763334
a histopathology image of [],invasive malignant epithelium,normal lung tissue,0.8628227878656065,0.8572450829891785,0.30003749685725767,0.30977397115685956
a histopathology image of [],invasive malignant epithelium,alveolar spaces lined by normal epithelium,0.3291249086575732,0.32486826010610004,0.4565024213708017,0.4556645777757642
a histopathology image of [],invasive malignant epithelium,open alveolar spaces with thin septa,0.6473094866782168,0.6418055299142922,0.1096583493704769,0.11519442193582868
a histopathology image of [],invasive malignant epithelium,healthy lung tissue,0.7901544603526497,0.7820084738404318,0.21473565751079304,0.2235173990841951
An H&E image patch of []  tissue.,invasive adenocarcinoma with desmoplastic stroma,morphologically normal pneumocytes lining empty alveoli,0.9466728701252802,0.9428082789387299,0.538998470421016,0.5460583337877009
An H&E image patch of []  tissue.,invasive adenocarcinoma with desmoplastic stroma,normal lung parenchyma with patent alveolar spaces,0.7844747944331991,0.7778682457750925,0.13777287367746544,0.14306232398280114
An H&E image patch of []  tissue.,invasive adenocarcinoma with desmoplastic stroma,thin alveolar walls lined by normal pneumocytes,0.7166509726578236,0.7088018519033685,0.07072300666477499,0.07600239476871418
An H&E image patch of []  tissue.,invasive adenocarcinoma with desmoplastic stroma,aerated lung tissue with open alveolar spaces,0.7504103921525013,0.7439716195471571,0.04217880534420436,0.04556560615347543
An H&E image patch of []  tissue.,invasive adenocarcinoma with desmoplastic stroma,empty alveoli lined by flat pneumocytes,0.8936393129566607,0.8899339424854519,0.5020730618651192,0.508519359691363
An H&E image patch of []  tissue.,invasive adenocarcinoma with desmoplastic stroma,normal lung with thin alveolar septa,0.8853323628586658,0.8806334136712753,0.3641282028707875,0.36851427077601534
An H&E image patch of []  tissue.,invasive adenocarcinoma with desmoplastic stroma,intact alveolar spaces,0.8149793753537331,0.8087271199142837,0.28617238417401597,0.28819563564880696
An H&E image patch of []  tissue.,invasive adenocarcinoma with desmoplastic stroma,unremarkable lung parenchyma,0.7958330552898696,0.791495432202111,0.26958244214227045,0.27209234773504315
An H&E image patch of []  tissue.,invasive adenocarcinoma with desmoplastic stroma,normal lung tissue,0.9160245304360792,0.9127085688465815,0.3638015389220794,0.3647437368349011
An H&E image patch of []  tissue.,invasive adenocarcinoma with desmoplastic stroma,alveolar spaces lined by normal epithelium,0.5163860693222083,0.511959141454631,0.36935660267029197,0.3663818115548647
An H&E image patch of []  tissue.,invasive adenocarcinoma with desmoplastic stroma,open alveolar spaces with thin septa,0.7508230086527126,0.7469220367902253,0.14475911478634887,0.14599649158540515
An H&E image patch of []  tissue.,invasive adenocarcinoma with desmoplastic stroma,healthy lung tissue,0.8869282499573666,0.8825975203985031,0.3160361971746631,0.3180832969019939
An H&E image patch of []  tissue.,invasive adenocarcinoma,morphologically normal pneumocytes lining empty alveoli,0.9269744587214614,0.9242684652924074,0.48167474583747444,0.48916497747142235
An H&E image patch of []  tissue.,invasive adenocarcinoma,normal lung parenchyma with patent alveolar spaces,0.7152688288974073,0.706937598578364,0.08883412026240811,0.0942704713680913
An H&E image patch of []  tissue.,invasive adenocarcinoma,thin alveolar walls lined by normal pneumocytes,0.5936627097992403,0.582594527746938,0.038945211690722965,0.03592536245047592
An H&E image patch of []  tissue.,invasive adenocarcinoma,aerated lung tissue with open alveolar spaces,0.665400971628033,0.6575999861747928,0.07042066394307273,0.06688334995429761
An H&E image patch of []  tissue.,invasive adenocarcinoma,empty alveoli lined by flat pneumocytes,0.8410218323846902,0.8379373380912278,0.4272860042902475,0.4315020154225279
An H&E image patch of []  tissue.,invasive adenocarcinoma,normal lung with thin alveolar septa,0.834601417486174,0.8300687719759677,0.3181615965396354,0.3221057934488222
An H&E image patch of []  tissue.,invasive adenocarcinoma,intact alveolar spaces,0.7464653467222588,0.7378971269701974,0.2710666486857449,0.2766562271686414
An H&E image patch of []  tissue.,invasive adenocarcinoma,unremarkable lung parenchyma,0.7150536850438979,0.7107767911862618,0.19718181684377098,0.20057716124671732
An H&E image patch of []  tissue.,invasive adenocarcinoma,normal lung tissue,0.8760030366465404,0.8724757827048344,0.46115408270334546,0.46287947213954045
An H&E image patch of []  tissue.,invasive adenocarcinoma,alveolar spaces lined by normal epithelium,0.37284256808357613,0.36577991450289526,0.43485644751457697,0.43435623938011303
An H&E image patch of []  tissue.,invasive adenocarcinoma,open alveolar spaces with thin septa,0.666427549287838,0.6598647490092637,0.05005953632811806,0.05012611506666724
An H&E image patch of []  tissue.,invasive adenocarcinoma,healthy lung tissue,0.8348872049752891,0.8299507519142433,0.3859992942022942,0.3896975581776185
An H&E image patch of []  tissue.,neoplastic epithelial cells continuously lining alveolar walls in a lepidic pattern,morphologically normal pneumocytes lining empty alveoli,0.9688709128640619,0.9700014078107363,0.6034516702224197,0.6126686458497174
An H&E image patch of []  tissue.,neoplastic epithelial cells continuously lining alveolar walls in a lepidic pattern,normal lung parenchyma with patent alveolar spaces,0.8232641643578761,0.8198990675572123,0.3204450880653829,0.320818406421292
An H&E image patch of []  tissue.,neoplastic epithelial cells continuously lining alveolar walls in a lepidic pattern,thin alveolar walls lined by normal pneumocytes,0.6070295566380715,0.6043309569150904,0.30572499070004167,0.3002350641352281
An H&E image patch of []  tissue.,neoplastic epithelial cells continuously lining alveolar walls in a lepidic pattern,aerated lung tissue with open alveolar spaces,0.7488206837974394,0.7464322956840906,0.1059057571743536,0.10242910047289634
An H&E image patch of []  tissue.,neoplastic epithelial cells continuously lining alveolar walls in a lepidic pattern,empty alveoli lined by flat pneumocytes,0.9014158385090609,0.9025725422954396,0.510777797623488,0.5193103942602625
An H&E image patch of []  tissue.,neoplastic epithelial cells continuously lining alveolar walls in a lepidic pattern,normal lung with thin alveolar septa,0.8701644946323195,0.8732703527703946,0.495882416430161,0.49232234400905517
An H&E image patch of []  tissue.,neoplastic epithelial cells continuously lining alveolar walls in a lepidic pattern,intact alveolar spaces,0.8022170567925401,0.7967506548005925,0.5024322095829888,0.5030842603509437
An H&E image patch of []  tissue.,neoplastic epithelial cells continuously lining alveolar walls in a lepidic pattern,unremarkable lung parenchyma,0.8271204006462142,0.8274469141547361,0.5097914916897918,0.510884569063788
An H&E image patch of []  tissue.,neoplastic epithelial cells continuously lining alveolar walls in a lepidic pattern,normal lung tissue,0.913173452162931,0.9151807519395333,0.6278725886751928,0.622618684673217
An H&E image patch of []  tissue.,neoplastic epithelial cells continuously lining alveolar walls in a lepidic pattern,alveolar spaces lined by normal epithelium,0.24219748253269174,0.23937806799472955,0.511905277471293,0.5174319681202633
An H&E image patch of []  tissue.,neoplastic epithelial cells continuously lining alveolar walls in a lepidic pattern,open alveolar spaces with thin septa,0.7189464171113302,0.7200220613215381,0.18662039245087964,0.17611771844090396
An H&E image patch of []  tissue.,neoplastic epithelial cells continuously lining alveolar walls in a lepidic pattern,healthy lung tissue,0.8894457584572584,0.8884903885304732,0.5978152510469622,0.5945969053524672
An H&E image patch of []  tissue.,solid sheets of tumor cells replacing alveoli,morphologically normal pneumocytes lining empty alveoli,0.7317505863627713,0.7215765962845598,0.0961398123186152,0.10282765698868057
An H&E image patch of []  tissue.,solid sheets of tumor cells replacing alveoli,normal lung parenchyma with patent alveolar spaces,0.2705231501047503,0.26723830526563364,0.4316297739222334,0.42907593472934785
An H&E image patch of []  tissue.,solid sheets of tumor cells replacing alveoli,thin alveolar walls lined by normal pneumocytes,0.10568712160344164,0.10078601361108512,0.5365922328685582,0.5321718406402011
An H&E image patch of []  tissue.,solid sheets of tumor cells replacing alveoli,aerated lung tissue with open alveolar spaces,0.20631265760945233,0.19949217653440832,0.5185637418098271,0.5164596871800066
An H&E image patch of []  tissue.,solid sheets of tumor cells replacing alveoli,empty alveoli lined by flat pneumocytes,0.5833034282141206,0.5673736068363964,0.013603377138221861,0.022916060019407786
An H&E image patch of []  tissue.,solid sheets of tumor cells replacing alveoli,normal lung with thin alveolar septa,0.3024270516930169,0.29770632225040655,0.3359967994173754,0.3355493257691684
An H&E image patch of []  tissue.,solid sheets of tumor cells replacing alveoli,intact alveolar spaces,0.1995166162893102,0.19550381499849526,0.35809929406701146,0.3582354004127022
An H&E image patch of []  tissue.,solid sheets of tumor cells replacing alveoli,unremarkable lung parenchyma,0.24295928043175413,0.24209118061368745,0.2976271270741138,0.2979153716105534
An H&E image patch of []  tissue.,solid sheets of tumor cells replacing alveoli,normal lung tissue,0.42504335418453354,0.41933008440963415,0.2587387281614857,0.25474663124147956
An H&E image patch of []  tissue.,solid sheets of tumor cells replacing alveoli,alveolar spaces lined by normal epithelium,0.08710409700133213,0.07947239131406066,0.7504535259968544,0.7468312659825292
An H&E image patch of []  tissue.,solid sheets of tumor cells replacing alveoli,open alveolar spaces with thin septa,0.1914681848251704,0.19140738080606015,0.40038056716508474,0.40282714311143997
An H&E image patch of []  tissue.,solid sheets of tumor cells replacing alveoli,healthy lung tissue,0.3398395091935586,0.3296484519561404,0.37703447516452027,0.37054963773222127
An H&E image patch of []  tissue.,adenocarcinoma cells forming glands,morphologically normal pneumocytes lining empty alveoli,0.8895096466664855,0.8841051845370115,0.29853566169281814,0.31034679954651107
An H&E image patch of []  tissue.,adenocarcinoma cells forming glands,normal lung parenchyma with patent alveolar spaces,0.5221650070561252,0.5152097090046778,0.1839098848028725,0.19209220192237628
An H&E image patch of []  tissue.,adenocarcinoma cells forming glands,thin alveolar walls lined by normal pneumocytes,0.32871451650507194,0.319673101289032,0.3465321122332955,0.35024625997147585
An H&E image patch of []  tissue.,adenocarcinoma cells forming glands,aerated lung tissue with open alveolar spaces,0.4615356731823578,0.45464299352828563,0.35983548947534444,0.3625015336525407
An H&E image patch of []  tissue.,adenocarcinoma cells forming glands,empty alveoli lined by flat pneumocytes,0.7718002964149282,0.7657946248605888,0.281661039839575,0.282588960403922
An H&E image patch of []  tissue.,adenocarcinoma cells forming glands,normal lung with thin alveolar septa,0.6464999476866372,0.6397798420048574,0.10753330267157367,0.11411227071662952
An H&E image patch of []  tissue.,adenocarcinoma cells forming glands,intact alveolar spaces,0.5159865929501359,0.509969238913912,0.11396922441266075,0.11902510733911446
An H&E image patch of []  tissue.,adenocarcinoma cells forming glands,unremarkable lung parenchyma,0.5069506746776138,0.5049404462338534,0.07246391273698141,0.07560056170131649
An H&E image patch of []  tissue.,adenocarcinoma cells forming glands,normal lung tissue,0.7643488139695627,0.7580393580045842,0.08331615282455472,0.0749069691926644
An H&E image patch of []  tissue.,adenocarcinoma cells forming glands,alveolar spaces lined by normal epithelium,0.19489981785063754,0.19170567651206882,0.4754361449333833,0.478086078105475
An H&E image patch of []  tissue.,adenocarcinoma cells forming glands,open alveolar spaces with thin septa,0.42814236484410206,0.42697588765838923,0.21429932259556497,0.22462862801133873
An H&E image patch of []  tissue.,adenocarcinoma cells forming glands,healthy lung tissue,0.7005589703412067,0.6919098090688302,0.0032403399490183054,0.0020336596185826076
An H&E image patch of []  tissue.,tumor cells replacing normal alveolar architecture,morphologically normal pneumocytes lining empty alveoli,0.9497703155031268,0.9464455729410346,0.5114154527133032,0.526034357451728
An H&E image patch of []  tissue.,tumor cells replacing normal alveolar architecture,normal lung parenchyma with patent alveolar spaces,0.6645220659411998,0.6548237328228123,0.025741520607967326,0.03691828148700382
An H&E image patch of []  tissue.,tumor cells replacing normal alveolar architecture,thin alveolar walls lined by normal pneumocytes,0.43455301732766866,0.4214835290358857,0.13862495433223718,0.12965095583306377
An H&E image patch of []  tissue.,tumor cells replacing normal alveolar architecture,aerated lung tissue with open alveolar spaces,0.5650545500680074,0.5535013601812113,0.1943048142507491,0.18498846362274404
An H&E image patch of []  tissue.,tumor cells replacing normal alveolar architecture,empty alveoli lined by flat pneumocytes,0.8696986997451887,0.8642148420343624,0.448441063563812,0.45939464733028645
An H&E image patch of []  tissue.,tumor cells replacing normal alveolar architecture,normal lung with thin alveolar septa,0.7854168468800228,0.7822509207672316,0.3070816602782634,0.31628603225584356
An H&E image patch of []  tissue.,tumor cells replacing normal alveolar architecture,intact alveolar spaces,0.7129826937509834,0.7053294066372797,0.35141319598552406,0.3646430879176384
An H&E image patch of []  tissue.,tumor cells replacing normal alveolar architecture,unremarkable lung parenchyma,0.6287450394986485,0.624478583152299,0.18578549586170143,0.19294255413105976
An H&E image patch of []  tissue.,tumor cells replacing normal alveolar architecture,normal lung tissue,0.9065298198525504,0.9047318457747553,0.5691634700615774,0.5730670772901071
An H&E image patch of []  tissue.,tumor cells replacing normal alveolar architecture,alveolar spaces lined by normal epithelium,0.20294293559524781,0.19725708731545666,0.6724083318834417,0.6673354308610673
An H&E image patch of []  tissue.,tumor cells replacing normal alveolar architecture,open alveolar spaces with thin septa,0.5502360691986334,0.5461769930005673,0.01817862339390062,0.01511019029325711
An H&E image patch of []  tissue.,tumor cells replacing normal alveolar architecture,healthy lung tissue,0.8611102872786259,0.8568100526116575,0.5000623704131186,0.507061763668426
An H&E image patch of []  tissue.,atypical epithelial cells lining distorted alveoli,morphologically normal pneumocytes lining empty alveoli,0.90186169665005,0.8928230314464455,0.3723047939807856,0.385945313388972
An H&E image patch of []  tissue.,atypical epithelial cells lining distorted alveoli,normal lung parenchyma with patent alveolar spaces,0.4511524592635432,0.4480415835257482,0.11165496463744363,0.11601385006035429
An H&E image patch of []  tissue.,atypical epithelial cells lining distorted alveoli,thin alveolar walls lined by normal pneumocytes,0.19350025003315927,0.1896605152924495,0.2773394476719118,0.2787524230706729
An H&E image patch of []  tissue.,atypical epithelial cells lining distorted alveoli,aerated lung tissue with open alveolar spaces,0.3661738088823971,0.36357272859853706,0.297709146376966,0.304473953948213
An H&E image patch of []  tissue.,atypical epithelial cells lining distorted alveoli,empty alveoli lined by flat pneumocytes,0.8088854452691008,0.8017577402192981,0.3264768112590409,0.33582504319900625
An H&E image patch of []  tissue.,atypical epithelial cells lining distorted alveoli,normal lung with thin alveolar septa,0.5523702072515383,0.5477214541083205,0.010636122187688975,0.004726328311963395
An H&E image patch of []  tissue.,atypical epithelial cells lining distorted alveoli,intact alveolar spaces,0.43420210588059865,0.43544778918919375,0.0055163948449296575,0.008993539985306477
An H&E image patch of []  tissue.,atypical epithelial cells lining distorted alveoli,unremarkable lung parenchyma,0.4312889106380665,0.43082738807272397,0.003733725516571779,0.0005093585586760252
An H&E image patch of []  tissue.,atypical epithelial cells lining distorted alveoli,normal lung tissue,0.7185757748762398,0.7124123384916531,0.18840290225525014,0.1896172935567824
An H&E image patch of []  tissue.,atypical epithelial cells lining distorted alveoli,alveolar spaces lined by normal epithelium,0.15213796887396105,0.15517703430758895,0.5275504800246759,0.5330284402925313
An H&E image patch of []  tissue.,atypical epithelial cells lining distorted alveoli,open alveolar spaces with thin septa,0.3671727057706994,0.37149238054051503,0.07411076526081233,0.08498926856873253
An H&E image patch of []  tissue.,atypical epithelial cells lining distorted alveoli,healthy lung tissue,0.6437722383281473,0.6340122437384035,0.1139670928033822,0.1163621702206581
An H&E image patch of []  tissue.,malignant epithelium with enlarged hyperchromatic nuclei,morphologically normal pneumocytes lining empty alveoli,0.8948010815272865,0.8872345707736805,0.28875742557372547,0.2991717887293117
An H&E image patch of []  tissue.,malignant epithelium with enlarged hyperchromatic nuclei,normal lung parenchyma with patent alveolar spaces,0.6038094014115546,0.5988790201637275,0.13970930562890438,0.13584426729089893
An H&E image patch of []  tissue.,malignant epithelium with enlarged hyperchromatic nuclei,thin alveolar walls lined by normal pneumocytes,0.4596876933431864,0.45088359091211805,0.31782145896814795,0.3144051990146886
An H&E image patch of []  tissue.,malignant epithelium with enlarged hyperchromatic nuclei,aerated lung tissue with open alveolar spaces,0.5590714254526342,0.5533725918638656,0.2909313465393221,0.2889529828287201
An H&E image patch of []  tissue.,malignant epithelium with enlarged hyperchromatic nuclei,empty alveoli lined by flat pneumocytes,0.8193764164769792,0.8119274446380536,0.24387525675363686,0.24977105514662276
An H&E image patch of []  tissue.,malignant epithelium with enlarged hyperchromatic nuclei,normal lung with thin alveolar septa,0.7120277895173907,0.7058452386070598,0.029849230800828918,0.03075920497121905
An H&E image patch of []  tissue.,malignant epithelium with enlarged hyperchromatic nuclei,intact alveolar spaces,0.6190175138548029,0.6130071596027444,0.03178260992666505,0.030006890217094264
An H&E image patch of []  tissue.,malignant epithelium with enlarged hyperchromatic nuclei,unremarkable lung parenchyma,0.5983712007935155,0.5965903582667573,0.037024885941210735,0.034895227373563965
An H&E image patch of []  tissue.,malignant epithelium with enlarged hyperchromatic nuclei,normal lung tissue,0.8114317055227258,0.8048883909566285,0.12103958943426642,0.12509130843859836
An H&E image patch of []  tissue.,malignant epithelium with enlarged hyperchromatic nuclei,alveolar spaces lined by normal epithelium,0.3500636822511058,0.34760726969860206,0.5200219966065688,0.519738902640929
An H&E image patch of []  tissue.,malignant epithelium with enlarged hyperchromatic nuclei,open alveolar spaces with thin septa,0.5525027207067824,0.5500996426521131,0.12330870129540758,0.1267401249580805
An H&E image patch of []  tissue.,malignant epithelium with enlarged hyperchromatic nuclei,healthy lung tissue,0.7557588774129024,0.7483819449537572,0.03838938936368773,0.04390853759914863
An H&E image patch of []  tissue.,solid tumor growth pattern,morphologically normal pneumocytes lining empty alveoli,0.9354943283252557,0.9311253887285783,0.3624090034366097,0.3729500306267417
An H&E image patch of []  tissue.,solid tumor growth pattern,normal lung parenchyma with patent alveolar spaces,0.7841000742273069,0.7732070434372837,0.1956838244067881,0.20622466453453403
An H&E image patch of []  tissue.,solid tumor growth pattern,thin alveolar walls lined by normal pneumocytes,0.6705696554485397,0.6595921648167022,0.11257076955888755,0.12525109189047204
An H&E image patch of []  tissue.,solid tumor growth pattern,aerated lung tissue with open alveolar spaces,0.7336875813019684,0.7250125817815802,0.06963864381086922,0.08083157244239142
An H&E image patch of []  tissue.,solid tumor growth pattern,empty alveoli lined by flat pneumocytes,0.8739086073194221,0.8687851267746213,0.3363760367689221,0.3450082677024277
An H&E image patch of []  tissue.,solid tumor growth pattern,normal lung with thin alveolar septa,0.8749052386683901,0.8677958657572378,0.3414688698693173,0.3517505747381859
An H&E image patch of []  tissue.,solid tumor growth pattern,intact alveolar spaces,0.8367311892269074,0.829130470335236,0.41084933076834507,0.4224071786599369
An H&E image patch of []  tissue.,solid tumor growth pattern,unremarkable lung parenchyma,0.7830645167934133,0.7752869362750676,0.2598368364372818,0.2721731625993451
An H&E image patch of []  tissue.,solid tumor growth pattern,normal lung tissue,0.9261131418581872,0.9213653825240951,0.5290497461595427,0.5393756926722997
An H&E image patch of []  tissue.,solid tumor growth pattern,alveolar spaces lined by normal epithelium,0.42969841964214367,0.41562884882388795,0.27155703366738376,0.2693230541982902
An H&E image patch of []  tissue.,solid tumor growth pattern,open alveolar spaces with thin septa,0.7719820338611628,0.7608910598960243,0.2199710504270518,0.23094939850374005
An H&E image patch of []  tissue.,solid tumor growth pattern,healthy lung tissue,0.8935133077780496,0.8883973634318211,0.49072350456468095,0.5015284975193592
An H&E image patch of []  tissue.,gland-forming malignant epithelium,morphologically normal pneumocytes lining empty alveoli,0.9570691829806095,0.9570249755740622,0.4208610037146165,0.43337081310888115
An H&E image patch of []  tissue.,gland-forming malignant epithelium,normal lung parenchyma with patent alveolar spaces,0.7997014842989886,0.7953075644958563,0.2586050944808962,0.2720839712450523
An H&E image patch of []  tissue.,gland-forming malignant epithelium,thin alveolar walls lined by normal pneumocytes,0.6858927337150973,0.6835308061866117,0.20618621669772239,0.2154717330180566
An H&E image patch of []  tissue.,gland-forming malignant epithelium,aerated lung tissue with open alveolar spaces,0.7487336047037539,0.7457778744418283,0.1798848244913082,0.19169457366134204
An H&E image patch of []  tissue.,gland-forming malignant epithelium,empty alveoli lined by flat pneumocytes,0.8957965595107753,0.8983544209893621,0.3884777668357348,0.39778564702943026
An H&E image patch of []  tissue.,gland-forming malignant epithelium,normal lung with thin alveolar septa,0.8945640649212951,0.8946117940819683,0.3735424415866986,0.38994149845663384
An H&E image patch of []  tissue.,gland-forming malignant epithelium,intact alveolar spaces,0.822047034244245,0.8188971615332155,0.39378688021467,0.4075476264867669
An H&E image patch of []  tissue.,gland-forming malignant epithelium,unremarkable lung parenchyma,0.8013166078862188,0.8009687761066699,0.31110266444005813,0.32228421330413587
An H&E image patch of []  tissue.,gland-forming malignant epithelium,normal lung tissue,0.924532124935844,0.9261043095025538,0.5422900322351661,0.5516966358617117
An H&E image patch of []  tissue.,gland-forming malignant epithelium,alveolar spaces lined by normal epithelium,0.45250070231719364,0.44984973517141147,0.2366016357745764,0.23587393046505153
An H&E image patch of []  tissue.,gland-forming malignant epithelium,open alveolar spaces with thin septa,0.7555705493067861,0.7522782929915472,0.2153184731786182,0.22752679993889716
An H&E image patch of []  tissue.,gland-forming malignant epithelium,healthy lung tissue,0.8891250404707708,0.8900807931622549,0.4976890281076926,0.5094603591940915
An H&E image patch of []  tissue.,carcinoma cells,morphologically normal pneumocytes lining empty alveoli,0.7994540462120594,0.789553833586655,0.10180871594065169,0.10698362424101376
An H&E image patch of []  tissue.,carcinoma cells,normal lung parenchyma with patent alveolar spaces,0.4095393623042265,0.4065662147341303,0.3144034277574456,0.31832807997518714
An H&E image patch of []  tissue.,carcinoma cells,thin alveolar walls lined by normal pneumocytes,0.21882407798727838,0.21453088289965175,0.4596474690976728,0.45637003946106286
An H&E image patch of []  tissue.,carcinoma cells,aerated lung tissue with open alveolar spaces,0.3549928779681655,0.34980581484844114,0.3914961979794075,0.39094535118567725
An H&E image patch of []  tissue.,carcinoma cells,empty alveoli lined by flat pneumocytes,0.6968333115017725,0.6824221341567762,0.06828586803826518,0.07352136194024353
An H&E image patch of []  tissue.,carcinoma cells,normal lung with thin alveolar septa,0.4706695039457457,0.4670997581431735,0.280744833365612,0.2818849945112759
An H&E image patch of []  tissue.,carcinoma cells,intact alveolar spaces,0.37372390407624073,0.3734530309659352,0.3116968164986483,0.31579276730371375
An H&E image patch of []  tissue.,carcinoma cells,unremarkable lung parenchyma,0.3858279392901365,0.38544353203696724,0.20930087008778572,0.21429713860219843
An H&E image patch of []  tissue.,carcinoma cells,normal lung tissue,0.6199780613409192,0.6131106379068636,0.18209691649058696,0.18263309247505807
An H&E image patch of []  tissue.,carcinoma cells,alveolar spaces lined by normal epithelium,0.18345563126576095,0.18054005137244686,0.617241502801795,0.6165440111661229
An H&E image patch of []  tissue.,carcinoma cells,open alveolar spaces with thin septa,0.34062964693011183,0.34485120620718085,0.36549191841979806,0.3736784086930075
An H&E image patch of []  tissue.,carcinoma cells,healthy lung tissue,0.5494254180331988,0.5408123910948806,0.2765054644538739,0.2739573225161565
An H&E image patch of []  tissue.,malignant tumor tissue,morphologically normal pneumocytes lining empty alveoli,0.9068768592869401,0.9005125021180386,0.27196406728255784,0.2838097181292305
An H&E image patch of []  tissue.,malignant tumor tissue,normal lung parenchyma with patent alveolar spaces,0.6070724783105502,0.5975612840245516,0.0797339354747951,0.07624032399552479
An H&E image patch of []  tissue.,malignant tumor tissue,thin alveolar walls lined by normal pneumocytes,0.44059072084518625,0.42665613759115995,0.27455142167542596,0.27165839605374253
An H&E image patch of []  tissue.,malignant tumor tissue,aerated lung tissue with open alveolar spaces,0.5496521367331252,0.5398334146828759,0.24973989269752372,0.24616261409584733
An H&E image patch of []  tissue.,malignant tumor tissue,empty alveoli lined by flat pneumocytes,0.8237208558960455,0.8161770520105982,0.2717270709504192,0.2817302879573492
An H&E image patch of []  tissue.,malignant tumor tissue,normal lung with thin alveolar septa,0.7299701607873862,0.7206159129821225,0.05484630213454693,0.06020025338326034
An H&E image patch of []  tissue.,malignant tumor tissue,intact alveolar spaces,0.6392788499957572,0.6320503288123219,0.03588375940436914,0.04603771253690021
An H&E image patch of []  tissue.,malignant tumor tissue,unremarkable lung parenchyma,0.5975273079873031,0.5893817771966695,0.018053719735160297,0.021865707232313743
An H&E image patch of []  tissue.,malignant tumor tissue,normal lung tissue,0.8553195687401707,0.8486662468524471,0.26224726385400626,0.2706087419169982
An H&E image patch of []  tissue.,malignant tumor tissue,alveolar spaces lined by normal epithelium,0.2721163597478743,0.2663553887538683,0.5144155677295978,0.5130966698000988
An H&E image patch of []  tissue.,malignant tumor tissue,open alveolar spaces with thin septa,0.5465568745113644,0.5418748245505333,0.11626231780737668,0.11771974947459093
An H&E image patch of []  tissue.,malignant tumor tissue,healthy lung tissue,0.794182053797909,0.7855469260410424,0.1881472547239733,0.19882973281262192
An H&E image patch of []  tissue.,dense cellular tumor with loss of alveolar spaces,morphologically normal pneumocytes lining empty alveoli,0.9477444702304012,0.9456519723259815,0.6195831504578982,0.6294665456875433
An H&E image patch of []  tissue.,dense cellular tumor with loss of alveolar spaces,normal lung parenchyma with patent alveolar spaces,0.758922888455553,0.7513540694581783,0.1900034554283391,0.20109026120467913
An H&E image patch of []  tissue.,dense cellular tumor with loss of alveolar spaces,thin alveolar walls lined by normal pneumocytes,0.5461733804895048,0.5354393591847848,0.04438829568348997,0.052192504923450275
An H&E image patch of []  tissue.,dense cellular tumor with loss of alveolar spaces,aerated lung tissue with open alveolar spaces,0.6810070363532561,0.6725632018505545,0.042946537362471025,0.034264407961608796
An H&E image patch of []  tissue.,dense cellular tumor with loss of alveolar spaces,empty alveoli lined by flat pneumocytes,0.8614231376648798,0.858501785896434,0.580299082439229,0.5875667887925454
An H&E image patch of []  tissue.,dense cellular tumor with loss of alveolar spaces,normal lung with thin alveolar septa,0.8605817987393716,0.8562588567733821,0.5289766991739204,0.5342981788853269
An H&E image patch of []  tissue.,dense cellular tumor with loss of alveolar spaces,intact alveolar spaces,0.8153489466065929,0.8113074599638016,0.5512339440910301,0.5610166203682546
An H&E image patch of []  tissue.,dense cellular tumor with loss of alveolar spaces,unremarkable lung parenchyma,0.7549143255407018,0.7523960180031174,0.3774047976737062,0.3837911058266543
An H&E image patch of []  tissue.,dense cellular tumor with loss of alveolar spaces,normal lung tissue,0.9136917251793689,0.9113939939590588,0.6108612361094176,0.6125979277676792
An H&E image patch of []  tissue.,dense cellular tumor with loss of alveolar spaces,alveolar spaces lined by normal epithelium,0.21762964445861435,0.210059355661043,0.6287035015389444,0.6238697017944662
An H&E image patch of []  tissue.,dense cellular tumor with loss of alveolar spaces,open alveolar spaces with thin septa,0.7302486573590072,0.7198223123670694,0.1863591847693072,0.19313022684118317
An H&E image patch of []  tissue.,dense cellular tumor with loss of alveolar spaces,healthy lung tissue,0.8669339591164891,0.8632239793161411,0.552499283097809,0.5560131506397862
An H&E image patch of []  tissue.,invasive malignant epithelium,morphologically normal pneumocytes lining empty alveoli,0.9333140144615555,0.9297189267929987,0.3920111236099018,0.4035214037567252
An H&E image patch of []  tissue.,invasive malignant epithelium,normal lung parenchyma with patent alveolar spaces,0.7233412750784907,0.714215432134671,0.11871636954994616,0.12833522307750928
An H&E image patch of []  tissue.,invasive malignant epithelium,thin alveolar walls lined by normal pneumocytes,0.6050893899438063,0.5930729810771691,0.029996384513930965,0.018366449163734817
An H&E image patch of []  tissue.,invasive malignant epithelium,aerated lung tissue with open alveolar spaces,0.6698894581571362,0.6613402105309301,0.00943504316912614,0.0021321324404901957
An H&E image patch of []  tissue.,invasive malignant epithelium,empty alveoli lined by flat pneumocytes,0.8636052227684231,0.8607477498210732,0.34711143371048286,0.3556519239895371
An H&E image patch of []  tissue.,invasive malignant epithelium,normal lung with thin alveolar septa,0.8380549644557475,0.8308118347145895,0.2603622894527984,0.2685994152822001
An H&E image patch of []  tissue.,invasive malignant epithelium,intact alveolar spaces,0.7490944433322706,0.740132174039127,0.2624639938773907,0.27428712846996645
An H&E image patch of []  tissue.,invasive malignant epithelium,unremarkable lung parenchyma,0.7320453124343509,0.7254863901793821,0.20745866272815872,0.21835676579666657
An H&E image patch of []  tissue.,invasive malignant epithelium,normal lung tissue,0.8930566162398802,0.8894042431584191,0.4251259395813959,0.4316971596238183
An H&E image patch of []  tissue.,invasive malignant epithelium,alveolar spaces lined by normal epithelium,0.3828204976112977,0.3756718502763777,0.43508987578671066,0.43469501454886367
An H&E image patch of []  tissue.,invasive malignant epithelium,open alveolar spaces with thin septa,0.6757771417790992,0.6689874890304568,0.09144425941587973,0.09914993631968064
An H&E image patch of []  tissue.,invasive malignant epithelium,healthy lung tissue,0.8490425006940788,0.8430393875095996,0.36742243206259434,0.3764881836699124
a histopathology image of []  tissue,invasive adenocarcinoma with desmoplastic stroma,morphologically normal pneumocytes lining empty alveoli,0.9688020404682993,0.9674401195711826,0.5861397153201766,0.59490061952112
a histopathology image of []  tissue,invasive adenocarcinoma with desmoplastic stroma,normal lung parenchyma with patent alveolar spaces,0.7901813172916672,0.7854609399960716,0.2288362439423973,0.23456037634333923
a histopathology image of []  tissue,invasive adenocarcinoma with desmoplastic stroma,thin alveolar walls lined by normal pneumocytes,0.819923358863902,0.816793959733241,0.4025078768257644,0.41057282053851246
a histopathology image of []  tissue,invasive adenocarcinoma with desmoplastic stroma,aerated lung tissue with open alveolar spaces,0.837168273551929,0.8338283853422456,0.3308409964737644,0.33887749245200316
a histopathology image of []  tissue,invasive adenocarcinoma with desmoplastic stroma,empty alveoli lined by flat pneumocytes,0.9228034772321535,0.9216561755261798,0.47650242294168343,0.48484311517109085
a histopathology image of []  tissue,invasive adenocarcinoma with desmoplastic stroma,normal lung with thin alveolar septa,0.9087248391261115,0.9031867945666936,0.3697141268946526,0.3805743173717809
a histopathology image of []  tissue,invasive adenocarcinoma with desmoplastic stroma,intact alveolar spaces,0.8104017089581073,0.8037291389003396,0.3250867587207449,0.3313973627165277
a histopathology image of []  tissue,invasive adenocarcinoma with desmoplastic stroma,unremarkable lung parenchyma,0.7418517612302785,0.7374803475522218,0.15164264987705692,0.1552529692380972
a histopathology image of []  tissue,invasive adenocarcinoma with desmoplastic stroma,normal lung tissue,0.9070997883574345,0.9011920869234614,0.43755861777589966,0.4445602958330985
a histopathology image of []  tissue,invasive adenocarcinoma with desmoplastic stroma,alveolar spaces lined by normal epithelium,0.5030844700162048,0.5038144505449577,0.30070628576214364,0.3007268248059259
a histopathology image of []  tissue,invasive adenocarcinoma with desmoplastic stroma,open alveolar spaces with thin septa,0.7790297148139086,0.7746665722506173,0.2821418741943648,0.2874860383001017
a histopathology image of []  tissue,invasive adenocarcinoma with desmoplastic stroma,healthy lung tissue,0.8617654400624795,0.8554739812128922,0.327824754062234,0.3343392414035135
a histopathology image of []  tissue,invasive adenocarcinoma,morphologically normal pneumocytes lining empty alveoli,0.9634484886381143,0.9638000858174449,0.5542993788341627,0.5601458690667828
a histopathology image of []  tissue,invasive adenocarcinoma,normal lung parenchyma with patent alveolar spaces,0.7924644042578958,0.7896712213980488,0.25600041726299105,0.2646646667945825
a histopathology image of []  tissue,invasive adenocarcinoma,thin alveolar walls lined by normal pneumocytes,0.7354736913215014,0.7354208553251074,0.45261322937693066,0.4549057383689286
a histopathology image of []  tissue,invasive adenocarcinoma,aerated lung tissue with open alveolar spaces,0.8164478979502224,0.8211317449519027,0.41463663403474177,0.4256178510932595
a histopathology image of []  tissue,invasive adenocarcinoma,empty alveoli lined by flat pneumocytes,0.8854782635917943,0.8879783500626771,0.4884940488868949,0.4891266170093051
a histopathology image of []  tissue,invasive adenocarcinoma,normal lung with thin alveolar septa,0.9034737308654608,0.9032980284748688,0.4918666699410909,0.5112835730511894
a histopathology image of []  tissue,invasive adenocarcinoma,intact alveolar spaces,0.8295988594863075,0.8264846713014831,0.4565627639684749,0.46532026515656083
a histopathology image of []  tissue,invasive adenocarcinoma,unremarkable lung parenchyma,0.7203674869566722,0.7185825537686756,0.17713411615441726,0.17951388453652567
a histopathology image of []  tissue,invasive adenocarcinoma,normal lung tissue,0.9123119293415354,0.9100407253512993,0.5346088213477005,0.5435182231586291
a histopathology image of []  tissue,invasive adenocarcinoma,alveolar spaces lined by normal epithelium,0.37127362030714123,0.3734797119298893,0.2977748393499797,0.2997955864334487
a histopathology image of []  tissue,invasive adenocarcinoma,open alveolar spaces with thin septa,0.7698317074999238,0.7670437407638764,0.337510248734181,0.3452423783959557
a histopathology image of []  tissue,invasive adenocarcinoma,healthy lung tissue,0.8705948647225867,0.868539265696036,0.4624186978712689,0.4688204992896487
a histopathology image of []  tissue,neoplastic epithelial cells continuously lining alveolar walls in a lepidic pattern,morphologically normal pneumocytes lining empty alveoli,0.9677722498618021,0.9679820845546302,0.6336115853702087,0.6430617961705722
a histopathology image of []  tissue,neoplastic epithelial cells continuously lining alveolar walls in a lepidic pattern,normal lung parenchyma with patent alveolar spaces,0.8081640563534374,0.799972518185627,0.32125417501115283,0.3267736648426546
a histopathology image of []  tissue,neoplastic epithelial cells continuously lining alveolar walls in a lepidic pattern,thin alveolar walls lined by normal pneumocytes,0.7411440891254936,0.7350606833867374,0.617670593236977,0.6214862149513656
a histopathology image of []  tissue,neoplastic epithelial cells continuously lining alveolar walls in a lepidic pattern,aerated lung tissue with open alveolar spaces,0.8402238682395277,0.8391042614515287,0.4826119173200399,0.4894180186524829
a histopathology image of []  tissue,neoplastic epithelial cells continuously lining alveolar walls in a lepidic pattern,empty alveoli lined by flat pneumocytes,0.8879865451678518,0.8864546267657698,0.503569022941647,0.5125346174246936
a histopathology image of []  tissue,neoplastic epithelial cells continuously lining alveolar walls in a lepidic pattern,normal lung with thin alveolar septa,0.913855791418796,0.9109410498221691,0.4819733847564767,0.4942059071590327
a histopathology image of []  tissue,neoplastic epithelial cells continuously lining alveolar walls in a lepidic pattern,intact alveolar spaces,0.7730785137073368,0.766682135724757,0.3783813241189973,0.37825318919903617
a histopathology image of []  tissue,neoplastic epithelial cells continuously lining alveolar walls in a lepidic pattern,unremarkable lung parenchyma,0.7195546114435275,0.7146774806763224,0.20381116118625167,0.20494164257415173
a histopathology image of []  tissue,neoplastic epithelial cells continuously lining alveolar walls in a lepidic pattern,normal lung tissue,0.9069334565786731,0.9046002112559105,0.5701763452143361,0.5726749966680615
a histopathology image of []  tissue,neoplastic epithelial cells continuously lining alveolar walls in a lepidic pattern,alveolar spaces lined by normal epithelium,0.2735593435373225,0.2668170579453213,0.44504859345882436,0.4476732824162814
a histopathology image of []  tissue,neoplastic epithelial cells continuously lining alveolar walls in a lepidic pattern,open alveolar spaces with thin septa,0.748568302715599,0.7429047603391896,0.35660258804805184,0.35493699547946705
a histopathology image of []  tissue,neoplastic epithelial cells continuously lining alveolar walls in a lepidic pattern,healthy lung tissue,0.8677850604569469,0.8634391551786782,0.47969106527337807,0.48136037655488745
a histopathology image of []  tissue,solid sheets of tumor cells replacing alveoli,morphologically normal pneumocytes lining empty alveoli,0.8523733790066063,0.8431820231841981,0.34605969696481625,0.35457327221475937
a histopathology image of []  tissue,solid sheets of tumor cells replacing alveoli,normal lung parenchyma with patent alveolar spaces,0.31826832059276394,0.3154752119935359,0.48694771440367,0.48204008109118895
a histopathology image of []  tissue,solid sheets of tumor cells replacing alveoli,thin alveolar walls lined by normal pneumocytes,0.16124210047625756,0.1536126783894308,0.49939551013137773,0.49281979861746106
a histopathology image of []  tissue,solid sheets of tumor cells replacing alveoli,aerated lung tissue with open alveolar spaces,0.26894711736894267,0.26333049242184753,0.5402204098928591,0.5352766707760451
a histopathology image of []  tissue,solid sheets of tumor cells replacing alveoli,empty alveoli lined by flat pneumocytes,0.6984221960243492,0.6834507632947492,0.20648754212351864,0.21352756478656207
a histopathology image of []  tissue,solid sheets of tumor cells replacing alveoli,normal lung with thin alveolar septa,0.4366510303260976,0.4279437364645742,0.2775572734931214,0.2773516803371501
a histopathology image of []  tissue,solid sheets of tumor cells replacing alveoli,intact alveolar spaces,0.24964768803770518,0.24389532800725655,0.4246283564831704,0.42428780980835085
a histopathology image of []  tissue,solid sheets of tumor cells replacing alveoli,unremarkable lung parenchyma,0.2629248195188983,0.2594993504681603,0.6106712630567802,0.605564478883083
a histopathology image of []  tissue,solid sheets of tumor cells replacing alveoli,normal lung tissue,0.4232418796891515,0.41037177162443655,0.3732587887700906,0.36703766588301684
a histopathology image of []  tissue,solid sheets of tumor cells replacing alveoli,alveolar spaces lined by normal epithelium,0.09274075886505541,0.08525946289069909,0.7816781566591643,0.7792864803799388
a histopathology image of []  tissue,solid sheets of tumor cells replacing alveoli,open alveolar spaces with thin septa,0.20851187842868782,0.20504582128896454,0.494229473143291,0.4946112730617667
a histopathology image of []  tissue,solid sheets of tumor cells replacing alveoli,healthy lung tissue,0.3037514447962209,0.2913892984466031,0.5758372048062521,0.5676512430165298
a histopathology image of []  tissue,adenocarcinoma cells forming glands,morphologically normal pneumocytes lining empty alveoli,0.9409425385079899,0.9412880540936522,0.46433485316403056,0.4759213181162152
a histopathology image of []  tissue,adenocarcinoma cells forming glands,normal lung parenchyma with patent alveolar spaces,0.5973392682225567,0.5916763822467479,0.09262059190053554,0.10171125557624498
a histopathology image of []  tissue,adenocarcinoma cells forming glands,thin alveolar walls lined by normal pneumocytes,0.5533611953479827,0.546736070892965,0.040375330562735706,0.04041442623385055
a histopathology image of []  tissue,adenocarcinoma cells forming glands,aerated lung tissue with open alveolar spaces,0.6477858266211581,0.6461394373309257,0.022125298442551195,0.022521158500145542
a histopathology image of []  tissue,adenocarcinoma cells forming glands,empty alveoli lined by flat pneumocytes,0.8178498548819078,0.8169496197646512,0.40121417929518627,0.40534671912540804
a histopathology image of []  tissue,adenocarcinoma cells forming glands,normal lung with thin alveolar septa,0.7825473559508304,0.7786567883875003,0.22238191787657638,0.22643404261514055
a histopathology image of []  tissue,adenocarcinoma cells forming glands,intact alveolar spaces,0.5910424693884444,0.5857119433773463,0.06341275114961198,0.06631225337774932
a histopathology image of []  tissue,adenocarcinoma cells forming glands,unremarkable lung parenchyma,0.4985306123794012,0.4965828977128555,0.14697070431765455,0.1538163688424762
a histopathology image of []  tissue,adenocarcinoma cells forming glands,normal lung tissue,0.7894739335282521,0.7837803343171148,0.21936481816024656,0.22131816920915076
a histopathology image of []  tissue,adenocarcinoma cells forming glands,alveolar spaces lined by normal epithelium,0.17990388346395197,0.17941127378209618,0.5036647598782419,0.5065196992191913
a histopathology image of []  tissue,adenocarcinoma cells forming glands,open alveolar spaces with thin septa,0.5167890469823428,0.5127527420696841,0.12770272425962068,0.13596468292644426
a histopathology image of []  tissue,adenocarcinoma cells forming glands,healthy lung tissue,0.6971087598931983,0.6900037007719355,0.011902772543398898,0.010434129428278446
a histopathology image of []  tissue,tumor cells replacing normal alveolar architecture,morphologically normal pneumocytes lining empty alveoli,0.9569823098450454,0.9546468291802916,0.57885539041605,0.587606976855081
a histopathology image of []  tissue,tumor cells replacing normal alveolar architecture,normal lung parenchyma with patent alveolar spaces,0.6638307881028703,0.6542609035784526,0.004728551353300251,0.00534119502396964
a histopathology image of []  tissue,tumor cells replacing normal alveolar architecture,thin alveolar walls lined by normal pneumocytes,0.5863504962354975,0.5762559652818698,0.15132113853751514,0.16022395883348212
a histopathology image of []  tissue,tumor cells replacing normal alveolar architecture,aerated lung tissue with open alveolar spaces,0.6867897637166049,0.681694877676421,0.10322834072556784,0.11692635097767652
a histopathology image of []  tissue,tumor cells replacing normal alveolar architecture,empty alveoli lined by flat pneumocytes,0.8498156262898128,0.844503426375292,0.44486390686005234,0.452309879074365
a histopathology image of []  tissue,tumor cells replacing normal alveolar architecture,normal lung with thin alveolar septa,0.830536133704717,0.8241935647032343,0.34036862830017456,0.35397238751204907
a histopathology image of []  tissue,tumor cells replacing normal alveolar architecture,intact alveolar spaces,0.6589527935747657,0.6499248465106947,0.18035511071923774,0.19161905555000666
a histopathology image of []  tissue,tumor cells replacing normal alveolar architecture,unremarkable lung parenchyma,0.5335345132262186,0.5226935297187161,0.12109777145410329,0.11298710893424678
a histopathology image of []  tissue,tumor cells replacing normal alveolar architecture,normal lung tissue,0.8605280848613366,0.8517246103019712,0.422945232920147,0.4331402510827788
a histopathology image of []  tissue,tumor cells replacing normal alveolar architecture,alveolar spaces lined by normal epithelium,0.15883473837963683,0.153677336523247,0.7354073950770923,0.7301375319569525
a histopathology image of []  tissue,tumor cells replacing normal alveolar architecture,open alveolar spaces with thin septa,0.5967365935680102,0.5892104373570587,0.03903793039324822,0.04832733480930663
a histopathology image of []  tissue,tumor cells replacing normal alveolar architecture,healthy lung tissue,0.7502014270426308,0.7383837068246787,0.203730368033286,0.21631862321582757
a histopathology image of []  tissue,atypical epithelial cells lining distorted alveoli,morphologically normal pneumocytes lining empty alveoli,0.9516287992064846,0.9476202519053918,0.5822325166844988,0.5926853253187098
a histopathology image of []  tissue,atypical epithelial cells lining distorted alveoli,normal lung parenchyma with patent alveolar spaces,0.475835592693924,0.4731242607939884,0.15700268715737933,0.1571579613397754
a histopathology image of []  tissue,atypical epithelial cells lining distorted alveoli,thin alveolar walls lined by normal pneumocytes,0.3646809008443459,0.3581214240975048,0.07231636799155317,0.06951640927445894
a histopathology image of []  tissue,atypical epithelial cells lining distorted alveoli,aerated lung tissue with open alveolar spaces,0.4964884140318444,0.49504463265834286,0.11137716013318591,0.10944976111720608
a histopathology image of []  tissue,atypical epithelial cells lining distorted alveoli,empty alveoli lined by flat pneumocytes,0.8446470660441788,0.8414598154334835,0.434318509357087,0.44283581960448715
a histopathology image of []  tissue,atypical epithelial cells lining distorted alveoli,normal lung with thin alveolar septa,0.6947009446887108,0.6850217367663683,0.15888967597683573,0.162202216881
a histopathology image of []  tissue,atypical epithelial cells lining distorted alveoli,intact alveolar spaces,0.4368550524410568,0.4394736642447264,0.0683913623544001,0.0726379459431908
a histopathology image of []  tissue,atypical epithelial cells lining distorted alveoli,unremarkable lung parenchyma,0.3963977924584727,0.3972642949692263,0.2783791600739743,0.28013973268378856
a histopathology image of []  tissue,atypical epithelial cells lining distorted alveoli,normal lung tissue,0.7078842004582157,0.6973602284193995,0.15814278304360133,0.16058637577454835
a histopathology image of []  tissue,atypical epithelial cells lining distorted alveoli,alveolar spaces lined by normal epithelium,0.10694779126391556,0.10849837174464842,0.7511259366419765,0.7539108162008532
a histopathology image of []  tissue,atypical epithelial cells lining distorted alveoli,open alveolar spaces with thin septa,0.38427472671416885,0.3874156051183615,0.12216360319224155,0.12809680906507395
a histopathology image of []  tissue,atypical epithelial cells lining distorted alveoli,healthy lung tissue,0.5655059690782716,0.5561437450631787,0.06944061101417251,0.06876165069889519
a histopathology image of []  tissue,malignant epithelium with enlarged hyperchromatic nuclei,morphologically normal pneumocytes lining empty alveoli,0.9514591309061581,0.9478699064859611,0.40234687453384477,0.4134335524706452
a histopathology image of []  tissue,malignant epithelium with enlarged hyperchromatic nuclei,normal lung parenchyma with patent alveolar spaces,0.6518389588734586,0.6481611209882663,0.03428385404241657,0.03186489460135624
a histopathology image of []  tissue,malignant epithelium with enlarged hyperchromatic nuclei,thin alveolar walls lined by normal pneumocytes,0.6428675878761516,0.6340650155660031,0.03730796952123721,0.03443198104433263
a histopathology image of []  tissue,malignant epithelium with enlarged hyperchromatic nuclei,aerated lung tissue with open alveolar spaces,0.7097955330154988,0.7065131057063543,0.024240914916398012,0.01973492146356113
a histopathology image of []  tissue,malignant epithelium with enlarged hyperchromatic nuclei,empty alveoli lined by flat pneumocytes,0.8823410682965368,0.8782690081846913,0.3240641180308361,0.3286472288120141
a histopathology image of []  tissue,malignant epithelium with enlarged hyperchromatic nuclei,normal lung with thin alveolar septa,0.8203534406127996,0.8124711799224271,0.13844797885153184,0.14188237086821281
a histopathology image of []  tissue,malignant epithelium with enlarged hyperchromatic nuclei,intact alveolar spaces,0.6716968642464116,0.6665555592085575,0.022391277044449865,0.02310448621105824
a histopathology image of []  tissue,malignant epithelium with enlarged hyperchromatic nuclei,unremarkable lung parenchyma,0.5917894794943975,0.5900550394987857,0.09059339357351312,0.08874369085201901
a histopathology image of []  tissue,malignant epithelium with enlarged hyperchromatic nuclei,normal lung tissue,0.8271332524329833,0.8183280097855491,0.15313059859921443,0.1573363773629058
a histopathology image of []  tissue,malignant epithelium with enlarged hyperchromatic nuclei,alveolar spaces lined by normal epithelium,0.36525070458273295,0.3642691312627557,0.4805873164836783,0.4798796496548917
a histopathology image of []  tissue,malignant epithelium with enlarged hyperchromatic nuclei,open alveolar spaces with thin septa,0.6150735805984154,0.6110018301539571,0.024628293753627076,0.026907143358395603
a histopathology image of []  tissue,malignant epithelium with enlarged hyperchromatic nuclei,healthy lung tissue,0.7464597446613596,0.7382760978183992,0.01755655264215178,0.021527502085032284
a histopathology image of []  tissue,solid tumor growth pattern,morphologically normal pneumocytes lining empty alveoli,0.9547210544396745,0.950561269693544,0.5024678115268099,0.5100380964750978
a histopathology image of []  tissue,solid tumor growth pattern,normal lung parenchyma with patent alveolar spaces,0.8488392612199805,0.8407225693979038,0.33338328213195045,0.3444499480894904
a histopathology image of []  tissue,solid tumor growth pattern,thin alveolar walls lined by normal pneumocytes,0.7899996622286811,0.7820623837186267,0.5430148383875764,0.5493077034569437
a histopathology image of []  tissue,solid tumor growth pattern,aerated lung tissue with open alveolar spaces,0.8406757815492829,0.8370868770964367,0.43749355640668386,0.4430887487141492
a histopathology image of []  tissue,solid tumor growth pattern,empty alveoli lined by flat pneumocytes,0.8903726523863543,0.8851634872905039,0.41016421981600515,0.41698886237624927
a histopathology image of []  tissue,solid tumor growth pattern,normal lung with thin alveolar septa,0.9057484971235888,0.8986113253737231,0.4569404506609032,0.45968393173293765
a histopathology image of []  tissue,solid tumor growth pattern,intact alveolar spaces,0.8593267723314212,0.8529040943688414,0.44957135412967864,0.4584327087524222
a histopathology image of []  tissue,solid tumor growth pattern,unremarkable lung parenchyma,0.8107954185027834,0.8001884948985828,0.2874157132799529,0.2993308700820567
a histopathology image of []  tissue,solid tumor growth pattern,normal lung tissue,0.9208385543717083,0.9119624291563504,0.5215004097082796,0.5286930128480531
a histopathology image of []  tissue,solid tumor growth pattern,alveolar spaces lined by normal epithelium,0.5293745710922124,0.5114259436757685,0.15732659415793948,0.14956310015818816
a histopathology image of []  tissue,solid tumor growth pattern,open alveolar spaces with thin septa,0.8650241094576793,0.8589690188907969,0.5000130183663962,0.5042271956956498
a histopathology image of []  tissue,solid tumor growth pattern,healthy lung tissue,0.8832429589097072,0.874606550619226,0.4653338705745075,0.47454624053447797
a histopathology image of []  tissue,gland-forming malignant epithelium,morphologically normal pneumocytes lining empty alveoli,0.9523686419698164,0.9547023829093463,0.47241414908632906,0.4826546664274043
a histopathology image of []  tissue,gland-forming malignant epithelium,normal lung parenchyma with patent alveolar spaces,0.7870741094988709,0.7820053547388005,0.27086034225065764,0.28331249611096293
a histopathology image of []  tissue,gland-forming malignant epithelium,thin alveolar walls lined by normal pneumocytes,0.7304374797646146,0.7322317003571793,0.4354348438173229,0.45313360188051305
a histopathology image of []  tissue,gland-forming malignant epithelium,aerated lung tissue with open alveolar spaces,0.8008082208596032,0.8048129424171688,0.3679562554881492,0.38426246085585897
a histopathology image of []  tissue,gland-forming malignant epithelium,empty alveoli lined by flat pneumocytes,0.8832979909197184,0.8873887134042971,0.3999919151936858,0.41072059727671967
a histopathology image of []  tissue,gland-forming malignant epithelium,normal lung with thin alveolar septa,0.8891430000189482,0.89069053538115,0.3672101277734895,0.3905094333136493
a histopathology image of []  tissue,gland-forming malignant epithelium,intact alveolar spaces,0.7994049869875659,0.7959864327509043,0.37474821862939145,0.38629465354565495
a histopathology image of []  tissue,gland-forming malignant epithelium,unremarkable lung parenchyma,0.7235099959714592,0.720001112760582,0.20260903689086718,0.21037793799074225
a histopathology image of []  tissue,gland-forming malignant epithelium,normal lung tissue,0.8998916248365723,0.9001605915839894,0.4623324906610578,0.47731298584653753
a histopathology image of []  tissue,gland-forming malignant epithelium,alveolar spaces lined by normal epithelium,0.3938041618369487,0.39055131385833713,0.290766178484163,0.28886013321034176
a histopathology image of []  tissue,gland-forming malignant epithelium,open alveolar spaces with thin septa,0.7466536336367509,0.7429769633269518,0.31189799818145303,0.32322526801297424
a histopathology image of []  tissue,gland-forming malignant epithelium,healthy lung tissue,0.8578347705091037,0.8576856771696092,0.4251038437266228,0.4383060065378305
a histopathology image of []  tissue,carcinoma cells,morphologically normal pneumocytes lining empty alveoli,0.9009443179861579,0.8973384790080245,0.24801035547986208,0.2554879821288605
a histopathology image of []  tissue,carcinoma cells,normal lung parenchyma with patent alveolar spaces,0.45150159947077,0.45006356223324306,0.26434519950051405,0.2675507164988865
a histopathology image of []  tissue,carcinoma cells,thin alveolar walls lined by normal pneumocytes,0.35360319614050956,0.3414554739812129,0.3626189703153826,0.3587272623591441
a histopathology image of []  tissue,carcinoma cells,aerated lung tissue with open alveolar spaces,0.473451174332016,0.4689643065183323,0.3319910161090506,0.3296594871203699
a histopathology image of []  tissue,carcinoma cells,empty alveoli lined by flat pneumocytes,0.7832352148843463,0.7751623408099042,0.1947463764897307,0.20127459875401765
a histopathology image of []  tissue,carcinoma cells,normal lung with thin alveolar septa,0.6188379183730297,0.6118095088763731,0.1452777185357367,0.14671865600363737
a histopathology image of []  tissue,carcinoma cells,intact alveolar spaces,0.4168749315189247,0.41560410676094783,0.3121084335170422,0.31304738717434294
a histopathology image of []  tissue,carcinoma cells,unremarkable lung parenchyma,0.38981594758448196,0.388980298236696,0.29581523374817187,0.29999222381249735
a histopathology image of []  tissue,carcinoma cells,normal lung tissue,0.6265736230257885,0.6179072261154792,0.1631680215510961,0.16414060433282687
a histopathology image of []  tissue,carcinoma cells,alveolar spaces lined by normal epithelium,0.18660555477291468,0.1855433011391465,0.6431239777383685,0.6420558936385569
a histopathology image of []  tissue,carcinoma cells,open alveolar spaces with thin septa,0.3623308362970707,0.36438002797075464,0.3632769476596403,0.368172410075075
a histopathology image of []  tissue,carcinoma cells,healthy lung tissue,0.502548155068341,0.4946737124643516,0.3221544038119414,0.3216658043935849
a histopathology image of []  tissue,malignant tumor tissue,morphologically normal pneumocytes lining empty alveoli,0.9582636577008977,0.9584191718532269,0.5129259970646971,0.5239552956807644
a histopathology image of []  tissue,malignant tumor tissue,normal lung parenchyma with patent alveolar spaces,0.6547327940525886,0.6486979436690246,0.006671884013330394,0.0017961589534337124
a histopathology image of []  tissue,malignant tumor tissue,thin alveolar walls lined by normal pneumocytes,0.6198162606408263,0.6118400676423553,0.07985199183770046,0.08649418310465792
a histopathology image of []  tissue,malignant tumor tissue,aerated lung tissue with open alveolar spaces,0.722452648168332,0.7206374516433872,0.0395528452292184,0.049258276440858464
a histopathology image of []  tissue,malignant tumor tissue,empty alveoli lined by flat pneumocytes,0.8790577251184053,0.877914189299121,0.4400934967739203,0.4472370158556809
a histopathology image of []  tissue,malignant tumor tissue,normal lung with thin alveolar septa,0.8570080546102078,0.8535840585244626,0.27076293573061727,0.2800163364186643
a histopathology image of []  tissue,malignant tumor tissue,intact alveolar spaces,0.694596688687709,0.6867490025197284,0.10839831639514694,0.11487828552541628
a histopathology image of []  tissue,malignant tumor tissue,unremarkable lung parenchyma,0.5703276546560129,0.5656866786541329,0.08013149410010807,0.07622054878411094
a histopathology image of []  tissue,malignant tumor tissue,normal lung tissue,0.8896474326496348,0.8846614805279543,0.3414116317199966,0.34934157686891865
a histopathology image of []  tissue,malignant tumor tissue,alveolar spaces lined by normal epithelium,0.2587416041171852,0.25557442471542413,0.6046859448297071,0.600664285658053
a histopathology image of []  tissue,malignant tumor tissue,open alveolar spaces with thin septa,0.613732298929265,0.6080101058892854,0.03078947751807232,0.03253301596583692
a histopathology image of []  tissue,malignant tumor tissue,healthy lung tissue,0.7924409250320676,0.7837483846004052,0.1420594825013851,0.15115060795730334
a histopathology image of []  tissue,dense cellular tumor with loss of alveolar spaces,morphologically normal pneumocytes lining empty alveoli,0.9614985183372754,0.9598207022362273,0.7150249704169233,0.7203441778327544
a histopathology image of []  tissue,dense cellular tumor with loss of alveolar spaces,normal lung parenchyma with patent alveolar spaces,0.8111422931706759,0.8070018773619818,0.32687314348968666,0.33935314450660287
a histopathology image of []  tissue,dense cellular tumor with loss of alveolar spaces,thin alveolar walls lined by normal pneumocytes,0.686947486445896,0.681190468362615,0.4719292373809172,0.47826231371681593
a histopathology image of []  tissue,dense cellular tumor with loss of alveolar spaces,aerated lung tissue with open alveolar spaces,0.7952637458509736,0.7956140794561636,0.4698672170120026,0.47886260946256726
a histopathology image of []  tissue,dense cellular tumor with loss of alveolar spaces,empty alveoli lined by flat pneumocytes,0.8717136292374854,0.869346101418011,0.6249995051180991,0.6302726430398453
a histopathology image of []  tissue,dense cellular tumor with loss of alveolar spaces,normal lung with thin alveolar septa,0.8952235840173203,0.8907159096944207,0.6034108603557589,0.6101611250563534
a histopathology image of []  tissue,dense cellular tumor with loss of alveolar spaces,intact alveolar spaces,0.8433557498152555,0.8404650749132342,0.5922556956114667,0.601254401063003
a histopathology image of []  tissue,dense cellular tumor with loss of alveolar spaces,unremarkable lung parenchyma,0.7352240288868622,0.7299850620321875,0.21700535773166882,0.22544698151600484
a histopathology image of []  tissue,dense cellular tumor with loss of alveolar spaces,normal lung tissue,0.9069707349986283,0.9004452306828556,0.6239071000243109,0.6303834900733891
a histopathology image of []  tissue,dense cellular tumor with loss of alveolar spaces,alveolar spaces lined by normal epithelium,0.29190559868318616,0.28447627333109093,0.44602992268463754,0.43576306640092244
a histopathology image of []  tissue,dense cellular tumor with loss of alveolar spaces,open alveolar spaces with thin septa,0.8067679074407726,0.8045288934186112,0.513952768681793,0.5232434091594348
a histopathology image of []  tissue,dense cellular tumor with loss of alveolar spaces,healthy lung tissue,0.8519872899124183,0.8455458807204956,0.49453113200036003,0.502594538543978
a histopathology image of []  tissue,invasive malignant epithelium,morphologically normal pneumocytes lining empty alveoli,0.9516173479349403,0.9525962306078286,0.43726457811561004,0.44938609698127924
a histopathology image of []  tissue,invasive malignant epithelium,normal lung parenchyma with patent alveolar spaces,0.7067356132073529,0.699567751523934,0.11118148727535233,0.11715256489609531
a histopathology image of []  tissue,invasive malignant epithelium,thin alveolar walls lined by normal pneumocytes,0.6923743181756394,0.6879463581959453,0.22289293699618265,0.2341065223360065
a histopathology image of []  tissue,invasive malignant epithelium,aerated lung tissue with open alveolar spaces,0.7523756033543163,0.7500430351725074,0.20441870207309143,0.21851536841336466
a histopathology image of []  tissue,invasive malignant epithelium,empty alveoli lined by flat pneumocytes,0.882451255891432,0.8840170488409166,0.36444064666445614,0.3729067771095005
a histopathology image of []  tissue,invasive malignant epithelium,normal lung with thin alveolar septa,0.8629919206748177,0.8591372396287763,0.26403771346135546,0.27800825378891414
a histopathology image of []  tissue,invasive malignant epithelium,intact alveolar spaces,0.7243649281329732,0.7153984568033929,0.20778351123382124,0.21756496827139907
a histopathology image of []  tissue,invasive malignant epithelium,unremarkable lung parenchyma,0.6409764804063801,0.6359677518611342,0.042006238405354134,0.046267975014571826
a histopathology image of []  tissue,invasive malignant epithelium,normal lung tissue,0.878376292078274,0.8734086048427003,0.3439086590994472,0.3537290480982426
a histopathology image of []  tissue,invasive malignant epithelium,alveolar spaces lined by normal epithelium,0.3206590412731837,0.31728542899027934,0.4652987959875784,0.46543690123007764
a histopathology image of []  tissue,invasive malignant epithelium,open alveolar spaces with thin septa,0.6667493794481806,0.65868003833966,0.1408495764412879,0.14714191841957375
a histopathology image of []  tissue,invasive malignant epithelium,healthy lung tissue,0.8091650128229526,0.8016191930968379,0.2483302138623182,0.25772626587726544
a micrograph of [],invasive adenocarcinoma with desmoplastic stroma,morphologically normal pneumocytes lining empty alveoli,0.961061475203878,0.9569942903580139,0.5411207825287085,0.5509703666158758
a micrograph of [],invasive adenocarcinoma with desmoplastic stroma,normal lung parenchyma with patent alveolar spaces,0.8684989113053708,0.860801575399224,0.40655383400227896,0.4126853056087403
a micrograph of [],invasive adenocarcinoma with desmoplastic stroma,thin alveolar walls lined by normal pneumocytes,0.7729935353864886,0.766404409229506,0.2694717718411402,0.2747480937984585
a micrograph of [],invasive adenocarcinoma with desmoplastic stroma,aerated lung tissue with open alveolar spaces,0.8234073876354278,0.8165644528632089,0.3051627231754936,0.3129091143522916
a micrograph of [],invasive adenocarcinoma with desmoplastic stroma,empty alveoli lined by flat pneumocytes,0.9159321788144886,0.9092667244964969,0.4317537375865528,0.44307491478381245
a micrograph of [],invasive adenocarcinoma with desmoplastic stroma,normal lung with thin alveolar septa,0.910219394829133,0.9036610244647157,0.46489317808208963,0.47662206263801565
a micrograph of [],invasive adenocarcinoma with desmoplastic stroma,intact alveolar spaces,0.8400724890203726,0.833469604354603,0.386342735646915,0.392442764377676
a micrograph of [],invasive adenocarcinoma with desmoplastic stroma,unremarkable lung parenchyma,0.7213998726354978,0.7156834752524576,0.181385349492518,0.184232248263758
a micrograph of [],invasive adenocarcinoma with desmoplastic stroma,normal lung tissue,0.9251355410396271,0.9185190758354767,0.5291220033708514,0.5362287528698753
a micrograph of [],invasive adenocarcinoma with desmoplastic stroma,alveolar spaces lined by normal epithelium,0.6005925003233542,0.5953209682028664,0.12986448851708782,0.12899558294708716
a micrograph of [],invasive adenocarcinoma with desmoplastic stroma,open alveolar spaces with thin septa,0.8484582386955766,0.8446167256345475,0.42996831530825386,0.436632824728535
a micrograph of [],invasive adenocarcinoma with desmoplastic stroma,healthy lung tissue,0.8884992985066389,0.8810404985841808,0.43434790322918043,0.4409539501848324
a micrograph of [],invasive adenocarcinoma,morphologically normal pneumocytes lining empty alveoli,0.9561762309499036,0.9563548745235994,0.5134711277931334,0.5202260069447986
a micrograph of [],invasive adenocarcinoma,normal lung parenchyma with patent alveolar spaces,0.889558541124482,0.887302305859106,0.47661510500641113,0.4850918377593265
a micrograph of [],invasive adenocarcinoma,thin alveolar walls lined by normal pneumocytes,0.7173089264721269,0.7121166560870111,0.38842623761486533,0.3913392761945344
a micrograph of [],invasive adenocarcinoma,aerated lung tissue with open alveolar spaces,0.8374721441640942,0.8367207620049585,0.36042256333880857,0.37332381797004455
a micrograph of [],invasive adenocarcinoma,empty alveoli lined by flat pneumocytes,0.9073665453161416,0.9055160890849145,0.39857053148400123,0.4056131538348449
a micrograph of [],invasive adenocarcinoma,normal lung with thin alveolar septa,0.9115905816174962,0.9094620055486289,0.49143277913499184,0.5017374144969513
a micrograph of [],invasive adenocarcinoma,intact alveolar spaces,0.8553388876119485,0.8522416224723686,0.4644751561531067,0.47595182435373323
a micrograph of [],invasive adenocarcinoma,unremarkable lung parenchyma,0.7087211730715524,0.7069552172875786,0.28059302467365865,0.2804350504404517
a micrograph of [],invasive adenocarcinoma,normal lung tissue,0.9213846729261459,0.9180952152137976,0.6026182881535763,0.6067364631457374
a micrograph of [],invasive adenocarcinoma,alveolar spaces lined by normal epithelium,0.5645167522216703,0.5586773407382492,0.05245510945646552,0.04960931135875821
a micrograph of [],invasive adenocarcinoma,open alveolar spaces with thin septa,0.8504089092540279,0.850463608092467,0.4526054393098524,0.46453463102201
a micrograph of [],invasive adenocarcinoma,healthy lung tissue,0.8904383118354247,0.8871551179821267,0.5492809354298254,0.5532451471587129
a micrograph of [],neoplastic epithelial cells continuously lining alveolar walls in a lepidic pattern,morphologically normal pneumocytes lining empty alveoli,0.9401643875340964,0.9390240921096001,0.5071446974949139,0.5142429827461095
a micrograph of [],neoplastic epithelial cells continuously lining alveolar walls in a lepidic pattern,normal lung parenchyma with patent alveolar spaces,0.7948742378519721,0.7931929821899297,0.2657016754806091,0.26602902925823807
a micrograph of [],neoplastic epithelial cells continuously lining alveolar walls in a lepidic pattern,thin alveolar walls lined by normal pneumocytes,0.4855105166335898,0.47466189359817035,0.09818780442681678,0.09623374016623083
a micrograph of [],neoplastic epithelial cells continuously lining alveolar walls in a lepidic pattern,aerated lung tissue with open alveolar spaces,0.6619120822448447,0.6609678993862114,0.018973962830420507,0.02333373199795569
a micrograph of [],neoplastic epithelial cells continuously lining alveolar walls in a lepidic pattern,empty alveoli lined by flat pneumocytes,0.8608326969227386,0.8560241233006165,0.33986580710086134,0.3481332435802868
a micrograph of [],neoplastic epithelial cells continuously lining alveolar walls in a lepidic pattern,normal lung with thin alveolar septa,0.8316132946791132,0.8292610932535518,0.37240505933972035,0.3764062962937251
a micrograph of [],neoplastic epithelial cells continuously lining alveolar walls in a lepidic pattern,intact alveolar spaces,0.727369692356235,0.7267392574346316,0.24405697099112034,0.24449472814627898
a micrograph of [],neoplastic epithelial cells continuously lining alveolar walls in a lepidic pattern,unremarkable lung parenchyma,0.4219870180476982,0.41848754761898743,0.1594462733301437,0.16211626948974517
a micrograph of [],neoplastic epithelial cells continuously lining alveolar walls in a lepidic pattern,normal lung tissue,0.8655295718789724,0.8630444202222318,0.47292022864058025,0.4703178114371423
a micrograph of [],neoplastic epithelial cells continuously lining alveolar walls in a lepidic pattern,alveolar spaces lined by normal epithelium,0.2912706709868442,0.28367196661043853,0.6065616658322045,0.6080540302343416
a micrograph of [],neoplastic epithelial cells continuously lining alveolar walls in a lepidic pattern,open alveolar spaces with thin septa,0.7852950020554621,0.7852723186474226,0.36091479580424496,0.36278417428939913
a micrograph of [],neoplastic epithelial cells continuously lining alveolar walls in a lepidic pattern,healthy lung tissue,0.7832866632230469,0.7790837681108107,0.28975152671027754,0.28772155716961284
a micrograph of [],solid sheets of tumor cells replacing alveoli,morphologically normal pneumocytes lining empty alveoli,0.6403525508737156,0.6322129435973695,0.06223545492085403,0.05854783858173824
a micrograph of [],solid sheets of tumor cells replacing alveoli,normal lung parenchyma with patent alveolar spaces,0.285786500516131,0.28427563922615934,0.5528259254141289,0.5461391698396163
a micrograph of [],solid sheets of tumor cells replacing alveoli,thin alveolar walls lined by normal pneumocytes,0.06930766765608948,0.06421522138456079,0.6766161619727346,0.6770699181535481
a micrograph of [],solid sheets of tumor cells replacing alveoli,aerated lung tissue with open alveolar spaces,0.15074552720747975,0.14604590643200907,0.6953622946309279,0.6911410249203295
a micrograph of [],solid sheets of tumor cells replacing alveoli,empty alveoli lined by flat pneumocytes,0.4436915027445979,0.42296687261167437,0.2414872710953965,0.23407330853124333
a micrograph of [],solid sheets of tumor cells replacing alveoli,normal lung with thin alveolar septa,0.2710825323621996,0.2664533032550776,0.42456010062328514,0.421531563087625
a micrograph of [],solid sheets of tumor cells replacing alveoli,intact alveolar spaces,0.24386022363756643,0.245310177797223,0.5651960024477964,0.5642744838805058
a micrograph of [],solid sheets of tumor cells replacing alveoli,unremarkable lung parenchyma,0.13394436988760453,0.13023163966114754,0.7014291861711063,0.6988706850892173
a micrograph of [],solid sheets of tumor cells replacing alveoli,normal lung tissue,0.3469287113035584,0.336457661567357,0.39115990459055117,0.3888179208238185
a micrograph of [],solid sheets of tumor cells replacing alveoli,alveolar spaces lined by normal epithelium,0.08339466766185631,0.07285382625255113,0.7484880586160243,0.7491051189918636
a micrograph of [],solid sheets of tumor cells replacing alveoli,open alveolar spaces with thin septa,0.28468763155575,0.2881228403382455,0.4437831629954296,0.4428779433111033
a micrograph of [],solid sheets of tumor cells replacing alveoli,healthy lung tissue,0.20718423118716733,0.19596582139012458,0.6475414535786045,0.6435657056567987
a micrograph of [],adenocarcinoma cells forming glands,morphologically normal pneumocytes lining empty alveoli,0.8999402721448232,0.8977109166028093,0.3318167845113518,0.3414091494411706
a micrograph of [],adenocarcinoma cells forming glands,normal lung parenchyma with patent alveolar spaces,0.6438300301769839,0.6357946838706197,0.0160203808486366,0.027055962460753525
a micrograph of [],adenocarcinoma cells forming glands,thin alveolar walls lined by normal pneumocytes,0.34010610138576863,0.32489186411844495,0.31289341523753633,0.31058877300743
a micrograph of [],adenocarcinoma cells forming glands,aerated lung tissue with open alveolar spaces,0.5105845997698212,0.5070969256616921,0.2606203110637531,0.2644002913776225
a micrograph of [],adenocarcinoma cells forming glands,empty alveoli lined by flat pneumocytes,0.786209208964286,0.7771217688846851,0.21622816754324203,0.21921595653214787
a micrograph of [],adenocarcinoma cells forming glands,normal lung with thin alveolar septa,0.7278929907508327,0.7225075638214559,0.08255305234999946,0.07370478312502067
a micrograph of [],adenocarcinoma cells forming glands,intact alveolar spaces,0.5892728772102396,0.5841556381133988,0.04726609755583137,0.05108483590142941
a micrograph of [],adenocarcinoma cells forming glands,unremarkable lung parenchyma,0.30317916956037827,0.3028230398764499,0.19642120934131715,0.20120952447671286
a micrograph of [],adenocarcinoma cells forming glands,normal lung tissue,0.7905798050647573,0.7835751480098024,0.1491599702144801,0.14566435322283758
a micrograph of [],adenocarcinoma cells forming glands,alveolar spaces lined by normal epithelium,0.21992088736644647,0.21756538943669868,0.4214109895154575,0.422858366953932
a micrograph of [],adenocarcinoma cells forming glands,open alveolar spaces with thin septa,0.6430894459644154,0.6385808846278027,0.05961550281412571,0.06029057044353615
a micrograph of [],adenocarcinoma cells forming glands,healthy lung tissue,0.6779619455298438,0.6696145127583901,0.02680164438082301,0.03463831866027963
a micrograph of [],tumor cells replacing normal alveolar architecture,morphologically normal pneumocytes lining empty alveoli,0.9105183636380113,0.9056536246068456,0.3879141515454195,0.3985606669554705
a micrograph of [],tumor cells replacing normal alveolar architecture,normal lung parenchyma with patent alveolar spaces,0.7204517238282836,0.7138986325689848,0.10660496212113181,0.11344060046681971
a micrograph of [],tumor cells replacing normal alveolar architecture,thin alveolar walls lined by normal pneumocytes,0.3835459644977629,0.37306470281283954,0.24914501561063446,0.24449778307289077
a micrograph of [],tumor cells replacing normal alveolar architecture,aerated lung tissue with open alveolar spaces,0.5277722169085027,0.5189157918429591,0.22790346741601955,0.22241179552627247
a micrograph of [],tumor cells replacing normal alveolar architecture,empty alveoli lined by flat pneumocytes,0.7991613385300687,0.7865612241715202,0.24583874536881667,0.25647109024244913
a micrograph of [],tumor cells replacing normal alveolar architecture,normal lung with thin alveolar septa,0.7686093460500115,0.7609491847764236,0.24638892285962807,0.25479023190973243
a micrograph of [],tumor cells replacing normal alveolar architecture,intact alveolar spaces,0.6904649628163207,0.6853878518578466,0.149731047590829,0.16055463709138254
a micrograph of [],tumor cells replacing normal alveolar architecture,unremarkable lung parenchyma,0.3106416089777969,0.30526188230196444,0.2996081960279172,0.2954112029198964
a micrograph of [],tumor cells replacing normal alveolar architecture,normal lung tissue,0.8278294320745997,0.8181022121174569,0.40923261982994913,0.41350611682739247
a micrograph of [],tumor cells replacing normal alveolar architecture,alveolar spaces lined by normal epithelium,0.21834168287557082,0.20961825568034773,0.6456968943353495,0.6385723998888694
a micrograph of [],tumor cells replacing normal alveolar architecture,open alveolar spaces with thin septa,0.7530832754591013,0.7522114009065627,0.2667156515483015,0.2768755639552333
a micrograph of [],tumor cells replacing normal alveolar architecture,healthy lung tissue,0.7031040360377282,0.691408181656479,0.17290780420300905,0.17798363569051662
a micrograph of [],atypical epithelial cells lining distorted alveoli,morphologically normal pneumocytes lining empty alveoli,0.9011318634514133,0.8933179991553135,0.44571964563278027,0.4575562522966201
a micrograph of [],atypical epithelial cells lining distorted alveoli,normal lung parenchyma with patent alveolar spaces,0.48844838565905363,0.4845104991489911,0.02722683749484776,0.02635115342266707
a micrograph of [],atypical epithelial cells lining distorted alveoli,thin alveolar walls lined by normal pneumocytes,0.1418097457735334,0.1331041636634776,0.4332036941449987,0.42855016036463606
a micrograph of [],atypical epithelial cells lining distorted alveoli,aerated lung tissue with open alveolar spaces,0.33119404632739596,0.331290996165191,0.2161242481796956,0.22521151321433255
a micrograph of [],atypical epithelial cells lining distorted alveoli,empty alveoli lined by flat pneumocytes,0.7487956392898893,0.7388894649391902,0.24945569296341022,0.2600103621011362
a micrograph of [],atypical epithelial cells lining distorted alveoli,normal lung with thin alveolar septa,0.5802322630925518,0.5754734922726364,0.08904661364991845,0.09009643842643766
a micrograph of [],atypical epithelial cells lining distorted alveoli,intact alveolar spaces,0.4470096116536048,0.44673274104122357,0.024579906363837525,0.02356294366954939
a micrograph of [],atypical epithelial cells lining distorted alveoli,unremarkable lung parenchyma,0.20740328824498142,0.20864231406993025,0.4599828267362499,0.45870428546053704
a micrograph of [],atypical epithelial cells lining distorted alveoli,normal lung tissue,0.7014490801498386,0.6935305617164838,0.21330848543985426,0.21482398356590754
a micrograph of [],atypical epithelial cells lining distorted alveoli,alveolar spaces lined by normal epithelium,0.13393666705386795,0.13351036342592007,0.7118048060745785,0.7138524192404234
a micrograph of [],atypical epithelial cells lining distorted alveoli,open alveolar spaces with thin septa,0.5050600203157091,0.5026406145810415,0.06276729730187525,0.06526449032778585
a micrograph of [],atypical epithelial cells lining distorted alveoli,healthy lung tissue,0.52694698390808,0.5180903679612624,0.015786931642741777,0.01709876315155142
a micrograph of [],malignant epithelium with enlarged hyperchromatic nuclei,morphologically normal pneumocytes lining empty alveoli,0.9233442408754373,0.9165379404993429,0.28487484760832754,0.2948503669585733
a micrograph of [],malignant epithelium with enlarged hyperchromatic nuclei,normal lung parenchyma with patent alveolar spaces,0.7192481045674097,0.7155292483217969,0.09805319144303068,0.0983580392209409
a micrograph of [],malignant epithelium with enlarged hyperchromatic nuclei,thin alveolar walls lined by normal pneumocytes,0.5391233928058005,0.5303445595702047,0.20366070179089096,0.19949657822838757
a micrograph of [],malignant epithelium with enlarged hyperchromatic nuclei,aerated lung tissue with open alveolar spaces,0.655184748553968,0.6532055934765254,0.03943104318218841,0.043292429340601166
a micrograph of [],malignant epithelium with enlarged hyperchromatic nuclei,empty alveoli lined by flat pneumocytes,0.8464618454341968,0.837531728429094,0.20706286955129966,0.2136911645346712
a micrograph of [],malignant epithelium with enlarged hyperchromatic nuclei,normal lung with thin alveolar septa,0.802858657532012,0.7965420121914724,0.1533401114732444,0.15375530294319265
a micrograph of [],malignant epithelium with enlarged hyperchromatic nuclei,intact alveolar spaces,0.6838096732762747,0.680611200609658,0.09275838529443542,0.09387664486460079
a micrograph of [],malignant epithelium with enlarged hyperchromatic nuclei,unremarkable lung parenchyma,0.519079342482817,0.5196363886198313,0.13795829638612714,0.13854679204053313
a micrograph of [],malignant epithelium with enlarged hyperchromatic nuclei,normal lung tissue,0.8618872436954159,0.854720128068627,0.21782295210858668,0.21908779218755975
a micrograph of [],malignant epithelium with enlarged hyperchromatic nuclei,alveolar spaces lined by normal epithelium,0.44407124832864986,0.44475156355506773,0.35474715030930837,0.3552329754321516
a micrograph of [],malignant epithelium with enlarged hyperchromatic nuclei,open alveolar spaces with thin septa,0.7051868905184295,0.703382497119046,0.14067366844166174,0.14373306845618156
a micrograph of [],malignant epithelium with enlarged hyperchromatic nuclei,healthy lung tissue,0.776206317312263,0.7692248779546111,0.09221612241022631,0.09047755965564491
a micrograph of [],solid tumor growth pattern,morphologically normal pneumocytes lining empty alveoli,0.941749935535108,0.9375037829644784,0.4467960275626327,0.4549134476472788
a micrograph of [],solid tumor growth pattern,normal lung parenchyma with patent alveolar spaces,0.8928072421466109,0.8862458577065836,0.4311651783841433,0.44062790551597236
a micrograph of [],solid tumor growth pattern,thin alveolar walls lined by normal pneumocytes,0.7243685118042837,0.7133390067263006,0.3371423466091636,0.34434798529163013
a micrograph of [],solid tumor growth pattern,aerated lung tissue with open alveolar spaces,0.8473957007477928,0.8404752330685469,0.3241858512985026,0.3288516146799246
a micrograph of [],solid tumor growth pattern,empty alveoli lined by flat pneumocytes,0.8952740025654143,0.8884176375924244,0.3278528058304603,0.3371705555259943
a micrograph of [],solid tumor growth pattern,normal lung with thin alveolar septa,0.9082365124205105,0.9006764235537695,0.43577272905236325,0.44039343922171315
a micrograph of [],solid tumor growth pattern,intact alveolar spaces,0.8869221535969762,0.8791355283378813,0.46075406939948255,0.47064084339816104
a micrograph of [],solid tumor growth pattern,unremarkable lung parenchyma,0.7148723595139059,0.7044214108623978,0.2590656093609608,0.2660962887131922
a micrograph of [],solid tumor growth pattern,normal lung tissue,0.9227774853172456,0.9147963437384877,0.5557595744746949,0.5619921704188658
a micrograph of [],solid tumor growth pattern,alveolar spaces lined by normal epithelium,0.5835320005371388,0.564570040270131,0.051144761185450416,0.043378623293316605
a micrograph of [],solid tumor growth pattern,open alveolar spaces with thin septa,0.889282310092195,0.88417195017193,0.45625808627619974,0.4656486698650591
a micrograph of [],solid tumor growth pattern,healthy lung tissue,0.8895061453784233,0.8815683854602656,0.49410714103656245,0.5019603785698211
a micrograph of [],gland-forming malignant epithelium,morphologically normal pneumocytes lining empty alveoli,0.9504722619721396,0.9530649810029851,0.4531794543835524,0.46583460669357996
a micrograph of [],gland-forming malignant epithelium,normal lung parenchyma with patent alveolar spaces,0.8757957192016405,0.875791514188962,0.427190133311086,0.44164443052315233
a micrograph of [],gland-forming malignant epithelium,thin alveolar walls lined by normal pneumocytes,0.6814791747505229,0.6787864840053311,0.3712264443123019,0.38104302844730537
a micrograph of [],gland-forming malignant epithelium,aerated lung tissue with open alveolar spaces,0.8155865398953238,0.8165644950132309,0.3052626078181451,0.32355398452002715
a micrograph of [],gland-forming malignant epithelium,empty alveoli lined by flat pneumocytes,0.9118638880444606,0.914235326945076,0.3628783890226524,0.3682099243785779
a micrograph of [],gland-forming malignant epithelium,normal lung with thin alveolar septa,0.8867324661672594,0.8873047505603845,0.4009398809235695,0.4153463364610988
a micrograph of [],gland-forming malignant epithelium,intact alveolar spaces,0.8238090883552102,0.8229023409279244,0.40132263148987496,0.415050796096158
a micrograph of [],gland-forming malignant epithelium,unremarkable lung parenchyma,0.6883318545540223,0.690229793490182,0.24186956362766968,0.24604378541853988
a micrograph of [],gland-forming malignant epithelium,normal lung tissue,0.9162307768987485,0.9166464768061073,0.5374433446706997,0.5492316938442093
a micrograph of [],gland-forming malignant epithelium,alveolar spaces lined by normal epithelium,0.5376876999338462,0.5327023896533498,0.06991334718708618,0.06431730749577573
a micrograph of [],gland-forming malignant epithelium,open alveolar spaces with thin septa,0.8202470838389605,0.8222235991229423,0.38414941213497283,0.3990110082416169
a micrograph of [],gland-forming malignant epithelium,healthy lung tissue,0.8765930242808149,0.8772072069793693,0.48640008375277516,0.4984470034873239
a micrograph of [],carcinoma cells,morphologically normal pneumocytes lining empty alveoli,0.7481369440263494,0.7378806884616,0.04171962555967522,0.04242690540422659
a micrograph of [],carcinoma cells,normal lung parenchyma with patent alveolar spaces,0.47842712254261066,0.4758287326584272,0.17203184965706836,0.1733486821139694
a micrograph of [],carcinoma cells,thin alveolar walls lined by normal pneumocytes,0.23426517025734056,0.22401809416146323,0.4298155874090283,0.4271792211727784
a micrograph of [],carcinoma cells,aerated lung tissue with open alveolar spaces,0.3818795161467048,0.37908928976369854,0.3723673576582478,0.3686918781212566
a micrograph of [],carcinoma cells,empty alveoli lined by flat pneumocytes,0.6308654195490506,0.6145872796291473,0.0018007574258662137,0.00024338280546584007
a micrograph of [],carcinoma cells,normal lung with thin alveolar septa,0.5256578920268669,0.5196492022265328,0.17739901132415078,0.17340734085159323
a micrograph of [],carcinoma cells,intact alveolar spaces,0.4533409702604711,0.45390153249050147,0.20237647027947453,0.20723682005995164
a micrograph of [],carcinoma cells,unremarkable lung parenchyma,0.2691345392593252,0.2662395604932901,0.34560503785404706,0.34859202322392324
a micrograph of [],carcinoma cells,normal lung tissue,0.608151492908038,0.5981900780534108,0.144131326634448,0.14301604796178233
a micrograph of [],carcinoma cells,alveolar spaces lined by normal epithelium,0.2426180490163852,0.23853776515525119,0.4787463330241513,0.4770050461291715
a micrograph of [],carcinoma cells,open alveolar spaces with thin septa,0.5042720245436174,0.5042507032731178,0.13334896085128364,0.13736250946451978
a micrograph of [],carcinoma cells,healthy lung tissue,0.48455470618426333,0.4758409561648201,0.26730797157532826,0.2597275456993758
a micrograph of [],malignant tumor tissue,morphologically normal pneumocytes lining empty alveoli,0.9473039258089417,0.9467211919351833,0.4192161452011125,0.431468813159168
a micrograph of [],malignant tumor tissue,normal lung parenchyma with patent alveolar spaces,0.7372141198297303,0.7317359317978923,0.17607792733039546,0.1794663833791003
a micrograph of [],malignant tumor tissue,thin alveolar walls lined by normal pneumocytes,0.4654291055074026,0.449655845070007,0.16613869212894883,0.15934354582550822
a micrograph of [],malignant tumor tissue,aerated lung tissue with open alveolar spaces,0.6412786209703264,0.6351712850445821,0.04282183926811533,0.04011624645372565
a micrograph of [],malignant tumor tissue,empty alveoli lined by flat pneumocytes,0.8685038954919062,0.8618563375508645,0.29268092674315405,0.30210557412363936
a micrograph of [],malignant tumor tissue,normal lung with thin alveolar septa,0.8392772847140354,0.8347817766908692,0.30460982766810385,0.31181355084966006
a micrograph of [],malignant tumor tissue,intact alveolar spaces,0.6953036605348815,0.6904404593003602,0.1725463181200659,0.17811065071090362
a micrograph of [],malignant tumor tissue,unremarkable lung parenchyma,0.42404639330257143,0.4206248066367739,0.1234515936457853,0.12103483862896525
a micrograph of [],malignant tumor tissue,normal lung tissue,0.9011351587813541,0.8971021859844432,0.43343325085760487,0.4415866476380324
a micrograph of [],malignant tumor tissue,alveolar spaces lined by normal epithelium,0.31540661488055666,0.310442330761339,0.4269071520919357,0.42148940755433795
a micrograph of [],malignant tumor tissue,open alveolar spaces with thin septa,0.7255626981832022,0.7231000245313128,0.2272535869393099,0.23469246419496984
a micrograph of [],malignant tumor tissue,healthy lung tissue,0.815852678979667,0.8086036624997155,0.25934394400991595,0.2651883763511274
a micrograph of [],dense cellular tumor with loss of alveolar spaces,morphologically normal pneumocytes lining empty alveoli,0.8876720471166275,0.8830967874096198,0.6175162034313483,0.6261207459539125
a micrograph of [],dense cellular tumor with loss of alveolar spaces,normal lung parenchyma with patent alveolar spaces,0.7408831401858071,0.7368354943649635,0.2574949942098714,0.27024803947364157
a micrograph of [],dense cellular tumor with loss of alveolar spaces,thin alveolar walls lined by normal pneumocytes,0.4256194602414323,0.41585173814045906,0.10666895479539515,0.09861346215059268
a micrograph of [],dense cellular tumor with loss of alveolar spaces,aerated lung tissue with open alveolar spaces,0.5843422397863308,0.5765956523095261,0.10102717458121754,0.09025654149889979
a micrograph of [],dense cellular tumor with loss of alveolar spaces,empty alveoli lined by flat pneumocytes,0.7955216466104648,0.7857036398230036,0.4683912482169053,0.47812997506043636
a micrograph of [],dense cellular tumor with loss of alveolar spaces,normal lung with thin alveolar septa,0.752734876701111,0.745882870146741,0.47865976815590344,0.4875373704377175
a micrograph of [],dense cellular tumor with loss of alveolar spaces,intact alveolar spaces,0.7063784818250196,0.6997731064313346,0.2798228240505481,0.2968375739104447
a micrograph of [],dense cellular tumor with loss of alveolar spaces,unremarkable lung parenchyma,0.3399505618125633,0.33488892204690623,0.19180416570862974,0.18453116921759846
a micrograph of [],dense cellular tumor with loss of alveolar spaces,normal lung tissue,0.8038289262414537,0.7939004703099459,0.5456322490125713,0.5517660554727709
a micrograph of [],dense cellular tumor with loss of alveolar spaces,alveolar spaces lined by normal epithelium,0.1787298397892966,0.17059007501860923,0.6130927504857526,0.6019735821609029
a micrograph of [],dense cellular tumor with loss of alveolar spaces,open alveolar spaces with thin septa,0.7372994688751968,0.7344164202997878,0.3476127636156109,0.36128571361660705
a micrograph of [],dense cellular tumor with loss of alveolar spaces,healthy lung tissue,0.704891834913856,0.6970027540824404,0.3240742205182828,0.3326170194062445
a micrograph of [],invasive malignant epithelium,morphologically normal pneumocytes lining empty alveoli,0.9211636798619915,0.9197353147215696,0.42370846943688734,0.43557833266997603
a micrograph of [],invasive malignant epithelium,normal lung parenchyma with patent alveolar spaces,0.7378569563179301,0.7317704105159247,0.20851038230013236,0.21214010469151254
a micrograph of [],invasive malignant epithelium,thin alveolar walls lined by normal pneumocytes,0.5208018526344927,0.5094917634641923,0.09589640632181874,0.08639364534513644
a micrograph of [],invasive malignant epithelium,aerated lung tissue with open alveolar spaces,0.6475207173274216,0.6421882942644779,0.059645476696079926,0.06436019599454255
a micrograph of [],invasive malignant epithelium,empty alveoli lined by flat pneumocytes,0.8487472803230083,0.8437485194804757,0.31747190066075753,0.32813406713257826
a micrograph of [],invasive malignant epithelium,normal lung with thin alveolar septa,0.8050853531646289,0.7989909706222776,0.29811669013707937,0.30371461129446226
a micrograph of [],invasive malignant epithelium,intact alveolar spaces,0.6868507685121338,0.6828863323495519,0.18931939314152132,0.1943415841794123
a micrograph of [],invasive malignant epithelium,unremarkable lung parenchyma,0.4973096926363381,0.4967204753848086,0.11008571694622363,0.10767611874658409
a micrograph of [],invasive malignant epithelium,normal lung tissue,0.860398496011415,0.8550580869453794,0.407982582634707,0.41335668548486376
a micrograph of [],invasive malignant epithelium,alveolar spaces lined by normal epithelium,0.37160657220603394,0.3667487749096093,0.4230241583931001,0.42073354041928096
a micrograph of [],invasive malignant epithelium,open alveolar spaces with thin septa,0.7076678208559785,0.7054208300350941,0.2457378787405671,0.2526155750982692
a micrograph of [],invasive malignant epithelium,healthy lung tissue,0.7796551684366707,0.7715136663016475,0.25511016183680457,0.25990738587202883
a photomicrograph of [],invasive adenocarcinoma with desmoplastic stroma,morphologically normal pneumocytes lining empty alveoli,0.9695793264180834,0.9664586141578552,0.4566291250423082,0.466348943443522
a photomicrograph of [],invasive adenocarcinoma with desmoplastic stroma,normal lung parenchyma with patent alveolar spaces,0.9009548630419685,0.8931235189536004,0.4371901997460384,0.44617965940225224
a photomicrograph of [],invasive adenocarcinoma with desmoplastic stroma,thin alveolar walls lined by normal pneumocytes,0.8654486303373017,0.8591545211378145,0.4202818780713984,0.4255725491403477
a photomicrograph of [],invasive adenocarcinoma with desmoplastic stroma,aerated lung tissue with open alveolar spaces,0.8450673853781268,0.8373424326800923,0.31450783157710366,0.3231189070236128
a photomicrograph of [],invasive adenocarcinoma with desmoplastic stroma,empty alveoli lined by flat pneumocytes,0.9313447664805629,0.9275516569595166,0.44689978853174295,0.4591284353753523
a photomicrograph of [],invasive adenocarcinoma with desmoplastic stroma,normal lung with thin alveolar septa,0.9409166289763304,0.9352996740117295,0.4532877204827022,0.4646333814610625
a photomicrograph of [],invasive adenocarcinoma with desmoplastic stroma,intact alveolar spaces,0.8039458280711034,0.7975709785296218,0.3137540672910003,0.320895069962215
a photomicrograph of [],invasive adenocarcinoma with desmoplastic stroma,unremarkable lung parenchyma,0.7945752690430938,0.786383646128647,0.29627564676499824,0.3075366553513279
a photomicrograph of [],invasive adenocarcinoma with desmoplastic stroma,normal lung tissue,0.930900679579417,0.9242990240583896,0.4899011927426277,0.4994894851412275
a photomicrograph of [],invasive adenocarcinoma with desmoplastic stroma,alveolar spaces lined by normal epithelium,0.5195855051617224,0.5153044622542338,0.38656827821654965,0.3826446426777452
a photomicrograph of [],invasive adenocarcinoma with desmoplastic stroma,open alveolar spaces with thin septa,0.8098324819024599,0.8055123798829746,0.3397078705349096,0.34610337753217224
a photomicrograph of [],invasive adenocarcinoma with desmoplastic stroma,healthy lung tissue,0.9022291259384482,0.8945197805838453,0.4154500985039245,0.4250500179693818
a photomicrograph of [],invasive adenocarcinoma,morphologically normal pneumocytes lining empty alveoli,0.9691787790637802,0.9699090149624148,0.5129036915982977,0.5216863135905262
a photomicrograph of [],invasive adenocarcinoma,normal lung parenchyma with patent alveolar spaces,0.9151722757301421,0.9149815509353512,0.5537631433685107,0.5606507779636127
a photomicrograph of [],invasive adenocarcinoma,thin alveolar walls lined by normal pneumocytes,0.7869815931107832,0.7882763507185314,0.5286845320455459,0.530274316390961
a photomicrograph of [],invasive adenocarcinoma,aerated lung tissue with open alveolar spaces,0.8604651852510918,0.8614544792406926,0.408116232144143,0.41545063189039466
a photomicrograph of [],invasive adenocarcinoma,empty alveoli lined by flat pneumocytes,0.8989790655927187,0.9002651236386596,0.4950955359487254,0.5044269703774984
a photomicrograph of [],invasive adenocarcinoma,normal lung with thin alveolar septa,0.935713426574694,0.9350911578526756,0.5382351134615518,0.5535294518380146
a photomicrograph of [],invasive adenocarcinoma,intact alveolar spaces,0.7972974999155572,0.795896990404126,0.39893159548210794,0.40559376783951406
a photomicrograph of [],invasive adenocarcinoma,unremarkable lung parenchyma,0.7997954423939254,0.7996330419080809,0.3806642749523286,0.3868088228464357
a photomicrograph of [],invasive adenocarcinoma,normal lung tissue,0.932773003668526,0.930309870102062,0.5859519803360828,0.5925270589185045
a photomicrograph of [],invasive adenocarcinoma,alveolar spaces lined by normal epithelium,0.4334244492061962,0.434282931179973,0.3470549046449967,0.34739248734300004
a photomicrograph of [],invasive adenocarcinoma,open alveolar spaces with thin septa,0.790358647234106,0.7915271290186885,0.3958701071063904,0.4010388790557178
a photomicrograph of [],invasive adenocarcinoma,healthy lung tissue,0.9129663406761522,0.9108435146711582,0.5373830096877965,0.5437040598848587
a photomicrograph of [],neoplastic epithelial cells continuously lining alveolar walls in a lepidic pattern,morphologically normal pneumocytes lining empty alveoli,0.9608883879987379,0.9622514940075314,0.4772195685486474,0.4922601557472578
a photomicrograph of [],neoplastic epithelial cells continuously lining alveolar walls in a lepidic pattern,normal lung parenchyma with patent alveolar spaces,0.9276207964977233,0.9263746597439471,0.5840160648542218,0.5890009582668397
a photomicrograph of [],neoplastic epithelial cells continuously lining alveolar walls in a lepidic pattern,thin alveolar walls lined by normal pneumocytes,0.6687772431104949,0.6614627406450133,0.47759156092258037,0.47932970046817386
a photomicrograph of [],neoplastic epithelial cells continuously lining alveolar walls in a lepidic pattern,aerated lung tissue with open alveolar spaces,0.8178471362347066,0.8160766506580883,0.35034548217704775,0.35289542007582003
a photomicrograph of [],neoplastic epithelial cells continuously lining alveolar walls in a lepidic pattern,empty alveoli lined by flat pneumocytes,0.8724644701644947,0.8689396487554363,0.46575095447548265,0.4773853494974073
a photomicrograph of [],neoplastic epithelial cells continuously lining alveolar walls in a lepidic pattern,normal lung with thin alveolar septa,0.9074015581967625,0.9055639715099572,0.5677728160352348,0.5767183499934231
a photomicrograph of [],neoplastic epithelial cells continuously lining alveolar walls in a lepidic pattern,intact alveolar spaces,0.7667607483364762,0.7650868416904182,0.38260653554415525,0.3845835132800216
a photomicrograph of [],neoplastic epithelial cells continuously lining alveolar walls in a lepidic pattern,unremarkable lung parenchyma,0.7033533689393734,0.7001774515928072,0.2981747451950236,0.3040380246421353
a photomicrograph of [],neoplastic epithelial cells continuously lining alveolar walls in a lepidic pattern,normal lung tissue,0.8950052684087428,0.8929612413687292,0.5769064973745565,0.5830101357306641
a photomicrograph of [],neoplastic epithelial cells continuously lining alveolar walls in a lepidic pattern,alveolar spaces lined by normal epithelium,0.14723941972535073,0.14161619201526843,0.7981558956442285,0.7979394885820754
a photomicrograph of [],neoplastic epithelial cells continuously lining alveolar walls in a lepidic pattern,open alveolar spaces with thin septa,0.774277890230912,0.777725567950472,0.4353265987699736,0.43645553109809543
a photomicrograph of [],neoplastic epithelial cells continuously lining alveolar walls in a lepidic pattern,healthy lung tissue,0.8537918125879956,0.8512510969543237,0.49163993393062405,0.4978106781318112
a photomicrograph of [],solid sheets of tumor cells replacing alveoli,morphologically normal pneumocytes lining empty alveoli,0.867416724952815,0.8593014561146616,0.35113400992021426,0.36095506541832917
a photomicrograph of [],solid sheets of tumor cells replacing alveoli,normal lung parenchyma with patent alveolar spaces,0.4015143276826663,0.3974097125452797,0.3369584734377407,0.32693831320604116
a photomicrograph of [],solid sheets of tumor cells replacing alveoli,thin alveolar walls lined by normal pneumocytes,0.12965541558641633,0.1232578342138473,0.4600940863198808,0.4569505432852359
a photomicrograph of [],solid sheets of tumor cells replacing alveoli,aerated lung tissue with open alveolar spaces,0.2388130963002507,0.2337764986651088,0.6341930643685108,0.6264477756879736
a photomicrograph of [],solid sheets of tumor cells replacing alveoli,empty alveoli lined by flat pneumocytes,0.6925301048985903,0.6688072976862167,0.18530053075393557,0.1992733941624814
a photomicrograph of [],solid sheets of tumor cells replacing alveoli,normal lung with thin alveolar septa,0.505391901232371,0.49851062897105897,0.10861314801838755,0.1059717189128134
a photomicrograph of [],solid sheets of tumor cells replacing alveoli,intact alveolar spaces,0.2244873908318978,0.2264278109217451,0.5698408992421716,0.5642966519835304
a photomicrograph of [],solid sheets of tumor cells replacing alveoli,unremarkable lung parenchyma,0.21304308067214844,0.20879211524827626,0.485649994843399,0.4795122594021835
a photomicrograph of [],solid sheets of tumor cells replacing alveoli,normal lung tissue,0.5511984291162172,0.5374944678096066,0.08905349023653746,0.08378119670398805
a photomicrograph of [],solid sheets of tumor cells replacing alveoli,alveolar spaces lined by normal epithelium,0.075879338198888,0.06732083500879671,0.6934111048145392,0.6945723764957016
a photomicrograph of [],solid sheets of tumor cells replacing alveoli,open alveolar spaces with thin septa,0.22950102937869024,0.23357544305995673,0.535792616815472,0.5338337293900942
a photomicrograph of [],solid sheets of tumor cells replacing alveoli,healthy lung tissue,0.3532852379928475,0.33899943434670415,0.4199755388234278,0.4125538149488005
a photomicrograph of [],adenocarcinoma cells forming glands,morphologically normal pneumocytes lining empty alveoli,0.9211806096195624,0.9205824458646192,0.3987835757550138,0.41353691039198426
a photomicrograph of [],adenocarcinoma cells forming glands,normal lung parenchyma with patent alveolar spaces,0.7777988678893989,0.7715752474838544,0.17286364699291146,0.17978174747853456
a photomicrograph of [],adenocarcinoma cells forming glands,thin alveolar walls lined by normal pneumocytes,0.5532278168686292,0.5428600391658005,0.09580197395703413,0.09706088606825503
a photomicrograph of [],adenocarcinoma cells forming glands,aerated lung tissue with open alveolar spaces,0.6488845720066665,0.6442136449737363,0.06131107904353447,0.0667672535815853
a photomicrograph of [],adenocarcinoma cells forming glands,empty alveoli lined by flat pneumocytes,0.806896507691712,0.8017987100407253,0.3684655041594326,0.370776557585218
a photomicrograph of [],adenocarcinoma cells forming glands,normal lung with thin alveolar septa,0.826978825033633,0.8222350639289384,0.3352107627427684,0.35931887155908865
a photomicrograph of [],adenocarcinoma cells forming glands,intact alveolar spaces,0.5589090068781775,0.5545861331485477,0.044781867373987205,0.04255874402982096
a photomicrograph of [],adenocarcinoma cells forming glands,unremarkable lung parenchyma,0.5232955523755621,0.5190926533354577,0.051694440642675664,0.055414015778353524
a photomicrograph of [],adenocarcinoma cells forming glands,normal lung tissue,0.8276487656105957,0.8205614973036631,0.33349886338588003,0.35053464425826264
a photomicrograph of [],adenocarcinoma cells forming glands,alveolar spaces lined by normal epithelium,0.17324599885157752,0.17109022718018882,0.5708454769021533,0.5705474029039165
a photomicrograph of [],adenocarcinoma cells forming glands,open alveolar spaces with thin septa,0.563906333541763,0.5608857911432688,0.007403781686321164,0.009917455739829672
a photomicrograph of [],adenocarcinoma cells forming glands,healthy lung tissue,0.762718573056229,0.7551756855068835,0.1945952069730718,0.1998671433283212
a photomicrograph of [],tumor cells replacing normal alveolar architecture,morphologically normal pneumocytes lining empty alveoli,0.9412797743358057,0.9388862193874927,0.4057887610473283,0.4189801993886533
a photomicrograph of [],tumor cells replacing normal alveolar architecture,normal lung parenchyma with patent alveolar spaces,0.8156137675589596,0.8094334699837048,0.22931750990772262,0.23815908452214438
a photomicrograph of [],tumor cells replacing normal alveolar architecture,thin alveolar walls lined by normal pneumocytes,0.5346198713338425,0.5231140183386316,0.021373713032009002,0.0292189846367209
a photomicrograph of [],tumor cells replacing normal alveolar architecture,aerated lung tissue with open alveolar spaces,0.6403333143851861,0.6321933859871409,0.09093814178199248,0.08180532231522152
a photomicrograph of [],tumor cells replacing normal alveolar architecture,empty alveoli lined by flat pneumocytes,0.8322036118463816,0.8226130653266331,0.39098288834274014,0.40057320945242864
a photomicrograph of [],tumor cells replacing normal alveolar architecture,normal lung with thin alveolar septa,0.8628791791992183,0.8574188675300677,0.4354353412644439,0.4451233624449779
a photomicrograph of [],tumor cells replacing normal alveolar architecture,intact alveolar spaces,0.5687427245293651,0.5644056973341797,0.05304794403026396,0.04274053080073367
a photomicrograph of [],tumor cells replacing normal alveolar architecture,unremarkable lung parenchyma,0.4793151315784054,0.4718917519993863,0.10013797239038585,0.09704930635368102
a photomicrograph of [],tumor cells replacing normal alveolar architecture,normal lung tissue,0.8548827315648945,0.8466360067406316,0.42581316778938144,0.4344353429336886
a photomicrograph of [],tumor cells replacing normal alveolar architecture,alveolar spaces lined by normal epithelium,0.16563391026322272,0.16012055749305157,0.7824691215884637,0.7799851095180429
a photomicrograph of [],tumor cells replacing normal alveolar architecture,open alveolar spaces with thin septa,0.5942423995274497,0.5956331312661276,0.002149565003905544,0.005520344235518675
a photomicrograph of [],tumor cells replacing normal alveolar architecture,healthy lung tissue,0.7683261124416005,0.757066535495798,0.23827412977519294,0.2489014123041902
a photomicrograph of [],atypical epithelial cells lining distorted alveoli,morphologically normal pneumocytes lining empty alveoli,0.9460912855823548,0.9427560972114388,0.4244493771721765,0.4369208341079248
a photomicrograph of [],atypical epithelial cells lining distorted alveoli,normal lung parenchyma with patent alveolar spaces,0.6125876660743311,0.6043281328636135,0.04479340601784228,0.04695970349268219
a photomicrograph of [],atypical epithelial cells lining distorted alveoli,thin alveolar walls lined by normal pneumocytes,0.29331756517956664,0.2887258807036356,0.18980978409723917,0.1903310652772323
a photomicrograph of [],atypical epithelial cells lining distorted alveoli,aerated lung tissue with open alveolar spaces,0.4314639338495468,0.42937953481549673,0.21499256986152138,0.21961139250968176
a photomicrograph of [],atypical epithelial cells lining distorted alveoli,empty alveoli lined by flat pneumocytes,0.8136137494346449,0.8074452534438675,0.3774501337400842,0.3894168715332118
a photomicrograph of [],atypical epithelial cells lining distorted alveoli,normal lung with thin alveolar septa,0.7390744159645555,0.7326053603026035,0.2458161948720605,0.24894308027313913
a photomicrograph of [],atypical epithelial cells lining distorted alveoli,intact alveolar spaces,0.3782079007182995,0.38161491908460266,0.1686837297692717,0.169748317972048
a photomicrograph of [],atypical epithelial cells lining distorted alveoli,unremarkable lung parenchyma,0.32986689338536657,0.3316258359403122,0.14069036539360466,0.14510874765058485
a photomicrograph of [],atypical epithelial cells lining distorted alveoli,normal lung tissue,0.7715153739499225,0.7625868817329391,0.24390053842333898,0.24854382627402533
a photomicrograph of [],atypical epithelial cells lining distorted alveoli,alveolar spaces lined by normal epithelium,0.09178503079897746,0.09180000826140432,0.7745358623391011,0.776547597236095
a photomicrograph of [],atypical epithelial cells lining distorted alveoli,open alveolar spaces with thin septa,0.3901426795481114,0.3938289417225365,0.12737006238162168,0.12872413165042157
a photomicrograph of [],atypical epithelial cells lining distorted alveoli,healthy lung tissue,0.6287921215251776,0.618333657888503,0.04052003557872169,0.04127346256924896
a photomicrograph of [],malignant epithelium with enlarged hyperchromatic nuclei,morphologically normal pneumocytes lining empty alveoli,0.944223574955163,0.9401650089062996,0.30892301335150474,0.32133788005137265
a photomicrograph of [],malignant epithelium with enlarged hyperchromatic nuclei,normal lung parenchyma with patent alveolar spaces,0.7594501824377039,0.7551020494183719,0.11221756210731099,0.11708149577558966
a photomicrograph of [],malignant epithelium with enlarged hyperchromatic nuclei,thin alveolar walls lined by normal pneumocytes,0.612024658953947,0.6044210736622215,0.05170585945222417,0.044115350904651594
a photomicrograph of [],malignant epithelium with enlarged hyperchromatic nuclei,aerated lung tissue with open alveolar spaces,0.6707501983376708,0.6681400206872308,0.041452041489693,0.03973710214424065
a photomicrograph of [],malignant epithelium with enlarged hyperchromatic nuclei,empty alveoli lined by flat pneumocytes,0.8645570376301964,0.8591123711157701,0.28280443280803735,0.29377111328197303
a photomicrograph of [],malignant epithelium with enlarged hyperchromatic nuclei,normal lung with thin alveolar septa,0.8592323199369933,0.8535227723924099,0.2303618132891096,0.23647631595779603
a photomicrograph of [],malignant epithelium with enlarged hyperchromatic nuclei,intact alveolar spaces,0.5979052411398876,0.5962127362192611,0.031220851184719053,0.027764678668818064
a photomicrograph of [],malignant epithelium with enlarged hyperchromatic nuclei,unremarkable lung parenchyma,0.5768247271672767,0.5761465438246424,0.017891870230030634,0.017610062983703965
a photomicrograph of [],malignant epithelium with enlarged hyperchromatic nuclei,normal lung tissue,0.8731273669737091,0.8649445432159961,0.23524203895666423,0.24022400788397474
a photomicrograph of [],malignant epithelium with enlarged hyperchromatic nuclei,alveolar spaces lined by normal epithelium,0.35208825058347937,0.3533177546851857,0.6401627329447389,0.6397601377547233
a photomicrograph of [],malignant epithelium with enlarged hyperchromatic nuclei,open alveolar spaces with thin septa,0.5998395586235077,0.5994441676592996,0.006340733837201424,0.003954243330908046
a photomicrograph of [],malignant epithelium with enlarged hyperchromatic nuclei,healthy lung tissue,0.7963729127174197,0.7876444375880408,0.11123742849501882,0.11368387871055652
a photomicrograph of [],solid tumor growth pattern,morphologically normal pneumocytes lining empty alveoli,0.9535688423258768,0.9501094214572274,0.4168569215329598,0.4267639117914816
a photomicrograph of [],solid tumor growth pattern,normal lung parenchyma with patent alveolar spaces,0.8989034789622018,0.8935016046513392,0.4799742847724956,0.48932343520964616
a photomicrograph of [],solid tumor growth pattern,thin alveolar walls lined by normal pneumocytes,0.7804450178318542,0.7722869084560531,0.5024565173034078,0.5072692194398256
a photomicrograph of [],solid tumor growth pattern,aerated lung tissue with open alveolar spaces,0.8460164815926988,0.8408160159967764,0.3199062982754069,0.3287581102621608
a photomicrograph of [],solid tumor growth pattern,empty alveoli lined by flat pneumocytes,0.8904180455562888,0.8847472979728368,0.421520511041504,0.4300466001820823
a photomicrograph of [],solid tumor growth pattern,normal lung with thin alveolar septa,0.9284456175819034,0.9224482165904173,0.4810545320626228,0.48613987588570967
a photomicrograph of [],solid tumor growth pattern,intact alveolar spaces,0.822057496916807,0.816351342351752,0.4085157859073698,0.4187583121141529
a photomicrograph of [],solid tumor growth pattern,unremarkable lung parenchyma,0.7714236402026957,0.7633003973061078,0.2718523155066275,0.28176901626470147
a photomicrograph of [],solid tumor growth pattern,normal lung tissue,0.9264037899589649,0.9185406987967855,0.5042181534635927,0.5123146085125704
a photomicrograph of [],solid tumor growth pattern,alveolar spaces lined by normal epithelium,0.43532972659471314,0.4193096837989646,0.3657026448175693,0.3542721490494198
a photomicrograph of [],solid tumor growth pattern,open alveolar spaces with thin septa,0.8303335121049826,0.8274873360258768,0.4215707905784869,0.4300189362423221
a photomicrograph of [],solid tumor growth pattern,healthy lung tissue,0.8996202956075723,0.8917743388979792,0.44331134218077123,0.4525519706060253
a photomicrograph of [],gland-forming malignant epithelium,morphologically normal pneumocytes lining empty alveoli,0.9553945374963236,0.9581052384890397,0.36880937185550267,0.3794295997369697
a photomicrograph of [],gland-forming malignant epithelium,normal lung parenchyma with patent alveolar spaces,0.8873213828193031,0.886714565951718,0.4298685280670691,0.44594307492675894
a photomicrograph of [],gland-forming malignant epithelium,thin alveolar walls lined by normal pneumocytes,0.7271139335612054,0.7273015387287047,0.47480643103155695,0.4827882374625416
a photomicrograph of [],gland-forming malignant epithelium,aerated lung tissue with open alveolar spaces,0.80928092605362,0.8099475738025811,0.29789534697996284,0.3138645893432115
a photomicrograph of [],gland-forming malignant epithelium,empty alveoli lined by flat pneumocytes,0.8790736662769939,0.8812978666187843,0.3619731681810442,0.37656618663557145
a photomicrograph of [],gland-forming malignant epithelium,normal lung with thin alveolar septa,0.9017515914384033,0.9021574067283237,0.3623160431395911,0.38360114112190996
a photomicrograph of [],gland-forming malignant epithelium,intact alveolar spaces,0.7384377582199946,0.736624533504631,0.27970861615533466,0.2912317113548807
a photomicrograph of [],gland-forming malignant epithelium,unremarkable lung parenchyma,0.7427375047267388,0.7418217155227572,0.25030382049428507,0.25942465394458747
a photomicrograph of [],gland-forming malignant epithelium,normal lung tissue,0.9146169302518703,0.9132102384089547,0.42297263127327367,0.4394639806442899
a photomicrograph of [],gland-forming malignant epithelium,alveolar spaces lined by normal epithelium,0.3768322652345163,0.37277441561101937,0.3749337193004415,0.3712270827920445
a photomicrograph of [],gland-forming malignant epithelium,open alveolar spaces with thin septa,0.7347751637573022,0.7352716442470699,0.27656500633349695,0.2885789493557228
a photomicrograph of [],gland-forming malignant epithelium,healthy lung tissue,0.883030080595532,0.8821334908058157,0.38747973539711295,0.4027454043410761
a photomicrograph of [],carcinoma cells,morphologically normal pneumocytes lining empty alveoli,0.8240413267327875,0.8158954477133191,0.13787179195868202,0.1449309427767577
a photomicrograph of [],carcinoma cells,normal lung parenchyma with patent alveolar spaces,0.5232066608504093,0.5156969632595118,0.21986384756724578,0.22229421314487074
a photomicrograph of [],carcinoma cells,thin alveolar walls lined by normal pneumocytes,0.27138183070407196,0.25807046472085304,0.4867398398205354,0.4836888424901995
a photomicrograph of [],carcinoma cells,aerated lung tissue with open alveolar spaces,0.4051323116162852,0.39854873259098716,0.3801110333296272,0.3798315534260412
a photomicrograph of [],carcinoma cells,empty alveoli lined by flat pneumocytes,0.703154248627701,0.6868745674353988,0.09461092547500723,0.09971937776471392
a photomicrograph of [],carcinoma cells,normal lung with thin alveolar septa,0.6314313100831329,0.6213458670638885,0.1250386314118797,0.1234062592243578
a photomicrograph of [],carcinoma cells,intact alveolar spaces,0.3368581006212521,0.3370080565552136,0.350217143184807,0.35211518245672235
a photomicrograph of [],carcinoma cells,unremarkable lung parenchyma,0.310900292378149,0.30721279607229235,0.2921684227676184,0.29917841929746947
a photomicrograph of [],carcinoma cells,normal lung tissue,0.6487401541720113,0.6358246946863153,0.11720729745194722,0.11730024222385627
a photomicrograph of [],carcinoma cells,alveolar spaces lined by normal epithelium,0.16292679671686278,0.16053337480895502,0.7711901417306509,0.7685486138692808
a photomicrograph of [],carcinoma cells,open alveolar spaces with thin septa,0.33738955495745315,0.34028083716687785,0.3313341041109495,0.33271262991189154
a photomicrograph of [],carcinoma cells,healthy lung tissue,0.5202731993287413,0.5074149475780175,0.2657756615649826,0.26215314659185796
a photomicrograph of [],malignant tumor tissue,morphologically normal pneumocytes lining empty alveoli,0.9695715823927226,0.969482583189391,0.4709465796828879,0.483596495087913
a photomicrograph of [],malignant tumor tissue,normal lung parenchyma with patent alveolar spaces,0.8604904769083873,0.8574506486466893,0.35743450778650737,0.365677362363899
a photomicrograph of [],malignant tumor tissue,thin alveolar walls lined by normal pneumocytes,0.6605120613194996,0.6530493011947845,0.22475963886318276,0.2312370597371281
a photomicrograph of [],malignant tumor tissue,aerated lung tissue with open alveolar spaces,0.7584705220379309,0.755352462699338,0.13539903043144072,0.14315847511345664
a photomicrograph of [],malignant tumor tissue,empty alveoli lined by flat pneumocytes,0.8842943339273166,0.8815145177320928,0.45398179273053185,0.4646717887507195
a photomicrograph of [],malignant tumor tissue,normal lung with thin alveolar septa,0.9244940638750279,0.9223615982951159,0.503613088170054,0.5144501630087364
a photomicrograph of [],malignant tumor tissue,intact alveolar spaces,0.6653059425508655,0.6625607487192716,0.1440490117361692,0.15079735941205386
a photomicrograph of [],malignant tumor tissue,unremarkable lung parenchyma,0.6227062238072759,0.618797139530904,0.0782745356408947,0.08153842452497582
a photomicrograph of [],malignant tumor tissue,normal lung tissue,0.9320179611958422,0.9276016047356392,0.5164751322810203,0.5259560255387633
a photomicrograph of [],malignant tumor tissue,alveolar spaces lined by normal epithelium,0.27468403964611454,0.2704408217905498,0.671615452449194,0.6668137985678392
a photomicrograph of [],malignant tumor tissue,open alveolar spaces with thin septa,0.6658709680608383,0.6654760549939768,0.16670284767067928,0.17127004919492
a photomicrograph of [],malignant tumor tissue,healthy lung tissue,0.8901102205481947,0.8845652520276268,0.39497161202326286,0.40444383204086937
a photomicrograph of [],dense cellular tumor with loss of alveolar spaces,morphologically normal pneumocytes lining empty alveoli,0.9239288324069337,0.9197336708707099,0.5746805281228838,0.5832759733399093
a photomicrograph of [],dense cellular tumor with loss of alveolar spaces,normal lung parenchyma with patent alveolar spaces,0.7796533560052034,0.7717562818285354,0.2847618724628179,0.2984531364778864
a photomicrograph of [],dense cellular tumor with loss of alveolar spaces,thin alveolar walls lined by normal pneumocytes,0.49488416503341875,0.4842064288899623,0.03743231580819767,0.04624593392259854
a photomicrograph of [],dense cellular tumor with loss of alveolar spaces,aerated lung tissue with open alveolar spaces,0.6258831278283199,0.6158500099895552,0.06507921142998202,0.05314914165242043
a photomicrograph of [],dense cellular tumor with loss of alveolar spaces,empty alveoli lined by flat pneumocytes,0.7939682280763759,0.7846680980814152,0.5218957208537983,0.5284836090823842
a photomicrograph of [],dense cellular tumor with loss of alveolar spaces,normal lung with thin alveolar septa,0.8269325256479648,0.8176120073610799,0.5615982721781076,0.5687980650040402
a photomicrograph of [],dense cellular tumor with loss of alveolar spaces,intact alveolar spaces,0.5265307013533096,0.5166929682804224,0.006065204637080482,0.006079742073714452
a photomicrograph of [],dense cellular tumor with loss of alveolar spaces,unremarkable lung parenchyma,0.4653411201979834,0.45571389913836924,0.09005818815390462,0.08245168821829885
a photomicrograph of [],dense cellular tumor with loss of alveolar spaces,normal lung tissue,0.8320337787795581,0.8198521967326989,0.5436979471975085,0.5515469984527961
a photomicrograph of [],dense cellular tumor with loss of alveolar spaces,alveolar spaces lined by normal epithelium,0.12853459149030472,0.12274954709801313,0.7251298692209173,0.7201203968658406
a photomicrograph of [],dense cellular tumor with loss of alveolar spaces,open alveolar spaces with thin septa,0.5329045285247879,0.5280040109960977,0.034297412139135675,0.0429287258759739
a photomicrograph of [],dense cellular tumor with loss of alveolar spaces,healthy lung tissue,0.7509568402399329,0.7389091068494629,0.35487572017164964,0.3687843598840174
a photomicrograph of [],invasive malignant epithelium,morphologically normal pneumocytes lining empty alveoli,0.950355195375993,0.9513652813640422,0.3672825424962265,0.37993530211722204
a photomicrograph of [],invasive malignant epithelium,normal lung parenchyma with patent alveolar spaces,0.8444693653771217,0.839051321023841,0.3633604416636717,0.37121070486865637
a photomicrograph of [],invasive malignant epithelium,thin alveolar walls lined by normal pneumocytes,0.6967862706668677,0.6938764026473586,0.2618099630412424,0.2690228078484945
a photomicrograph of [],invasive malignant epithelium,aerated lung tissue with open alveolar spaces,0.7483969867503022,0.7439297224252448,0.20680208549456439,0.2153129219060193
a photomicrograph of [],invasive malignant epithelium,empty alveoli lined by flat pneumocytes,0.8749575932228244,0.8748243819331517,0.3594136932897155,0.37306501785576
a photomicrograph of [],invasive malignant epithelium,normal lung with thin alveolar septa,0.8891639253640722,0.8862635607158422,0.3497391716293029,0.3607967960241516
a photomicrograph of [],invasive malignant epithelium,intact alveolar spaces,0.676800836025206,0.6735149493483185,0.17390091116150858,0.18102735671867934
a photomicrograph of [],invasive malignant epithelium,unremarkable lung parenchyma,0.6699432544184196,0.6651465682716552,0.16090519407289694,0.16726889398470063
a photomicrograph of [],invasive malignant epithelium,normal lung tissue,0.8977129174462182,0.8935113834564535,0.4089037212470292,0.41816844938308706
a photomicrograph of [],invasive malignant epithelium,alveolar spaces lined by normal epithelium,0.3352313609959805,0.3323759377326154,0.5366521525907468,0.5333372531619426
a photomicrograph of [],invasive malignant epithelium,open alveolar spaces with thin septa,0.6773287890733449,0.6759105880012375,0.19280616683192542,0.19976621103335993
a photomicrograph of [],invasive malignant epithelium,healthy lung tissue,0.8507854006997633,0.8447471799527752,0.3356469221123464,0.34425695432656955
a histology image showing [],invasive adenocarcinoma with desmoplastic stroma,morphologically normal pneumocytes lining empty alveoli,0.9649400785441892,0.9612122852140251,0.5020922781961241,0.5131871743350145
a histology image showing [],invasive adenocarcinoma with desmoplastic stroma,normal lung parenchyma with patent alveolar spaces,0.8488368721057735,0.8403593626579466,0.37358372761782455,0.3833354381883027
a histology image showing [],invasive adenocarcinoma with desmoplastic stroma,thin alveolar walls lined by normal pneumocytes,0.8716316990968325,0.8672941540448426,0.4581946547603753,0.46645723588953997
a histology image showing [],invasive adenocarcinoma with desmoplastic stroma,aerated lung tissue with open alveolar spaces,0.8313063758867527,0.8241916258022203,0.3291538432656543,0.3378783253459243
a histology image showing [],invasive adenocarcinoma with desmoplastic stroma,empty alveoli lined by flat pneumocytes,0.9254162207673341,0.9194480201713146,0.39496322227668684,0.40657543649516453
a histology image showing [],invasive adenocarcinoma with desmoplastic stroma,normal lung with thin alveolar septa,0.8957893921681541,0.8892790154429251,0.4071524116412798,0.42032420838227447
a histology image showing [],invasive adenocarcinoma with desmoplastic stroma,intact alveolar spaces,0.7715221293763012,0.7636772185031853,0.24877200675533426,0.2568375882993948
a histology image showing [],invasive adenocarcinoma with desmoplastic stroma,unremarkable lung parenchyma,0.7853693117456269,0.778769286796337,0.2914589686720704,0.3008489628529924
a histology image showing [],invasive adenocarcinoma with desmoplastic stroma,normal lung tissue,0.9018779673416326,0.8938770770477112,0.46372371468097295,0.47298397291974426
a histology image showing [],invasive adenocarcinoma with desmoplastic stroma,alveolar spaces lined by normal epithelium,0.612967082125389,0.6070681793466578,0.06993882118702467,0.06781309703462174
a histology image showing [],invasive adenocarcinoma with desmoplastic stroma,open alveolar spaces with thin septa,0.8018539114330648,0.7952024844908994,0.31531552135438956,0.3254017668353348
a histology image showing [],invasive adenocarcinoma with desmoplastic stroma,healthy lung tissue,0.8756863142476061,0.8675532502303499,0.4361724696942704,0.44521831985810295
a histology image showing [],invasive adenocarcinoma,morphologically normal pneumocytes lining empty alveoli,0.9681956997591937,0.9683831841644053,0.4746022986402076,0.48456135766886715
a histology image showing [],invasive adenocarcinoma,normal lung parenchyma with patent alveolar spaces,0.8853738840159198,0.8823564644224309,0.4130089999906945,0.42762054832779367
a histology image showing [],invasive adenocarcinoma,thin alveolar walls lined by normal pneumocytes,0.8358049131721752,0.8396035706126674,0.5046788218750046,0.5116850935039683
a histology image showing [],invasive adenocarcinoma,aerated lung tissue with open alveolar spaces,0.8682681558262669,0.8684765043132118,0.3791544200399719,0.3885557521018258
a histology image showing [],invasive adenocarcinoma,empty alveoli lined by flat pneumocytes,0.9205958121299448,0.9204132978261548,0.3855803238132462,0.39357997184927296
a histology image showing [],invasive adenocarcinoma,normal lung with thin alveolar septa,0.9035658353373058,0.9032657837080049,0.4615413698908287,0.48255479548743746
a histology image showing [],invasive adenocarcinoma,intact alveolar spaces,0.8083108221106753,0.8011704639621526,0.324209128227068,0.3335736759674645
a histology image showing [],invasive adenocarcinoma,unremarkable lung parenchyma,0.8067226790373353,0.8061230072523328,0.342800805925032,0.3505405031438201
a histology image showing [],invasive adenocarcinoma,normal lung tissue,0.9101742488089442,0.9072172639746291,0.5254161683983027,0.533762297527324
a histology image showing [],invasive adenocarcinoma,alveolar spaces lined by normal epithelium,0.5742779314225362,0.5693002421940266,0.005749661975807552,0.004814777042392416
a histology image showing [],invasive adenocarcinoma,open alveolar spaces with thin septa,0.8345580427058283,0.8308905288057465,0.34405992580159245,0.359093539059551
a histology image showing [],invasive adenocarcinoma,healthy lung tissue,0.8842635637839944,0.8819876095795198,0.5342775624312618,0.5410897787435162
a histology image showing [],neoplastic epithelial cells continuously lining alveolar walls in a lepidic pattern,morphologically normal pneumocytes lining empty alveoli,0.9433854489763469,0.9455093788014051,0.6496114455278071,0.6556221362587575
a histology image showing [],neoplastic epithelial cells continuously lining alveolar walls in a lepidic pattern,normal lung parenchyma with patent alveolar spaces,0.7597758846107268,0.7529736419052148,0.27815612113086075,0.28089841755857275
a histology image showing [],neoplastic epithelial cells continuously lining alveolar walls in a lepidic pattern,thin alveolar walls lined by normal pneumocytes,0.6849770850994242,0.6801143361497978,0.33176339544675154,0.33308598195026873
a histology image showing [],neoplastic epithelial cells continuously lining alveolar walls in a lepidic pattern,aerated lung tissue with open alveolar spaces,0.6840419940371004,0.6829010427072454,0.13315999511359322,0.12805876180524306
a histology image showing [],neoplastic epithelial cells continuously lining alveolar walls in a lepidic pattern,empty alveoli lined by flat pneumocytes,0.8595130820479487,0.8579106318372605,0.48817726904413705,0.493065235896351
a histology image showing [],neoplastic epithelial cells continuously lining alveolar walls in a lepidic pattern,normal lung with thin alveolar septa,0.7962178262520813,0.7920859540109539,0.5000513398245717,0.5022406381201835
a histology image showing [],neoplastic epithelial cells continuously lining alveolar walls in a lepidic pattern,intact alveolar spaces,0.48314863009015196,0.481262544900311,0.09028655124352136,0.09240057017181966
a histology image showing [],neoplastic epithelial cells continuously lining alveolar walls in a lepidic pattern,unremarkable lung parenchyma,0.48074048535267033,0.48708557044575335,0.005085761174140931,0.002910973912059328
a histology image showing [],neoplastic epithelial cells continuously lining alveolar walls in a lepidic pattern,normal lung tissue,0.8013105527174527,0.7957792653925558,0.43121479329244927,0.4269470558555891
a histology image showing [],neoplastic epithelial cells continuously lining alveolar walls in a lepidic pattern,alveolar spaces lined by normal epithelium,0.15907150783588267,0.15659609909975983,0.5782889748965637,0.5789665712026161
a histology image showing [],neoplastic epithelial cells continuously lining alveolar walls in a lepidic pattern,open alveolar spaces with thin septa,0.5913030476035125,0.5909211381517553,0.12006304894027427,0.11546391604391129
a histology image showing [],neoplastic epithelial cells continuously lining alveolar walls in a lepidic pattern,healthy lung tissue,0.7371550922321659,0.7305714109888479,0.3474765752809843,0.3448406679788263
a histology image showing [],solid sheets of tumor cells replacing alveoli,morphologically normal pneumocytes lining empty alveoli,0.8294174515730669,0.8251664715120646,0.3307719287780485,0.3371122278485036
a histology image showing [],solid sheets of tumor cells replacing alveoli,normal lung parenchyma with patent alveolar spaces,0.28330614686132183,0.27985701026521637,0.5014622634475985,0.49273896417368673
a histology image showing [],solid sheets of tumor cells replacing alveoli,thin alveolar walls lined by normal pneumocytes,0.2019849007982113,0.19318581668618212,0.4223519190258479,0.4125292901644932
a histology image showing [],solid sheets of tumor cells replacing alveoli,aerated lung tissue with open alveolar spaces,0.16587900042756906,0.16104790012805176,0.6593029459107494,0.6521849835219298
a histology image showing [],solid sheets of tumor cells replacing alveoli,empty alveoli lined by flat pneumocytes,0.5845351813543641,0.567916372670263,0.043210243248107585,0.03243867983441888
a histology image showing [],solid sheets of tumor cells replacing alveoli,normal lung with thin alveolar septa,0.27896446728108093,0.27274491059558825,0.37464909769604315,0.3690337028299201
a histology image showing [],solid sheets of tumor cells replacing alveoli,intact alveolar spaces,0.1545537340619308,0.14679946452611994,0.6853019733248853,0.6806098294779606
a histology image showing [],solid sheets of tumor cells replacing alveoli,unremarkable lung parenchyma,0.16413869549421298,0.16005008265619322,0.5832030334087931,0.5785129252819385
a histology image showing [],solid sheets of tumor cells replacing alveoli,normal lung tissue,0.30101899840094115,0.28801822398353116,0.39970764440837936,0.3961363412726573
a histology image showing [],solid sheets of tumor cells replacing alveoli,alveolar spaces lined by normal epithelium,0.0715144677341888,0.06311190240752496,0.6949266428434028,0.6959961719914153
a histology image showing [],solid sheets of tumor cells replacing alveoli,open alveolar spaces with thin septa,0.15528875740522424,0.15227812439145905,0.6259270624929797,0.6218243591321047
a histology image showing [],solid sheets of tumor cells replacing alveoli,healthy lung tissue,0.206465396152208,0.19373747617470005,0.5173104200778824,0.5119845512394376
a histology image showing [],adenocarcinoma cells forming glands,morphologically normal pneumocytes lining empty alveoli,0.9167548991258313,0.9168967636370073,0.3873711830123392,0.4015531496949947
a histology image showing [],adenocarcinoma cells forming glands,normal lung parenchyma with patent alveolar spaces,0.6759865188052122,0.6671604963249396,0.04330672372620062,0.04173715403107166
a histology image showing [],adenocarcinoma cells forming glands,thin alveolar walls lined by normal pneumocytes,0.6409112740651767,0.6349976269537589,0.10550900702387937,0.11255632065866222
a histology image showing [],adenocarcinoma cells forming glands,aerated lung tissue with open alveolar spaces,0.6063875439823568,0.6028705008012719,0.11335464613652195,0.11685456832700335
a histology image showing [],adenocarcinoma cells forming glands,empty alveoli lined by flat pneumocytes,0.8161607511375067,0.8117062413223642,0.28397068518532764,0.28565381057775174
a histology image showing [],adenocarcinoma cells forming glands,normal lung with thin alveolar septa,0.736222843391916,0.7315578058047324,0.20374462573563248,0.21185959384760214
a histology image showing [],adenocarcinoma cells forming glands,intact alveolar spaces,0.48738679511862776,0.47993642090674815,0.22352007089825984,0.22474077444432375
a histology image showing [],adenocarcinoma cells forming glands,unremarkable lung parenchyma,0.4807474879287945,0.47865746278785304,0.10612582335542937,0.11341143690596787
a histology image showing [],adenocarcinoma cells forming glands,normal lung tissue,0.7558976519950339,0.7483515969378852,0.19268233006429947,0.19295213022212526
a histology image showing [],adenocarcinoma cells forming glands,alveolar spaces lined by normal epithelium,0.23269745822963342,0.2306448363272494,0.3756779626567515,0.3805451563866493
a histology image showing [],adenocarcinoma cells forming glands,open alveolar spaces with thin septa,0.5567328121769032,0.5510102095783396,0.08351489179348963,0.08953028877807605
a histology image showing [],adenocarcinoma cells forming glands,healthy lung tissue,0.6999297270890126,0.6917607665908809,0.13096096988113917,0.12988656104889204
a histology image showing [],tumor cells replacing normal alveolar architecture,morphologically normal pneumocytes lining empty alveoli,0.9569239825050934,0.9551404902384764,0.529954085838365,0.540968264930164
a histology image showing [],tumor cells replacing normal alveolar architecture,normal lung parenchyma with patent alveolar spaces,0.7967661691542288,0.7876291792800607,0.2554097304959017,0.2676070754140295
a histology image showing [],tumor cells replacing normal alveolar architecture,thin alveolar walls lined by normal pneumocytes,0.7121031701897863,0.7032016735244753,0.26546095582460105,0.27515176041290423
a histology image showing [],tumor cells replacing normal alveolar architecture,aerated lung tissue with open alveolar spaces,0.7031093497572578,0.6956182101583239,0.0932848806467487,0.10482600822940577
a histology image showing [],tumor cells replacing normal alveolar architecture,empty alveoli lined by flat pneumocytes,0.8751276322477692,0.8688255064957399,0.3722081278143704,0.38201217728533887
a histology image showing [],tumor cells replacing normal alveolar architecture,normal lung with thin alveolar septa,0.8376285899530334,0.8318703482181922,0.43403082252448344,0.44428710733551174
a histology image showing [],tumor cells replacing normal alveolar architecture,intact alveolar spaces,0.5764065909894146,0.5637588630958854,0.09306685114178512,0.07985907825444281
a histology image showing [],tumor cells replacing normal alveolar architecture,unremarkable lung parenchyma,0.540288909814234,0.5377600550985088,0.015074555166493364,0.009001047529046763
a histology image showing [],tumor cells replacing normal alveolar architecture,normal lung tissue,0.8532984193126106,0.8445902132706815,0.45932691038787754,0.46619050808432566
a histology image showing [],tumor cells replacing normal alveolar architecture,alveolar spaces lined by normal epithelium,0.2497299065197279,0.23966675349571206,0.6264653371648017,0.6200549124396597
a histology image showing [],tumor cells replacing normal alveolar architecture,open alveolar spaces with thin septa,0.6957627411872579,0.6886566703674386,0.1288034433225313,0.14084172969063413
a histology image showing [],tumor cells replacing normal alveolar architecture,healthy lung tissue,0.7904304030435667,0.7811266110792175,0.3894017944926619,0.3984881642962603
a histology image showing [],atypical epithelial cells lining distorted alveoli,morphologically normal pneumocytes lining empty alveoli,0.9256269571170477,0.9210116595390979,0.49109014268490875,0.5027256923523782
a histology image showing [],atypical epithelial cells lining distorted alveoli,normal lung parenchyma with patent alveolar spaces,0.48126094152519405,0.4789586246953607,0.052905525896577835,0.05325615965790262
a histology image showing [],atypical epithelial cells lining distorted alveoli,thin alveolar walls lined by normal pneumocytes,0.4231710712870488,0.41852050893622617,0.0652731818840502,0.06355294947344692
a histology image showing [],atypical epithelial cells lining distorted alveoli,aerated lung tissue with open alveolar spaces,0.35405819882208434,0.357574611861522,0.20928035967827238,0.21683332711928813
a histology image showing [],atypical epithelial cells lining distorted alveoli,empty alveoli lined by flat pneumocytes,0.8064182729340547,0.7995148953962903,0.3038107347847762,0.31132665572261464
a histology image showing [],atypical epithelial cells lining distorted alveoli,normal lung with thin alveolar septa,0.5518146970067694,0.5501049957049128,0.07775858065607402,0.07798481094964464
a histology image showing [],atypical epithelial cells lining distorted alveoli,intact alveolar spaces,0.2988655414762584,0.30112013683583155,0.28221357697602545,0.286619758749112
a histology image showing [],atypical epithelial cells lining distorted alveoli,unremarkable lung parenchyma,0.297613357290382,0.30210552005118696,0.18273408963104387,0.18878989042213504
a histology image showing [],atypical epithelial cells lining distorted alveoli,normal lung tissue,0.6004503892196577,0.5960794156995344,0.09445690343201568,0.09216999068664668
a histology image showing [],atypical epithelial cells lining distorted alveoli,alveolar spaces lined by normal epithelium,0.1319570387835619,0.1345855261882302,0.7015501588457987,0.7053600867281012
a histology image showing [],atypical epithelial cells lining distorted alveoli,open alveolar spaces with thin septa,0.34890665071726973,0.35299189286475996,0.13406754878600097,0.13952604305980917
a histology image showing [],atypical epithelial cells lining distorted alveoli,healthy lung tissue,0.5034849349872594,0.5004970752099703,0.0040699818050384555,0.0014037991668092793
a histology image showing [],malignant epithelium with enlarged hyperchromatic nuclei,morphologically normal pneumocytes lining empty alveoli,0.9286359640776083,0.9228966928249703,0.36117854384393067,0.3717867361330891
a histology image showing [],malignant epithelium with enlarged hyperchromatic nuclei,normal lung parenchyma with patent alveolar spaces,0.6542262606490646,0.6502111716104427,0.02850160912077777,0.024005703263792127
a histology image showing [],malignant epithelium with enlarged hyperchromatic nuclei,thin alveolar walls lined by normal pneumocytes,0.6415849630799472,0.6342016237874493,0.06553193943113,0.05711570905564451
a histology image showing [],malignant epithelium with enlarged hyperchromatic nuclei,aerated lung tissue with open alveolar spaces,0.6155622780286347,0.6118569276511732,0.1468965828665443,0.14564823031951485
a histology image showing [],malignant epithelium with enlarged hyperchromatic nuclei,empty alveoli lined by flat pneumocytes,0.833771694598707,0.8249350678910405,0.23147338586862484,0.23678452081387516
a histology image showing [],malignant epithelium with enlarged hyperchromatic nuclei,normal lung with thin alveolar septa,0.7309064875984377,0.7263982637562919,0.06114474382074358,0.06503370407780094
a histology image showing [],malignant epithelium with enlarged hyperchromatic nuclei,intact alveolar spaces,0.5393625925678777,0.5351533291351911,0.2079534385511953,0.20632088166871726
a histology image showing [],malignant epithelium with enlarged hyperchromatic nuclei,unremarkable lung parenchyma,0.5208062189466642,0.5212730739758177,0.141765886308975,0.14201380810222594
a histology image showing [],malignant epithelium with enlarged hyperchromatic nuclei,normal lung tissue,0.7635651021263941,0.755938305855734,0.06776984035795798,0.07231519158864255
a histology image showing [],malignant epithelium with enlarged hyperchromatic nuclei,alveolar spaces lined by normal epithelium,0.36747183934607475,0.36493956951339485,0.5458744984826125,0.5445997324833505
a histology image showing [],malignant epithelium with enlarged hyperchromatic nuclei,open alveolar spaces with thin septa,0.5798739371531151,0.5763867146502517,0.09534629574776249,0.0939822835724224
a histology image showing [],malignant epithelium with enlarged hyperchromatic nuclei,healthy lung tissue,0.707809767193178,0.7000873769956981,0.0063582958222866606,0.00160520607422956
a histology image showing [],solid tumor growth pattern,morphologically normal pneumocytes lining empty alveoli,0.9594056542918789,0.955900412985916,0.4440865859021749,0.45553150861657127
a histology image showing [],solid tumor growth pattern,normal lung parenchyma with patent alveolar spaces,0.9046829933788583,0.8976221065063616,0.41865516537801983,0.4315546552192251
a histology image showing [],solid tumor growth pattern,thin alveolar walls lined by normal pneumocytes,0.8618663595419161,0.8554481853994009,0.5428726621772845,0.5506820821440154
a histology image showing [],solid tumor growth pattern,aerated lung tissue with open alveolar spaces,0.885060745288296,0.8793620847063703,0.4093496208403759,0.41795623950074534
a histology image showing [],solid tumor growth pattern,empty alveoli lined by flat pneumocytes,0.9184122853195522,0.9129622276792451,0.3465007822850486,0.3574521219590351
a histology image showing [],solid tumor growth pattern,normal lung with thin alveolar septa,0.9115759997825083,0.9053683111076267,0.4607325597727696,0.4692891873752766
a histology image showing [],solid tumor growth pattern,intact alveolar spaces,0.8517314487341402,0.840101783873233,0.34722358961012967,0.35618348817752565
a histology image showing [],solid tumor growth pattern,unremarkable lung parenchyma,0.841276190664495,0.83195173991076,0.3272657830000757,0.33892030847817356
a histology image showing [],solid tumor growth pattern,normal lung tissue,0.9162704856245351,0.908136766705529,0.5161602050490514,0.526301093665881
a histology image showing [],solid tumor growth pattern,alveolar spaces lined by normal epithelium,0.6655179146493069,0.6464899569142475,0.06110738690457031,0.07070892805462464
a histology image showing [],solid tumor growth pattern,open alveolar spaces with thin septa,0.8852050395480785,0.8773241732905427,0.3987300864661241,0.40915812285316505
a histology image showing [],solid tumor growth pattern,healthy lung tissue,0.8950315486650207,0.887831246485742,0.5331023990614916,0.5430861342758299
a histology image showing [],gland-forming malignant epithelium,morphologically normal pneumocytes lining empty alveoli,0.9534370703198695,0.9556449417023045,0.40878041510456015,0.4201840969660344
a histology image showing [],gland-forming malignant epithelium,normal lung parenchyma with patent alveolar spaces,0.8354741032377441,0.8318502426576769,0.3101210830086946,0.32832051729220196
a histology image showing [],gland-forming malignant epithelium,thin alveolar walls lined by normal pneumocytes,0.7775371363088515,0.7800388454603162,0.40827099274065404,0.42291841260930496
a histology image showing [],gland-forming malignant epithelium,aerated lung tissue with open alveolar spaces,0.8167945254683694,0.8176459802788477,0.31801708481839186,0.33730788141662865
a histology image showing [],gland-forming malignant epithelium,empty alveoli lined by flat pneumocytes,0.9049488441218316,0.9073633138010131,0.3552662424660806,0.35838936991453957
a histology image showing [],gland-forming malignant epithelium,normal lung with thin alveolar septa,0.8582110148050935,0.8595481601936877,0.3474307208927218,0.37228397922795925
a histology image showing [],gland-forming malignant epithelium,intact alveolar spaces,0.7211214996387495,0.714761527820279,0.21115130173065885,0.22275881336246542
a histology image showing [],gland-forming malignant epithelium,unremarkable lung parenchyma,0.7201164651984324,0.7198719650930377,0.2102310973699477,0.21600159203683647
a histology image showing [],gland-forming malignant epithelium,normal lung tissue,0.8878103273992679,0.8871103125086934,0.41285755761180365,0.43317569957852253
a histology image showing [],gland-forming malignant epithelium,alveolar spaces lined by normal epithelium,0.47047359658076565,0.46524907712526736,0.14559134666935325,0.142821227617891
a histology image showing [],gland-forming malignant epithelium,open alveolar spaces with thin septa,0.7567477647365095,0.7535346165486044,0.24873076948130132,0.26504316406012907
a histology image showing [],gland-forming malignant epithelium,healthy lung tissue,0.8521164668460974,0.8519231790558226,0.43433846168614654,0.452418609767851
a histology image showing [],carcinoma cells,morphologically normal pneumocytes lining empty alveoli,0.7594657940632984,0.74996969413415,0.05067448331439252,0.05371408761755269
a histology image showing [],carcinoma cells,normal lung parenchyma with patent alveolar spaces,0.4133816346319405,0.4090093564618934,0.2843632843581457,0.28417331768140786
a histology image showing [],carcinoma cells,thin alveolar walls lined by normal pneumocytes,0.35860435362515125,0.34443004318691256,0.3634340942360216,0.36128181873469306
a histology image showing [],carcinoma cells,aerated lung tissue with open alveolar spaces,0.3382348894705146,0.3341057746373201,0.3933178697985281,0.3914893634902191
a histology image showing [],carcinoma cells,empty alveoli lined by flat pneumocytes,0.6103915346269151,0.5954433297168614,0.04063630579714398,0.040782325494068274
a histology image showing [],carcinoma cells,normal lung with thin alveolar septa,0.44228843363905757,0.4338180164368226,0.31430377722650044,0.31338649422916254
a histology image showing [],carcinoma cells,intact alveolar spaces,0.2984823769873929,0.29274775150707405,0.45194765838224144,0.4512962863765976
a histology image showing [],carcinoma cells,unremarkable lung parenchyma,0.28178510494390113,0.2795747315675846,0.34531489828522627,0.3490219675298087
a histology image showing [],carcinoma cells,normal lung tissue,0.4648003565546996,0.4539672865248909,0.296719697190926,0.2928983688057962
a histology image showing [],carcinoma cells,alveolar spaces lined by normal epithelium,0.19052761527682008,0.18684143751807183,0.5999720708302464,0.5985058577515433
a histology image showing [],carcinoma cells,open alveolar spaces with thin septa,0.3197529079227146,0.3176004161050176,0.421237290528981,0.4209044327218283
a histology image showing [],carcinoma cells,healthy lung tissue,0.4049275892437135,0.3947305728440896,0.3592569217201977,0.3528777766674027
a histology image showing [],malignant tumor tissue,morphologically normal pneumocytes lining empty alveoli,0.9515973699971743,0.9513791487212948,0.44756486752319796,0.4605486143302789
a histology image showing [],malignant tumor tissue,normal lung parenchyma with patent alveolar spaces,0.7215582956224014,0.7145456354073673,0.12494045199345613,0.13261297783125237
a histology image showing [],malignant tumor tissue,thin alveolar walls lined by normal pneumocytes,0.6890321533580648,0.6828265636182927,0.12207955182290622,0.13130808578604236
a histology image showing [],malignant tumor tissue,aerated lung tissue with open alveolar spaces,0.6735737194141892,0.6677888688535785,0.002664834761474746,0.0027578091797961168
a histology image showing [],malignant tumor tissue,empty alveoli lined by flat pneumocytes,0.8732881378831954,0.8685261148891581,0.3294249501423185,0.33813391680748744
a histology image showing [],malignant tumor tissue,normal lung with thin alveolar septa,0.8085038460619571,0.8051112802731996,0.2734290312535206,0.2866608537716796
a histology image showing [],malignant tumor tissue,intact alveolar spaces,0.5658027135394398,0.5568097575615032,0.1043763740498783,0.09779853828433835
a histology image showing [],malignant tumor tissue,unremarkable lung parenchyma,0.5470978029211452,0.5433692114320976,0.05373799321304556,0.05242142337558671
a histology image showing [],malignant tumor tissue,normal lung tissue,0.8442599471593843,0.837473013448386,0.31989505360991305,0.3279330057292327
a histology image showing [],malignant tumor tissue,alveolar spaces lined by normal epithelium,0.31773834915503624,0.3114047422146802,0.4706238763077303,0.46608771360367796
a histology image showing [],malignant tumor tissue,open alveolar spaces with thin septa,0.6294766027455041,0.6243446725322638,0.027672780470053726,0.03349043397065734
a histology image showing [],malignant tumor tissue,healthy lung tissue,0.7851524378438985,0.777211674881706,0.2536787644615678,0.2617960894810996
a histology image showing [],dense cellular tumor with loss of alveolar spaces,morphologically normal pneumocytes lining empty alveoli,0.9542154272518844,0.9535057016334819,0.7134270782966438,0.7192744061302485
a histology image showing [],dense cellular tumor with loss of alveolar spaces,normal lung parenchyma with patent alveolar spaces,0.8402330539717376,0.8406579534141096,0.47012133469695794,0.4802451235069758
a histology image showing [],dense cellular tumor with loss of alveolar spaces,thin alveolar walls lined by normal pneumocytes,0.7200870543787109,0.7158776604040163,0.3835330441250564,0.39064528578698166
a histology image showing [],dense cellular tumor with loss of alveolar spaces,aerated lung tissue with open alveolar spaces,0.7843732570793985,0.7861080271344982,0.4156477788136669,0.4230384417641253
a histology image showing [],dense cellular tumor with loss of alveolar spaces,empty alveoli lined by flat pneumocytes,0.8845145031589856,0.8820849761304426,0.6195187623655973,0.6264467110637424
a histology image showing [],dense cellular tumor with loss of alveolar spaces,normal lung with thin alveolar septa,0.8391192324517502,0.8365832264830274,0.6422062124862725,0.6475694021615935
a histology image showing [],dense cellular tumor with loss of alveolar spaces,intact alveolar spaces,0.7123280764582453,0.7018739478300747,0.22574735838393728,0.23926967607171828
a histology image showing [],dense cellular tumor with loss of alveolar spaces,unremarkable lung parenchyma,0.6677461755636456,0.6693561331232576,0.27391841650651105,0.2794079254689296
a histology image showing [],dense cellular tumor with loss of alveolar spaces,normal lung tissue,0.8644303733855973,0.8594042178684059,0.618835348012459,0.6242891555397325
a histology image showing [],dense cellular tumor with loss of alveolar spaces,alveolar spaces lined by normal epithelium,0.32525911591240686,0.3164520809044383,0.30496835446908654,0.29391770437512865
a histology image showing [],dense cellular tumor with loss of alveolar spaces,open alveolar spaces with thin septa,0.769332629780391,0.7694118976024225,0.4112804452015981,0.4210317700986811
a histology image showing [],dense cellular tumor with loss of alveolar spaces,healthy lung tissue,0.8097898897629752,0.8067113794100514,0.5424651889815846,0.5480633430351063
a histology image showing [],invasive malignant epithelium,morphologically normal pneumocytes lining empty alveoli,0.9509866217842728,0.9507464768904074,0.3933927470779855,0.40595003350110337
a histology image showing [],invasive malignant epithelium,normal lung parenchyma with patent alveolar spaces,0.766086606213839,0.7586237680602307,0.24543672983839235,0.25438161496511635
a histology image showing [],invasive malignant epithelium,thin alveolar walls lined by normal pneumocytes,0.7505352027740088,0.7491349550975815,0.2622412718262467,0.27538483263286867
a histology image showing [],invasive malignant epithelium,aerated lung tissue with open alveolar spaces,0.7404625737021137,0.7351720437449789,0.18433401203943264,0.19464430901856894
a histology image showing [],invasive malignant epithelium,empty alveoli lined by flat pneumocytes,0.889673630522664,0.8871176887625513,0.31506321867623827,0.3235079581922006
a histology image showing [],invasive malignant epithelium,normal lung with thin alveolar septa,0.8289763716604921,0.824572451251392,0.28768677469046733,0.30167929822375705
a histology image showing [],invasive malignant epithelium,intact alveolar spaces,0.6495702065924723,0.6434224890599618,0.08459565601992516,0.0931856169533001
a histology image showing [],invasive malignant epithelium,unremarkable lung parenchyma,0.6421655590238903,0.6381761179661097,0.10638627561651602,0.11035786710853412
a histology image showing [],invasive malignant epithelium,normal lung tissue,0.8590646700262555,0.8525549657362471,0.34931975187572206,0.3588700877565542
a histology image showing [],invasive malignant epithelium,alveolar spaces lined by normal epithelium,0.4275278270017688,0.42167105448396147,0.29403410612043873,0.2906217277196147
a histology image showing [],invasive malignant epithelium,open alveolar spaces with thin septa,0.689913283392608,0.6846935145447081,0.16562867994058506,0.17653058282489018
a histology image showing [],invasive malignant epithelium,healthy lung tissue,0.8145029118359189,0.8072863478607599,0.32704340566218637,0.33681328155549284
H&E stained [],invasive adenocarcinoma with desmoplastic stroma,morphologically normal pneumocytes lining empty alveoli,0.8816498728414559,0.8744341991790862,0.37427786163786,0.38157844131317686
H&E stained [],invasive adenocarcinoma with desmoplastic stroma,normal lung parenchyma with patent alveolar spaces,0.6678884926254635,0.6643345480969687,0.04825630710026006,0.04380847555046961
H&E stained [],invasive adenocarcinoma with desmoplastic stroma,thin alveolar walls lined by normal pneumocytes,0.5437317057698756,0.5365144797970729,0.1321983446241595,0.12759518337614648
H&E stained [],invasive adenocarcinoma with desmoplastic stroma,aerated lung tissue with open alveolar spaces,0.6798883130299818,0.6734255913015843,0.07933024177646647,0.07452921781848829
H&E stained [],invasive adenocarcinoma with desmoplastic stroma,empty alveoli lined by flat pneumocytes,0.8630269335554386,0.8544217902125962,0.3308071058195238,0.3418895221109443
H&E stained [],invasive adenocarcinoma with desmoplastic stroma,normal lung with thin alveolar septa,0.7718030150621293,0.764215389984649,0.164384741583376,0.1720573784042764
H&E stained [],invasive adenocarcinoma with desmoplastic stroma,intact alveolar spaces,0.7677154466119477,0.7649010865432683,0.1620780548647112,0.1649170202261695
H&E stained [],invasive adenocarcinoma with desmoplastic stroma,unremarkable lung parenchyma,0.41724680950274295,0.41771076486273,0.4731396322745843,0.46619335126105355
H&E stained [],invasive adenocarcinoma with desmoplastic stroma,normal lung tissue,0.8294355346961171,0.8209604472623139,0.22856045421912308,0.23403118299729173
H&E stained [],invasive adenocarcinoma with desmoplastic stroma,alveolar spaces lined by normal epithelium,0.43262018274252184,0.43091978092104544,0.47650033154415805,0.4749885188869315
H&E stained [],invasive adenocarcinoma with desmoplastic stroma,open alveolar spaces with thin septa,0.6359070272087155,0.6321671265234071,0.0417265499461096,0.03651949470254548
H&E stained [],invasive adenocarcinoma with desmoplastic stroma,healthy lung tissue,0.8260806416666461,0.8175376547221934,0.1901186300601215,0.19573533082864122
H&E stained [],invasive adenocarcinoma,morphologically normal pneumocytes lining empty alveoli,0.9065340625898493,0.9040524717194427,0.5168252167937334,0.5228317758820947
H&E stained [],invasive adenocarcinoma,normal lung parenchyma with patent alveolar spaces,0.7084210508971948,0.7043131696057877,0.09853420900892615,0.09979487576995484
H&E stained [],invasive adenocarcinoma,thin alveolar walls lined by normal pneumocytes,0.5260910631475838,0.5172849231900148,0.05171754552265108,0.04792441871817313
H&E stained [],invasive adenocarcinoma,aerated lung tissue with open alveolar spaces,0.6926935120720293,0.6863104315403556,0.0907667258347223,0.09407652701041887
H&E stained [],invasive adenocarcinoma,empty alveoli lined by flat pneumocytes,0.8696649638049198,0.8654908496517144,0.39278660958245015,0.401357284901426
H&E stained [],invasive adenocarcinoma,normal lung with thin alveolar septa,0.8306534474506092,0.8243489296844903,0.28591283999712086,0.2927827818195616
H&E stained [],invasive adenocarcinoma,intact alveolar spaces,0.8004446223922612,0.800086238945103,0.3863957094972458,0.39339453902170274
H&E stained [],invasive adenocarcinoma,unremarkable lung parenchyma,0.35463306913025533,0.35334654315024205,0.3727485163129403,0.3739556577638362
H&E stained [],invasive adenocarcinoma,normal lung tissue,0.86358063136874,0.8577285437420283,0.43011767031338966,0.4330456642525599
H&E stained [],invasive adenocarcinoma,alveolar spaces lined by normal epithelium,0.35353864886529435,0.3493181812434088,0.40635967127410777,0.40716969112472295
H&E stained [],invasive adenocarcinoma,open alveolar spaces with thin septa,0.6519233193199427,0.6479714458890662,0.06975586758947973,0.07376031061332518
H&E stained [],invasive adenocarcinoma,healthy lung tissue,0.8582539776691966,0.8522331503179377,0.42754934988338683,0.4316234676283157
H&E stained [],neoplastic epithelial cells continuously lining alveolar walls in a lepidic pattern,morphologically normal pneumocytes lining empty alveoli,0.952079476767512,0.9540433251646591,0.7137913185455784,0.7148326356598232
H&E stained [],neoplastic epithelial cells continuously lining alveolar walls in a lepidic pattern,normal lung parenchyma with patent alveolar spaces,0.8154522963918609,0.8231993299832496,0.4024193214915474,0.3983564985866672
H&E stained [],neoplastic epithelial cells continuously lining alveolar walls in a lepidic pattern,thin alveolar walls lined by normal pneumocytes,0.48173571618641353,0.4814609872040963,0.015232775664125084,0.016838712748796437
H&E stained [],neoplastic epithelial cells continuously lining alveolar walls in a lepidic pattern,aerated lung tissue with open alveolar spaces,0.7055966647965669,0.7051567601469856,0.2926577488283037,0.290232449039399
H&E stained [],neoplastic epithelial cells continuously lining alveolar walls in a lepidic pattern,empty alveoli lined by flat pneumocytes,0.8942709041314375,0.8933778943366387,0.49465089663090184,0.5046103200741796
H&E stained [],neoplastic epithelial cells continuously lining alveolar walls in a lepidic pattern,normal lung with thin alveolar septa,0.8997005368916307,0.8994560961155382,0.4992894695317331,0.49706028726033097
H&E stained [],neoplastic epithelial cells continuously lining alveolar walls in a lepidic pattern,intact alveolar spaces,0.8411239876128548,0.8425852631720926,0.5973377948074924,0.5983737721970154
H&E stained [],neoplastic epithelial cells continuously lining alveolar walls in a lepidic pattern,unremarkable lung parenchyma,0.23438800368088356,0.2396318954274813,0.36042720759419383,0.36824809061991715
H&E stained [],neoplastic epithelial cells continuously lining alveolar walls in a lepidic pattern,normal lung tissue,0.9056835379321311,0.9053640961054222,0.5886427783524172,0.5846999789734809
H&E stained [],neoplastic epithelial cells continuously lining alveolar walls in a lepidic pattern,alveolar spaces lined by normal epithelium,0.17785958434355792,0.17845118057996745,0.4819138020570067,0.4907816263991904
H&E stained [],neoplastic epithelial cells continuously lining alveolar walls in a lepidic pattern,open alveolar spaces with thin septa,0.6878272159652145,0.689667638646175,0.22789996800900708,0.23035618436375335
H&E stained [],neoplastic epithelial cells continuously lining alveolar walls in a lepidic pattern,healthy lung tissue,0.8957926874980949,0.8932598742749143,0.5546607547381627,0.5535114928251144
H&E stained [],solid sheets of tumor cells replacing alveoli,morphologically normal pneumocytes lining empty alveoli,0.6518219467326392,0.6459601732871706,0.05004995084250943,0.04624932634211748
H&E stained [],solid sheets of tumor cells replacing alveoli,normal lung parenchyma with patent alveolar spaces,0.2900053054812047,0.2904517555062681,0.425409935610409,0.42015284367024724
H&E stained [],solid sheets of tumor cells replacing alveoli,thin alveolar walls lined by normal pneumocytes,0.10690383980083026,0.10387379777599624,0.6171036999097598,0.6132657229141413
H&E stained [],solid sheets of tumor cells replacing alveoli,aerated lung tissue with open alveolar spaces,0.21827668249248872,0.21227897582190436,0.5611605251872199,0.5539103891450851
H&E stained [],solid sheets of tumor cells replacing alveoli,empty alveoli lined by flat pneumocytes,0.5943120957556974,0.578587283001149,0.015678499406196585,0.024849969338915166
H&E stained [],solid sheets of tumor cells replacing alveoli,normal lung with thin alveolar septa,0.3840984677539608,0.37937253791183734,0.22825076494225272,0.23175395448136446
H&E stained [],solid sheets of tumor cells replacing alveoli,intact alveolar spaces,0.3677708493465773,0.3657795351526969,0.29000070657315064,0.2863743165243528
H&E stained [],solid sheets of tumor cells replacing alveoli,unremarkable lung parenchyma,0.1504202369506994,0.14743626705916768,0.6932955245475043,0.6902815018428899
H&E stained [],solid sheets of tumor cells replacing alveoli,normal lung tissue,0.4429185419153611,0.4358350214417162,0.2812440421805371,0.27490632873474996
H&E stained [],solid sheets of tumor cells replacing alveoli,alveolar spaces lined by normal epithelium,0.10148042697590043,0.0935908783980294,0.7795119596127443,0.7770571596052602
H&E stained [],solid sheets of tumor cells replacing alveoli,open alveolar spaces with thin septa,0.287587810245016,0.2870512181777871,0.3437809888518013,0.34282936377329426
H&E stained [],solid sheets of tumor cells replacing alveoli,healthy lung tissue,0.42830972641347,0.41693174815530426,0.32348040975238584,0.31282918020001454
H&E stained [],adenocarcinoma cells forming glands,morphologically normal pneumocytes lining empty alveoli,0.8622058197174419,0.8601430656048233,0.3601142749507968,0.37002327455632317
H&E stained [],adenocarcinoma cells forming glands,normal lung parenchyma with patent alveolar spaces,0.5281737116701638,0.5266521333390657,0.20032799588950398,0.2078751463664657
H&E stained [],adenocarcinoma cells forming glands,thin alveolar walls lined by normal pneumocytes,0.33719723126378376,0.3325627887803385,0.34006739664484387,0.34064513951397074
H&E stained [],adenocarcinoma cells forming glands,aerated lung tissue with open alveolar spaces,0.5069024392856054,0.5007876153119228,0.27255486153985375,0.2716066779298111
H&E stained [],adenocarcinoma cells forming glands,empty alveoli lined by flat pneumocytes,0.80275720256146,0.7976456262186625,0.2917560323064957,0.2967787228990655
H&E stained [],adenocarcinoma cells forming glands,normal lung with thin alveolar septa,0.6907807789995214,0.6867133436010787,0.013338711102819981,0.01486155123498107
H&E stained [],adenocarcinoma cells forming glands,intact alveolar spaces,0.6711286257897464,0.6696274106651358,0.11251171365940338,0.12141603862023115
H&E stained [],adenocarcinoma cells forming glands,unremarkable lung parenchyma,0.2138917928983992,0.21266823127548495,0.4157813102232342,0.41473809905020276
H&E stained [],adenocarcinoma cells forming glands,normal lung tissue,0.7661252439573947,0.7600802199219551,0.11504140298698914,0.11317404743044916
H&E stained [],adenocarcinoma cells forming glands,alveolar spaces lined by normal epithelium,0.1809617255665702,0.18101908637298217,0.4753484832882847,0.47583472080372247
H&E stained [],adenocarcinoma cells forming glands,open alveolar spaces with thin septa,0.48910745164721187,0.48669462899129096,0.1701846079276031,0.17248039425726555
H&E stained [],adenocarcinoma cells forming glands,healthy lung tissue,0.7552865742491385,0.7489296001901808,0.14273856444319993,0.14906235959067557
H&E stained [],tumor cells replacing normal alveolar architecture,morphologically normal pneumocytes lining empty alveoli,0.9254356632139847,0.922373105251134,0.5835188108500828,0.5928543313267102
H&E stained [],tumor cells replacing normal alveolar architecture,normal lung parenchyma with patent alveolar spaces,0.700350746680573,0.698566604200334,0.07149272292717918,0.08161741152169934
H&E stained [],tumor cells replacing normal alveolar architecture,thin alveolar walls lined by normal pneumocytes,0.4483164159332498,0.43991084427337157,0.04209170327940318,0.03326153679154564
H&E stained [],tumor cells replacing normal alveolar architecture,aerated lung tissue with open alveolar spaces,0.6805245176666758,0.6717132888060501,0.04766775736424143,0.06136918130337874
H&E stained [],tumor cells replacing normal alveolar architecture,empty alveoli lined by flat pneumocytes,0.87419006968799,0.8672112449514812,0.39259035780446616,0.40477145097122197
H&E stained [],tumor cells replacing normal alveolar architecture,normal lung with thin alveolar septa,0.8565497977903165,0.8504851046037097,0.27952737881798,0.29241462752354636
H&E stained [],tumor cells replacing normal alveolar architecture,intact alveolar spaces,0.8650096511975641,0.8653640202353826,0.48188580808254033,0.49312133615494963
H&E stained [],tumor cells replacing normal alveolar architecture,unremarkable lung parenchyma,0.26462426236098857,0.2621672782634865,0.4515202813148386,0.44932533757347665
H&E stained [],tumor cells replacing normal alveolar architecture,normal lung tissue,0.9197704967462736,0.915003258196704,0.5276036013652562,0.5341658636798896
H&E stained [],tumor cells replacing normal alveolar architecture,alveolar spaces lined by normal epithelium,0.19391583233031728,0.1878600771008203,0.6710145245433242,0.6660197566560044
H&E stained [],tumor cells replacing normal alveolar architecture,open alveolar spaces with thin septa,0.6167915184797984,0.6115974942654895,0.0021688899195961664,0.011264782345991733
H&E stained [],tumor cells replacing normal alveolar architecture,healthy lung tissue,0.8900522227412367,0.8850933496538219,0.4838434042580937,0.4915523955965029
H&E stained [],atypical epithelial cells lining distorted alveoli,morphologically normal pneumocytes lining empty alveoli,0.8844464957873326,0.8764321945240378,0.4762954653243725,0.48757102968945837
H&E stained [],atypical epithelial cells lining distorted alveoli,normal lung parenchyma with patent alveolar spaces,0.3749354321289726,0.37723043164151576,0.20280973652602158,0.20280579562619688
H&E stained [],atypical epithelial cells lining distorted alveoli,thin alveolar walls lined by normal pneumocytes,0.1678091163655147,0.1673992340497994,0.32561326997586104,0.3276498233717397
H&E stained [],atypical epithelial cells lining distorted alveoli,aerated lung tissue with open alveolar spaces,0.31631505496198425,0.3132106177591531,0.30241263320069667,0.30127615068153113
H&E stained [],atypical epithelial cells lining distorted alveoli,empty alveoli lined by flat pneumocytes,0.812886264158591,0.8044704313380356,0.32375930023116106,0.33583571854410194
H&E stained [],atypical epithelial cells lining distorted alveoli,normal lung with thin alveolar septa,0.5454022732833597,0.5406555930128751,0.03747163859953447,0.03933392929953395
H&E stained [],atypical epithelial cells lining distorted alveoli,intact alveolar spaces,0.5349209821071823,0.5350306304210197,0.09096733504985431,0.09421911426159264
H&E stained [],atypical epithelial cells lining distorted alveoli,unremarkable lung parenchyma,0.12849463561477265,0.12752463879538609,0.6833236427501203,0.6825067811666963
H&E stained [],atypical epithelial cells lining distorted alveoli,normal lung tissue,0.6800369736019357,0.6706766933139106,0.1967866040760836,0.20044161428500695
H&E stained [],atypical epithelial cells lining distorted alveoli,alveolar spaces lined by normal epithelium,0.10156161566731667,0.1046408860271834,0.7091697161633993,0.7131394575599729
H&E stained [],atypical epithelial cells lining distorted alveoli,open alveolar spaces with thin septa,0.37512334831884625,0.37728075876783684,0.14028727041268416,0.1391480139531263
H&E stained [],atypical epithelial cells lining distorted alveoli,healthy lung tissue,0.6738665506710527,0.662367785918352,0.20184406628987334,0.20786103356439475
H&E stained [],malignant epithelium with enlarged hyperchromatic nuclei,morphologically normal pneumocytes lining empty alveoli,0.8929510421069021,0.8852107374652157,0.2784759545046996,0.2874402511713973
H&E stained [],malignant epithelium with enlarged hyperchromatic nuclei,normal lung parenchyma with patent alveolar spaces,0.6283987003218714,0.626403068858805,0.06281263972436074,0.06317221260949936
H&E stained [],malignant epithelium with enlarged hyperchromatic nuclei,thin alveolar walls lined by normal pneumocytes,0.4689077381761502,0.4597736628116256,0.28421989686623633,0.27568202078298704
H&E stained [],malignant epithelium with enlarged hyperchromatic nuclei,aerated lung tissue with open alveolar spaces,0.6342143809846281,0.6281981118476125,0.15335566905650083,0.14916051834767988
H&E stained [],malignant epithelium with enlarged hyperchromatic nuclei,empty alveoli lined by flat pneumocytes,0.8621746788495015,0.852510244562858,0.2230997944819317,0.22810539972597074
H&E stained [],malignant epithelium with enlarged hyperchromatic nuclei,normal lung with thin alveolar septa,0.7429800410103811,0.7362152989406013,0.07973921823282462,0.08180958266456667
H&E stained [],malignant epithelium with enlarged hyperchromatic nuclei,intact alveolar spaces,0.7286168511639517,0.7256336623564054,0.13728818329430545,0.14427275552367508
H&E stained [],malignant epithelium with enlarged hyperchromatic nuclei,unremarkable lung parenchyma,0.3743183404059352,0.3762318133192384,0.45063171468546226,0.44848642865574323
H&E stained [],malignant epithelium with enlarged hyperchromatic nuclei,normal lung tissue,0.8163835566331284,0.8078632130624605,0.13891957649955067,0.14237673585323568
H&E stained [],malignant epithelium with enlarged hyperchromatic nuclei,alveolar spaces lined by normal epithelium,0.3697912573249006,0.36921737525068726,0.4754201719681788,0.4758758937484516
H&E stained [],malignant epithelium with enlarged hyperchromatic nuclei,open alveolar spaces with thin septa,0.5946804312598294,0.5935332593178946,0.024751626502427102,0.023785643792162133
H&E stained [],malignant epithelium with enlarged hyperchromatic nuclei,healthy lung tissue,0.8161124745538741,0.8070906031583854,0.1398644158452375,0.14676878251182168
H&E stained [],solid tumor growth pattern,morphologically normal pneumocytes lining empty alveoli,0.9146225323127697,0.9103896853838055,0.42264972002233,0.4314307528942409
H&E stained [],solid tumor growth pattern,normal lung parenchyma with patent alveolar spaces,0.8155351327482475,0.8093823841569869,0.21930089836555663,0.22849317187409607
H&E stained [],solid tumor growth pattern,thin alveolar walls lined by normal pneumocytes,0.683144346161229,0.6741119201105342,0.18676846861801322,0.19479415119276358
H&E stained [],solid tumor growth pattern,aerated lung tissue with open alveolar spaces,0.796233643835797,0.7904500695053863,0.2659657313452393,0.2780208659557096
H&E stained [],solid tumor growth pattern,empty alveoli lined by flat pneumocytes,0.8885169285218221,0.8822631021236024,0.2699027959768609,0.2801599728754035
H&E stained [],solid tumor growth pattern,normal lung with thin alveolar septa,0.8752489003895904,0.867412174106567,0.2564881203057169,0.26551060854832864
H&E stained [],solid tumor growth pattern,intact alveolar spaces,0.8815855315243619,0.879738231503095,0.4159346835963939,0.4270239365447989
H&E stained [],solid tumor growth pattern,unremarkable lung parenchyma,0.5078064306716129,0.4986062673710778,0.1503270912537156,0.1442581314587037
H&E stained [],solid tumor growth pattern,normal lung tissue,0.9188176109022695,0.9127084845465374,0.4657303449066074,0.47664673007368497
H&E stained [],solid tumor growth pattern,alveolar spaces lined by normal epithelium,0.5224411968967878,0.5061486766157579,0.22058958574188803,0.21406355255506582
H&E stained [],solid tumor growth pattern,open alveolar spaces with thin septa,0.759513452772567,0.751793609888058,0.18092803010010428,0.1934981311116217
H&E stained [],solid tumor growth pattern,healthy lung tissue,0.9023353591374145,0.8964910528148207,0.4926466253966491,0.5029504517044672
H&E stained [],gland-forming malignant epithelium,morphologically normal pneumocytes lining empty alveoli,0.9320417287630403,0.9309139642180033,0.38646752795618977,0.39492129452183583
H&E stained [],gland-forming malignant epithelium,normal lung parenchyma with patent alveolar spaces,0.751632835985662,0.7477119282033384,0.14404577575052363,0.1511843187419838
H&E stained [],gland-forming malignant epithelium,thin alveolar walls lined by normal pneumocytes,0.5773255349350285,0.569042663409313,0.003257680803026964,0.003923222647142686
H&E stained [],gland-forming malignant epithelium,aerated lung tissue with open alveolar spaces,0.7270362461578512,0.7238977979985484,0.19086749086716198,0.20336069481208438
H&E stained [],gland-forming malignant epithelium,empty alveoli lined by flat pneumocytes,0.906832784248982,0.9064792170886306,0.2932610334094701,0.2926545850384312
H&E stained [],gland-forming malignant epithelium,normal lung with thin alveolar septa,0.8491066772446758,0.8438851698519438,0.263184608297512,0.26894120059630056
H&E stained [],gland-forming malignant epithelium,intact alveolar spaces,0.8182653547958172,0.817465156684277,0.3363460286650544,0.35048174907290847
H&E stained [],gland-forming malignant epithelium,unremarkable lung parenchyma,0.41210300542328926,0.410734303964041,0.3007773505460924,0.29881859335907807
H&E stained [],gland-forming malignant epithelium,normal lung tissue,0.9120317851049439,0.9085967077460781,0.3586871989057225,0.3757394765759271
H&E stained [],gland-forming malignant epithelium,alveolar spaces lined by normal epithelium,0.38714607126645295,0.3830782835499423,0.3708320652322964,0.3711449847351845
H&E stained [],gland-forming malignant epithelium,open alveolar spaces with thin septa,0.680737272405978,0.6766462744860016,0.14308418914767632,0.1522695715065154
H&E stained [],gland-forming malignant epithelium,healthy lung tissue,0.9021459188574432,0.8988451736960258,0.4099029583546481,0.4251839545045076
H&E stained [],carcinoma cells,morphologically normal pneumocytes lining empty alveoli,0.6131105525526861,0.6044858160960818,0.20375748757158832,0.20550990503348077
H&E stained [],carcinoma cells,normal lung parenchyma with patent alveolar spaces,0.2868227582076371,0.28692363006105853,0.4591711393017019,0.4598422140366818
H&E stained [],carcinoma cells,thin alveolar walls lined by normal pneumocytes,0.13357105019693716,0.13160627833008356,0.6952313854640557,0.6941571132626391
H&E stained [],carcinoma cells,aerated lung tissue with open alveolar spaces,0.23341946501966077,0.2280410187154528,0.543471019922908,0.5417492421604347
H&E stained [],carcinoma cells,empty alveoli lined by flat pneumocytes,0.562405063603987,0.5472077296396426,0.12159964577220977,0.11942620567709802
H&E stained [],carcinoma cells,normal lung with thin alveolar septa,0.3763836060630776,0.37191152035972513,0.3826788771111698,0.3852676856836739
H&E stained [],carcinoma cells,intact alveolar spaces,0.3703758900480212,0.3674365789693308,0.43552773406737344,0.43483745216937225
H&E stained [],carcinoma cells,unremarkable lung parenchyma,0.1372999631746879,0.13593925844623217,0.6959738503982609,0.6944671161461119
H&E stained [],carcinoma cells,normal lung tissue,0.4344130069968093,0.42619484774990535,0.40568965974591537,0.40459623237888875
H&E stained [],carcinoma cells,alveolar spaces lined by normal epithelium,0.11248571680428789,0.10896678493962852,0.7656036958575042,0.7650349983579171
H&E stained [],carcinoma cells,open alveolar spaces with thin septa,0.283259106026417,0.2840129602887782,0.4283773865828387,0.42843819629943647
H&E stained [],carcinoma cells,healthy lung tissue,0.42639287417853605,0.4161322043871429,0.44338186628767473,0.4408073768337476
H&E stained [],malignant tumor tissue,morphologically normal pneumocytes lining empty alveoli,0.8926465948119973,0.8896643087944335,0.40117712506944636,0.41205308657365614
H&E stained [],malignant tumor tissue,normal lung parenchyma with patent alveolar spaces,0.6575388086887964,0.652511298313409,0.06302737793016133,0.057594966282449894
H&E stained [],malignant tumor tissue,thin alveolar walls lined by normal pneumocytes,0.4642025837034401,0.45213628956727947,0.16922072340260946,0.1596658325206254
H&E stained [],malignant tumor tissue,aerated lung tissue with open alveolar spaces,0.6428698946071102,0.634403311642932,0.08663825842301305,0.07132326751147249
H&E stained [],malignant tumor tissue,empty alveoli lined by flat pneumocytes,0.8536755698243342,0.8483247473738429,0.28841695040237214,0.29772332572770016
H&E stained [],malignant tumor tissue,normal lung with thin alveolar septa,0.7909551431450135,0.7828925284027923,0.16957547904854317,0.18081051530247247
H&E stained [],malignant tumor tissue,intact alveolar spaces,0.7758242649972525,0.7743940302080778,0.2833957992147152,0.29820995779304316
H&E stained [],malignant tumor tissue,unremarkable lung parenchyma,0.2881233837436431,0.2829772077970797,0.4647122088409059,0.45793936284884396
H&E stained [],malignant tumor tissue,normal lung tissue,0.8779160580604183,0.871387047635426,0.3506492052740779,0.36346436886312034
H&E stained [],malignant tumor tissue,alveolar spaces lined by normal epithelium,0.2490573708704367,0.24223453283866067,0.5856382113690318,0.5806018621723724
H&E stained [],malignant tumor tissue,open alveolar spaces with thin septa,0.5934501198264349,0.5892664968863779,0.03818303603242292,0.02974997023287556
H&E stained [],malignant tumor tissue,healthy lung tissue,0.8541479965629709,0.8485655925998049,0.35685503185900974,0.3710235825031936
H&E stained [],dense cellular tumor with loss of alveolar spaces,morphologically normal pneumocytes lining empty alveoli,0.880788761936303,0.8750949007746331,0.5489179915891689,0.5554666667682234
H&E stained [],dense cellular tumor with loss of alveolar spaces,normal lung parenchyma with patent alveolar spaces,0.6656915785371865,0.6585071810992558,0.015990271086787248,0.006532291122336443
H&E stained [],dense cellular tumor with loss of alveolar spaces,thin alveolar walls lined by normal pneumocytes,0.4508946408873005,0.44202530012923197,0.1084157469433067,0.10214810158487603
H&E stained [],dense cellular tumor with loss of alveolar spaces,aerated lung tissue with open alveolar spaces,0.6430060329252891,0.6296842373248561,0.026317163906125506,0.014629280724825541
H&E stained [],dense cellular tumor with loss of alveolar spaces,empty alveoli lined by flat pneumocytes,0.8370003764914458,0.8284567022328553,0.47430430723873535,0.47562932326304713
H&E stained [],dense cellular tumor with loss of alveolar spaces,normal lung with thin alveolar septa,0.8136058406427871,0.8015852623290922,0.24823945183084556,0.26200533005459226
H&E stained [],dense cellular tumor with loss of alveolar spaces,intact alveolar spaces,0.8095474358625815,0.8061444616135535,0.4257302967900356,0.44094092137557683
H&E stained [],dense cellular tumor with loss of alveolar spaces,unremarkable lung parenchyma,0.2588676092957962,0.2537447765585181,0.43930721138441936,0.4344625094033716
H&E stained [],dense cellular tumor with loss of alveolar spaces,normal lung tissue,0.8445610167411,0.8357145988287352,0.47217469069230833,0.47669959735866285
H&E stained [],dense cellular tumor with loss of alveolar spaces,alveolar spaces lined by normal epithelium,0.24063137697833073,0.23151021842984423,0.5198634597432445,0.514942482211307
H&E stained [],dense cellular tumor with loss of alveolar spaces,open alveolar spaces with thin septa,0.5991505875161368,0.5885415165072131,0.06629041877508865,0.0602404554900169
H&E stained [],dense cellular tumor with loss of alveolar spaces,healthy lung tissue,0.8274268251390835,0.8188932837311874,0.4685253705956776,0.4752947133907079
H&E stained [],invasive malignant epithelium,morphologically normal pneumocytes lining empty alveoli,0.9206046271375363,0.9180588397447732,0.4123148476560949,0.42385952251439635
H&E stained [],invasive malignant epithelium,normal lung parenchyma with patent alveolar spaces,0.7464788163833919,0.7415867291498593,0.19933839141369833,0.20630176621696855
H&E stained [],invasive malignant epithelium,thin alveolar walls lined by normal pneumocytes,0.5830659173086381,0.5740048169045192,0.030313416049767197,0.03669652434246935
H&E stained [],invasive malignant epithelium,aerated lung tissue with open alveolar spaces,0.7223731071418862,0.7164066431806744,0.22535927232677164,0.23612364918375575
H&E stained [],invasive malignant epithelium,empty alveoli lined by flat pneumocytes,0.8898594459397005,0.886922196960309,0.3010211321543012,0.3038754222932357
H&E stained [],invasive malignant epithelium,normal lung with thin alveolar septa,0.8376695344275477,0.8305706522884512,0.27233424440374515,0.28148389026842163
H&E stained [],invasive malignant epithelium,intact alveolar spaces,0.8068140420599437,0.8047641748416634,0.36729703230486416,0.3806123957452135
H&E stained [],invasive malignant epithelium,unremarkable lung parenchyma,0.4190709393914679,0.41813563708493817,0.28222024716191174,0.28125015987353563
H&E stained [],invasive malignant epithelium,normal lung tissue,0.8885340642375142,0.8823399416137895,0.38767083065299596,0.39851286553819915
H&E stained [],invasive malignant epithelium,alveolar spaces lined by normal epithelium,0.4123042265077988,0.4070312137773248,0.30605506629823337,0.3076157547121065
H&E stained [],invasive malignant epithelium,open alveolar spaces with thin septa,0.6790338339763345,0.6747224631798483,0.17453573357233199,0.18494696699989505
H&E stained [],invasive malignant epithelium,healthy lung tissue,0.8831082622983772,0.8772179130849685,0.42579169101961656,0.43711189578374254
